{
  "dataset_revision": "ec0fa4fe99da2ff19ca1214b7966684033a58814",
  "mteb_dataset_name": "NFCorpus",
  "mteb_version": "1.6.34",
  "test": {
    "evaluation_time": 6.28,
    "map_at_1": 0.05056,
    "map_at_10": 0.1204,
    "map_at_100": 0.14896,
    "map_at_1000": 0.16232,
    "map_at_20": 0.13279,
    "map_at_3": 0.08926,
    "map_at_5": 0.10372,
    "mrr_at_1": 0.42415,
    "mrr_at_10": 0.51161,
    "mrr_at_100": 0.5174,
    "mrr_at_1000": 0.51784,
    "mrr_at_20": 0.51521,
    "mrr_at_3": 0.48968,
    "mrr_at_5": 0.50098,
    "ndcg_at_1": 0.39783,
    "ndcg_at_10": 0.32658,
    "ndcg_at_100": 0.29384,
    "ndcg_at_1000": 0.38395,
    "ndcg_at_20": 0.30439,
    "ndcg_at_3": 0.37469,
    "ndcg_at_5": 0.35519,
    "precision_at_1": 0.41796,
    "precision_at_10": 0.24427,
    "precision_at_100": 0.07316,
    "precision_at_1000": 0.02015,
    "precision_at_20": 0.18003,
    "precision_at_3": 0.36017,
    "precision_at_5": 0.31269,
    "recall_at_1": 0.05056,
    "recall_at_10": 0.16257,
    "recall_at_100": 0.29614,
    "recall_at_1000": 0.61436,
    "recall_at_20": 0.19875,
    "recall_at_3": 0.10205,
    "recall_at_5": 0.1269
  }
}