{
  "dataset_revision": "f8c2fcf00f625baaa80f62ec5bd9e1fff3b8ae88",
  "mteb_dataset_name": "SCIDOCS",
  "mteb_version": "1.6.34",
  "test": {
    "evaluation_time": 15.56,
    "map_at_1": 0.04008,
    "map_at_10": 0.09581,
    "map_at_100": 0.11369,
    "map_at_1000": 0.11642,
    "map_at_20": 0.10523,
    "map_at_3": 0.07108,
    "map_at_5": 0.08198,
    "mrr_at_1": 0.197,
    "mrr_at_10": 0.29749,
    "mrr_at_100": 0.30823,
    "mrr_at_1000": 0.30895,
    "mrr_at_20": 0.30385,
    "mrr_at_3": 0.26683,
    "mrr_at_5": 0.28368,
    "ndcg_at_1": 0.198,
    "ndcg_at_10": 0.16653,
    "ndcg_at_100": 0.23866,
    "ndcg_at_1000": 0.2907,
    "ndcg_at_20": 0.19359,
    "ndcg_at_3": 0.16126,
    "ndcg_at_5": 0.13758,
    "precision_at_1": 0.198,
    "precision_at_10": 0.0858,
    "precision_at_100": 0.01893,
    "precision_at_1000": 0.00315,
    "precision_at_20": 0.05865,
    "precision_at_3": 0.15,
    "precision_at_5": 0.1188,
    "recall_at_1": 0.04008,
    "recall_at_10": 0.17363,
    "recall_at_100": 0.38407,
    "recall_at_1000": 0.63965,
    "recall_at_20": 0.23718,
    "recall_at_3": 0.09118,
    "recall_at_5": 0.12028
  }
}