{
  "dataset_revision": "0228b52cf27578f30900b9e5271d331663a030d7",
  "mteb_dataset_name": "SciFact",
  "mteb_version": "1.6.34",
  "test": {
    "evaluation_time": 7.16,
    "map_at_1": 0.50194,
    "map_at_10": 0.59935,
    "map_at_100": 0.60636,
    "map_at_1000": 0.60677,
    "map_at_20": 0.60381,
    "map_at_3": 0.5685,
    "map_at_5": 0.5877,
    "mrr_at_1": 0.52667,
    "mrr_at_10": 0.61032,
    "mrr_at_100": 0.61555,
    "mrr_at_1000": 0.61592,
    "mrr_at_20": 0.61325,
    "mrr_at_3": 0.58556,
    "mrr_at_5": 0.60006,
    "ndcg_at_1": 0.52667,
    "ndcg_at_10": 0.64763,
    "ndcg_at_100": 0.67673,
    "ndcg_at_1000": 0.68694,
    "ndcg_at_20": 0.66132,
    "ndcg_at_3": 0.59253,
    "ndcg_at_5": 0.62247,
    "precision_at_1": 0.52667,
    "precision_at_10": 0.08833,
    "precision_at_100": 0.01037,
    "precision_at_1000": 0.00112,
    "precision_at_20": 0.04733,
    "precision_at_3": 0.23333,
    "precision_at_5": 0.15867,
    "recall_at_1": 0.50194,
    "recall_at_10": 0.78528,
    "recall_at_100": 0.91433,
    "recall_at_1000": 0.99333,
    "recall_at_20": 0.83622,
    "recall_at_3": 0.63783,
    "recall_at_5": 0.71167
  },
  "train": {
    "evaluation_time": 7.37,
    "map_at_1": 0.54269,
    "map_at_10": 0.64085,
    "map_at_100": 0.64634,
    "map_at_1000": 0.64663,
    "map_at_20": 0.64413,
    "map_at_3": 0.61215,
    "map_at_5": 0.6332,
    "mrr_at_1": 0.57108,
    "mrr_at_10": 0.65416,
    "mrr_at_100": 0.65798,
    "mrr_at_1000": 0.65825,
    "mrr_at_20": 0.65622,
    "mrr_at_3": 0.6337,
    "mrr_at_5": 0.64854,
    "ndcg_at_1": 0.56984,
    "ndcg_at_10": 0.68448,
    "ndcg_at_100": 0.7098,
    "ndcg_at_1000": 0.71786,
    "ndcg_at_20": 0.69438,
    "ndcg_at_3": 0.6368,
    "ndcg_at_5": 0.66839,
    "precision_at_1": 0.56984,
    "precision_at_10": 0.09085,
    "precision_at_100": 0.01052,
    "precision_at_1000": 0.00112,
    "precision_at_20": 0.04778,
    "precision_at_3": 0.24887,
    "precision_at_5": 0.1686,
    "recall_at_1": 0.54269,
    "recall_at_10": 0.80255,
    "recall_at_100": 0.92192,
    "recall_at_1000": 0.98537,
    "recall_at_20": 0.83968,
    "recall_at_3": 0.68257,
    "recall_at_5": 0.75725
  }
}