{
  "dataset_revision": "a34f9a33db75fa0cbb21bb5cfc3dae8dc8bec93f",
  "mteb_dataset_name": "Touche2020",
  "mteb_version": "1.6.34",
  "test": {
    "evaluation_time": 64.85,
    "map_at_1": 0.02374,
    "map_at_10": 0.10971,
    "map_at_100": 0.16982,
    "map_at_1000": 0.18472,
    "map_at_20": 0.13698,
    "map_at_3": 0.06095,
    "map_at_5": 0.07993,
    "mrr_at_1": 0.28571,
    "mrr_at_10": 0.46658,
    "mrr_at_100": 0.47256,
    "mrr_at_1000": 0.47256,
    "mrr_at_20": 0.46935,
    "mrr_at_3": 0.42177,
    "mrr_at_5": 0.45034,
    "ndcg_at_1": 0.2551,
    "ndcg_at_10": 0.27722,
    "ndcg_at_100": 0.37892,
    "ndcg_at_1000": 0.49008,
    "ndcg_at_20": 0.28207,
    "ndcg_at_3": 0.29564,
    "ndcg_at_5": 0.28997,
    "precision_at_1": 0.28571,
    "precision_at_10": 0.25306,
    "precision_at_100": 0.07776,
    "precision_at_1000": 0.0151,
    "precision_at_20": 0.19082,
    "precision_at_3": 0.32653,
    "precision_at_5": 0.30204,
    "recall_at_1": 0.02374,
    "recall_at_10": 0.175,
    "recall_at_100": 0.47899,
    "recall_at_1000": 0.81407,
    "recall_at_20": 0.25597,
    "recall_at_3": 0.07502,
    "recall_at_5": 0.10843
  }
}