{
  "dataset_revision": "bb9466bac8153a0349341eb1b22e06409e78ef4e",
  "mteb_dataset_name": "TRECCOVID",
  "mteb_version": "1.6.34",
  "test": {
    "evaluation_time": 28.4,
    "map_at_1": 0.00264,
    "map_at_10": 0.01963,
    "map_at_100": 0.1045,
    "map_at_1000": 0.2426,
    "map_at_20": 0.03465,
    "map_at_3": 0.00676,
    "map_at_5": 0.01105,
    "mrr_at_1": 0.96,
    "mrr_at_10": 0.97667,
    "mrr_at_100": 0.97667,
    "mrr_at_1000": 0.97667,
    "mrr_at_20": 0.97667,
    "mrr_at_3": 0.97667,
    "mrr_at_5": 0.97667,
    "ndcg_at_1": 0.89,
    "ndcg_at_10": 0.77705,
    "ndcg_at_100": 0.56268,
    "ndcg_at_1000": 0.48677,
    "ndcg_at_20": 0.74201,
    "ndcg_at_3": 0.83151,
    "ndcg_at_5": 0.81824,
    "precision_at_1": 0.96,
    "precision_at_10": 0.808,
    "precision_at_100": 0.5702,
    "precision_at_1000": 0.21438,
    "precision_at_20": 0.772,
    "precision_at_3": 0.86667,
    "precision_at_5": 0.856,
    "recall_at_1": 0.00264,
    "recall_at_10": 0.02111,
    "recall_at_100": 0.13415,
    "recall_at_1000": 0.45108,
    "recall_at_20": 0.0389,
    "recall_at_3": 0.00695,
    "recall_at_5": 0.01157
  }
}