{
  "dataset_revision": "c22ab2a51041ffd869aaddef7af8d8215647e41a",
  "evaluation_time": 73.54700899124146,
  "kg_co2_emissions": null,
  "mteb_version": "1.14.19",
  "scores": {
    "test": [
      {
        "hf_subset": "default",
        "languages": [
          "eng-Latn"
        ],
        "main_score": 0.56498,
        "map_at_1": 0.31721,
        "map_at_10": 0.47731,
        "map_at_100": 0.48556,
        "map_at_1000": 0.48561,
        "map_at_20": 0.48383,
        "map_at_3": 0.42888,
        "map_at_5": 0.45825,
        "mrr_at_1": 0.3264580369843528,
        "mrr_at_10": 0.4811877667140825,
        "mrr_at_100": 0.4892903547158597,
        "mrr_at_1000": 0.4893493015242297,
        "mrr_at_20": 0.487601274185721,
        "mrr_at_3": 0.43231389284020866,
        "mrr_at_5": 0.46175912754860127,
        "nauc_map_at_1000_diff1": 0.05286451636290613,
        "nauc_map_at_1000_max": -0.09500201241948886,
        "nauc_map_at_1000_std": -0.1508239298952859,
        "nauc_map_at_100_diff1": 0.052853527838385324,
        "nauc_map_at_100_max": -0.09493107582929361,
        "nauc_map_at_100_std": -0.15075712464614896,
        "nauc_map_at_10_diff1": 0.05038729527465898,
        "nauc_map_at_10_max": -0.09482027688056988,
        "nauc_map_at_10_std": -0.15184903703817898,
        "nauc_map_at_1_diff1": 0.08848706777213296,
        "nauc_map_at_1_max": -0.11309423086290434,
        "nauc_map_at_1_std": -0.16302604529696968,
        "nauc_map_at_20_diff1": 0.05215227511944137,
        "nauc_map_at_20_max": -0.094303458036019,
        "nauc_map_at_20_std": -0.1508662724382924,
        "nauc_map_at_3_diff1": 0.05043977208290568,
        "nauc_map_at_3_max": -0.10073858737566263,
        "nauc_map_at_3_std": -0.15772724313868333,
        "nauc_map_at_5_diff1": 0.04789141476859045,
        "nauc_map_at_5_max": -0.09354535249891517,
        "nauc_map_at_5_std": -0.1504092227324869,
        "nauc_mrr_at_1000_diff1": 0.0241516823447453,
        "nauc_mrr_at_1000_max": -0.10562714351161703,
        "nauc_mrr_at_1000_std": -0.1476326721695892,
        "nauc_mrr_at_100_diff1": 0.02414612639785417,
        "nauc_mrr_at_100_max": -0.10555447689441035,
        "nauc_mrr_at_100_std": -0.14756669861081115,
        "nauc_mrr_at_10_diff1": 0.022410755246680264,
        "nauc_mrr_at_10_max": -0.10528291041138321,
        "nauc_mrr_at_10_std": -0.14866941800929048,
        "nauc_mrr_at_1_diff1": 0.06167685507004259,
        "nauc_mrr_at_1_max": -0.10996320351949951,
        "nauc_mrr_at_1_std": -0.151082651373189,
        "nauc_mrr_at_20_diff1": 0.023752744845720736,
        "nauc_mrr_at_20_max": -0.10466090936238531,
        "nauc_mrr_at_20_std": -0.14750736246865492,
        "nauc_mrr_at_3_diff1": 0.019976887079796203,
        "nauc_mrr_at_3_max": -0.11351671973648353,
        "nauc_mrr_at_3_std": -0.15373068875426527,
        "nauc_mrr_at_5_diff1": 0.019164544486410546,
        "nauc_mrr_at_5_max": -0.10530443357112804,
        "nauc_mrr_at_5_std": -0.14783065312824667,
        "nauc_ndcg_at_1000_diff1": 0.05080451125082786,
        "nauc_ndcg_at_1000_max": -0.0872105068680107,
        "nauc_ndcg_at_1000_std": -0.14419037975218973,
        "nauc_ndcg_at_100_diff1": 0.050463663421078386,
        "nauc_ndcg_at_100_max": -0.08506002150802597,
        "nauc_ndcg_at_100_std": -0.14168474421678526,
        "nauc_ndcg_at_10_diff1": 0.041924017663034475,
        "nauc_ndcg_at_10_max": -0.0798235535740566,
        "nauc_ndcg_at_10_std": -0.14592933230012997,
        "nauc_ndcg_at_1_diff1": 0.08848706777213296,
        "nauc_ndcg_at_1_max": -0.11309423086290434,
        "nauc_ndcg_at_1_std": -0.16302604529696968,
        "nauc_ndcg_at_20_diff1": 0.047191684003244944,
        "nauc_ndcg_at_20_max": -0.07813277261730396,
        "nauc_ndcg_at_20_std": -0.14119790149918598,
        "nauc_ndcg_at_3_diff1": 0.04160222317034429,
        "nauc_ndcg_at_3_max": -0.09277895907505641,
        "nauc_ndcg_at_3_std": -0.15649665894548934,
        "nauc_ndcg_at_5_diff1": 0.03636919866195646,
        "nauc_ndcg_at_5_max": -0.0774433763265585,
        "nauc_ndcg_at_5_std": -0.14119243637531248,
        "nauc_precision_at_1000_diff1": 0.34439879624882147,
        "nauc_precision_at_1000_max": 0.23470666256242634,
        "nauc_precision_at_1000_std": 0.7441453481858654,
        "nauc_precision_at_100_diff1": 0.08020266559993794,
        "nauc_precision_at_100_max": 0.27668753229646703,
        "nauc_precision_at_100_std": 0.419236401989526,
        "nauc_precision_at_10_diff1": -0.002886305449863256,
        "nauc_precision_at_10_max": 0.016600410074844595,
        "nauc_precision_at_10_std": -0.11112210660429944,
        "nauc_precision_at_1_diff1": 0.08848706777213296,
        "nauc_precision_at_1_max": -0.11309423086290434,
        "nauc_precision_at_1_std": -0.16302604529696968,
        "nauc_precision_at_20_diff1": 0.008451102526670464,
        "nauc_precision_at_20_max": 0.1435776513727663,
        "nauc_precision_at_20_std": 0.0003978355056634982,
        "nauc_precision_at_3_diff1": 0.015948779384641953,
        "nauc_precision_at_3_max": -0.06732898763275638,
        "nauc_precision_at_3_std": -0.15292464319856824,
        "nauc_precision_at_5_diff1": -0.005082992572648754,
        "nauc_precision_at_5_max": -0.013004537949852795,
        "nauc_precision_at_5_std": -0.10357087739746529,
        "nauc_recall_at_1000_diff1": 0.3443987962487738,
        "nauc_recall_at_1000_max": 0.2347066625623464,
        "nauc_recall_at_1000_std": 0.7441453481858409,
        "nauc_recall_at_100_diff1": 0.08020266559993335,
        "nauc_recall_at_100_max": 0.2766875322964585,
        "nauc_recall_at_100_std": 0.4192364019895223,
        "nauc_recall_at_10_diff1": -0.0028863054498625977,
        "nauc_recall_at_10_max": 0.016600410074843943,
        "nauc_recall_at_10_std": -0.11112210660430015,
        "nauc_recall_at_1_diff1": 0.08848706777213296,
        "nauc_recall_at_1_max": -0.11309423086290434,
        "nauc_recall_at_1_std": -0.16302604529696968,
        "nauc_recall_at_20_diff1": 0.008451102526667573,
        "nauc_recall_at_20_max": 0.14357765137276304,
        "nauc_recall_at_20_std": 0.0003978355056620488,
        "nauc_recall_at_3_diff1": 0.015948779384642356,
        "nauc_recall_at_3_max": -0.06732898763275617,
        "nauc_recall_at_3_std": -0.15292464319856763,
        "nauc_recall_at_5_diff1": -0.005082992572648493,
        "nauc_recall_at_5_max": -0.013004537949852015,
        "nauc_recall_at_5_std": -0.10357087739746394,
        "ndcg_at_1": 0.31721,
        "ndcg_at_10": 0.56498,
        "ndcg_at_100": 0.59834,
        "ndcg_at_1000": 0.59974,
        "ndcg_at_20": 0.58777,
        "ndcg_at_3": 0.46574,
        "ndcg_at_5": 0.51917,
        "precision_at_1": 0.31721,
        "precision_at_10": 0.08442,
        "precision_at_100": 0.00986,
        "precision_at_1000": 0.001,
        "precision_at_20": 0.04662,
        "precision_at_3": 0.19085,
        "precision_at_5": 0.14068,
        "recall_at_1": 0.31721,
        "recall_at_10": 0.84424,
        "recall_at_100": 0.98578,
        "recall_at_1000": 0.99644,
        "recall_at_20": 0.93243,
        "recall_at_3": 0.57255,
        "recall_at_5": 0.70341
      }
    ]
  },
  "task_name": "ArguAna"
}