{
  "dataset_revision": "2000358ca161889fa9c082cb41daa8dcfb161a54",
  "evaluation_time": 65.87427306175232,
  "kg_co2_emissions": null,
  "mteb_version": "1.14.19",
  "scores": {
    "test": [
      {
        "hf_subset": "default",
        "languages": [
          "eng-Latn"
        ],
        "main_score": 0.6102767548624685,
        "map": 0.6102767548624685,
        "mrr": 0.7421800114320891,
        "nAUC_map_diff1": 0.10675772461908223,
        "nAUC_map_max": 0.21482581207570556,
        "nAUC_map_std": 0.1115301337193282,
        "nAUC_mrr_diff1": 0.19484002266979114,
        "nAUC_mrr_max": 0.30891231062783775,
        "nAUC_mrr_std": 0.16861563576389788
      }
    ]
  },
  "task_name": "AskUbuntuDupQuestions"
}