{
  "dataset_revision": "d3fb88f8f02e40887cd149695127462bbcf29b4a",
  "evaluation_time": 20.863181591033936,
  "kg_co2_emissions": null,
  "mteb_version": "1.14.19",
  "scores": {
    "test": [
      {
        "cosine_pearson": 0.8966893245409425,
        "cosine_spearman": 0.884899681111819,
        "euclidean_pearson": 0.8803955377661199,
        "euclidean_spearman": 0.884899681111819,
        "hf_subset": "default",
        "languages": [
          "eng-Latn"
        ],
        "main_score": 0.884899681111819,
        "manhattan_pearson": 0.876035979309246,
        "manhattan_spearman": 0.8761765907840233,
        "pearson": 0.8966893245409425,
        "spearman": 0.884899681111819
      }
    ]
  },
  "task_name": "BIOSSES"
}