{
  "dataset_revision": "47f2ac6acb640fc46020b02a5b59fdda04d39380",
  "evaluation_time": 8657.635709285736,
  "kg_co2_emissions": null,
  "mteb_version": "1.14.19",
  "scores": {
    "test": [
      {
        "hf_subset": "default",
        "languages": [
          "eng-Latn"
        ],
        "main_score": 0.21046,
        "map_at_1": 0.08406,
        "map_at_10": 0.1448,
        "map_at_100": 0.15789,
        "map_at_1000": 0.15958,
        "map_at_20": 0.15114,
        "map_at_3": 0.12116,
        "map_at_5": 0.13354,
        "mrr_at_1": 0.19348534201954398,
        "mrr_at_10": 0.29061837547179564,
        "mrr_at_100": 0.30061890084730186,
        "mrr_at_1000": 0.3012894541584072,
        "mrr_at_20": 0.2960055675923305,
        "mrr_at_3": 0.26167209554831705,
        "mrr_at_5": 0.27857763300760047,
        "nauc_map_at_1000_diff1": 0.2555771682411103,
        "nauc_map_at_1000_max": 0.3904343221831294,
        "nauc_map_at_1000_std": 0.21414638438955255,
        "nauc_map_at_100_diff1": 0.2549259557261056,
        "nauc_map_at_100_max": 0.3896209465447377,
        "nauc_map_at_100_std": 0.21271083824730275,
        "nauc_map_at_10_diff1": 0.2533550890767108,
        "nauc_map_at_10_max": 0.3808585142806235,
        "nauc_map_at_10_std": 0.1940271198180042,
        "nauc_map_at_1_diff1": 0.3120230837382695,
        "nauc_map_at_1_max": 0.34274109871696107,
        "nauc_map_at_1_std": 0.1047060501909871,
        "nauc_map_at_20_diff1": 0.2552478998011629,
        "nauc_map_at_20_max": 0.3859913223556612,
        "nauc_map_at_20_std": 0.2027935999996145,
        "nauc_map_at_3_diff1": 0.2749248632440626,
        "nauc_map_at_3_max": 0.37651061718125894,
        "nauc_map_at_3_std": 0.1559645564368613,
        "nauc_map_at_5_diff1": 0.26577430521074147,
        "nauc_map_at_5_max": 0.38260397459870343,
        "nauc_map_at_5_std": 0.18123930568996025,
        "nauc_mrr_at_1000_diff1": 0.24925957539057955,
        "nauc_mrr_at_1000_max": 0.36803934209857936,
        "nauc_mrr_at_1000_std": 0.21044391369992302,
        "nauc_mrr_at_100_diff1": 0.24926609164943514,
        "nauc_mrr_at_100_max": 0.36821445480207415,
        "nauc_mrr_at_100_std": 0.21075460958403466,
        "nauc_mrr_at_10_diff1": 0.24727069164007542,
        "nauc_mrr_at_10_max": 0.3667170362556975,
        "nauc_mrr_at_10_std": 0.20727636214420583,
        "nauc_mrr_at_1_diff1": 0.29297231912518146,
        "nauc_mrr_at_1_max": 0.33413180492129296,
        "nauc_mrr_at_1_std": 0.1300163549221905,
        "nauc_mrr_at_20_diff1": 0.24900234351005834,
        "nauc_mrr_at_20_max": 0.3676460823812033,
        "nauc_mrr_at_20_std": 0.21038738704579069,
        "nauc_mrr_at_3_diff1": 0.24726285365146222,
        "nauc_mrr_at_3_max": 0.3609280775108101,
        "nauc_mrr_at_3_std": 0.18842710452524394,
        "nauc_mrr_at_5_diff1": 0.2463677738942081,
        "nauc_mrr_at_5_max": 0.3656277586821028,
        "nauc_mrr_at_5_std": 0.20197774775592073,
        "nauc_ndcg_at_1000_diff1": 0.24394865865312804,
        "nauc_ndcg_at_1000_max": 0.4158971933429838,
        "nauc_ndcg_at_1000_std": 0.30120820584123825,
        "nauc_ndcg_at_100_diff1": 0.23485832505624943,
        "nauc_ndcg_at_100_max": 0.4069993412402497,
        "nauc_ndcg_at_100_std": 0.2854544018291878,
        "nauc_ndcg_at_10_diff1": 0.22789232835542067,
        "nauc_ndcg_at_10_max": 0.38279500270594663,
        "nauc_ndcg_at_10_std": 0.2325899950440156,
        "nauc_ndcg_at_1_diff1": 0.29297231912518146,
        "nauc_ndcg_at_1_max": 0.33413180492129296,
        "nauc_ndcg_at_1_std": 0.1300163549221905,
        "nauc_ndcg_at_20_diff1": 0.23363529690051726,
        "nauc_ndcg_at_20_max": 0.3909256869677098,
        "nauc_ndcg_at_20_std": 0.2502039720326563,
        "nauc_ndcg_at_3_diff1": 0.253054587668172,
        "nauc_ndcg_at_3_max": 0.3760558121214499,
        "nauc_ndcg_at_3_std": 0.1869228129883335,
        "nauc_ndcg_at_5_diff1": 0.24323073959250757,
        "nauc_ndcg_at_5_max": 0.3856038403108368,
        "nauc_ndcg_at_5_std": 0.21367932248286334,
        "nauc_precision_at_1000_diff1": 0.09256986505378066,
        "nauc_precision_at_1000_max": 0.24133314531544417,
        "nauc_precision_at_1000_std": 0.3705393358449031,
        "nauc_precision_at_100_diff1": 0.11164243419462606,
        "nauc_precision_at_100_max": 0.3116942025284975,
        "nauc_precision_at_100_std": 0.3930046609045824,
        "nauc_precision_at_10_diff1": 0.14394263529316748,
        "nauc_precision_at_10_max": 0.3485562781049791,
        "nauc_precision_at_10_std": 0.31991991161047173,
        "nauc_precision_at_1_diff1": 0.29297231912518146,
        "nauc_precision_at_1_max": 0.33413180492129296,
        "nauc_precision_at_1_std": 0.1300163549221905,
        "nauc_precision_at_20_diff1": 0.1477381234460505,
        "nauc_precision_at_20_max": 0.3404491621971044,
        "nauc_precision_at_20_std": 0.3429337567388406,
        "nauc_precision_at_3_diff1": 0.21398953844017193,
        "nauc_precision_at_3_max": 0.3827173369061432,
        "nauc_precision_at_3_std": 0.24280325655805787,
        "nauc_precision_at_5_diff1": 0.18333758908413333,
        "nauc_precision_at_5_max": 0.38105735370929483,
        "nauc_precision_at_5_std": 0.29798323353454165,
        "nauc_recall_at_1000_diff1": 0.1715048236333598,
        "nauc_recall_at_1000_max": 0.38206664839137267,
        "nauc_recall_at_1000_std": 0.42443965174502907,
        "nauc_recall_at_100_diff1": 0.1451841738778554,
        "nauc_recall_at_100_max": 0.3538439368114664,
        "nauc_recall_at_100_std": 0.3439179420873059,
        "nauc_recall_at_10_diff1": 0.14766966237501455,
        "nauc_recall_at_10_max": 0.33695179872043995,
        "nauc_recall_at_10_std": 0.24813235322286312,
        "nauc_recall_at_1_diff1": 0.3120230837382695,
        "nauc_recall_at_1_max": 0.34274109871696107,
        "nauc_recall_at_1_std": 0.1047060501909871,
        "nauc_recall_at_20_diff1": 0.1571431688768758,
        "nauc_recall_at_20_max": 0.33806059035921265,
        "nauc_recall_at_20_std": 0.2707304263598537,
        "nauc_recall_at_3_diff1": 0.21394689652819576,
        "nauc_recall_at_3_max": 0.36669383372491776,
        "nauc_recall_at_3_std": 0.1894506142052461,
        "nauc_recall_at_5_diff1": 0.19013323329687196,
        "nauc_recall_at_5_max": 0.36711638673642566,
        "nauc_recall_at_5_std": 0.23129609490860148,
        "ndcg_at_1": 0.19349,
        "ndcg_at_10": 0.21046,
        "ndcg_at_100": 0.27041,
        "ndcg_at_1000": 0.30449,
        "ndcg_at_20": 0.23056,
        "ndcg_at_3": 0.1706,
        "ndcg_at_5": 0.18504,
        "precision_at_1": 0.19349,
        "precision_at_10": 0.06541,
        "precision_at_100": 0.01289,
        "precision_at_1000": 0.00191,
        "precision_at_20": 0.04114,
        "precision_at_3": 0.1266,
        "precision_at_5": 0.09863,
        "recall_at_1": 0.08406,
        "recall_at_10": 0.25805,
        "recall_at_100": 0.47079,
        "recall_at_1000": 0.66412,
        "recall_at_20": 0.31557,
        "recall_at_3": 0.15939,
        "recall_at_5": 0.19948
      }
    ]
  },
  "task_name": "ClimateFEVER"
}