{
  "dataset_revision": "5003b3064772da1887988e05400cf3806fe491f2",
  "evaluation_time": 118.06139826774597,
  "kg_co2_emissions": null,
  "mteb_version": "1.14.19",
  "scores": {
    "test": [
      {
        "hf_subset": "default",
        "languages": [
          "eng-Latn"
        ],
        "main_score": 0.40385,
        "map_at_1": 0.27308,
        "map_at_10": 0.35673,
        "map_at_100": 0.36705,
        "map_at_1000": 0.36777,
        "map_at_20": 0.36241,
        "map_at_3": 0.33298,
        "map_at_5": 0.34575,
        "mrr_at_1": 0.29491525423728815,
        "mrr_at_10": 0.3775047080979284,
        "mrr_at_100": 0.38617428686089006,
        "mrr_at_1000": 0.3867797566244703,
        "mrr_at_20": 0.3823637337777811,
        "mrr_at_3": 0.35480225988700564,
        "mrr_at_5": 0.3674011299435028,
        "nauc_map_at_1000_diff1": 0.4868454715772434,
        "nauc_map_at_1000_max": 0.3711700459901614,
        "nauc_map_at_1000_std": -0.04808243515357478,
        "nauc_map_at_100_diff1": 0.4865765399185681,
        "nauc_map_at_100_max": 0.370690997308811,
        "nauc_map_at_100_std": -0.04831138536747751,
        "nauc_map_at_10_diff1": 0.4896550305260298,
        "nauc_map_at_10_max": 0.37184355666037167,
        "nauc_map_at_10_std": -0.05124970166928446,
        "nauc_map_at_1_diff1": 0.5459343292764666,
        "nauc_map_at_1_max": 0.33845735977777985,
        "nauc_map_at_1_std": -0.09424207364877582,
        "nauc_map_at_20_diff1": 0.48705583299482047,
        "nauc_map_at_20_max": 0.3717062556379043,
        "nauc_map_at_20_std": -0.04827222110053568,
        "nauc_map_at_3_diff1": 0.503997332462109,
        "nauc_map_at_3_max": 0.36760133741083567,
        "nauc_map_at_3_std": -0.05452485973117473,
        "nauc_map_at_5_diff1": 0.49195428964493426,
        "nauc_map_at_5_max": 0.36986708553557424,
        "nauc_map_at_5_std": -0.05358830171791518,
        "nauc_mrr_at_1000_diff1": 0.4778210386525851,
        "nauc_mrr_at_1000_max": 0.383352776730559,
        "nauc_mrr_at_1000_std": -0.02283378483588024,
        "nauc_mrr_at_100_diff1": 0.4775154708096918,
        "nauc_mrr_at_100_max": 0.38296630684158495,
        "nauc_mrr_at_100_std": -0.022940999174578678,
        "nauc_mrr_at_10_diff1": 0.4794343794926843,
        "nauc_mrr_at_10_max": 0.3857821755718966,
        "nauc_mrr_at_10_std": -0.02355591579586466,
        "nauc_mrr_at_1_diff1": 0.5319125840364353,
        "nauc_mrr_at_1_max": 0.36525274619529347,
        "nauc_mrr_at_1_std": -0.06509846731941286,
        "nauc_mrr_at_20_diff1": 0.47751719902282086,
        "nauc_mrr_at_20_max": 0.38432594635524614,
        "nauc_mrr_at_20_std": -0.022728055491748878,
        "nauc_mrr_at_3_diff1": 0.4947825382808932,
        "nauc_mrr_at_3_max": 0.38635214558311914,
        "nauc_mrr_at_3_std": -0.025781106283771834,
        "nauc_mrr_at_5_diff1": 0.48294171817022674,
        "nauc_mrr_at_5_max": 0.3851947604921052,
        "nauc_mrr_at_5_std": -0.025979897386945314,
        "nauc_ndcg_at_1000_diff1": 0.45700964004845934,
        "nauc_ndcg_at_1000_max": 0.38057430076072857,
        "nauc_ndcg_at_1000_std": -0.01439546951580505,
        "nauc_ndcg_at_100_diff1": 0.4499239076865732,
        "nauc_ndcg_at_100_max": 0.3726880629390021,
        "nauc_ndcg_at_100_std": -0.01497997273552911,
        "nauc_ndcg_at_10_diff1": 0.46152606830239545,
        "nauc_ndcg_at_10_max": 0.38321374174996764,
        "nauc_ndcg_at_10_std": -0.025773219183463227,
        "nauc_ndcg_at_1_diff1": 0.5276355303192145,
        "nauc_ndcg_at_1_max": 0.36643060617304096,
        "nauc_ndcg_at_1_std": -0.05926229575698536,
        "nauc_ndcg_at_20_diff1": 0.45245203466869366,
        "nauc_ndcg_at_20_max": 0.3806994700095461,
        "nauc_ndcg_at_20_std": -0.018659209786679433,
        "nauc_ndcg_at_3_diff1": 0.4902436867508984,
        "nauc_ndcg_at_3_max": 0.37867176540573055,
        "nauc_ndcg_at_3_std": -0.03582741208388714,
        "nauc_ndcg_at_5_diff1": 0.46861042036901784,
        "nauc_ndcg_at_5_max": 0.379838496788678,
        "nauc_ndcg_at_5_std": -0.03356283946022197,
        "nauc_precision_at_1000_diff1": -0.0024804539682238822,
        "nauc_precision_at_1000_max": 0.20691116852379893,
        "nauc_precision_at_1000_std": 0.11220533476847835,
        "nauc_precision_at_100_diff1": 0.10829714196047371,
        "nauc_precision_at_100_max": 0.2635745729320626,
        "nauc_precision_at_100_std": 0.09766974516744367,
        "nauc_precision_at_10_diff1": 0.3147423634127782,
        "nauc_precision_at_10_max": 0.42507102460894747,
        "nauc_precision_at_10_std": 0.05228096313192578,
        "nauc_precision_at_1_diff1": 0.5276355303192145,
        "nauc_precision_at_1_max": 0.36643060617304096,
        "nauc_precision_at_1_std": -0.05926229575698536,
        "nauc_precision_at_20_diff1": 0.24985658786716924,
        "nauc_precision_at_20_max": 0.3938209008177224,
        "nauc_precision_at_20_std": 0.08361734471366812,
        "nauc_precision_at_3_diff1": 0.4193388379298198,
        "nauc_precision_at_3_max": 0.4261536806403135,
        "nauc_precision_at_3_std": 0.033080018344543785,
        "nauc_precision_at_5_diff1": 0.3594987975732123,
        "nauc_precision_at_5_max": 0.4287079557907314,
        "nauc_precision_at_5_std": 0.03369997559986959,
        "nauc_recall_at_1000_diff1": 0.24809663280308641,
        "nauc_recall_at_1000_max": 0.41545395780628985,
        "nauc_recall_at_1000_std": 0.2517848274332119,
        "nauc_recall_at_100_diff1": 0.2690112049152953,
        "nauc_recall_at_100_max": 0.3187757968315284,
        "nauc_recall_at_100_std": 0.12604310640243685,
        "nauc_recall_at_10_diff1": 0.36618672090431514,
        "nauc_recall_at_10_max": 0.3844546741917569,
        "nauc_recall_at_10_std": 0.026300980959339665,
        "nauc_recall_at_1_diff1": 0.5459343292764666,
        "nauc_recall_at_1_max": 0.33845735977777985,
        "nauc_recall_at_1_std": -0.09424207364877582,
        "nauc_recall_at_20_diff1": 0.32466284381869326,
        "nauc_recall_at_20_max": 0.3741018694277834,
        "nauc_recall_at_20_std": 0.054938724305390846,
        "nauc_recall_at_3_diff1": 0.4502435211147328,
        "nauc_recall_at_3_max": 0.3774840561462921,
        "nauc_recall_at_3_std": -0.007056272328687489,
        "nauc_recall_at_5_diff1": 0.3967245418836744,
        "nauc_recall_at_5_max": 0.37754050710196396,
        "nauc_recall_at_5_std": -0.002033368677296386,
        "ndcg_at_1": 0.29605,
        "ndcg_at_10": 0.40385,
        "ndcg_at_100": 0.4533,
        "ndcg_at_1000": 0.47184,
        "ndcg_at_20": 0.42279,
        "ndcg_at_3": 0.35696,
        "ndcg_at_5": 0.37889,
        "precision_at_1": 0.29605,
        "precision_at_10": 0.06023,
        "precision_at_100": 0.00892,
        "precision_at_1000": 0.00108,
        "precision_at_20": 0.03452,
        "precision_at_3": 0.14878,
        "precision_at_5": 0.10192,
        "recall_at_1": 0.27308,
        "recall_at_10": 0.52914,
        "recall_at_100": 0.75457,
        "recall_at_1000": 0.89354,
        "recall_at_20": 0.59965,
        "recall_at_3": 0.40153,
        "recall_at_5": 0.45477
      }
    ]
  },
  "task_name": "CQADupstackGisRetrieval"
}