{
  "dataset_revision": "160c094312a0e1facb97e55eeddb698c0abe3571",
  "evaluation_time": 51.912853717803955,
  "kg_co2_emissions": null,
  "mteb_version": "1.14.19",
  "scores": {
    "test": [
      {
        "hf_subset": "default",
        "languages": [
          "eng-Latn"
        ],
        "main_score": 0.42271,
        "map_at_1": 0.29914,
        "map_at_10": 0.37246,
        "map_at_100": 0.38852,
        "map_at_1000": 0.39028,
        "map_at_20": 0.38063,
        "map_at_3": 0.34682,
        "map_at_5": 0.36025,
        "mrr_at_1": 0.3557312252964427,
        "mrr_at_10": 0.4199134199134199,
        "mrr_at_100": 0.42949258304627186,
        "mrr_at_1000": 0.42989071000530565,
        "mrr_at_20": 0.4249343061499659,
        "mrr_at_3": 0.39723320158102765,
        "mrr_at_5": 0.408201581027668,
        "nauc_map_at_1000_diff1": 0.5603119428887576,
        "nauc_map_at_1000_max": 0.43882662823128515,
        "nauc_map_at_1000_std": -0.03894142667504353,
        "nauc_map_at_100_diff1": 0.5612197682512529,
        "nauc_map_at_100_max": 0.4397702426760448,
        "nauc_map_at_100_std": -0.03883071897151629,
        "nauc_map_at_10_diff1": 0.5686276194645258,
        "nauc_map_at_10_max": 0.4411812253501276,
        "nauc_map_at_10_std": -0.04984299240412035,
        "nauc_map_at_1_diff1": 0.6160705357314651,
        "nauc_map_at_1_max": 0.4284699897584155,
        "nauc_map_at_1_std": -0.059850744408425686,
        "nauc_map_at_20_diff1": 0.5649911579713085,
        "nauc_map_at_20_max": 0.4406598362321801,
        "nauc_map_at_20_std": -0.044581238795074425,
        "nauc_map_at_3_diff1": 0.589406141349855,
        "nauc_map_at_3_max": 0.4379007507376257,
        "nauc_map_at_3_std": -0.060719385521384575,
        "nauc_map_at_5_diff1": 0.5770110269319669,
        "nauc_map_at_5_max": 0.4378788626176556,
        "nauc_map_at_5_std": -0.057129268412688165,
        "nauc_mrr_at_1000_diff1": 0.5401218065527789,
        "nauc_mrr_at_1000_max": 0.43262967846833955,
        "nauc_mrr_at_1000_std": -0.030642917319297757,
        "nauc_mrr_at_100_diff1": 0.539863062073961,
        "nauc_mrr_at_100_max": 0.43260385220462916,
        "nauc_mrr_at_100_std": -0.030471258914114348,
        "nauc_mrr_at_10_diff1": 0.5391917766397395,
        "nauc_mrr_at_10_max": 0.4323324394995768,
        "nauc_mrr_at_10_std": -0.03268996222569879,
        "nauc_mrr_at_1_diff1": 0.5693159769292634,
        "nauc_mrr_at_1_max": 0.4304782590469024,
        "nauc_mrr_at_1_std": -0.03764509255251042,
        "nauc_mrr_at_20_diff1": 0.5403574073312902,
        "nauc_mrr_at_20_max": 0.4335051363284125,
        "nauc_mrr_at_20_std": -0.03094201809694049,
        "nauc_mrr_at_3_diff1": 0.5540886537257611,
        "nauc_mrr_at_3_max": 0.43435001729199296,
        "nauc_mrr_at_3_std": -0.04494761976307702,
        "nauc_mrr_at_5_diff1": 0.544716655500088,
        "nauc_mrr_at_5_max": 0.43218136812839975,
        "nauc_mrr_at_5_std": -0.04061214924326172,
        "nauc_ndcg_at_1000_diff1": 0.5351816776175764,
        "nauc_ndcg_at_1000_max": 0.44182122236628096,
        "nauc_ndcg_at_1000_std": -0.008676458888174341,
        "nauc_ndcg_at_100_diff1": 0.5283205751573996,
        "nauc_ndcg_at_100_max": 0.43636608836970325,
        "nauc_ndcg_at_100_std": -0.008300214738063881,
        "nauc_ndcg_at_10_diff1": 0.5329376269087231,
        "nauc_ndcg_at_10_max": 0.4374967373754223,
        "nauc_ndcg_at_10_std": -0.030997594610621588,
        "nauc_ndcg_at_1_diff1": 0.5693159769292634,
        "nauc_ndcg_at_1_max": 0.4304782590469024,
        "nauc_ndcg_at_1_std": -0.03764509255251042,
        "nauc_ndcg_at_20_diff1": 0.5328196811750001,
        "nauc_ndcg_at_20_max": 0.4380866388015256,
        "nauc_ndcg_at_20_std": -0.02405287449845461,
        "nauc_ndcg_at_3_diff1": 0.5591892634117623,
        "nauc_ndcg_at_3_max": 0.43497352784221366,
        "nauc_ndcg_at_3_std": -0.05362263710305189,
        "nauc_ndcg_at_5_diff1": 0.5452507244664313,
        "nauc_ndcg_at_5_max": 0.4310947525607492,
        "nauc_ndcg_at_5_std": -0.04523266600004172,
        "nauc_precision_at_1000_diff1": -0.26664472039595394,
        "nauc_precision_at_1000_max": -0.2089629555185125,
        "nauc_precision_at_1000_std": 0.040276417059845075,
        "nauc_precision_at_100_diff1": -0.16169198300357,
        "nauc_precision_at_100_max": -0.024020189070567986,
        "nauc_precision_at_100_std": 0.15497133952979794,
        "nauc_precision_at_10_diff1": 0.1484576790528369,
        "nauc_precision_at_10_max": 0.26572149330152317,
        "nauc_precision_at_10_std": 0.09851236493361802,
        "nauc_precision_at_1_diff1": 0.5693159769292634,
        "nauc_precision_at_1_max": 0.4304782590469024,
        "nauc_precision_at_1_std": -0.03764509255251042,
        "nauc_precision_at_20_diff1": 0.03839888820797155,
        "nauc_precision_at_20_max": 0.17907341167771804,
        "nauc_precision_at_20_std": 0.14659096584383974,
        "nauc_precision_at_3_diff1": 0.3854317155504781,
        "nauc_precision_at_3_max": 0.375006261127437,
        "nauc_precision_at_3_std": -0.025667073511706218,
        "nauc_precision_at_5_diff1": 0.2802306998387335,
        "nauc_precision_at_5_max": 0.32935030280618316,
        "nauc_precision_at_5_std": 0.018641084941441458,
        "nauc_recall_at_1000_diff1": 0.341518467429067,
        "nauc_recall_at_1000_max": 0.5253701286345598,
        "nauc_recall_at_1000_std": 0.3393901182639865,
        "nauc_recall_at_100_diff1": 0.32992295072893996,
        "nauc_recall_at_100_max": 0.3639542153082823,
        "nauc_recall_at_100_std": 0.15404079220626424,
        "nauc_recall_at_10_diff1": 0.45654894487592923,
        "nauc_recall_at_10_max": 0.4239234555149082,
        "nauc_recall_at_10_std": -0.008484913384536821,
        "nauc_recall_at_1_diff1": 0.6160705357314651,
        "nauc_recall_at_1_max": 0.4284699897584155,
        "nauc_recall_at_1_std": -0.059850744408425686,
        "nauc_recall_at_20_diff1": 0.4350178008695191,
        "nauc_recall_at_20_max": 0.4098897155746284,
        "nauc_recall_at_20_std": 0.02122308193630693,
        "nauc_recall_at_3_diff1": 0.5646555033448671,
        "nauc_recall_at_3_max": 0.43012100945053205,
        "nauc_recall_at_3_std": -0.06977016829195265,
        "nauc_recall_at_5_diff1": 0.515939951864557,
        "nauc_recall_at_5_max": 0.4186458198013994,
        "nauc_recall_at_5_std": -0.05486576811691284,
        "ndcg_at_1": 0.35573,
        "ndcg_at_10": 0.42271,
        "ndcg_at_100": 0.4846,
        "ndcg_at_1000": 0.50592,
        "ndcg_at_20": 0.44351,
        "ndcg_at_3": 0.38158,
        "ndcg_at_5": 0.39798,
        "precision_at_1": 0.35573,
        "precision_at_10": 0.07569,
        "precision_at_100": 0.01498,
        "precision_at_1000": 0.00233,
        "precision_at_20": 0.04753,
        "precision_at_3": 0.17062,
        "precision_at_5": 0.11937,
        "recall_at_1": 0.29914,
        "recall_at_10": 0.51251,
        "recall_at_100": 0.79207,
        "recall_at_1000": 0.92327,
        "recall_at_20": 0.59063,
        "recall_at_3": 0.3888,
        "recall_at_5": 0.43751
      }
    ]
  },
  "task_name": "CQADupstackWebmastersRetrieval"
}