{
  "dataset_revision": "ad9991cb51e31e31e430383c75ffb2885547b5f0",
  "evaluation_time": 85.17297005653381,
  "kg_co2_emissions": null,
  "mteb_version": "1.14.19",
  "scores": {
    "test": [
      {
        "hf_subset": "default",
        "languages": [
          "eng-Latn"
        ],
        "main_score": 0.50167,
        "map_at_1": 0.34404,
        "map_at_10": 0.44612,
        "map_at_100": 0.45813,
        "map_at_1000": 0.45933,
        "map_at_20": 0.45236,
        "map_at_3": 0.41652,
        "map_at_5": 0.43265,
        "mrr_at_1": 0.43121019108280256,
        "mrr_at_10": 0.5091906783945,
        "mrr_at_100": 0.5150092459123383,
        "mrr_at_1000": 0.5154439917782894,
        "mrr_at_20": 0.5123194297278076,
        "mrr_at_3": 0.49044585987261147,
        "mrr_at_5": 0.5010191082802548,
        "nauc_map_at_1000_diff1": 0.5228508752972562,
        "nauc_map_at_1000_max": 0.4852925383886559,
        "nauc_map_at_1000_std": -0.06348432478495655,
        "nauc_map_at_100_diff1": 0.523094973058591,
        "nauc_map_at_100_max": 0.48467237028319826,
        "nauc_map_at_100_std": -0.06474047334605246,
        "nauc_map_at_10_diff1": 0.5283144316678524,
        "nauc_map_at_10_max": 0.4751299411301488,
        "nauc_map_at_10_std": -0.08181755617106456,
        "nauc_map_at_1_diff1": 0.5857574215552825,
        "nauc_map_at_1_max": 0.4237725434931856,
        "nauc_map_at_1_std": -0.11885087981234964,
        "nauc_map_at_20_diff1": 0.526147409959099,
        "nauc_map_at_20_max": 0.4792717505190741,
        "nauc_map_at_20_std": -0.07449724643663776,
        "nauc_map_at_3_diff1": 0.5390365795968171,
        "nauc_map_at_3_max": 0.4602007846580728,
        "nauc_map_at_3_std": -0.10310962634947411,
        "nauc_map_at_5_diff1": 0.5332897728982354,
        "nauc_map_at_5_max": 0.4706657256445157,
        "nauc_map_at_5_std": -0.09035335249771043,
        "nauc_mrr_at_1000_diff1": 0.5126532137694966,
        "nauc_mrr_at_1000_max": 0.5128680213137631,
        "nauc_mrr_at_1000_std": -0.009247065910958682,
        "nauc_mrr_at_100_diff1": 0.5125151365597274,
        "nauc_mrr_at_100_max": 0.512840101634449,
        "nauc_mrr_at_100_std": -0.009257166362609311,
        "nauc_mrr_at_10_diff1": 0.5131835937010973,
        "nauc_mrr_at_10_max": 0.5125675990493641,
        "nauc_mrr_at_10_std": -0.012456405608252546,
        "nauc_mrr_at_1_diff1": 0.5601269258276158,
        "nauc_mrr_at_1_max": 0.5157178030130382,
        "nauc_mrr_at_1_std": -0.03588828604553449,
        "nauc_mrr_at_20_diff1": 0.5128655738848918,
        "nauc_mrr_at_20_max": 0.5125568628015298,
        "nauc_mrr_at_20_std": -0.011300784147861327,
        "nauc_mrr_at_3_diff1": 0.5177587261828782,
        "nauc_mrr_at_3_max": 0.5111809370127548,
        "nauc_mrr_at_3_std": -0.015769462130296192,
        "nauc_mrr_at_5_diff1": 0.5176681378553039,
        "nauc_mrr_at_5_max": 0.5145310137048743,
        "nauc_mrr_at_5_std": -0.011474493485420376,
        "nauc_ndcg_at_1000_diff1": 0.4958675022968709,
        "nauc_ndcg_at_1000_max": 0.5041301075931612,
        "nauc_ndcg_at_1000_std": -0.007453230584016714,
        "nauc_ndcg_at_100_diff1": 0.49307025768944984,
        "nauc_ndcg_at_100_max": 0.5011476550226246,
        "nauc_ndcg_at_100_std": -0.014352590727128751,
        "nauc_ndcg_at_10_diff1": 0.5028773722791787,
        "nauc_ndcg_at_10_max": 0.4921112965669852,
        "nauc_ndcg_at_10_std": -0.04614499981460287,
        "nauc_ndcg_at_1_diff1": 0.5584735408553863,
        "nauc_ndcg_at_1_max": 0.5136278561635774,
        "nauc_ndcg_at_1_std": -0.035591905346867715,
        "nauc_ndcg_at_20_diff1": 0.5007037655345389,
        "nauc_ndcg_at_20_max": 0.4936993317432007,
        "nauc_ndcg_at_20_std": -0.03949281696558841,
        "nauc_ndcg_at_3_diff1": 0.5093368650525114,
        "nauc_ndcg_at_3_max": 0.49302590601558405,
        "nauc_ndcg_at_3_std": -0.045160522218772745,
        "nauc_ndcg_at_5_diff1": 0.5092591926632178,
        "nauc_ndcg_at_5_max": 0.49621702343271346,
        "nauc_ndcg_at_5_std": -0.044114944856006685,
        "nauc_precision_at_1000_diff1": -0.19760380398161229,
        "nauc_precision_at_1000_max": 0.12497289227198195,
        "nauc_precision_at_1000_std": 0.35384475672062776,
        "nauc_precision_at_100_diff1": -0.14353705738521955,
        "nauc_precision_at_100_max": 0.24542885239262463,
        "nauc_precision_at_100_std": 0.385522731914485,
        "nauc_precision_at_10_diff1": 0.07645560967273345,
        "nauc_precision_at_10_max": 0.3770640006835858,
        "nauc_precision_at_10_std": 0.22946936682901822,
        "nauc_precision_at_1_diff1": 0.5584735408553863,
        "nauc_precision_at_1_max": 0.5136278561635774,
        "nauc_precision_at_1_std": -0.035591905346867715,
        "nauc_precision_at_20_diff1": -0.004436015872152738,
        "nauc_precision_at_20_max": 0.3327779430090645,
        "nauc_precision_at_20_std": 0.2896611053013661,
        "nauc_precision_at_3_diff1": 0.27026350000469335,
        "nauc_precision_at_3_max": 0.4633425476594989,
        "nauc_precision_at_3_std": 0.09558474989909609,
        "nauc_precision_at_5_diff1": 0.17859204202047088,
        "nauc_precision_at_5_max": 0.4262945516043748,
        "nauc_precision_at_5_std": 0.16331979866871332,
        "nauc_recall_at_1000_diff1": 0.34557969403084576,
        "nauc_recall_at_1000_max": 0.5458506646455853,
        "nauc_recall_at_1000_std": 0.2868266041107754,
        "nauc_recall_at_100_diff1": 0.344169375323343,
        "nauc_recall_at_100_max": 0.4857969867972228,
        "nauc_recall_at_100_std": 0.12861113226821683,
        "nauc_recall_at_10_diff1": 0.43151702015203364,
        "nauc_recall_at_10_max": 0.44290655800686507,
        "nauc_recall_at_10_std": -0.057673985451306684,
        "nauc_recall_at_1_diff1": 0.5857574215552825,
        "nauc_recall_at_1_max": 0.4237725434931856,
        "nauc_recall_at_1_std": -0.11885087981234964,
        "nauc_recall_at_20_diff1": 0.4121660844082909,
        "nauc_recall_at_20_max": 0.4503799810614337,
        "nauc_recall_at_20_std": -0.024209792293004018,
        "nauc_recall_at_3_diff1": 0.48261870431753806,
        "nauc_recall_at_3_max": 0.43560308043070833,
        "nauc_recall_at_3_std": -0.09782662264299681,
        "nauc_recall_at_5_diff1": 0.4705841020917293,
        "nauc_recall_at_5_max": 0.45399380229763736,
        "nauc_recall_at_5_std": -0.07257265602624342,
        "ndcg_at_1": 0.43185,
        "ndcg_at_10": 0.50167,
        "ndcg_at_100": 0.54152,
        "ndcg_at_1000": 0.55993,
        "ndcg_at_20": 0.51596,
        "ndcg_at_3": 0.46393,
        "ndcg_at_5": 0.48039,
        "precision_at_1": 0.43185,
        "precision_at_10": 0.09325,
        "precision_at_100": 0.01457,
        "precision_at_1000": 0.00189,
        "precision_at_20": 0.05417,
        "precision_at_3": 0.22251,
        "precision_at_5": 0.15554,
        "recall_at_1": 0.34404,
        "recall_at_10": 0.59106,
        "recall_at_100": 0.76183,
        "recall_at_1000": 0.87625,
        "recall_at_20": 0.64359,
        "recall_at_3": 0.47361,
        "recall_at_5": 0.52347
      }
    ]
  },
  "task_name": "CQADupstackEnglishRetrieval"
}