{
  "dataset_revision": "4885aa143210c98657558c04aaf3dc47cfb54340",
  "evaluation_time": 114.75395703315735,
  "kg_co2_emissions": null,
  "mteb_version": "1.14.19",
  "scores": {
    "test": [
      {
        "hf_subset": "default",
        "languages": [
          "eng-Latn"
        ],
        "main_score": 0.62398,
        "map_at_1": 0.445,
        "map_at_10": 0.56919,
        "map_at_100": 0.57853,
        "map_at_1000": 0.57906,
        "map_at_20": 0.57483,
        "map_at_3": 0.53716,
        "map_at_5": 0.55636,
        "mrr_at_1": 0.5078369905956113,
        "mrr_at_10": 0.6033950340846892,
        "mrr_at_100": 0.6092429244446483,
        "mrr_at_1000": 0.6094993545096149,
        "mrr_at_20": 0.6070667878819077,
        "mrr_at_3": 0.5808777429467085,
        "mrr_at_5": 0.5948589341692789,
        "nauc_map_at_1000_diff1": 0.5672733229500745,
        "nauc_map_at_1000_max": 0.5043778956490989,
        "nauc_map_at_1000_std": -0.03668225411379042,
        "nauc_map_at_100_diff1": 0.5669788045154792,
        "nauc_map_at_100_max": 0.5043552050566907,
        "nauc_map_at_100_std": -0.03657943636383058,
        "nauc_map_at_10_diff1": 0.5679275936437265,
        "nauc_map_at_10_max": 0.5004111918220601,
        "nauc_map_at_10_std": -0.04545296509182553,
        "nauc_map_at_1_diff1": 0.6148336422725543,
        "nauc_map_at_1_max": 0.42943910108992717,
        "nauc_map_at_1_std": -0.08455982275877928,
        "nauc_map_at_20_diff1": 0.5665619661162526,
        "nauc_map_at_20_max": 0.5028305526943584,
        "nauc_map_at_20_std": -0.03952101311288746,
        "nauc_map_at_3_diff1": 0.5826469144661623,
        "nauc_map_at_3_max": 0.4836190080052717,
        "nauc_map_at_3_std": -0.07412165693222807,
        "nauc_map_at_5_diff1": 0.5707626447744079,
        "nauc_map_at_5_max": 0.4916906647438058,
        "nauc_map_at_5_std": -0.057884439988195445,
        "nauc_mrr_at_1000_diff1": 0.5623274503124145,
        "nauc_mrr_at_1000_max": 0.5241179893656938,
        "nauc_mrr_at_1000_std": -0.016816654782988567,
        "nauc_mrr_at_100_diff1": 0.5622086752838769,
        "nauc_mrr_at_100_max": 0.5242862246795237,
        "nauc_mrr_at_100_std": -0.016531333024755887,
        "nauc_mrr_at_10_diff1": 0.5612007012536958,
        "nauc_mrr_at_10_max": 0.5244893939448967,
        "nauc_mrr_at_10_std": -0.017908852185490487,
        "nauc_mrr_at_1_diff1": 0.5985851934327816,
        "nauc_mrr_at_1_max": 0.5080288476132468,
        "nauc_mrr_at_1_std": -0.03676235681050357,
        "nauc_mrr_at_20_diff1": 0.5619423888327768,
        "nauc_mrr_at_20_max": 0.524625801166612,
        "nauc_mrr_at_20_std": -0.016481069698644348,
        "nauc_mrr_at_3_diff1": 0.5696043899325971,
        "nauc_mrr_at_3_max": 0.5230438103710636,
        "nauc_mrr_at_3_std": -0.028863393750187694,
        "nauc_mrr_at_5_diff1": 0.56178194670366,
        "nauc_mrr_at_5_max": 0.5218040029006741,
        "nauc_mrr_at_5_std": -0.023285671885352213,
        "nauc_ndcg_at_1000_diff1": 0.5540861773248916,
        "nauc_ndcg_at_1000_max": 0.5212208671038168,
        "nauc_ndcg_at_1000_std": -0.006002019822507255,
        "nauc_ndcg_at_100_diff1": 0.5489676792094577,
        "nauc_ndcg_at_100_max": 0.5257811891829688,
        "nauc_ndcg_at_100_std": 0.0028551188754364003,
        "nauc_ndcg_at_10_diff1": 0.5470159222196251,
        "nauc_ndcg_at_10_max": 0.5206728661378544,
        "nauc_ndcg_at_10_std": -0.015497617119546286,
        "nauc_ndcg_at_1_diff1": 0.5985851934327816,
        "nauc_ndcg_at_1_max": 0.5080288476132468,
        "nauc_ndcg_at_1_std": -0.03676235681050357,
        "nauc_ndcg_at_20_diff1": 0.5448969467726771,
        "nauc_ndcg_at_20_max": 0.5214127229571451,
        "nauc_ndcg_at_20_std": -0.006312141403128419,
        "nauc_ndcg_at_3_diff1": 0.5681742361979237,
        "nauc_ndcg_at_3_max": 0.5008755255271196,
        "nauc_ndcg_at_3_std": -0.05488486749401911,
        "nauc_ndcg_at_5_diff1": 0.5512952737586343,
        "nauc_ndcg_at_5_max": 0.5070943927875804,
        "nauc_ndcg_at_5_std": -0.03660775513629429,
        "nauc_precision_at_1000_diff1": -0.13576136768505606,
        "nauc_precision_at_1000_max": 0.15889222123835772,
        "nauc_precision_at_1000_std": 0.294507560391607,
        "nauc_precision_at_100_diff1": -0.09035480820841107,
        "nauc_precision_at_100_max": 0.2565040172736605,
        "nauc_precision_at_100_std": 0.3417252892387762,
        "nauc_precision_at_10_diff1": 0.07058913011866383,
        "nauc_precision_at_10_max": 0.3734741539377342,
        "nauc_precision_at_10_std": 0.2246147844772947,
        "nauc_precision_at_1_diff1": 0.5985851934327816,
        "nauc_precision_at_1_max": 0.5080288476132468,
        "nauc_precision_at_1_std": -0.03676235681050357,
        "nauc_precision_at_20_diff1": -0.00497528836767579,
        "nauc_precision_at_20_max": 0.3336317563948981,
        "nauc_precision_at_20_std": 0.2913263910412904,
        "nauc_precision_at_3_diff1": 0.3171121837064105,
        "nauc_precision_at_3_max": 0.46330021459389115,
        "nauc_precision_at_3_std": 0.04002334058183895,
        "nauc_precision_at_5_diff1": 0.1776094348853115,
        "nauc_precision_at_5_max": 0.4066073533157504,
        "nauc_precision_at_5_std": 0.12748957170165268,
        "nauc_recall_at_1000_diff1": 0.360075940543583,
        "nauc_recall_at_1000_max": 0.5236967514749249,
        "nauc_recall_at_1000_std": 0.348732030567481,
        "nauc_recall_at_100_diff1": 0.3870838662385277,
        "nauc_recall_at_100_max": 0.6093406534694437,
        "nauc_recall_at_100_std": 0.29298976039849656,
        "nauc_recall_at_10_diff1": 0.4509901963443275,
        "nauc_recall_at_10_max": 0.530561658322297,
        "nauc_recall_at_10_std": 0.047275747814264746,
        "nauc_recall_at_1_diff1": 0.6148336422725543,
        "nauc_recall_at_1_max": 0.42943910108992717,
        "nauc_recall_at_1_std": -0.08455982275877928,
        "nauc_recall_at_20_diff1": 0.41370105034776905,
        "nauc_recall_at_20_max": 0.5365462362505811,
        "nauc_recall_at_20_std": 0.11248565385215308,
        "nauc_recall_at_3_diff1": 0.5315735375665255,
        "nauc_recall_at_3_max": 0.47467516279276556,
        "nauc_recall_at_3_std": -0.07550524302023191,
        "nauc_recall_at_5_diff1": 0.4812765614827068,
        "nauc_recall_at_5_max": 0.48652918124380073,
        "nauc_recall_at_5_std": -0.030514698228819505,
        "ndcg_at_1": 0.50784,
        "ndcg_at_10": 0.62398,
        "ndcg_at_100": 0.65919,
        "ndcg_at_1000": 0.66946,
        "ndcg_at_20": 0.63959,
        "ndcg_at_3": 0.57284,
        "ndcg_at_5": 0.59985,
        "precision_at_1": 0.50784,
        "precision_at_10": 0.09768,
        "precision_at_100": 0.0124,
        "precision_at_1000": 0.00136,
        "precision_at_20": 0.05389,
        "precision_at_3": 0.25037,
        "precision_at_5": 0.17154,
        "recall_at_1": 0.445,
        "recall_at_10": 0.74945,
        "recall_at_100": 0.89951,
        "recall_at_1000": 0.97208,
        "recall_at_20": 0.80698,
        "recall_at_3": 0.61681,
        "recall_at_5": 0.68147
      }
    ]
  },
  "task_name": "CQADupstackGamingRetrieval"
}