{
  "dataset_revision": "79531abbd1fb92d06c6d6315a0cbbbf5bb247ea4",
  "evaluation_time": 83.74511337280273,
  "kg_co2_emissions": null,
  "mteb_version": "1.14.19",
  "scores": {
    "test": [
      {
        "hf_subset": "default",
        "languages": [
          "eng-Latn"
        ],
        "main_score": 0.48978,
        "map_at_1": 0.32913,
        "map_at_10": 0.43178,
        "map_at_100": 0.4439,
        "map_at_1000": 0.44488,
        "map_at_20": 0.43843,
        "map_at_3": 0.40202,
        "map_at_5": 0.41756,
        "mrr_at_1": 0.40230991337824834,
        "mrr_at_10": 0.4914123012053715,
        "mrr_at_100": 0.4986583341200958,
        "mrr_at_1000": 0.4990780471915518,
        "mrr_at_20": 0.49555101173482,
        "mrr_at_3": 0.46968238691049086,
        "mrr_at_5": 0.4823869104908566,
        "nauc_map_at_1000_diff1": 0.5205565607037156,
        "nauc_map_at_1000_max": 0.4113344826036621,
        "nauc_map_at_1000_std": -0.06621744360999945,
        "nauc_map_at_100_diff1": 0.520406512350385,
        "nauc_map_at_100_max": 0.41091405397482533,
        "nauc_map_at_100_std": -0.0667795870805647,
        "nauc_map_at_10_diff1": 0.5207362233356899,
        "nauc_map_at_10_max": 0.4067712847691556,
        "nauc_map_at_10_std": -0.0772013569586088,
        "nauc_map_at_1_diff1": 0.5701604397727897,
        "nauc_map_at_1_max": 0.394192799246755,
        "nauc_map_at_1_std": -0.08946911271094905,
        "nauc_map_at_20_diff1": 0.519480401852007,
        "nauc_map_at_20_max": 0.4081088355685989,
        "nauc_map_at_20_std": -0.07014187784804121,
        "nauc_map_at_3_diff1": 0.5214166551281393,
        "nauc_map_at_3_max": 0.3976308226831958,
        "nauc_map_at_3_std": -0.08991821411364823,
        "nauc_map_at_5_diff1": 0.5221987573497904,
        "nauc_map_at_5_max": 0.40103768398886586,
        "nauc_map_at_5_std": -0.08741883093530717,
        "nauc_mrr_at_1000_diff1": 0.5210070541233539,
        "nauc_mrr_at_1000_max": 0.42172274357654277,
        "nauc_mrr_at_1000_std": -0.05509861445682811,
        "nauc_mrr_at_100_diff1": 0.5209793832277052,
        "nauc_mrr_at_100_max": 0.4217888476542434,
        "nauc_mrr_at_100_std": -0.05503378425717017,
        "nauc_mrr_at_10_diff1": 0.5203574953644063,
        "nauc_mrr_at_10_max": 0.4194573725288638,
        "nauc_mrr_at_10_std": -0.059757394640084754,
        "nauc_mrr_at_1_diff1": 0.5597294429295349,
        "nauc_mrr_at_1_max": 0.41933895046057096,
        "nauc_mrr_at_1_std": -0.0686821360136496,
        "nauc_mrr_at_20_diff1": 0.5202934991724333,
        "nauc_mrr_at_20_max": 0.4206614723177892,
        "nauc_mrr_at_20_std": -0.05570399163731492,
        "nauc_mrr_at_3_diff1": 0.5241484894200337,
        "nauc_mrr_at_3_max": 0.4250933480403109,
        "nauc_mrr_at_3_std": -0.06253212880631837,
        "nauc_mrr_at_5_diff1": 0.5197931198089232,
        "nauc_mrr_at_5_max": 0.42063728013781504,
        "nauc_mrr_at_5_std": -0.06255476166377355,
        "nauc_ndcg_at_1000_diff1": 0.5077407606871949,
        "nauc_ndcg_at_1000_max": 0.42702191324788746,
        "nauc_ndcg_at_1000_std": -0.02661822225325597,
        "nauc_ndcg_at_100_diff1": 0.5057205334898547,
        "nauc_ndcg_at_100_max": 0.42424271334953073,
        "nauc_ndcg_at_100_std": -0.029290390409731464,
        "nauc_ndcg_at_10_diff1": 0.5055405728511695,
        "nauc_ndcg_at_10_max": 0.4076546920294438,
        "nauc_ndcg_at_10_std": -0.06555830604973159,
        "nauc_ndcg_at_1_diff1": 0.5572557299741102,
        "nauc_ndcg_at_1_max": 0.42097101061356296,
        "nauc_ndcg_at_1_std": -0.06902924264781303,
        "nauc_ndcg_at_20_diff1": 0.50092606119337,
        "nauc_ndcg_at_20_max": 0.41062126606537336,
        "nauc_ndcg_at_20_std": -0.043936532674860064,
        "nauc_ndcg_at_3_diff1": 0.5082338106391877,
        "nauc_ndcg_at_3_max": 0.40890575735049844,
        "nauc_ndcg_at_3_std": -0.08082677326072332,
        "nauc_ndcg_at_5_diff1": 0.5079274496562735,
        "nauc_ndcg_at_5_max": 0.4049231691035655,
        "nauc_ndcg_at_5_std": -0.080627706541824,
        "nauc_precision_at_1000_diff1": -0.09301753366429565,
        "nauc_precision_at_1000_max": 0.08381703108124845,
        "nauc_precision_at_1000_std": 0.22713048823582974,
        "nauc_precision_at_100_diff1": -0.010340147900365042,
        "nauc_precision_at_100_max": 0.1755406265067825,
        "nauc_precision_at_100_std": 0.22134036724352207,
        "nauc_precision_at_10_diff1": 0.1906788878909118,
        "nauc_precision_at_10_max": 0.2964939059761081,
        "nauc_precision_at_10_std": 0.09267137209734808,
        "nauc_precision_at_1_diff1": 0.5572557299741102,
        "nauc_precision_at_1_max": 0.42097101061356296,
        "nauc_precision_at_1_std": -0.06902924264781303,
        "nauc_precision_at_20_diff1": 0.10000071279109854,
        "nauc_precision_at_20_max": 0.24814758127128103,
        "nauc_precision_at_20_std": 0.1732635503138093,
        "nauc_precision_at_3_diff1": 0.34155190793194334,
        "nauc_precision_at_3_max": 0.3662379370851133,
        "nauc_precision_at_3_std": -0.022230606873060117,
        "nauc_precision_at_5_diff1": 0.27902662040427006,
        "nauc_precision_at_5_max": 0.3262598750054056,
        "nauc_precision_at_5_std": 0.003511197857051555,
        "nauc_recall_at_1000_diff1": 0.30426809960746204,
        "nauc_recall_at_1000_max": 0.5011472776718645,
        "nauc_recall_at_1000_std": 0.40386558306456755,
        "nauc_recall_at_100_diff1": 0.38383393299347607,
        "nauc_recall_at_100_max": 0.4283199821287863,
        "nauc_recall_at_100_std": 0.16182185983983213,
        "nauc_recall_at_10_diff1": 0.42635745008002024,
        "nauc_recall_at_10_max": 0.3572717851070295,
        "nauc_recall_at_10_std": -0.050183705539803725,
        "nauc_recall_at_1_diff1": 0.5701604397727897,
        "nauc_recall_at_1_max": 0.394192799246755,
        "nauc_recall_at_1_std": -0.08946911271094905,
        "nauc_recall_at_20_diff1": 0.3958251171309177,
        "nauc_recall_at_20_max": 0.3549624393389719,
        "nauc_recall_at_20_std": 0.031177006660316434,
        "nauc_recall_at_3_diff1": 0.45837837601834197,
        "nauc_recall_at_3_max": 0.3724789238314892,
        "nauc_recall_at_3_std": -0.09401012698723518,
        "nauc_recall_at_5_diff1": 0.44687951886038346,
        "nauc_recall_at_5_max": 0.3608344328450909,
        "nauc_recall_at_5_std": -0.09375940866102894,
        "ndcg_at_1": 0.40327,
        "ndcg_at_10": 0.48978,
        "ndcg_at_100": 0.53988,
        "ndcg_at_1000": 0.55827,
        "ndcg_at_20": 0.50907,
        "ndcg_at_3": 0.44428,
        "ndcg_at_5": 0.46393,
        "precision_at_1": 0.40327,
        "precision_at_10": 0.08614,
        "precision_at_100": 0.01293,
        "precision_at_1000": 0.00161,
        "precision_at_20": 0.05024,
        "precision_at_3": 0.20789,
        "precision_at_5": 0.14398,
        "recall_at_1": 0.32913,
        "recall_at_10": 0.603,
        "recall_at_100": 0.8136,
        "recall_at_1000": 0.93405,
        "recall_at_20": 0.66837,
        "recall_at_3": 0.47181,
        "recall_at_5": 0.52482
      }
    ]
  },
  "task_name": "CQADupstackPhysicsRetrieval"
}