{
  "dataset_revision": "6184bc1440d2dbc7612be22b50686b8826d22b32",
  "evaluation_time": 107.69732403755188,
  "kg_co2_emissions": null,
  "mteb_version": "1.14.19",
  "scores": {
    "test": [
      {
        "hf_subset": "default",
        "languages": [
          "eng-Latn"
        ],
        "main_score": 0.43541,
        "map_at_1": 0.28112,
        "map_at_10": 0.38032,
        "map_at_100": 0.39257,
        "map_at_1000": 0.39362,
        "map_at_20": 0.38746,
        "map_at_3": 0.34991,
        "map_at_5": 0.3665,
        "mrr_at_1": 0.3436073059360731,
        "mrr_at_10": 0.43098273175327967,
        "mrr_at_100": 0.43963290666028354,
        "mrr_at_1000": 0.4401556026133434,
        "mrr_at_20": 0.4363104015384647,
        "mrr_at_3": 0.4067732115677321,
        "mrr_at_5": 0.4205289193302892,
        "nauc_map_at_1000_diff1": 0.509349525184063,
        "nauc_map_at_1000_max": 0.5384688829379648,
        "nauc_map_at_1000_std": 0.08068285908472063,
        "nauc_map_at_100_diff1": 0.5092051554012801,
        "nauc_map_at_100_max": 0.5380245130296897,
        "nauc_map_at_100_std": 0.08033755099217,
        "nauc_map_at_10_diff1": 0.5092428348656789,
        "nauc_map_at_10_max": 0.5332884047787949,
        "nauc_map_at_10_std": 0.07034116874420945,
        "nauc_map_at_1_diff1": 0.5775807474295661,
        "nauc_map_at_1_max": 0.5244255595702568,
        "nauc_map_at_1_std": 0.028555500125621285,
        "nauc_map_at_20_diff1": 0.5091938364243895,
        "nauc_map_at_20_max": 0.535303596282576,
        "nauc_map_at_20_std": 0.07457843067396519,
        "nauc_map_at_3_diff1": 0.5248204862432025,
        "nauc_map_at_3_max": 0.5321196305852771,
        "nauc_map_at_3_std": 0.05629301853168369,
        "nauc_map_at_5_diff1": 0.5125760164152529,
        "nauc_map_at_5_max": 0.5340239280964478,
        "nauc_map_at_5_std": 0.06373686179064435,
        "nauc_mrr_at_1000_diff1": 0.5125216694094661,
        "nauc_mrr_at_1000_max": 0.5761797261570011,
        "nauc_mrr_at_1000_std": 0.11143595631729014,
        "nauc_mrr_at_100_diff1": 0.5124201759130325,
        "nauc_mrr_at_100_max": 0.5761784547210538,
        "nauc_mrr_at_100_std": 0.11156410986872886,
        "nauc_mrr_at_10_diff1": 0.5099239659775923,
        "nauc_mrr_at_10_max": 0.5745131355495638,
        "nauc_mrr_at_10_std": 0.1100033887086804,
        "nauc_mrr_at_1_diff1": 0.5755767763011758,
        "nauc_mrr_at_1_max": 0.5964588764676036,
        "nauc_mrr_at_1_std": 0.09156394607916153,
        "nauc_mrr_at_20_diff1": 0.5110753926076119,
        "nauc_mrr_at_20_max": 0.5745524379018953,
        "nauc_mrr_at_20_std": 0.1093529638229809,
        "nauc_mrr_at_3_diff1": 0.5233569545075738,
        "nauc_mrr_at_3_max": 0.5807528702005736,
        "nauc_mrr_at_3_std": 0.1011983957955022,
        "nauc_mrr_at_5_diff1": 0.5139983153991077,
        "nauc_mrr_at_5_max": 0.5767540124639076,
        "nauc_mrr_at_5_std": 0.10707166997212413,
        "nauc_ndcg_at_1000_diff1": 0.49325855106847366,
        "nauc_ndcg_at_1000_max": 0.5515223382121333,
        "nauc_ndcg_at_1000_std": 0.12102267041788849,
        "nauc_ndcg_at_100_diff1": 0.4891275943477377,
        "nauc_ndcg_at_100_max": 0.5488026865110975,
        "nauc_ndcg_at_100_std": 0.12485484949623642,
        "nauc_ndcg_at_10_diff1": 0.482294591779677,
        "nauc_ndcg_at_10_max": 0.5302471441429658,
        "nauc_ndcg_at_10_std": 0.08911989661188752,
        "nauc_ndcg_at_1_diff1": 0.5720262953772449,
        "nauc_ndcg_at_1_max": 0.5937944851719438,
        "nauc_ndcg_at_1_std": 0.09111619826284734,
        "nauc_ndcg_at_20_diff1": 0.48394409089660234,
        "nauc_ndcg_at_20_max": 0.5325820147686379,
        "nauc_ndcg_at_20_std": 0.0960582498550751,
        "nauc_ndcg_at_3_diff1": 0.5074047069589214,
        "nauc_ndcg_at_3_max": 0.5456481980468324,
        "nauc_ndcg_at_3_std": 0.0789024288570328,
        "nauc_ndcg_at_5_diff1": 0.4909965053063869,
        "nauc_ndcg_at_5_max": 0.537135950428865,
        "nauc_ndcg_at_5_std": 0.08124339194911925,
        "nauc_precision_at_1000_diff1": -0.12708948450861424,
        "nauc_precision_at_1000_max": 0.06730744928295539,
        "nauc_precision_at_1000_std": 0.20053627389073284,
        "nauc_precision_at_100_diff1": 0.013247062308472194,
        "nauc_precision_at_100_max": 0.24100046749084558,
        "nauc_precision_at_100_std": 0.30018909136893385,
        "nauc_precision_at_10_diff1": 0.19879649601234892,
        "nauc_precision_at_10_max": 0.40959555443404183,
        "nauc_precision_at_10_std": 0.2246874918127331,
        "nauc_precision_at_1_diff1": 0.5720262953772449,
        "nauc_precision_at_1_max": 0.5937944851719438,
        "nauc_precision_at_1_std": 0.09111619826284734,
        "nauc_precision_at_20_diff1": 0.14473528281253353,
        "nauc_precision_at_20_max": 0.35817543731317975,
        "nauc_precision_at_20_std": 0.244198468091856,
        "nauc_precision_at_3_diff1": 0.36260457962903614,
        "nauc_precision_at_3_max": 0.526835540939371,
        "nauc_precision_at_3_std": 0.1556424347082698,
        "nauc_precision_at_5_diff1": 0.2688368670919826,
        "nauc_precision_at_5_max": 0.47296699873250747,
        "nauc_precision_at_5_std": 0.18159569685945737,
        "nauc_recall_at_1000_diff1": 0.3814543659137195,
        "nauc_recall_at_1000_max": 0.5343100411085087,
        "nauc_recall_at_1000_std": 0.4140543214583653,
        "nauc_recall_at_100_diff1": 0.3753281545681899,
        "nauc_recall_at_100_max": 0.509198365763196,
        "nauc_recall_at_100_std": 0.29501350349824723,
        "nauc_recall_at_10_diff1": 0.3809497589729409,
        "nauc_recall_at_10_max": 0.44815048344269237,
        "nauc_recall_at_10_std": 0.09253007328338708,
        "nauc_recall_at_1_diff1": 0.5775807474295661,
        "nauc_recall_at_1_max": 0.5244255595702568,
        "nauc_recall_at_1_std": 0.028555500125621285,
        "nauc_recall_at_20_diff1": 0.3732003431472587,
        "nauc_recall_at_20_max": 0.4396254333929667,
        "nauc_recall_at_20_std": 0.11089645695368533,
        "nauc_recall_at_3_diff1": 0.4636930704264757,
        "nauc_recall_at_3_max": 0.49206395549518334,
        "nauc_recall_at_3_std": 0.05835145138768996,
        "nauc_recall_at_5_diff1": 0.41517352203795066,
        "nauc_recall_at_5_max": 0.47427507077651704,
        "nauc_recall_at_5_std": 0.07319587762863042,
        "ndcg_at_1": 0.34475,
        "ndcg_at_10": 0.43541,
        "ndcg_at_100": 0.48781,
        "ndcg_at_1000": 0.51028,
        "ndcg_at_20": 0.45759,
        "ndcg_at_3": 0.38683,
        "ndcg_at_5": 0.40852,
        "precision_at_1": 0.34475,
        "precision_at_10": 0.07831,
        "precision_at_100": 0.01195,
        "precision_at_1000": 0.00156,
        "precision_at_20": 0.04566,
        "precision_at_3": 0.18189,
        "precision_at_5": 0.12922,
        "recall_at_1": 0.28112,
        "recall_at_10": 0.54768,
        "recall_at_100": 0.7721,
        "recall_at_1000": 0.92529,
        "recall_at_20": 0.6283,
        "recall_at_3": 0.41409,
        "recall_at_5": 0.46946
      }
    ]
  },
  "task_name": "CQADupstackProgrammersRetrieval"
}