{
  "dataset_revision": "4ffe81d471b1924886b33c7567bfb200e9eec5c4",
  "evaluation_time": 105.80919742584229,
  "kg_co2_emissions": null,
  "mteb_version": "1.14.19",
  "scores": {
    "test": [
      {
        "hf_subset": "default",
        "languages": [
          "eng-Latn"
        ],
        "main_score": 0.35805,
        "map_at_1": 0.24251,
        "map_at_10": 0.31306,
        "map_at_100": 0.32193,
        "map_at_1000": 0.32283,
        "map_at_20": 0.31685,
        "map_at_3": 0.29041,
        "map_at_5": 0.30077,
        "mrr_at_1": 0.26247689463955637,
        "mrr_at_10": 0.33326144998973095,
        "mrr_at_100": 0.34069096065901255,
        "mrr_at_1000": 0.34133571538052176,
        "mrr_at_20": 0.3365093673392146,
        "mrr_at_3": 0.31115218730745536,
        "mrr_at_5": 0.3212261244608749,
        "nauc_map_at_1000_diff1": 0.4675568410190127,
        "nauc_map_at_1000_max": 0.3324419816409726,
        "nauc_map_at_1000_std": -0.017097849590828534,
        "nauc_map_at_100_diff1": 0.4676483367238626,
        "nauc_map_at_100_max": 0.3324128657602769,
        "nauc_map_at_100_std": -0.017163705934506036,
        "nauc_map_at_10_diff1": 0.4684075773454898,
        "nauc_map_at_10_max": 0.330118642014248,
        "nauc_map_at_10_std": -0.024436592811843037,
        "nauc_map_at_1_diff1": 0.5155730591998576,
        "nauc_map_at_1_max": 0.3292780346367716,
        "nauc_map_at_1_std": -0.03736784301350012,
        "nauc_map_at_20_diff1": 0.4681844535475881,
        "nauc_map_at_20_max": 0.33209900188853025,
        "nauc_map_at_20_std": -0.021204290354468164,
        "nauc_map_at_3_diff1": 0.4808824529191162,
        "nauc_map_at_3_max": 0.3408551551927308,
        "nauc_map_at_3_std": -0.02251110228104566,
        "nauc_map_at_5_diff1": 0.47124880336518815,
        "nauc_map_at_5_max": 0.331931664691376,
        "nauc_map_at_5_std": -0.02917453964016105,
        "nauc_mrr_at_1000_diff1": 0.46890940239065765,
        "nauc_mrr_at_1000_max": 0.3527171004169394,
        "nauc_mrr_at_1000_std": -0.0007186271346598909,
        "nauc_mrr_at_100_diff1": 0.4689206365914306,
        "nauc_mrr_at_100_max": 0.3526108812993052,
        "nauc_mrr_at_100_std": -0.0007192725016305763,
        "nauc_mrr_at_10_diff1": 0.4684579681911463,
        "nauc_mrr_at_10_max": 0.3512825314470346,
        "nauc_mrr_at_10_std": -0.004467844717543053,
        "nauc_mrr_at_1_diff1": 0.5226996611643676,
        "nauc_mrr_at_1_max": 0.3635941426178373,
        "nauc_mrr_at_1_std": -0.018149589953513123,
        "nauc_mrr_at_20_diff1": 0.46916388741994663,
        "nauc_mrr_at_20_max": 0.35215413507490223,
        "nauc_mrr_at_20_std": -0.0034820294670201424,
        "nauc_mrr_at_3_diff1": 0.4773475512482488,
        "nauc_mrr_at_3_max": 0.362522288208403,
        "nauc_mrr_at_3_std": -0.004751755004336789,
        "nauc_mrr_at_5_diff1": 0.4707914513801368,
        "nauc_mrr_at_5_max": 0.35506587238048204,
        "nauc_mrr_at_5_std": -0.007460503883344575,
        "nauc_ndcg_at_1000_diff1": 0.4390610851947667,
        "nauc_ndcg_at_1000_max": 0.336229477490448,
        "nauc_ndcg_at_1000_std": 0.021297569638461064,
        "nauc_ndcg_at_100_diff1": 0.4423086793935582,
        "nauc_ndcg_at_100_max": 0.3327614301553511,
        "nauc_ndcg_at_100_std": 0.020725932949142156,
        "nauc_ndcg_at_10_diff1": 0.4465095875734758,
        "nauc_ndcg_at_10_max": 0.3233125601898129,
        "nauc_ndcg_at_10_std": -0.015202246058919011,
        "nauc_ndcg_at_1_diff1": 0.5226996611643676,
        "nauc_ndcg_at_1_max": 0.3635941426178373,
        "nauc_ndcg_at_1_std": -0.018149589953513123,
        "nauc_ndcg_at_20_diff1": 0.446184582837337,
        "nauc_ndcg_at_20_max": 0.3280883977065413,
        "nauc_ndcg_at_20_std": -0.006242562520445621,
        "nauc_ndcg_at_3_diff1": 0.46637504279897807,
        "nauc_ndcg_at_3_max": 0.34736047082199883,
        "nauc_ndcg_at_3_std": -0.012258000363001505,
        "nauc_ndcg_at_5_diff1": 0.4529169064832847,
        "nauc_ndcg_at_5_max": 0.33097519356101923,
        "nauc_ndcg_at_5_std": -0.024580223390407274,
        "nauc_precision_at_1000_diff1": -0.11298893224331534,
        "nauc_precision_at_1000_max": 0.008627322077680414,
        "nauc_precision_at_1000_std": 0.1951513990744767,
        "nauc_precision_at_100_diff1": 0.13485283142386267,
        "nauc_precision_at_100_max": 0.2423202811928899,
        "nauc_precision_at_100_std": 0.24537024025666695,
        "nauc_precision_at_10_diff1": 0.30736217556366796,
        "nauc_precision_at_10_max": 0.3107288802440807,
        "nauc_precision_at_10_std": 0.054538268685079674,
        "nauc_precision_at_1_diff1": 0.5226996611643676,
        "nauc_precision_at_1_max": 0.3635941426178373,
        "nauc_precision_at_1_std": -0.018149589953513123,
        "nauc_precision_at_20_diff1": 0.27277731496500873,
        "nauc_precision_at_20_max": 0.3101530393943178,
        "nauc_precision_at_20_std": 0.11041621586177479,
        "nauc_precision_at_3_diff1": 0.4098482710106196,
        "nauc_precision_at_3_max": 0.36767932278398785,
        "nauc_precision_at_3_std": 0.022502516984895398,
        "nauc_precision_at_5_diff1": 0.3674402476994855,
        "nauc_precision_at_5_max": 0.3361695909584277,
        "nauc_precision_at_5_std": 0.008639090984356501,
        "nauc_recall_at_1000_diff1": 0.1288980312738393,
        "nauc_recall_at_1000_max": 0.35148129018877605,
        "nauc_recall_at_1000_std": 0.37540351710732806,
        "nauc_recall_at_100_diff1": 0.32261348856636957,
        "nauc_recall_at_100_max": 0.3012717241730734,
        "nauc_recall_at_100_std": 0.19250380679538728,
        "nauc_recall_at_10_diff1": 0.3761991045917082,
        "nauc_recall_at_10_max": 0.2704836291207714,
        "nauc_recall_at_10_std": -0.010476450022890705,
        "nauc_recall_at_1_diff1": 0.5155730591998576,
        "nauc_recall_at_1_max": 0.3292780346367716,
        "nauc_recall_at_1_std": -0.03736784301350012,
        "nauc_recall_at_20_diff1": 0.3710200207294078,
        "nauc_recall_at_20_max": 0.2826265538440642,
        "nauc_recall_at_20_std": 0.01877861076304797,
        "nauc_recall_at_3_diff1": 0.43185118678580076,
        "nauc_recall_at_3_max": 0.3345184529320406,
        "nauc_recall_at_3_std": -0.008973148749226263,
        "nauc_recall_at_5_diff1": 0.39729580861454544,
        "nauc_recall_at_5_max": 0.30021202156867927,
        "nauc_recall_at_5_std": -0.03356118457075113,
        "ndcg_at_1": 0.26248,
        "ndcg_at_10": 0.35805,
        "ndcg_at_100": 0.40436,
        "ndcg_at_1000": 0.42871,
        "ndcg_at_20": 0.37087,
        "ndcg_at_3": 0.3119,
        "ndcg_at_5": 0.32933,
        "precision_at_1": 0.26248,
        "precision_at_10": 0.05527,
        "precision_at_100": 0.00848,
        "precision_at_1000": 0.00117,
        "precision_at_20": 0.03078,
        "precision_at_3": 0.13001,
        "precision_at_5": 0.08835,
        "recall_at_1": 0.24251,
        "recall_at_10": 0.47788,
        "recall_at_100": 0.69521,
        "recall_at_1000": 0.88008,
        "recall_at_20": 0.526,
        "recall_at_3": 0.35077,
        "recall_at_5": 0.39372
      }
    ]
  },
  "task_name": "CQADupstackWordpressRetrieval"
}