{
  "dataset_revision": "90fceea13679c63fe563ded68f3b6f06e50061de",
  "evaluation_time": 50.42843818664551,
  "kg_co2_emissions": null,
  "mteb_version": "1.14.19",
  "scores": {
    "test": [
      {
        "hf_subset": "default",
        "languages": [
          "eng-Latn"
        ],
        "main_score": 0.2969,
        "map_at_1": 0.16958,
        "map_at_10": 0.24609,
        "map_at_100": 0.25726,
        "map_at_1000": 0.25845,
        "map_at_20": 0.25153,
        "map_at_3": 0.2204,
        "map_at_5": 0.23404,
        "mrr_at_1": 0.21517412935323382,
        "mrr_at_10": 0.2944824488667772,
        "mrr_at_100": 0.3033990782450044,
        "mrr_at_1000": 0.3041801066699933,
        "mrr_at_20": 0.2991068565058619,
        "mrr_at_3": 0.26803482587064675,
        "mrr_at_5": 0.2822761194029851,
        "nauc_map_at_1000_diff1": 0.33023723984510034,
        "nauc_map_at_1000_max": 0.24541300514354594,
        "nauc_map_at_1000_std": -0.0504864332996861,
        "nauc_map_at_100_diff1": 0.33036227842003346,
        "nauc_map_at_100_max": 0.24561152865935626,
        "nauc_map_at_100_std": -0.05051390262159838,
        "nauc_map_at_10_diff1": 0.33117720082886287,
        "nauc_map_at_10_max": 0.24512741775067404,
        "nauc_map_at_10_std": -0.05496968091941248,
        "nauc_map_at_1_diff1": 0.37884577204276876,
        "nauc_map_at_1_max": 0.2327159520198432,
        "nauc_map_at_1_std": -0.07424295254984073,
        "nauc_map_at_20_diff1": 0.3295741202704316,
        "nauc_map_at_20_max": 0.24554866783633433,
        "nauc_map_at_20_std": -0.05168658605627296,
        "nauc_map_at_3_diff1": 0.3334085099371772,
        "nauc_map_at_3_max": 0.23559702364072085,
        "nauc_map_at_3_std": -0.07067193500175947,
        "nauc_map_at_5_diff1": 0.33385089225061537,
        "nauc_map_at_5_max": 0.2464472546687997,
        "nauc_map_at_5_std": -0.06166165518869993,
        "nauc_mrr_at_1000_diff1": 0.33901205716735233,
        "nauc_mrr_at_1000_max": 0.2462303666058087,
        "nauc_mrr_at_1000_std": -0.06813448218737647,
        "nauc_mrr_at_100_diff1": 0.3387029553910525,
        "nauc_mrr_at_100_max": 0.24634842365647516,
        "nauc_mrr_at_100_std": -0.06805195970042056,
        "nauc_mrr_at_10_diff1": 0.3401388366104861,
        "nauc_mrr_at_10_max": 0.24621228760808053,
        "nauc_mrr_at_10_std": -0.07066572214004574,
        "nauc_mrr_at_1_diff1": 0.3863670137086691,
        "nauc_mrr_at_1_max": 0.23212617842677918,
        "nauc_mrr_at_1_std": -0.10385643861929385,
        "nauc_mrr_at_20_diff1": 0.3390605419173835,
        "nauc_mrr_at_20_max": 0.2467008296086476,
        "nauc_mrr_at_20_std": -0.06840305854830195,
        "nauc_mrr_at_3_diff1": 0.35251475198439813,
        "nauc_mrr_at_3_max": 0.24393464193190728,
        "nauc_mrr_at_3_std": -0.07989891645753698,
        "nauc_mrr_at_5_diff1": 0.34535616172672945,
        "nauc_mrr_at_5_max": 0.24796504916735973,
        "nauc_mrr_at_5_std": -0.07615525153907707,
        "nauc_ndcg_at_1000_diff1": 0.3082266601352291,
        "nauc_ndcg_at_1000_max": 0.25499306251154974,
        "nauc_ndcg_at_1000_std": -0.020427662987905628,
        "nauc_ndcg_at_100_diff1": 0.30715546916371667,
        "nauc_ndcg_at_100_max": 0.25446031643200573,
        "nauc_ndcg_at_100_std": -0.022546133878407187,
        "nauc_ndcg_at_10_diff1": 0.3132697690459574,
        "nauc_ndcg_at_10_max": 0.2527797555795472,
        "nauc_ndcg_at_10_std": -0.041191356733470706,
        "nauc_ndcg_at_1_diff1": 0.3914661826508211,
        "nauc_ndcg_at_1_max": 0.2368613785480337,
        "nauc_ndcg_at_1_std": -0.09991407132175135,
        "nauc_ndcg_at_20_diff1": 0.3084868957966913,
        "nauc_ndcg_at_20_max": 0.25433367591203737,
        "nauc_ndcg_at_20_std": -0.03113821853471041,
        "nauc_ndcg_at_3_diff1": 0.33164008152276236,
        "nauc_ndcg_at_3_max": 0.24189686119739934,
        "nauc_ndcg_at_3_std": -0.0709400719492327,
        "nauc_ndcg_at_5_diff1": 0.3234976467303391,
        "nauc_ndcg_at_5_max": 0.25473516731940865,
        "nauc_ndcg_at_5_std": -0.0570398107168821,
        "nauc_precision_at_1000_diff1": 0.016333496782379296,
        "nauc_precision_at_1000_max": 0.03216166574404593,
        "nauc_precision_at_1000_std": 0.012703841029609466,
        "nauc_precision_at_100_diff1": 0.10343823490777435,
        "nauc_precision_at_100_max": 0.11953776172987868,
        "nauc_precision_at_100_std": 0.038056201181007776,
        "nauc_precision_at_10_diff1": 0.23652999566090735,
        "nauc_precision_at_10_max": 0.23818382903001206,
        "nauc_precision_at_10_std": 0.006629490590638738,
        "nauc_precision_at_1_diff1": 0.3914661826508211,
        "nauc_precision_at_1_max": 0.2368613785480337,
        "nauc_precision_at_1_std": -0.09991407132175135,
        "nauc_precision_at_20_diff1": 0.19640650086292816,
        "nauc_precision_at_20_max": 0.2177494464965769,
        "nauc_precision_at_20_std": 0.02473639354678535,
        "nauc_precision_at_3_diff1": 0.296736526671459,
        "nauc_precision_at_3_max": 0.2532148688758338,
        "nauc_precision_at_3_std": -0.06399481095620854,
        "nauc_precision_at_5_diff1": 0.27536815452640645,
        "nauc_precision_at_5_max": 0.2723189738562269,
        "nauc_precision_at_5_std": -0.03496787116534298,
        "nauc_recall_at_1000_diff1": 0.0998060195311089,
        "nauc_recall_at_1000_max": 0.29288160631274957,
        "nauc_recall_at_1000_std": 0.25852583992549394,
        "nauc_recall_at_100_diff1": 0.18790488594310573,
        "nauc_recall_at_100_max": 0.2540907523391303,
        "nauc_recall_at_100_std": 0.09505851310994551,
        "nauc_recall_at_10_diff1": 0.23913055922968837,
        "nauc_recall_at_10_max": 0.24956422517755383,
        "nauc_recall_at_10_std": -0.00024267764326690912,
        "nauc_recall_at_1_diff1": 0.37884577204276876,
        "nauc_recall_at_1_max": 0.2327159520198432,
        "nauc_recall_at_1_std": -0.07424295254984073,
        "nauc_recall_at_20_diff1": 0.21582633996563036,
        "nauc_recall_at_20_max": 0.24786638691696336,
        "nauc_recall_at_20_std": 0.03561258073278591,
        "nauc_recall_at_3_diff1": 0.27996149992451197,
        "nauc_recall_at_3_max": 0.23556777785878605,
        "nauc_recall_at_3_std": -0.05328531454864845,
        "nauc_recall_at_5_diff1": 0.2659221232448079,
        "nauc_recall_at_5_max": 0.2546556904720038,
        "nauc_recall_at_5_std": -0.035701070567420425,
        "ndcg_at_1": 0.21393,
        "ndcg_at_10": 0.2969,
        "ndcg_at_100": 0.3505,
        "ndcg_at_1000": 0.37967,
        "ndcg_at_20": 0.3153,
        "ndcg_at_3": 0.25001,
        "ndcg_at_5": 0.27035,
        "precision_at_1": 0.21393,
        "precision_at_10": 0.0551,
        "precision_at_100": 0.00959,
        "precision_at_1000": 0.00132,
        "precision_at_20": 0.0329,
        "precision_at_3": 0.12023,
        "precision_at_5": 0.08706,
        "recall_at_1": 0.16958,
        "recall_at_10": 0.40814,
        "recall_at_100": 0.63833,
        "recall_at_1000": 0.84904,
        "recall_at_20": 0.47376,
        "recall_at_3": 0.27555,
        "recall_at_5": 0.32934
      }
    ]
  },
  "task_name": "CQADupstackMathematicaRetrieval"
}