{
  "dataset_revision": "c0f706b76e590d620bd6618b3ca8efdd34e2d659",
  "evaluation_time": 7253.248396396637,
  "kg_co2_emissions": null,
  "mteb_version": "1.14.19",
  "scores": {
    "test": [
      {
        "hf_subset": "default",
        "languages": [
          "eng-Latn"
        ],
        "main_score": 0.37255,
        "map_at_1": 0.07935,
        "map_at_10": 0.17527,
        "map_at_100": 0.23748,
        "map_at_1000": 0.24955,
        "map_at_20": 0.20011,
        "map_at_3": 0.12694,
        "map_at_5": 0.14759,
        "mrr_at_1": 0.6275,
        "mrr_at_10": 0.7037371031746033,
        "mrr_at_100": 0.7082599492764969,
        "mrr_at_1000": 0.7084043482752798,
        "mrr_at_20": 0.7067230657844048,
        "mrr_at_3": 0.6829166666666667,
        "mrr_at_5": 0.6972916666666668,
        "nauc_map_at_1000_diff1": 0.27806241401190007,
        "nauc_map_at_1000_max": 0.4197840200098974,
        "nauc_map_at_1000_std": 0.29041292808687547,
        "nauc_map_at_100_diff1": 0.2776117951922856,
        "nauc_map_at_100_max": 0.3982365532836961,
        "nauc_map_at_100_std": 0.2605704383397305,
        "nauc_map_at_10_diff1": 0.28475434840225666,
        "nauc_map_at_10_max": 0.2804571175319801,
        "nauc_map_at_10_std": 0.04423277673608939,
        "nauc_map_at_1_diff1": 0.3689713373808704,
        "nauc_map_at_1_max": 0.18488547971674227,
        "nauc_map_at_1_std": -0.08896781247047378,
        "nauc_map_at_20_diff1": 0.27655694778781964,
        "nauc_map_at_20_max": 0.3263013230097484,
        "nauc_map_at_20_std": 0.13045182064787836,
        "nauc_map_at_3_diff1": 0.3084114114369083,
        "nauc_map_at_3_max": 0.19992500847910843,
        "nauc_map_at_3_std": -0.06919113709186854,
        "nauc_map_at_5_diff1": 0.2919012057177288,
        "nauc_map_at_5_max": 0.232689076188482,
        "nauc_map_at_5_std": -0.030620021706345927,
        "nauc_mrr_at_1000_diff1": 0.5381413571472407,
        "nauc_mrr_at_1000_max": 0.7029578093856129,
        "nauc_mrr_at_1000_std": 0.4060053679667201,
        "nauc_mrr_at_100_diff1": 0.5381250053036963,
        "nauc_mrr_at_100_max": 0.7028867946229401,
        "nauc_mrr_at_100_std": 0.40605470503906893,
        "nauc_mrr_at_10_diff1": 0.5373403760355323,
        "nauc_mrr_at_10_max": 0.7021052327224634,
        "nauc_mrr_at_10_std": 0.40508161586962577,
        "nauc_mrr_at_1_diff1": 0.5380503230485489,
        "nauc_mrr_at_1_max": 0.6934879495287819,
        "nauc_mrr_at_1_std": 0.3898847007170625,
        "nauc_mrr_at_20_diff1": 0.537902228503219,
        "nauc_mrr_at_20_max": 0.702271992450747,
        "nauc_mrr_at_20_std": 0.4052633250257814,
        "nauc_mrr_at_3_diff1": 0.5389933792502939,
        "nauc_mrr_at_3_max": 0.7108506853461769,
        "nauc_mrr_at_3_std": 0.409385588856794,
        "nauc_mrr_at_5_diff1": 0.5386827506074057,
        "nauc_mrr_at_5_max": 0.7022677608043297,
        "nauc_mrr_at_5_std": 0.4049162882356028,
        "nauc_ndcg_at_1000_diff1": 0.33163013636467814,
        "nauc_ndcg_at_1000_max": 0.567314621593233,
        "nauc_ndcg_at_1000_std": 0.4218252509878493,
        "nauc_ndcg_at_100_diff1": 0.3338509580745255,
        "nauc_ndcg_at_100_max": 0.4994043184506368,
        "nauc_ndcg_at_100_std": 0.3359343362745549,
        "nauc_ndcg_at_10_diff1": 0.35142122155286565,
        "nauc_ndcg_at_10_max": 0.5237396050057755,
        "nauc_ndcg_at_10_std": 0.33358180751506056,
        "nauc_ndcg_at_1_diff1": 0.4968155117447884,
        "nauc_ndcg_at_1_max": 0.610804993390685,
        "nauc_ndcg_at_1_std": 0.3318318052973483,
        "nauc_ndcg_at_20_diff1": 0.34222688699395665,
        "nauc_ndcg_at_20_max": 0.492186056298848,
        "nauc_ndcg_at_20_std": 0.30548485309922435,
        "nauc_ndcg_at_3_diff1": 0.38443332304463346,
        "nauc_ndcg_at_3_max": 0.5499224924659755,
        "nauc_ndcg_at_3_std": 0.33678658472519346,
        "nauc_ndcg_at_5_diff1": 0.35511802958050875,
        "nauc_ndcg_at_5_max": 0.5415143935677529,
        "nauc_ndcg_at_5_std": 0.338657268048529,
        "nauc_precision_at_1000_diff1": -0.028006928266574353,
        "nauc_precision_at_1000_max": 0.22402391168752056,
        "nauc_precision_at_1000_std": 0.3425504763183268,
        "nauc_precision_at_100_diff1": 0.07819706252273734,
        "nauc_precision_at_100_max": 0.41529063926340787,
        "nauc_precision_at_100_std": 0.5682116997803526,
        "nauc_precision_at_10_diff1": 0.13927755365323075,
        "nauc_precision_at_10_max": 0.47419670482250476,
        "nauc_precision_at_10_std": 0.505189849891218,
        "nauc_precision_at_1_diff1": 0.5380503230485489,
        "nauc_precision_at_1_max": 0.6934879495287819,
        "nauc_precision_at_1_std": 0.3898847007170625,
        "nauc_precision_at_20_diff1": 0.10335897055115967,
        "nauc_precision_at_20_max": 0.44602404395741024,
        "nauc_precision_at_20_std": 0.5467731296170305,
        "nauc_precision_at_3_diff1": 0.24381754471058525,
        "nauc_precision_at_3_max": 0.5066147827752464,
        "nauc_precision_at_3_std": 0.37971788134040135,
        "nauc_precision_at_5_diff1": 0.17937912170298706,
        "nauc_precision_at_5_max": 0.5046701380319394,
        "nauc_precision_at_5_std": 0.4527263193873365,
        "nauc_recall_at_1000_diff1": 0.15217517022532276,
        "nauc_recall_at_1000_max": 0.44867063633670334,
        "nauc_recall_at_1000_std": 0.4243822231355223,
        "nauc_recall_at_100_diff1": 0.19434174614219754,
        "nauc_recall_at_100_max": 0.3389187117034633,
        "nauc_recall_at_100_std": 0.2525745503485405,
        "nauc_recall_at_10_diff1": 0.20301785382191817,
        "nauc_recall_at_10_max": 0.18738489157254987,
        "nauc_recall_at_10_std": -0.01879668254150522,
        "nauc_recall_at_1_diff1": 0.3689713373808704,
        "nauc_recall_at_1_max": 0.18488547971674227,
        "nauc_recall_at_1_std": -0.08896781247047378,
        "nauc_recall_at_20_diff1": 0.19178829077180337,
        "nauc_recall_at_20_max": 0.2391069078522572,
        "nauc_recall_at_20_std": 0.0817308955706271,
        "nauc_recall_at_3_diff1": 0.26273680789122494,
        "nauc_recall_at_3_max": 0.1590639571685578,
        "nauc_recall_at_3_std": -0.08536736169081248,
        "nauc_recall_at_5_diff1": 0.21968294580342645,
        "nauc_recall_at_5_max": 0.1627001467611914,
        "nauc_recall_at_5_std": -0.07128718615664316,
        "ndcg_at_1": 0.52,
        "ndcg_at_10": 0.37255,
        "ndcg_at_100": 0.40354,
        "ndcg_at_1000": 0.47364,
        "ndcg_at_20": 0.36453,
        "ndcg_at_3": 0.41768,
        "ndcg_at_5": 0.39392,
        "precision_at_1": 0.6275,
        "precision_at_10": 0.28725,
        "precision_at_100": 0.08545,
        "precision_at_1000": 0.01649,
        "precision_at_20": 0.21288,
        "precision_at_3": 0.43917,
        "precision_at_5": 0.3755,
        "recall_at_1": 0.07935,
        "recall_at_10": 0.22979,
        "recall_at_100": 0.45165,
        "recall_at_1000": 0.67556,
        "recall_at_20": 0.28986,
        "recall_at_3": 0.14032,
        "recall_at_5": 0.17562
      }
    ]
  },
  "task_name": "DBPedia"
}