{
  "dataset_revision": "bea83ef9e8fb933d90a2f1d5515737465d613e12",
  "evaluation_time": 9039.751501560211,
  "kg_co2_emissions": null,
  "mteb_version": "1.14.19",
  "scores": {
    "test": [
      {
        "hf_subset": "default",
        "languages": [
          "eng-Latn"
        ],
        "main_score": 0.74104,
        "map_at_1": 0.57545,
        "map_at_10": 0.68653,
        "map_at_100": 0.69055,
        "map_at_1000": 0.69072,
        "map_at_20": 0.68912,
        "map_at_3": 0.66749,
        "map_at_5": 0.67991,
        "mrr_at_1": 0.621962196219622,
        "mrr_at_10": 0.7301808157006177,
        "mrr_at_100": 0.7334195431012713,
        "mrr_at_1000": 0.7334890824718482,
        "mrr_at_20": 0.7324903757356949,
        "mrr_at_3": 0.7130463046304631,
        "mrr_at_5": 0.7243274327432744,
        "nauc_map_at_1000_diff1": 0.444973557711551,
        "nauc_map_at_1000_max": 0.26393554048100576,
        "nauc_map_at_1000_std": -0.049876919842968624,
        "nauc_map_at_100_diff1": 0.4448963905314997,
        "nauc_map_at_100_max": 0.2639460490960243,
        "nauc_map_at_100_std": -0.049900530768780246,
        "nauc_map_at_10_diff1": 0.444016760772965,
        "nauc_map_at_10_max": 0.26472624795096694,
        "nauc_map_at_10_std": -0.05092903447065828,
        "nauc_map_at_1_diff1": 0.47285371258034525,
        "nauc_map_at_1_max": 0.22250699883014982,
        "nauc_map_at_1_std": -0.06428060343966721,
        "nauc_map_at_20_diff1": 0.44468482908035517,
        "nauc_map_at_20_max": 0.2642251945132685,
        "nauc_map_at_20_std": -0.050288300596960114,
        "nauc_map_at_3_diff1": 0.44452760557855286,
        "nauc_map_at_3_max": 0.26354267029067624,
        "nauc_map_at_3_std": -0.05514625639534412,
        "nauc_map_at_5_diff1": 0.4439984486504655,
        "nauc_map_at_5_max": 0.26533353621103073,
        "nauc_map_at_5_std": -0.05268475758903147,
        "nauc_mrr_at_1000_diff1": 0.5042569307748141,
        "nauc_mrr_at_1000_max": 0.2955631286759845,
        "nauc_mrr_at_1000_std": -0.07159710358166893,
        "nauc_mrr_at_100_diff1": 0.5042183211141021,
        "nauc_mrr_at_100_max": 0.29563390890184166,
        "nauc_mrr_at_100_std": -0.07157328819751166,
        "nauc_mrr_at_10_diff1": 0.5035003854461974,
        "nauc_mrr_at_10_max": 0.2975986283471102,
        "nauc_mrr_at_10_std": -0.07090989524121198,
        "nauc_mrr_at_1_diff1": 0.5252339097494758,
        "nauc_mrr_at_1_max": 0.2535223719381399,
        "nauc_mrr_at_1_std": -0.07575397643972248,
        "nauc_mrr_at_20_diff1": 0.5041709708950941,
        "nauc_mrr_at_20_max": 0.2964639706490894,
        "nauc_mrr_at_20_std": -0.07143372210078722,
        "nauc_mrr_at_3_diff1": 0.5032420460764225,
        "nauc_mrr_at_3_max": 0.2996829902283134,
        "nauc_mrr_at_3_std": -0.07052664731497138,
        "nauc_mrr_at_5_diff1": 0.5026141030784185,
        "nauc_mrr_at_5_max": 0.29900543570859855,
        "nauc_mrr_at_5_std": -0.07052130043719954,
        "nauc_ndcg_at_1000_diff1": 0.4486644297191817,
        "nauc_ndcg_at_1000_max": 0.2793524126143516,
        "nauc_ndcg_at_1000_std": -0.04086972512716134,
        "nauc_ndcg_at_100_diff1": 0.4463130961104306,
        "nauc_ndcg_at_100_max": 0.27991618288526854,
        "nauc_ndcg_at_100_std": -0.041333835401508374,
        "nauc_ndcg_at_10_diff1": 0.44339042034737847,
        "nauc_ndcg_at_10_max": 0.28621109556031443,
        "nauc_ndcg_at_10_std": -0.04613988369240325,
        "nauc_ndcg_at_1_diff1": 0.5252339097494758,
        "nauc_ndcg_at_1_max": 0.2540688033983848,
        "nauc_ndcg_at_1_std": -0.07418973304526423,
        "nauc_ndcg_at_20_diff1": 0.44540989754719884,
        "nauc_ndcg_at_20_max": 0.28375835597291704,
        "nauc_ndcg_at_20_std": -0.04426803074834626,
        "nauc_ndcg_at_3_diff1": 0.4478318445410736,
        "nauc_ndcg_at_3_max": 0.28787283115902434,
        "nauc_ndcg_at_3_std": -0.053585831244724706,
        "nauc_ndcg_at_5_diff1": 0.4440774809349459,
        "nauc_ndcg_at_5_max": 0.28870784618307227,
        "nauc_ndcg_at_5_std": -0.049427061406590096,
        "nauc_precision_at_1000_diff1": -0.05703053338674355,
        "nauc_precision_at_1000_max": 0.06687592969125707,
        "nauc_precision_at_1000_std": 0.09922696907687224,
        "nauc_precision_at_100_diff1": 0.00017972410973190716,
        "nauc_precision_at_100_max": 0.1480272192277519,
        "nauc_precision_at_100_std": 0.1095374457927184,
        "nauc_precision_at_10_diff1": 0.23235936824901987,
        "nauc_precision_at_10_max": 0.32260635568508017,
        "nauc_precision_at_10_std": 0.02702710432893596,
        "nauc_precision_at_1_diff1": 0.5252339097494758,
        "nauc_precision_at_1_max": 0.2540688033983848,
        "nauc_precision_at_1_std": -0.07418973304526423,
        "nauc_precision_at_20_diff1": 0.15656769473034002,
        "nauc_precision_at_20_max": 0.28240311809762847,
        "nauc_precision_at_20_std": 0.064656699282341,
        "nauc_precision_at_3_diff1": 0.38710142414814563,
        "nauc_precision_at_3_max": 0.36322218184223354,
        "nauc_precision_at_3_std": -0.030503675575545435,
        "nauc_precision_at_5_diff1": 0.32027050390390527,
        "nauc_precision_at_5_max": 0.35821794746933144,
        "nauc_precision_at_5_std": -0.006459415060717659,
        "nauc_recall_at_1000_diff1": 0.09362521828175067,
        "nauc_recall_at_1000_max": 0.21209667943942137,
        "nauc_recall_at_1000_std": 0.3506634394438501,
        "nauc_recall_at_100_diff1": 0.16600420789826123,
        "nauc_recall_at_100_max": 0.24222013369244552,
        "nauc_recall_at_100_std": 0.1659111463949705,
        "nauc_recall_at_10_diff1": 0.30498539526399177,
        "nauc_recall_at_10_max": 0.3196922535995285,
        "nauc_recall_at_10_std": 0.015566087002429067,
        "nauc_recall_at_1_diff1": 0.47285371258034525,
        "nauc_recall_at_1_max": 0.22250699883014982,
        "nauc_recall_at_1_std": -0.06428060343966721,
        "nauc_recall_at_20_diff1": 0.26894966187890706,
        "nauc_recall_at_20_max": 0.30431063231343947,
        "nauc_recall_at_20_std": 0.04979231398008775,
        "nauc_recall_at_3_diff1": 0.3739222383238928,
        "nauc_recall_at_3_max": 0.31269241947069254,
        "nauc_recall_at_3_std": -0.030349308438640595,
        "nauc_recall_at_5_diff1": 0.340703834563949,
        "nauc_recall_at_5_max": 0.3216447072903501,
        "nauc_recall_at_5_std": -0.011704198047857306,
        "ndcg_at_1": 0.62196,
        "ndcg_at_10": 0.74104,
        "ndcg_at_100": 0.75843,
        "ndcg_at_1000": 0.76215,
        "ndcg_at_20": 0.74991,
        "ndcg_at_3": 0.70585,
        "ndcg_at_5": 0.72618,
        "precision_at_1": 0.62196,
        "precision_at_10": 0.09515,
        "precision_at_100": 0.0105,
        "precision_at_1000": 0.0011,
        "precision_at_20": 0.04956,
        "precision_at_3": 0.28023,
        "precision_at_5": 0.17969,
        "recall_at_1": 0.57545,
        "recall_at_10": 0.86661,
        "recall_at_100": 0.94209,
        "recall_at_1000": 0.96782,
        "recall_at_20": 0.90026,
        "recall_at_3": 0.77123,
        "recall_at_5": 0.82137
      }
    ]
  },
  "task_name": "FEVER"
}