{
  "dataset_revision": "ab518f4d6fcca38d87c25209f94beba119d02014",
  "evaluation_time": 8346.499423980713,
  "kg_co2_emissions": null,
  "mteb_version": "1.14.19",
  "scores": {
    "test": [
      {
        "hf_subset": "default",
        "languages": [
          "eng-Latn"
        ],
        "main_score": 0.66107,
        "map_at_1": 0.39399,
        "map_at_10": 0.5713,
        "map_at_100": 0.57897,
        "map_at_1000": 0.57961,
        "map_at_20": 0.57563,
        "map_at_3": 0.54216,
        "map_at_5": 0.56023,
        "mrr_at_1": 0.7882511816340311,
        "mrr_at_10": 0.8400443179747703,
        "mrr_at_100": 0.8416573799936027,
        "mrr_at_1000": 0.8417370099031675,
        "mrr_at_20": 0.8409684133131861,
        "mrr_at_3": 0.8306549628629305,
        "mrr_at_5": 0.8369817690749494,
        "nauc_map_at_1000_diff1": 0.1327254182425937,
        "nauc_map_at_1000_max": 0.17950154971365237,
        "nauc_map_at_1000_std": 0.04499289691862205,
        "nauc_map_at_100_diff1": 0.13243545416669741,
        "nauc_map_at_100_max": 0.17923871956426812,
        "nauc_map_at_100_std": 0.044861983418007886,
        "nauc_map_at_10_diff1": 0.13295455165116354,
        "nauc_map_at_10_max": 0.18026228823062942,
        "nauc_map_at_10_std": 0.04089293141254114,
        "nauc_map_at_1_diff1": 0.7371980392863982,
        "nauc_map_at_1_max": 0.5495141198261733,
        "nauc_map_at_1_std": 0.030136117281648514,
        "nauc_map_at_20_diff1": 0.13261143366952474,
        "nauc_map_at_20_max": 0.17967903364739252,
        "nauc_map_at_20_std": 0.043031942499039785,
        "nauc_map_at_3_diff1": 0.15832521511648376,
        "nauc_map_at_3_max": 0.1990938783721838,
        "nauc_map_at_3_std": 0.029351201588624587,
        "nauc_map_at_5_diff1": 0.14093736510887592,
        "nauc_map_at_5_max": 0.1853053574756996,
        "nauc_map_at_5_std": 0.033194244395541105,
        "nauc_mrr_at_1000_diff1": 0.7282604295030866,
        "nauc_mrr_at_1000_max": 0.5771746238842578,
        "nauc_mrr_at_1000_std": 0.041599124075082095,
        "nauc_mrr_at_100_diff1": 0.7282604744677961,
        "nauc_mrr_at_100_max": 0.5772411869645426,
        "nauc_mrr_at_100_std": 0.041711693704274834,
        "nauc_mrr_at_10_diff1": 0.727928457376367,
        "nauc_mrr_at_10_max": 0.5777619058452027,
        "nauc_mrr_at_10_std": 0.04061061417656341,
        "nauc_mrr_at_1_diff1": 0.7365517658311598,
        "nauc_mrr_at_1_max": 0.5488611535426507,
        "nauc_mrr_at_1_std": 0.03017270174077091,
        "nauc_mrr_at_20_diff1": 0.7283155793474988,
        "nauc_mrr_at_20_max": 0.5775515953015298,
        "nauc_mrr_at_20_std": 0.04138037288074418,
        "nauc_mrr_at_3_diff1": 0.7279157155374383,
        "nauc_mrr_at_3_max": 0.5786262312259285,
        "nauc_mrr_at_3_std": 0.035349964578555916,
        "nauc_mrr_at_5_diff1": 0.7272181870617734,
        "nauc_mrr_at_5_max": 0.578587242987075,
        "nauc_mrr_at_5_std": 0.03835165628464502,
        "nauc_ndcg_at_1000_diff1": 0.1870963311806052,
        "nauc_ndcg_at_1000_max": 0.22173282701431457,
        "nauc_ndcg_at_1000_std": 0.0741929942794094,
        "nauc_ndcg_at_100_diff1": 0.17988140525128798,
        "nauc_ndcg_at_100_max": 0.21541407611470623,
        "nauc_ndcg_at_100_std": 0.07143592075276196,
        "nauc_ndcg_at_10_diff1": 0.1852523256797346,
        "nauc_ndcg_at_10_max": 0.22109647511225097,
        "nauc_ndcg_at_10_std": 0.05298611510261399,
        "nauc_ndcg_at_1_diff1": 0.7371980392863982,
        "nauc_ndcg_at_1_max": 0.5495141198261733,
        "nauc_ndcg_at_1_std": 0.030136117281648514,
        "nauc_ndcg_at_20_diff1": 0.1824204072864692,
        "nauc_ndcg_at_20_max": 0.2178350784961645,
        "nauc_ndcg_at_20_std": 0.059508672103519934,
        "nauc_ndcg_at_3_diff1": 0.23159930762111464,
        "nauc_ndcg_at_3_max": 0.2546689575613157,
        "nauc_ndcg_at_3_std": 0.03292390262552222,
        "nauc_ndcg_at_5_diff1": 0.2027635647085318,
        "nauc_ndcg_at_5_max": 0.23288775496087002,
        "nauc_ndcg_at_5_std": 0.039007306962708835,
        "nauc_precision_at_1000_diff1": -0.15902553987847023,
        "nauc_precision_at_1000_max": 0.001321400587939746,
        "nauc_precision_at_1000_std": 0.23478294068246017,
        "nauc_precision_at_100_diff1": -0.1112132910363194,
        "nauc_precision_at_100_max": 0.017166709077031283,
        "nauc_precision_at_100_std": 0.16571590319803717,
        "nauc_precision_at_10_diff1": -0.03210935730365747,
        "nauc_precision_at_10_max": 0.0789442174384789,
        "nauc_precision_at_10_std": 0.07872027660899147,
        "nauc_precision_at_1_diff1": 0.7371980392863982,
        "nauc_precision_at_1_max": 0.5495141198261733,
        "nauc_precision_at_1_std": 0.030136117281648514,
        "nauc_precision_at_20_diff1": -0.05391246355956654,
        "nauc_precision_at_20_max": 0.059101813809577776,
        "nauc_precision_at_20_std": 0.10020349969301363,
        "nauc_precision_at_3_diff1": 0.082463870025499,
        "nauc_precision_at_3_max": 0.1660937672789432,
        "nauc_precision_at_3_std": 0.036583951728802896,
        "nauc_precision_at_5_diff1": 0.022722827330740217,
        "nauc_precision_at_5_max": 0.11932103525044768,
        "nauc_precision_at_5_std": 0.047449965219363684,
        "nauc_recall_at_1000_diff1": -0.15902553987846796,
        "nauc_recall_at_1000_max": 0.0013214005879421482,
        "nauc_recall_at_1000_std": 0.23478294068246097,
        "nauc_recall_at_100_diff1": -0.11121329103631834,
        "nauc_recall_at_100_max": 0.017166709077031977,
        "nauc_recall_at_100_std": 0.16571590319803664,
        "nauc_recall_at_10_diff1": -0.03210935730365783,
        "nauc_recall_at_10_max": 0.07894421743847901,
        "nauc_recall_at_10_std": 0.07872027660899074,
        "nauc_recall_at_1_diff1": 0.7371980392863982,
        "nauc_recall_at_1_max": 0.5495141198261733,
        "nauc_recall_at_1_std": 0.030136117281648514,
        "nauc_recall_at_20_diff1": -0.05391246355956662,
        "nauc_recall_at_20_max": 0.059101813809578005,
        "nauc_recall_at_20_std": 0.10020349969301269,
        "nauc_recall_at_3_diff1": 0.08246387002549858,
        "nauc_recall_at_3_max": 0.16609376727894323,
        "nauc_recall_at_3_std": 0.03658395172880232,
        "nauc_recall_at_5_diff1": 0.022722827330740342,
        "nauc_recall_at_5_max": 0.11932103525044808,
        "nauc_recall_at_5_std": 0.04744996521936386,
        "ndcg_at_1": 0.78798,
        "ndcg_at_10": 0.66107,
        "ndcg_at_100": 0.68846,
        "ndcg_at_1000": 0.70103,
        "ndcg_at_20": 0.67182,
        "ndcg_at_3": 0.61915,
        "ndcg_at_5": 0.64257,
        "precision_at_1": 0.78798,
        "precision_at_10": 0.13456,
        "precision_at_100": 0.01562,
        "precision_at_1000": 0.00173,
        "precision_at_20": 0.07075,
        "precision_at_3": 0.38686,
        "precision_at_5": 0.25061,
        "recall_at_1": 0.39399,
        "recall_at_10": 0.67279,
        "recall_at_100": 0.78123,
        "recall_at_1000": 0.86455,
        "recall_at_20": 0.70749,
        "recall_at_3": 0.58028,
        "recall_at_5": 0.62654
      }
    ]
  },
  "task_name": "HotpotQA"
}