{
  "dataset_revision": "59042f120c80e8afa9cdbb224f67076cec0fc9a7",
  "evaluation_time": 240.5300555229187,
  "kg_co2_emissions": null,
  "mteb_version": "1.14.19",
  "scores": {
    "test": [
      {
        "hf_subset": "default",
        "languages": [
          "eng-Latn"
        ],
        "main_score": 0.2877035993946383,
        "map": 0.2877035993946383,
        "mrr": 0.2957092309984977,
        "nAUC_map_diff1": 0.09734403700865549,
        "nAUC_map_max": -0.2109321766469668,
        "nAUC_map_std": -0.035275775699283134,
        "nAUC_mrr_diff1": 0.09755460273929671,
        "nAUC_mrr_max": -0.15661372057431497,
        "nAUC_mrr_std": -0.011598777109644898
      }
    ]
  },
  "task_name": "MindSmallReranking"
}