{
  "dataset_revision": "c5a29a104738b98a9e76336939199e264163d4a0",
  "evaluation_time": 14461.32680439949,
  "kg_co2_emissions": null,
  "mteb_version": "1.14.19",
  "scores": {
    "dev": [
      {
        "hf_subset": "default",
        "languages": [
          "eng-Latn"
        ],
        "main_score": 0.39738,
        "map_at_1": 0.20431,
        "map_at_10": 0.32808,
        "map_at_100": 0.33988,
        "map_at_1000": 0.34038,
        "map_at_20": 0.33514,
        "map_at_3": 0.28902,
        "map_at_5": 0.3116,
        "mrr_at_1": 0.21045845272206304,
        "mrr_at_10": 0.3332866580251967,
        "mrr_at_100": 0.34464254239546555,
        "mrr_at_1000": 0.34508060012140296,
        "mrr_at_20": 0.3401698026098458,
        "mrr_at_3": 0.2948424068767908,
        "mrr_at_5": 0.3172492836676218,
        "nauc_map_at_1000_diff1": 0.29298039339666493,
        "nauc_map_at_1000_max": 0.08209548136841359,
        "nauc_map_at_1000_std": -0.21060998385025032,
        "nauc_map_at_100_diff1": 0.29297333844073353,
        "nauc_map_at_100_max": 0.08219749731051548,
        "nauc_map_at_100_std": -0.21050726616835916,
        "nauc_map_at_10_diff1": 0.29230889878038097,
        "nauc_map_at_10_max": 0.08055745958798073,
        "nauc_map_at_10_std": -0.21793099127066493,
        "nauc_map_at_1_diff1": 0.32281968145808215,
        "nauc_map_at_1_max": 0.060843299861105246,
        "nauc_map_at_1_std": -0.1899562240153666,
        "nauc_map_at_20_diff1": 0.2929005925302242,
        "nauc_map_at_20_max": 0.08139905202727518,
        "nauc_map_at_20_std": -0.21368957608865882,
        "nauc_map_at_3_diff1": 0.29548757713092233,
        "nauc_map_at_3_max": 0.07585648766504412,
        "nauc_map_at_3_std": -0.21809595175742652,
        "nauc_map_at_5_diff1": 0.29278817220776093,
        "nauc_map_at_5_max": 0.07795458601545702,
        "nauc_map_at_5_std": -0.21826332138743323,
        "nauc_mrr_at_1000_diff1": 0.2922494224005571,
        "nauc_mrr_at_1000_max": 0.08383563882903847,
        "nauc_mrr_at_1000_std": -0.20807603759925358,
        "nauc_mrr_at_100_diff1": 0.29224094804711215,
        "nauc_mrr_at_100_max": 0.08399929436002561,
        "nauc_mrr_at_100_std": -0.20788090552006233,
        "nauc_mrr_at_10_diff1": 0.29184255510913487,
        "nauc_mrr_at_10_max": 0.08263526456947237,
        "nauc_mrr_at_10_std": -0.2147967292205968,
        "nauc_mrr_at_1_diff1": 0.31886674964632405,
        "nauc_mrr_at_1_max": 0.06353157401650184,
        "nauc_mrr_at_1_std": -0.1893869758811187,
        "nauc_mrr_at_20_diff1": 0.2920938747986917,
        "nauc_mrr_at_20_max": 0.08334425936402186,
        "nauc_mrr_at_20_std": -0.21070033160388482,
        "nauc_mrr_at_3_diff1": 0.2947740537597592,
        "nauc_mrr_at_3_max": 0.07787962922006685,
        "nauc_mrr_at_3_std": -0.21660769644952738,
        "nauc_mrr_at_5_diff1": 0.29154312596537696,
        "nauc_mrr_at_5_max": 0.07988855857475081,
        "nauc_mrr_at_5_std": -0.21508820007258203,
        "nauc_ndcg_at_1000_diff1": 0.28530050971004195,
        "nauc_ndcg_at_1000_max": 0.09551295784468182,
        "nauc_ndcg_at_1000_std": -0.19350389132429918,
        "nauc_ndcg_at_100_diff1": 0.2848793458532982,
        "nauc_ndcg_at_100_max": 0.09971234052783144,
        "nauc_ndcg_at_100_std": -0.18614580703107292,
        "nauc_ndcg_at_10_diff1": 0.2820403457018839,
        "nauc_ndcg_at_10_max": 0.09020058456046118,
        "nauc_ndcg_at_10_std": -0.22452824066394259,
        "nauc_ndcg_at_1_diff1": 0.32116041613953306,
        "nauc_ndcg_at_1_max": 0.06019363718160677,
        "nauc_ndcg_at_1_std": -0.19048924420682625,
        "nauc_ndcg_at_20_diff1": 0.2836227306358409,
        "nauc_ndcg_at_20_max": 0.09333792466019424,
        "nauc_ndcg_at_20_std": -0.20913041098495563,
        "nauc_ndcg_at_3_diff1": 0.28826268321588494,
        "nauc_ndcg_at_3_max": 0.08065724283023754,
        "nauc_ndcg_at_3_std": -0.22537799672882436,
        "nauc_ndcg_at_5_diff1": 0.2833376194382545,
        "nauc_ndcg_at_5_max": 0.08410386189395545,
        "nauc_ndcg_at_5_std": -0.22552388861108455,
        "nauc_precision_at_1000_diff1": -0.018183460582102393,
        "nauc_precision_at_1000_max": 0.14265616748517831,
        "nauc_precision_at_1000_std": 0.19913078151625146,
        "nauc_precision_at_100_diff1": 0.13232983659560246,
        "nauc_precision_at_100_max": 0.19959423955122815,
        "nauc_precision_at_100_std": 0.12931267172571523,
        "nauc_precision_at_10_diff1": 0.2275290907774621,
        "nauc_precision_at_10_max": 0.1153829353788585,
        "nauc_precision_at_10_std": -0.2298471720540874,
        "nauc_precision_at_1_diff1": 0.32116041613953306,
        "nauc_precision_at_1_max": 0.06019363718160677,
        "nauc_precision_at_1_std": -0.19048924420682625,
        "nauc_precision_at_20_diff1": 0.21547912950543813,
        "nauc_precision_at_20_max": 0.13092395993793415,
        "nauc_precision_at_20_std": -0.1506129380033729,
        "nauc_precision_at_3_diff1": 0.26363342368563514,
        "nauc_precision_at_3_max": 0.08692774248062543,
        "nauc_precision_at_3_std": -0.24700860013386214,
        "nauc_precision_at_5_diff1": 0.2458039670255636,
        "nauc_precision_at_5_max": 0.09448458212885243,
        "nauc_precision_at_5_std": -0.24351800403693302,
        "nauc_recall_at_1000_diff1": 0.09606441951501693,
        "nauc_recall_at_1000_max": 0.45747422089276846,
        "nauc_recall_at_1000_std": 0.5211631176216229,
        "nauc_recall_at_100_diff1": 0.23113581293873162,
        "nauc_recall_at_100_max": 0.25904650392569967,
        "nauc_recall_at_100_std": 0.12083133452989318,
        "nauc_recall_at_10_diff1": 0.24726435662989935,
        "nauc_recall_at_10_max": 0.11863872160478256,
        "nauc_recall_at_10_std": -0.24445952129448162,
        "nauc_recall_at_1_diff1": 0.32281968145808215,
        "nauc_recall_at_1_max": 0.060843299861105246,
        "nauc_recall_at_1_std": -0.1899562240153666,
        "nauc_recall_at_20_diff1": 0.24632347843492147,
        "nauc_recall_at_20_max": 0.13750627015169725,
        "nauc_recall_at_20_std": -0.17794227040608585,
        "nauc_recall_at_3_diff1": 0.26910089198054654,
        "nauc_recall_at_3_max": 0.0928992724604421,
        "nauc_recall_at_3_std": -0.2451880073936444,
        "nauc_recall_at_5_diff1": 0.2564449779154743,
        "nauc_recall_at_5_max": 0.09943764350020548,
        "nauc_recall_at_5_std": -0.24629724027167219,
        "ndcg_at_1": 0.20989,
        "ndcg_at_10": 0.39738,
        "ndcg_at_100": 0.45469,
        "ndcg_at_1000": 0.46728,
        "ndcg_at_20": 0.42245,
        "ndcg_at_3": 0.31809,
        "ndcg_at_5": 0.35825,
        "precision_at_1": 0.20989,
        "precision_at_10": 0.06378,
        "precision_at_100": 0.00925,
        "precision_at_1000": 0.00103,
        "precision_at_20": 0.03711,
        "precision_at_3": 0.13682,
        "precision_at_5": 0.10232,
        "recall_at_1": 0.20431,
        "recall_at_10": 0.61138,
        "recall_at_100": 0.87689,
        "recall_at_1000": 0.97327,
        "recall_at_20": 0.70863,
        "recall_at_3": 0.39657,
        "recall_at_5": 0.49272
      }
    ]
  },
  "task_name": "MSMARCO"
}