{
  "dataset_revision": "ec0fa4fe99da2ff19ca1214b7966684033a58814",
  "evaluation_time": 28.401946306228638,
  "kg_co2_emissions": null,
  "mteb_version": "1.14.19",
  "scores": {
    "test": [
      {
        "hf_subset": "default",
        "languages": [
          "eng-Latn"
        ],
        "main_score": 0.36399,
        "map_at_1": 0.061,
        "map_at_10": 0.13947,
        "map_at_100": 0.17432,
        "map_at_1000": 0.18948,
        "map_at_20": 0.15442,
        "map_at_3": 0.10254,
        "map_at_5": 0.11931,
        "mrr_at_1": 0.47678018575851394,
        "mrr_at_10": 0.5613592805543269,
        "mrr_at_100": 0.5668279852898248,
        "mrr_at_1000": 0.5672581534623848,
        "mrr_at_20": 0.5640176441341506,
        "mrr_at_3": 0.5464396284829721,
        "mrr_at_5": 0.556656346749226,
        "nauc_map_at_1000_diff1": 0.18782482019069988,
        "nauc_map_at_1000_max": 0.36126762785698024,
        "nauc_map_at_1000_std": 0.17918453595191144,
        "nauc_map_at_100_diff1": 0.19778740207099446,
        "nauc_map_at_100_max": 0.34481161939333493,
        "nauc_map_at_100_std": 0.13405091091441412,
        "nauc_map_at_10_diff1": 0.22746471776949356,
        "nauc_map_at_10_max": 0.28142638923331253,
        "nauc_map_at_10_std": 0.00983016930176712,
        "nauc_map_at_1_diff1": 0.3898029842490684,
        "nauc_map_at_1_max": 0.18072876291164722,
        "nauc_map_at_1_std": -0.10080339679912947,
        "nauc_map_at_20_diff1": 0.2173153904584835,
        "nauc_map_at_20_max": 0.3142230688714036,
        "nauc_map_at_20_std": 0.059741563216179745,
        "nauc_map_at_3_diff1": 0.29979764365505124,
        "nauc_map_at_3_max": 0.21614129802163878,
        "nauc_map_at_3_std": -0.08022112323713472,
        "nauc_map_at_5_diff1": 0.25919152435534243,
        "nauc_map_at_5_max": 0.24067465251206022,
        "nauc_map_at_5_std": -0.04778032408457889,
        "nauc_mrr_at_1000_diff1": 0.2627472587685806,
        "nauc_mrr_at_1000_max": 0.6094041265677103,
        "nauc_mrr_at_1000_std": 0.3797007851460031,
        "nauc_mrr_at_100_diff1": 0.2627309412081688,
        "nauc_mrr_at_100_max": 0.6096848390806819,
        "nauc_mrr_at_100_std": 0.3799470441872907,
        "nauc_mrr_at_10_diff1": 0.26255351601139937,
        "nauc_mrr_at_10_max": 0.6098712317660189,
        "nauc_mrr_at_10_std": 0.3806099564677112,
        "nauc_mrr_at_1_diff1": 0.3025676113028757,
        "nauc_mrr_at_1_max": 0.5686431740207782,
        "nauc_mrr_at_1_std": 0.29653316688468406,
        "nauc_mrr_at_20_diff1": 0.2623464459832144,
        "nauc_mrr_at_20_max": 0.6108496855928559,
        "nauc_mrr_at_20_std": 0.3818113797385097,
        "nauc_mrr_at_3_diff1": 0.2652423334890534,
        "nauc_mrr_at_3_max": 0.597838056804399,
        "nauc_mrr_at_3_std": 0.36924417507953844,
        "nauc_mrr_at_5_diff1": 0.2661343777031691,
        "nauc_mrr_at_5_max": 0.606380033919946,
        "nauc_mrr_at_5_std": 0.3746182033480484,
        "nauc_ndcg_at_1000_diff1": 0.15703824261123187,
        "nauc_ndcg_at_1000_max": 0.5269204036147674,
        "nauc_ndcg_at_1000_std": 0.3810437103965046,
        "nauc_ndcg_at_100_diff1": 0.15417898215769835,
        "nauc_ndcg_at_100_max": 0.4699152324711216,
        "nauc_ndcg_at_100_std": 0.3318151186887345,
        "nauc_ndcg_at_10_diff1": 0.16891601731007666,
        "nauc_ndcg_at_10_max": 0.5062042475397212,
        "nauc_ndcg_at_10_std": 0.37056492817774506,
        "nauc_ndcg_at_1_diff1": 0.3012298860388518,
        "nauc_ndcg_at_1_max": 0.5611912775232524,
        "nauc_ndcg_at_1_std": 0.3289574898176775,
        "nauc_ndcg_at_20_diff1": 0.16923763571132042,
        "nauc_ndcg_at_20_max": 0.4814282541764487,
        "nauc_ndcg_at_20_std": 0.35906645938444454,
        "nauc_ndcg_at_3_diff1": 0.21759894828830123,
        "nauc_ndcg_at_3_max": 0.5307359375081295,
        "nauc_ndcg_at_3_std": 0.3361997647667131,
        "nauc_ndcg_at_5_diff1": 0.18264219558444003,
        "nauc_ndcg_at_5_max": 0.5190577325059226,
        "nauc_ndcg_at_5_std": 0.3601456264535849,
        "nauc_precision_at_1000_diff1": -0.07111523963846551,
        "nauc_precision_at_1000_max": 0.17066272062159357,
        "nauc_precision_at_1000_std": 0.49244396445242977,
        "nauc_precision_at_100_diff1": -0.07513545440463028,
        "nauc_precision_at_100_max": 0.2991408889071217,
        "nauc_precision_at_100_std": 0.5794683729464158,
        "nauc_precision_at_10_diff1": 0.01627380857656818,
        "nauc_precision_at_10_max": 0.48759142841627634,
        "nauc_precision_at_10_std": 0.5079238514177737,
        "nauc_precision_at_1_diff1": 0.3109918056121994,
        "nauc_precision_at_1_max": 0.569953886264976,
        "nauc_precision_at_1_std": 0.32262219914919327,
        "nauc_precision_at_20_diff1": 0.0011069346138501913,
        "nauc_precision_at_20_max": 0.4214239456552915,
        "nauc_precision_at_20_std": 0.526981748610035,
        "nauc_precision_at_3_diff1": 0.13209955108472252,
        "nauc_precision_at_3_max": 0.5244452369325585,
        "nauc_precision_at_3_std": 0.38088302620981557,
        "nauc_precision_at_5_diff1": 0.05086264413364755,
        "nauc_precision_at_5_max": 0.499005724217489,
        "nauc_precision_at_5_std": 0.4397663680116691,
        "nauc_recall_at_1000_diff1": -0.005051848655038839,
        "nauc_recall_at_1000_max": 0.24261431934841693,
        "nauc_recall_at_1000_std": 0.2138826904524639,
        "nauc_recall_at_100_diff1": 0.07552795280613604,
        "nauc_recall_at_100_max": 0.24799202672170384,
        "nauc_recall_at_100_std": 0.13964281543719134,
        "nauc_recall_at_10_diff1": 0.1528811659840219,
        "nauc_recall_at_10_max": 0.23399168483570382,
        "nauc_recall_at_10_std": -0.0016912648952797857,
        "nauc_recall_at_1_diff1": 0.3898029842490684,
        "nauc_recall_at_1_max": 0.18072876291164722,
        "nauc_recall_at_1_std": -0.10080339679912947,
        "nauc_recall_at_20_diff1": 0.13850938426804937,
        "nauc_recall_at_20_max": 0.26789400361489585,
        "nauc_recall_at_20_std": 0.05939451612939616,
        "nauc_recall_at_3_diff1": 0.25831287812020537,
        "nauc_recall_at_3_max": 0.20159247985300896,
        "nauc_recall_at_3_std": -0.07682242889963824,
        "nauc_recall_at_5_diff1": 0.19325216374600737,
        "nauc_recall_at_5_max": 0.2024588924141619,
        "nauc_recall_at_5_std": -0.05904611150825432,
        "ndcg_at_1": 0.45511,
        "ndcg_at_10": 0.36399,
        "ndcg_at_100": 0.33017,
        "ndcg_at_1000": 0.41941,
        "ndcg_at_20": 0.34045,
        "ndcg_at_3": 0.41709,
        "ndcg_at_5": 0.39719,
        "precision_at_1": 0.47368,
        "precision_at_10": 0.2678,
        "precision_at_100": 0.08285,
        "precision_at_1000": 0.02114,
        "precision_at_20": 0.20093,
        "precision_at_3": 0.39216,
        "precision_at_5": 0.34303,
        "recall_at_1": 0.061,
        "recall_at_10": 0.17803,
        "recall_at_100": 0.3282,
        "recall_at_1000": 0.64806,
        "recall_at_20": 0.21294,
        "recall_at_3": 0.11378,
        "recall_at_5": 0.14152
      }
    ]
  },
  "task_name": "NFCorpus"
}