{
  "dataset_revision": "b774495ed302d8c44a3a7ea25c90dbce03968f31",
  "evaluation_time": 4194.755100488663,
  "kg_co2_emissions": null,
  "mteb_version": "1.14.19",
  "scores": {
    "test": [
      {
        "hf_subset": "default",
        "languages": [
          "eng-Latn"
        ],
        "main_score": 0.58611,
        "map_at_1": 0.35574,
        "map_at_10": 0.51239,
        "map_at_100": 0.52144,
        "map_at_1000": 0.52169,
        "map_at_20": 0.51848,
        "map_at_3": 0.47271,
        "map_at_5": 0.49663,
        "mrr_at_1": 0.39918887601390496,
        "mrr_at_10": 0.536993392374331,
        "mrr_at_100": 0.5435453436645397,
        "mrr_at_1000": 0.5437290262509469,
        "mrr_at_20": 0.5415042047360235,
        "mrr_at_3": 0.5058420239474701,
        "mrr_at_5": 0.5246716879103901,
        "nauc_map_at_1000_diff1": 0.34464841551049374,
        "nauc_map_at_1000_max": 0.3288653308655937,
        "nauc_map_at_1000_std": -0.001677741724881326,
        "nauc_map_at_100_diff1": 0.3446246253304963,
        "nauc_map_at_100_max": 0.32905529688297097,
        "nauc_map_at_100_std": -0.0014017849663565932,
        "nauc_map_at_10_diff1": 0.3438841521714685,
        "nauc_map_at_10_max": 0.33128184408518824,
        "nauc_map_at_10_std": -0.003157475558632516,
        "nauc_map_at_1_diff1": 0.37580133550460293,
        "nauc_map_at_1_max": 0.24757583576278455,
        "nauc_map_at_1_std": -0.045509677656925686,
        "nauc_map_at_20_diff1": 0.3446961408721462,
        "nauc_map_at_20_max": 0.33030503884600854,
        "nauc_map_at_20_std": -0.001688927799901458,
        "nauc_map_at_3_diff1": 0.34254237740530613,
        "nauc_map_at_3_max": 0.31474825237894105,
        "nauc_map_at_3_std": -0.01908453248952254,
        "nauc_map_at_5_diff1": 0.3423965015824657,
        "nauc_map_at_5_max": 0.32477782571330227,
        "nauc_map_at_5_std": -0.011223203213373093,
        "nauc_mrr_at_1000_diff1": 0.3390774555034731,
        "nauc_mrr_at_1000_max": 0.3254231274321395,
        "nauc_mrr_at_1000_std": 0.005553079453160944,
        "nauc_mrr_at_100_diff1": 0.3390478521458199,
        "nauc_mrr_at_100_max": 0.32557619228958357,
        "nauc_mrr_at_100_std": 0.0057918873477107126,
        "nauc_mrr_at_10_diff1": 0.33816972927706,
        "nauc_mrr_at_10_max": 0.3274724184099778,
        "nauc_mrr_at_10_std": 0.005561476703790746,
        "nauc_mrr_at_1_diff1": 0.3700267087088664,
        "nauc_mrr_at_1_max": 0.2631358130104059,
        "nauc_mrr_at_1_std": -0.03578350745601942,
        "nauc_mrr_at_20_diff1": 0.3388084669647753,
        "nauc_mrr_at_20_max": 0.3268783073566534,
        "nauc_mrr_at_20_std": 0.006388019882085371,
        "nauc_mrr_at_3_diff1": 0.3354253412166306,
        "nauc_mrr_at_3_max": 0.3205582048712649,
        "nauc_mrr_at_3_std": -0.004345920855093202,
        "nauc_mrr_at_5_diff1": 0.3357994796326645,
        "nauc_mrr_at_5_max": 0.32365263959816976,
        "nauc_mrr_at_5_std": 0.00025513283779486884,
        "nauc_ndcg_at_1000_diff1": 0.33954067430074264,
        "nauc_ndcg_at_1000_max": 0.3491662933471487,
        "nauc_ndcg_at_1000_std": 0.025349789771300084,
        "nauc_ndcg_at_100_diff1": 0.3385662372715326,
        "nauc_ndcg_at_100_max": 0.3546402013988272,
        "nauc_ndcg_at_100_std": 0.033846273551473634,
        "nauc_ndcg_at_10_diff1": 0.3345123617706023,
        "nauc_ndcg_at_10_max": 0.36511852559051633,
        "nauc_ndcg_at_10_std": 0.027758148100271024,
        "nauc_ndcg_at_1_diff1": 0.3691770374780331,
        "nauc_ndcg_at_1_max": 0.26206113197172287,
        "nauc_ndcg_at_1_std": -0.03474884463019758,
        "nauc_ndcg_at_20_diff1": 0.33801050145523137,
        "nauc_ndcg_at_20_max": 0.36341213842578013,
        "nauc_ndcg_at_20_std": 0.034355370166945835,
        "nauc_ndcg_at_3_diff1": 0.3310640607692106,
        "nauc_ndcg_at_3_max": 0.33510576072130527,
        "nauc_ndcg_at_3_std": -0.004007167433191718,
        "nauc_ndcg_at_5_diff1": 0.3304828928556228,
        "nauc_ndcg_at_5_max": 0.3497897277432962,
        "nauc_ndcg_at_5_std": 0.009063476647824748,
        "nauc_precision_at_1000_diff1": -0.06905590949823615,
        "nauc_precision_at_1000_max": 0.05254602316422546,
        "nauc_precision_at_1000_std": 0.12990534589928285,
        "nauc_precision_at_100_diff1": -0.017908053587681508,
        "nauc_precision_at_100_max": 0.13976661961573164,
        "nauc_precision_at_100_std": 0.18448860834369626,
        "nauc_precision_at_10_diff1": 0.1094472649829568,
        "nauc_precision_at_10_max": 0.31579301610786975,
        "nauc_precision_at_10_std": 0.14815133191308888,
        "nauc_precision_at_1_diff1": 0.3691770374780331,
        "nauc_precision_at_1_max": 0.26206113197172287,
        "nauc_precision_at_1_std": -0.03474884463019758,
        "nauc_precision_at_20_diff1": 0.06998479013078832,
        "nauc_precision_at_20_max": 0.26223869045539994,
        "nauc_precision_at_20_std": 0.1791031574271444,
        "nauc_precision_at_3_diff1": 0.21949333084435957,
        "nauc_precision_at_3_max": 0.3493971581845733,
        "nauc_precision_at_3_std": 0.051067621127047824,
        "nauc_precision_at_5_diff1": 0.1680616780577636,
        "nauc_precision_at_5_max": 0.3365149325374741,
        "nauc_precision_at_5_std": 0.08481568400277217,
        "nauc_recall_at_1000_diff1": 0.35982414642095606,
        "nauc_recall_at_1000_max": 0.8280014024795126,
        "nauc_recall_at_1000_std": 0.7464217762780877,
        "nauc_recall_at_100_diff1": 0.3034885517844645,
        "nauc_recall_at_100_max": 0.6474643664012735,
        "nauc_recall_at_100_std": 0.492711376867476,
        "nauc_recall_at_10_diff1": 0.291916795215441,
        "nauc_recall_at_10_max": 0.5098739209350003,
        "nauc_recall_at_10_std": 0.15419546946916374,
        "nauc_recall_at_1_diff1": 0.37580133550460293,
        "nauc_recall_at_1_max": 0.24757583576278455,
        "nauc_recall_at_1_std": -0.045509677656925686,
        "nauc_recall_at_20_diff1": 0.3051170548156054,
        "nauc_recall_at_20_max": 0.5612753762446508,
        "nauc_recall_at_20_std": 0.2523006668164391,
        "nauc_recall_at_3_diff1": 0.2916929305731931,
        "nauc_recall_at_3_max": 0.3780782068843242,
        "nauc_recall_at_3_std": 0.027242185623847042,
        "nauc_recall_at_5_diff1": 0.28443112175301,
        "nauc_recall_at_5_max": 0.4218695760565489,
        "nauc_recall_at_5_std": 0.06540232625309082,
        "ndcg_at_1": 0.39948,
        "ndcg_at_10": 0.58611,
        "ndcg_at_100": 0.62263,
        "ndcg_at_1000": 0.62855,
        "ndcg_at_20": 0.6054,
        "ndcg_at_3": 0.51357,
        "ndcg_at_5": 0.55197,
        "precision_at_1": 0.39948,
        "precision_at_10": 0.09351,
        "precision_at_100": 0.0114,
        "precision_at_1000": 0.0012,
        "precision_at_20": 0.05132,
        "precision_at_3": 0.23165,
        "precision_at_5": 0.16141,
        "recall_at_1": 0.35574,
        "recall_at_10": 0.78406,
        "recall_at_100": 0.93936,
        "recall_at_1000": 0.98354,
        "recall_at_20": 0.85523,
        "recall_at_3": 0.59799,
        "recall_at_5": 0.68545
      }
    ]
  },
  "task_name": "NQ"
}