{
  "dataset_revision": "e4e08e0b7dbe3c8700f0daef558ff32256715259",
  "evaluation_time": 884.1252202987671,
  "kg_co2_emissions": null,
  "mteb_version": "1.14.19",
  "scores": {
    "test": [
      {
        "hf_subset": "default",
        "languages": [
          "eng-Latn"
        ],
        "main_score": 0.89005,
        "map_at_1": 0.71762,
        "map_at_10": 0.85386,
        "map_at_100": 0.86003,
        "map_at_1000": 0.86021,
        "map_at_20": 0.85795,
        "map_at_3": 0.82495,
        "map_at_5": 0.84345,
        "mrr_at_1": 0.826,
        "mrr_at_10": 0.8845738888888889,
        "mrr_at_100": 0.8855464025553851,
        "mrr_at_1000": 0.8855543949942967,
        "mrr_at_20": 0.8853386466019362,
        "mrr_at_3": 0.8759,
        "mrr_at_5": 0.8820450000000001,
        "nauc_map_at_1000_diff1": 0.7550507952807085,
        "nauc_map_at_1000_max": 0.375439083702719,
        "nauc_map_at_1000_std": -0.5369274269545291,
        "nauc_map_at_100_diff1": 0.7550598743212844,
        "nauc_map_at_100_max": 0.3752886915849401,
        "nauc_map_at_100_std": -0.5376094064249376,
        "nauc_map_at_10_diff1": 0.7566120463081379,
        "nauc_map_at_10_max": 0.3719770150513005,
        "nauc_map_at_10_std": -0.554291243465073,
        "nauc_map_at_1_diff1": 0.7935698776563304,
        "nauc_map_at_1_max": 0.28515473291873944,
        "nauc_map_at_1_std": -0.4714266579347226,
        "nauc_map_at_20_diff1": 0.755557772434614,
        "nauc_map_at_20_max": 0.3746761048185502,
        "nauc_map_at_20_std": -0.5449367911812222,
        "nauc_map_at_3_diff1": 0.7596147993776947,
        "nauc_map_at_3_max": 0.3435897677549394,
        "nauc_map_at_3_std": -0.5688409190697746,
        "nauc_map_at_5_diff1": 0.7577487169589978,
        "nauc_map_at_5_max": 0.36078084358713614,
        "nauc_map_at_5_std": -0.5683627696743637,
        "nauc_mrr_at_1000_diff1": 0.7653183210962953,
        "nauc_mrr_at_1000_max": 0.39569326210810885,
        "nauc_mrr_at_1000_std": -0.5071155147366606,
        "nauc_mrr_at_100_diff1": 0.7653279712684841,
        "nauc_mrr_at_100_max": 0.39568760367275563,
        "nauc_mrr_at_100_std": -0.5071356824857989,
        "nauc_mrr_at_10_diff1": 0.7650575185920535,
        "nauc_mrr_at_10_max": 0.39634836636489096,
        "nauc_mrr_at_10_std": -0.5080467113176397,
        "nauc_mrr_at_1_diff1": 0.7750835255747357,
        "nauc_mrr_at_1_max": 0.3946608975305977,
        "nauc_mrr_at_1_std": -0.4781287998454493,
        "nauc_mrr_at_20_diff1": 0.7653715613622097,
        "nauc_mrr_at_20_max": 0.39600857545289875,
        "nauc_mrr_at_20_std": -0.507288476839846,
        "nauc_mrr_at_3_diff1": 0.7620940266961882,
        "nauc_mrr_at_3_max": 0.3924882037342503,
        "nauc_mrr_at_3_std": -0.5142593176864012,
        "nauc_mrr_at_5_diff1": 0.7645112869420911,
        "nauc_mrr_at_5_max": 0.39666681675632853,
        "nauc_mrr_at_5_std": -0.5115470333058606,
        "nauc_ndcg_at_1000_diff1": 0.7550878233687671,
        "nauc_ndcg_at_1000_max": 0.38769034214409503,
        "nauc_ndcg_at_1000_std": -0.5193130292301064,
        "nauc_ndcg_at_100_diff1": 0.7551364496534347,
        "nauc_ndcg_at_100_max": 0.38694989067611213,
        "nauc_ndcg_at_100_std": -0.5223059833175889,
        "nauc_ndcg_at_10_diff1": 0.753800675207814,
        "nauc_ndcg_at_10_max": 0.38262143715109875,
        "nauc_ndcg_at_10_std": -0.5505468930243963,
        "nauc_ndcg_at_1_diff1": 0.7742877299830988,
        "nauc_ndcg_at_1_max": 0.39757097076897197,
        "nauc_ndcg_at_1_std": -0.4776724503136292,
        "nauc_ndcg_at_20_diff1": 0.7549791469363666,
        "nauc_ndcg_at_20_max": 0.38556499244572984,
        "nauc_ndcg_at_20_std": -0.5402502317623753,
        "nauc_ndcg_at_3_diff1": 0.7456652071096389,
        "nauc_ndcg_at_3_max": 0.3645304084013136,
        "nauc_ndcg_at_3_std": -0.553266104870766,
        "nauc_ndcg_at_5_diff1": 0.750835156070226,
        "nauc_ndcg_at_5_max": 0.37456815339186433,
        "nauc_ndcg_at_5_std": -0.5601668030191975,
        "nauc_precision_at_1000_diff1": -0.4310802633722488,
        "nauc_precision_at_1000_max": -0.07852473392363535,
        "nauc_precision_at_1000_std": 0.42194272272253147,
        "nauc_precision_at_100_diff1": -0.4292475053811285,
        "nauc_precision_at_100_max": -0.07413650008834272,
        "nauc_precision_at_100_std": 0.40285506679158695,
        "nauc_precision_at_10_diff1": -0.3835407874960668,
        "nauc_precision_at_10_max": -0.018872292772798387,
        "nauc_precision_at_10_std": 0.2752003687350919,
        "nauc_precision_at_1_diff1": 0.7742877299830988,
        "nauc_precision_at_1_max": 0.39757097076897197,
        "nauc_precision_at_1_std": -0.4776724503136292,
        "nauc_precision_at_20_diff1": -0.4139000884222467,
        "nauc_precision_at_20_max": -0.0465085029946779,
        "nauc_precision_at_20_std": 0.3368245291098273,
        "nauc_precision_at_3_diff1": -0.2003727251125832,
        "nauc_precision_at_3_max": 0.06926145883199601,
        "nauc_precision_at_3_std": 0.038358625886236,
        "nauc_precision_at_5_diff1": -0.3180483183132439,
        "nauc_precision_at_5_max": 0.019418709858196315,
        "nauc_precision_at_5_std": 0.16582600408174877,
        "nauc_recall_at_1000_diff1": 0.5931116735411527,
        "nauc_recall_at_1000_max": 0.20894700269991243,
        "nauc_recall_at_1000_std": -0.310506468573299,
        "nauc_recall_at_100_diff1": 0.7218186640461052,
        "nauc_recall_at_100_max": 0.34926849576386415,
        "nauc_recall_at_100_std": -0.5657649038004992,
        "nauc_recall_at_10_diff1": 0.7074219008553166,
        "nauc_recall_at_10_max": 0.36113297432250385,
        "nauc_recall_at_10_std": -0.7182724188106975,
        "nauc_recall_at_1_diff1": 0.7935698776563304,
        "nauc_recall_at_1_max": 0.28515473291873944,
        "nauc_recall_at_1_std": -0.4714266579347226,
        "nauc_recall_at_20_diff1": 0.7133063447250106,
        "nauc_recall_at_20_max": 0.3763509258024321,
        "nauc_recall_at_20_std": -0.7268626108027615,
        "nauc_recall_at_3_diff1": 0.7145333793075633,
        "nauc_recall_at_3_max": 0.3000857262869976,
        "nauc_recall_at_3_std": -0.6442213682996273,
        "nauc_recall_at_5_diff1": 0.7041367205872825,
        "nauc_recall_at_5_max": 0.3271805331323734,
        "nauc_recall_at_5_std": -0.6893735457826278,
        "ndcg_at_1": 0.8264,
        "ndcg_at_10": 0.89005,
        "ndcg_at_100": 0.90173,
        "ndcg_at_1000": 0.90276,
        "ndcg_at_20": 0.89649,
        "ndcg_at_3": 0.86324,
        "ndcg_at_5": 0.87855,
        "precision_at_1": 0.8264,
        "precision_at_10": 0.13419,
        "precision_at_100": 0.01525,
        "precision_at_1000": 0.00157,
        "precision_at_20": 0.07107,
        "precision_at_3": 0.3759,
        "precision_at_5": 0.24698,
        "recall_at_1": 0.71762,
        "recall_at_10": 0.95611,
        "recall_at_100": 0.99557,
        "recall_at_1000": 0.9998,
        "recall_at_20": 0.97689,
        "recall_at_3": 0.8784,
        "recall_at_5": 0.92216
      }
    ]
  },
  "task_name": "QuoraRetrieval"
}