{
  "dataset_revision": "f8c2fcf00f625baaa80f62ec5bd9e1fff3b8ae88",
  "evaluation_time": 99.31718564033508,
  "kg_co2_emissions": null,
  "mteb_version": "1.14.19",
  "scores": {
    "test": [
      {
        "hf_subset": "default",
        "languages": [
          "eng-Latn"
        ],
        "main_score": 0.20637,
        "map_at_1": 0.04813,
        "map_at_10": 0.1247,
        "map_at_100": 0.14526,
        "map_at_1000": 0.14787,
        "map_at_20": 0.13577,
        "map_at_3": 0.08955,
        "map_at_5": 0.10677,
        "mrr_at_1": 0.237,
        "mrr_at_10": 0.3460912698412698,
        "mrr_at_100": 0.35641812331547024,
        "mrr_at_1000": 0.35688047048861765,
        "mrr_at_20": 0.3520839317072676,
        "mrr_at_3": 0.311,
        "mrr_at_5": 0.3316,
        "nauc_map_at_1000_diff1": 0.2006767412235127,
        "nauc_map_at_1000_max": 0.3422447732304547,
        "nauc_map_at_1000_std": 0.1370094774410416,
        "nauc_map_at_100_diff1": 0.2021064671671951,
        "nauc_map_at_100_max": 0.34238990379809586,
        "nauc_map_at_100_std": 0.13442387163384195,
        "nauc_map_at_10_diff1": 0.18907351654286655,
        "nauc_map_at_10_max": 0.32257545147296324,
        "nauc_map_at_10_std": 0.1008676665113471,
        "nauc_map_at_1_diff1": 0.26513151358417925,
        "nauc_map_at_1_max": 0.24271938850290242,
        "nauc_map_at_1_std": 0.04097042358401194,
        "nauc_map_at_20_diff1": 0.19627589138374518,
        "nauc_map_at_20_max": 0.33257631976932045,
        "nauc_map_at_20_std": 0.11607182689075404,
        "nauc_map_at_3_diff1": 0.19680488237756916,
        "nauc_map_at_3_max": 0.27626358637973303,
        "nauc_map_at_3_std": 0.055495937840629714,
        "nauc_map_at_5_diff1": 0.19301320713775666,
        "nauc_map_at_5_max": 0.30393240462843796,
        "nauc_map_at_5_std": 0.07101662153852363,
        "nauc_mrr_at_1000_diff1": 0.2435618141092553,
        "nauc_mrr_at_1000_max": 0.2975461331196267,
        "nauc_mrr_at_1000_std": 0.11014589184431241,
        "nauc_mrr_at_100_diff1": 0.24352942100247976,
        "nauc_mrr_at_100_max": 0.29769564391227854,
        "nauc_mrr_at_100_std": 0.11035239718653261,
        "nauc_mrr_at_10_diff1": 0.24345850708604963,
        "nauc_mrr_at_10_max": 0.2971038038599423,
        "nauc_mrr_at_10_std": 0.1061412525333198,
        "nauc_mrr_at_1_diff1": 0.26477014843560603,
        "nauc_mrr_at_1_max": 0.24406566284019962,
        "nauc_mrr_at_1_std": 0.040579225641095236,
        "nauc_mrr_at_20_diff1": 0.24282875422431477,
        "nauc_mrr_at_20_max": 0.2976217517235758,
        "nauc_mrr_at_20_std": 0.11032769648251146,
        "nauc_mrr_at_3_diff1": 0.24357048162041514,
        "nauc_mrr_at_3_max": 0.29348001474998286,
        "nauc_mrr_at_3_std": 0.09606484226307149,
        "nauc_mrr_at_5_diff1": 0.24137397941092012,
        "nauc_mrr_at_5_max": 0.2970157163783791,
        "nauc_mrr_at_5_std": 0.11092114653826234,
        "nauc_ndcg_at_1000_diff1": 0.20923639929149712,
        "nauc_ndcg_at_1000_max": 0.3637327695182607,
        "nauc_ndcg_at_1000_std": 0.21951471206352452,
        "nauc_ndcg_at_100_diff1": 0.2211407800255203,
        "nauc_ndcg_at_100_max": 0.371787280945757,
        "nauc_ndcg_at_100_std": 0.20813003254538362,
        "nauc_ndcg_at_10_diff1": 0.2020337066118607,
        "nauc_ndcg_at_10_max": 0.33488080420355626,
        "nauc_ndcg_at_10_std": 0.13053184743343432,
        "nauc_ndcg_at_1_diff1": 0.26477014843560603,
        "nauc_ndcg_at_1_max": 0.24406566284019962,
        "nauc_ndcg_at_1_std": 0.040579225641095236,
        "nauc_ndcg_at_20_diff1": 0.20886410284974033,
        "nauc_ndcg_at_20_max": 0.3478824205254874,
        "nauc_ndcg_at_20_std": 0.1563559871257709,
        "nauc_ndcg_at_3_diff1": 0.20687787745008773,
        "nauc_ndcg_at_3_max": 0.2927640712989446,
        "nauc_ndcg_at_3_std": 0.08171655544534275,
        "nauc_ndcg_at_5_diff1": 0.20397316604277504,
        "nauc_ndcg_at_5_max": 0.3196728432067328,
        "nauc_ndcg_at_5_std": 0.10900953760327318,
        "nauc_precision_at_1000_diff1": 0.10620926334105596,
        "nauc_precision_at_1000_max": 0.2922359864073112,
        "nauc_precision_at_1000_std": 0.3474194276436849,
        "nauc_precision_at_100_diff1": 0.18185727490253362,
        "nauc_precision_at_100_max": 0.3660656588889725,
        "nauc_precision_at_100_std": 0.31398874848624975,
        "nauc_precision_at_10_diff1": 0.1656438705633099,
        "nauc_precision_at_10_max": 0.3447540329939776,
        "nauc_precision_at_10_std": 0.1645647024749453,
        "nauc_precision_at_1_diff1": 0.26477014843560603,
        "nauc_precision_at_1_max": 0.24406566284019962,
        "nauc_precision_at_1_std": 0.040579225641095236,
        "nauc_precision_at_20_diff1": 0.17274718920984095,
        "nauc_precision_at_20_max": 0.3505403266520215,
        "nauc_precision_at_20_std": 0.20479198788358446,
        "nauc_precision_at_3_diff1": 0.18474415247519257,
        "nauc_precision_at_3_max": 0.3082932599623069,
        "nauc_precision_at_3_std": 0.0978525402764368,
        "nauc_precision_at_5_diff1": 0.1727563141420427,
        "nauc_precision_at_5_max": 0.3359035586209633,
        "nauc_precision_at_5_std": 0.1364439564905986,
        "nauc_recall_at_1000_diff1": 0.10070022690123538,
        "nauc_recall_at_1000_max": 0.2914221749689276,
        "nauc_recall_at_1000_std": 0.35614304747912334,
        "nauc_recall_at_100_diff1": 0.17663178992658102,
        "nauc_recall_at_100_max": 0.3630538636712899,
        "nauc_recall_at_100_std": 0.3162579572840826,
        "nauc_recall_at_10_diff1": 0.16329876176661876,
        "nauc_recall_at_10_max": 0.34100013178979693,
        "nauc_recall_at_10_std": 0.16362617895343415,
        "nauc_recall_at_1_diff1": 0.26513151358417925,
        "nauc_recall_at_1_max": 0.24271938850290242,
        "nauc_recall_at_1_std": 0.04097042358401194,
        "nauc_recall_at_20_diff1": 0.17038355520131102,
        "nauc_recall_at_20_max": 0.3478237423363123,
        "nauc_recall_at_20_std": 0.20653062134094607,
        "nauc_recall_at_3_diff1": 0.18365212677132653,
        "nauc_recall_at_3_max": 0.3056532666565043,
        "nauc_recall_at_3_std": 0.0976549987471604,
        "nauc_recall_at_5_diff1": 0.17138701651544136,
        "nauc_recall_at_5_max": 0.3339699558632708,
        "nauc_recall_at_5_std": 0.13624474003575845,
        "ndcg_at_1": 0.237,
        "ndcg_at_10": 0.20637,
        "ndcg_at_100": 0.28439,
        "ndcg_at_1000": 0.33165,
        "ndcg_at_20": 0.23571,
        "ndcg_at_3": 0.19654,
        "ndcg_at_5": 0.1719,
        "precision_at_1": 0.237,
        "precision_at_10": 0.107,
        "precision_at_100": 0.02185,
        "precision_at_1000": 0.00333,
        "precision_at_20": 0.0704,
        "precision_at_3": 0.18467,
        "precision_at_5": 0.1516,
        "recall_at_1": 0.04813,
        "recall_at_10": 0.21678,
        "recall_at_100": 0.44382,
        "recall_at_1000": 0.67572,
        "recall_at_20": 0.28558,
        "recall_at_3": 0.11248,
        "recall_at_5": 0.15358
      }
    ]
  },
  "task_name": "SCIDOCS"
}