{
  "dataset_revision": "d3c5e1fc0b855ab6097bf1cda04dd73947d7caab",
  "evaluation_time": 149.58168625831604,
  "kg_co2_emissions": null,
  "mteb_version": "1.14.19",
  "scores": {
    "test": [
      {
        "hf_subset": "default",
        "languages": [
          "eng-Latn"
        ],
        "main_score": 0.8109897265111059,
        "map": 0.8109897265111059,
        "mrr": 0.9481438586830743,
        "nAUC_map_diff1": 0.0590632051604749,
        "nAUC_map_max": 0.5752812096661302,
        "nAUC_map_std": 0.716873768002109,
        "nAUC_mrr_diff1": 0.5382310526708961,
        "nAUC_mrr_max": 0.8873452032844817,
        "nAUC_mrr_std": 0.85409290945778
      }
    ]
  },
  "task_name": "SciDocsRR"
}