{
  "dataset_revision": "0228b52cf27578f30900b9e5271d331663a030d7",
  "evaluation_time": 52.18768119812012,
  "kg_co2_emissions": null,
  "mteb_version": "1.14.19",
  "scores": {
    "test": [
      {
        "hf_subset": "default",
        "languages": [
          "eng-Latn"
        ],
        "main_score": 0.72125,
        "map_at_1": 0.594,
        "map_at_10": 0.68114,
        "map_at_100": 0.68791,
        "map_at_1000": 0.68814,
        "map_at_20": 0.6857,
        "map_at_3": 0.6561,
        "map_at_5": 0.67097,
        "mrr_at_1": 0.62,
        "mrr_at_10": 0.6894074074074074,
        "mrr_at_100": 0.6950472215793707,
        "mrr_at_1000": 0.6952458299799422,
        "mrr_at_20": 0.6930105218855218,
        "mrr_at_3": 0.6727777777777778,
        "mrr_at_5": 0.6812777777777778,
        "nauc_map_at_1000_diff1": 0.7402610605641123,
        "nauc_map_at_1000_max": 0.5959409783848193,
        "nauc_map_at_1000_std": 0.006076191285350478,
        "nauc_map_at_100_diff1": 0.7402303096275279,
        "nauc_map_at_100_max": 0.5962209751270222,
        "nauc_map_at_100_std": 0.006228328043561742,
        "nauc_map_at_10_diff1": 0.7401833617277384,
        "nauc_map_at_10_max": 0.596609549710581,
        "nauc_map_at_10_std": -0.000656602703965232,
        "nauc_map_at_1_diff1": 0.7812349302241641,
        "nauc_map_at_1_max": 0.5159664429066909,
        "nauc_map_at_1_std": -0.07272248536290221,
        "nauc_map_at_20_diff1": 0.7394667722399553,
        "nauc_map_at_20_max": 0.5976211286228056,
        "nauc_map_at_20_std": 0.009327036103098211,
        "nauc_map_at_3_diff1": 0.7520433159071401,
        "nauc_map_at_3_max": 0.5704636654777492,
        "nauc_map_at_3_std": -0.04042454426504789,
        "nauc_map_at_5_diff1": 0.7397165949949569,
        "nauc_map_at_5_max": 0.5896635446345123,
        "nauc_map_at_5_std": -0.013856041273515578,
        "nauc_mrr_at_1000_diff1": 0.7374964630937108,
        "nauc_mrr_at_1000_max": 0.6063564226334517,
        "nauc_mrr_at_1000_std": 0.02743501835158997,
        "nauc_mrr_at_100_diff1": 0.7374295677738185,
        "nauc_mrr_at_100_max": 0.6065501519522387,
        "nauc_mrr_at_100_std": 0.027592441672170114,
        "nauc_mrr_at_10_diff1": 0.7364106478586159,
        "nauc_mrr_at_10_max": 0.6091460184579243,
        "nauc_mrr_at_10_std": 0.024909547319395854,
        "nauc_mrr_at_1_diff1": 0.777056476838035,
        "nauc_mrr_at_1_max": 0.5591124921802085,
        "nauc_mrr_at_1_std": -0.017531715021178028,
        "nauc_mrr_at_20_diff1": 0.7364135633898711,
        "nauc_mrr_at_20_max": 0.6077581091534637,
        "nauc_mrr_at_20_std": 0.030226764512262336,
        "nauc_mrr_at_3_diff1": 0.7401999841600483,
        "nauc_mrr_at_3_max": 0.6033513902420171,
        "nauc_mrr_at_3_std": 0.016088047229774537,
        "nauc_mrr_at_5_diff1": 0.7342479683229913,
        "nauc_mrr_at_5_max": 0.6076103233588847,
        "nauc_mrr_at_5_std": 0.024163979420761886,
        "nauc_ndcg_at_1000_diff1": 0.7298320715703241,
        "nauc_ndcg_at_1000_max": 0.6136355938281706,
        "nauc_ndcg_at_1000_std": 0.036200270474797444,
        "nauc_ndcg_at_100_diff1": 0.7292663953385065,
        "nauc_ndcg_at_100_max": 0.619323211358952,
        "nauc_ndcg_at_100_std": 0.039599424143360484,
        "nauc_ndcg_at_10_diff1": 0.7245850333761734,
        "nauc_ndcg_at_10_max": 0.6265955047567519,
        "nauc_ndcg_at_10_std": 0.028825878315179732,
        "nauc_ndcg_at_1_diff1": 0.777056476838035,
        "nauc_ndcg_at_1_max": 0.5591124921802085,
        "nauc_ndcg_at_1_std": -0.017531715021178028,
        "nauc_ndcg_at_20_diff1": 0.7216722733190738,
        "nauc_ndcg_at_20_max": 0.6272415404693911,
        "nauc_ndcg_at_20_std": 0.05716942239819136,
        "nauc_ndcg_at_3_diff1": 0.7339741524697858,
        "nauc_ndcg_at_3_max": 0.5972959814961406,
        "nauc_ndcg_at_3_std": -0.013408747318814465,
        "nauc_ndcg_at_5_diff1": 0.7208314574120996,
        "nauc_ndcg_at_5_max": 0.6137614111694107,
        "nauc_ndcg_at_5_std": 0.008338384282354708,
        "nauc_precision_at_1000_diff1": -0.3193393025385604,
        "nauc_precision_at_1000_max": 0.1145020062063912,
        "nauc_precision_at_1000_std": 0.4737414266795797,
        "nauc_precision_at_100_diff1": -0.18832609516616347,
        "nauc_precision_at_100_max": 0.22375967711480338,
        "nauc_precision_at_100_std": 0.4471004059667675,
        "nauc_precision_at_10_diff1": 0.11221039389740416,
        "nauc_precision_at_10_max": 0.43222779745662115,
        "nauc_precision_at_10_std": 0.3459241148067399,
        "nauc_precision_at_1_diff1": 0.777056476838035,
        "nauc_precision_at_1_max": 0.5591124921802085,
        "nauc_precision_at_1_std": -0.017531715021178028,
        "nauc_precision_at_20_diff1": -0.011663030290927532,
        "nauc_precision_at_20_max": 0.3648141953457715,
        "nauc_precision_at_20_std": 0.4558717066667995,
        "nauc_precision_at_3_diff1": 0.43439226171593776,
        "nauc_precision_at_3_max": 0.5196704884766637,
        "nauc_precision_at_3_std": 0.13492650946388948,
        "nauc_precision_at_5_diff1": 0.23975073794686755,
        "nauc_precision_at_5_max": 0.47072249154225215,
        "nauc_precision_at_5_std": 0.24290919546943246,
        "nauc_recall_at_1000_diff1": 0.637410519763458,
        "nauc_recall_at_1000_max": 0.693432928727048,
        "nauc_recall_at_1000_std": 0.764239028944906,
        "nauc_recall_at_100_diff1": 0.686536230653877,
        "nauc_recall_at_100_max": 0.8235152646917351,
        "nauc_recall_at_100_std": 0.320841467900293,
        "nauc_recall_at_10_diff1": 0.6621131459845631,
        "nauc_recall_at_10_max": 0.7343935943632096,
        "nauc_recall_at_10_std": 0.10106008403946977,
        "nauc_recall_at_1_diff1": 0.7812349302241641,
        "nauc_recall_at_1_max": 0.5159664429066909,
        "nauc_recall_at_1_std": -0.07272248536290221,
        "nauc_recall_at_20_diff1": 0.6192349745112677,
        "nauc_recall_at_20_max": 0.7749944772083466,
        "nauc_recall_at_20_std": 0.31370435307836075,
        "nauc_recall_at_3_diff1": 0.6969368708752751,
        "nauc_recall_at_3_max": 0.618247245055458,
        "nauc_recall_at_3_std": -0.029385220472481304,
        "nauc_recall_at_5_diff1": 0.657830303847409,
        "nauc_recall_at_5_max": 0.6696225907258913,
        "nauc_recall_at_5_std": 0.02602072624013243,
        "ndcg_at_1": 0.62,
        "ndcg_at_10": 0.72125,
        "ndcg_at_100": 0.74893,
        "ndcg_at_1000": 0.75356,
        "ndcg_at_20": 0.73527,
        "ndcg_at_3": 0.68012,
        "ndcg_at_5": 0.69849,
        "precision_at_1": 0.62,
        "precision_at_10": 0.09467,
        "precision_at_100": 0.01083,
        "precision_at_1000": 0.00112,
        "precision_at_20": 0.05033,
        "precision_at_3": 0.26333,
        "precision_at_5": 0.17267,
        "recall_at_1": 0.594,
        "recall_at_10": 0.83522,
        "recall_at_100": 0.956,
        "recall_at_1000": 0.99,
        "recall_at_20": 0.887,
        "recall_at_3": 0.72267,
        "recall_at_5": 0.76689
      }
    ]
  },
  "task_name": "SciFact"
}