{
  "dataset_revision": "20a6d6f312dd54037fe07a32d58e5e168867909d",
  "evaluation_time": 80.51620769500732,
  "kg_co2_emissions": null,
  "mteb_version": "1.14.19",
  "scores": {
    "test": [
      {
        "cosine_pearson": 0.7912169024737099,
        "cosine_spearman": 0.7343687966905598,
        "euclidean_pearson": 0.7600627059983849,
        "euclidean_spearman": 0.7343661861739663,
        "hf_subset": "default",
        "languages": [
          "eng-Latn"
        ],
        "main_score": 0.7343687966905598,
        "manhattan_pearson": 0.7595578837925814,
        "manhattan_spearman": 0.7340871747178245,
        "pearson": 0.7912169024737099,
        "spearman": 0.7343687966905598
      }
    ]
  },
  "task_name": "SICK-R"
}