{
  "dataset_revision": "d66bd1f72af766a5cc4b0ca5e00c162f89e8cc46",
  "evaluation_time": 27.944019556045532,
  "kg_co2_emissions": null,
  "mteb_version": "1.14.19",
  "scores": {
    "test": [
      {
        "cosine_accuracy": 0.9984158415841584,
        "cosine_accuracy_threshold": 0.6761311292648315,
        "cosine_ap": 0.9597148442417828,
        "cosine_f1": 0.9184505606523955,
        "cosine_f1_threshold": 0.6757658123970032,
        "cosine_precision": 0.9365904365904366,
        "cosine_recall": 0.901,
        "dot_accuracy": 0.9984158415841584,
        "dot_accuracy_threshold": 0.6758165955543518,
        "dot_ap": 0.9597130638940421,
        "dot_f1": 0.9183673469387755,
        "dot_f1_threshold": 0.6758165955543518,
        "dot_precision": 0.9375,
        "dot_recall": 0.9,
        "euclidean_accuracy": 0.9984158415841584,
        "euclidean_accuracy_threshold": 0.8046343326568604,
        "euclidean_ap": 0.9597233886531517,
        "euclidean_f1": 0.9184505606523955,
        "euclidean_f1_threshold": 0.8050680160522461,
        "euclidean_precision": 0.9365904365904366,
        "euclidean_recall": 0.901,
        "hf_subset": "default",
        "languages": [
          "eng-Latn"
        ],
        "main_score": 0.9597233886531517,
        "manhattan_accuracy": 0.9983762376237624,
        "manhattan_accuracy_threshold": 17.457382202148438,
        "manhattan_ap": 0.959261417907088,
        "manhattan_f1": 0.9164969450101832,
        "manhattan_f1_threshold": 17.794906616210938,
        "manhattan_precision": 0.9336099585062241,
        "manhattan_recall": 0.9,
        "max_accuracy": 0.9984158415841584,
        "max_ap": 0.9597233886531517,
        "max_f1": 0.9184505606523955,
        "max_precision": 0.9375,
        "max_recall": 0.901,
        "similarity_accuracy": 0.9984158415841584,
        "similarity_accuracy_threshold": 0.6761311292648315,
        "similarity_ap": 0.9597148442417828,
        "similarity_f1": 0.9184505606523955,
        "similarity_f1_threshold": 0.6757658123970032,
        "similarity_precision": 0.9365904365904366,
        "similarity_recall": 0.901
      }
    ]
  },
  "task_name": "SprintDuplicateQuestions"
}