{
  "dataset_revision": "e185fbe320c72810689fc5848eb6114e1ef5ec69",
  "evaluation_time": 185.24671721458435,
  "kg_co2_emissions": null,
  "mteb_version": "1.14.19",
  "scores": {
    "test": [
      {
        "hf_subset": "default",
        "languages": [
          "eng-Latn"
        ],
        "main_score": 0.516113714988312,
        "map": 0.516113714988312,
        "mrr": 0.5245513167388167,
        "nAUC_map_diff1": 0.3874122125552826,
        "nAUC_map_max": 0.1537788763564646,
        "nAUC_map_std": 0.09678182265700416,
        "nAUC_mrr_diff1": 0.3870593388891024,
        "nAUC_mrr_max": 0.15518008221921256,
        "nAUC_mrr_std": 0.10471399485650762
      }
    ]
  },
  "task_name": "StackOverflowDupQuestions"
}