{
  "dataset_revision": "a0d554a64d88156834ff5ae9920b964011b16384",
  "evaluation_time": 28.37110185623169,
  "kg_co2_emissions": null,
  "mteb_version": "1.14.19",
  "scores": {
    "test": [
      {
        "cosine_pearson": 0.8068035902008236,
        "cosine_spearman": 0.7424646978622501,
        "euclidean_pearson": 0.7628838625237501,
        "euclidean_spearman": 0.7424838938433317,
        "hf_subset": "default",
        "languages": [
          "eng-Latn"
        ],
        "main_score": 0.7424646978622501,
        "manhattan_pearson": 0.7614639580248188,
        "manhattan_spearman": 0.7412547921987368,
        "pearson": 0.8068035902008236,
        "spearman": 0.7424646978622501
      }
    ]
  },
  "task_name": "STS12"
}