{
  "dataset_revision": "4d8694f8f0e0100860b497b999b3dbed754a0513",
  "evaluation_time": 30.87848663330078,
  "kg_co2_emissions": null,
  "mteb_version": "1.14.19",
  "scores": {
    "test": [
      {
        "cosine_pearson": 0.8318528140101842,
        "cosine_spearman": 0.8370280115603379,
        "euclidean_pearson": 0.8232771426572241,
        "euclidean_spearman": 0.8370400658902795,
        "hf_subset": "default",
        "languages": [
          "eng-Latn"
        ],
        "main_score": 0.8370280115603379,
        "manhattan_pearson": 0.8224687695918727,
        "manhattan_spearman": 0.8361013495397143,
        "pearson": 0.8318528140101842,
        "spearman": 0.8370280115603379
      }
    ]
  },
  "task_name": "STS16"
}