{
  "dataset_revision": "cda12ad7615edc362dbf25a00fdd61d3b1eaf93c",
  "evaluation_time": 51.589454889297485,
  "kg_co2_emissions": null,
  "mteb_version": "1.14.19",
  "scores": {
    "test": [
      {
        "cosine_pearson": 0.31409385968614556,
        "cosine_spearman": 0.3044460299430323,
        "dot_pearson": 0.31395168451249655,
        "dot_spearman": 0.3045370562953684,
        "hf_subset": "default",
        "languages": [
          "eng-Latn"
        ],
        "main_score": 0.3044460299430323,
        "pearson": 0.31409385968614556,
        "spearman": 0.3044460299430323
      }
    ]
  },
  "task_name": "SummEval"
}