{
  "dataset_revision": "bb9466bac8153a0349341eb1b22e06409e78ef4e",
  "evaluation_time": 282.448184967041,
  "kg_co2_emissions": null,
  "mteb_version": "1.14.19",
  "scores": {
    "test": [
      {
        "hf_subset": "default",
        "languages": [
          "eng-Latn"
        ],
        "main_score": 0.79018,
        "map_at_1": 0.0026,
        "map_at_10": 0.02037,
        "map_at_100": 0.12293,
        "map_at_1000": 0.30769,
        "map_at_20": 0.0367,
        "map_at_3": 0.00698,
        "map_at_5": 0.01128,
        "mrr_at_1": 0.96,
        "mrr_at_10": 0.9766666666666667,
        "mrr_at_100": 0.9766666666666667,
        "mrr_at_1000": 0.9766666666666667,
        "mrr_at_20": 0.9766666666666667,
        "mrr_at_3": 0.9766666666666667,
        "mrr_at_5": 0.9766666666666667,
        "nauc_map_at_1000_diff1": -0.18904560622962527,
        "nauc_map_at_1000_max": 0.36210492273635353,
        "nauc_map_at_1000_std": 0.7216724123663544,
        "nauc_map_at_100_diff1": -0.011464169745775393,
        "nauc_map_at_100_max": 0.2978158576096726,
        "nauc_map_at_100_std": 0.5760350459298694,
        "nauc_map_at_10_diff1": 0.2864436734645113,
        "nauc_map_at_10_max": 0.26988273748820385,
        "nauc_map_at_10_std": 0.24646071349598211,
        "nauc_map_at_1_diff1": 0.2947143860466008,
        "nauc_map_at_1_max": 0.059357469828176544,
        "nauc_map_at_1_std": -0.0178953626271857,
        "nauc_map_at_20_diff1": 0.23529128452778042,
        "nauc_map_at_20_max": 0.2988255949039982,
        "nauc_map_at_20_std": 0.3255365817041919,
        "nauc_map_at_3_diff1": 0.3132700676359867,
        "nauc_map_at_3_max": 0.21057501804833254,
        "nauc_map_at_3_std": 0.10415830234181196,
        "nauc_map_at_5_diff1": 0.30614816292465147,
        "nauc_map_at_5_max": 0.2487893419067681,
        "nauc_map_at_5_std": 0.16882555328394164,
        "nauc_mrr_at_1000_diff1": -0.17133520074695588,
        "nauc_mrr_at_1000_max": 0.4233026543950969,
        "nauc_mrr_at_1000_std": 0.0778311324529875,
        "nauc_mrr_at_100_diff1": -0.17133520074695588,
        "nauc_mrr_at_100_max": 0.4233026543950969,
        "nauc_mrr_at_100_std": 0.0778311324529875,
        "nauc_mrr_at_10_diff1": -0.17133520074695588,
        "nauc_mrr_at_10_max": 0.4233026543950969,
        "nauc_mrr_at_10_std": 0.0778311324529875,
        "nauc_mrr_at_1_diff1": -0.22035480859010095,
        "nauc_mrr_at_1_max": 0.3489729225023353,
        "nauc_mrr_at_1_std": -0.07586367880485168,
        "nauc_mrr_at_20_diff1": -0.17133520074695588,
        "nauc_mrr_at_20_max": 0.4233026543950969,
        "nauc_mrr_at_20_std": 0.0778311324529875,
        "nauc_mrr_at_3_diff1": -0.17133520074695588,
        "nauc_mrr_at_3_max": 0.4233026543950969,
        "nauc_mrr_at_3_std": 0.0778311324529875,
        "nauc_mrr_at_5_diff1": -0.17133520074695588,
        "nauc_mrr_at_5_max": 0.4233026543950969,
        "nauc_mrr_at_5_std": 0.0778311324529875,
        "nauc_ndcg_at_1000_diff1": -0.13761478408748892,
        "nauc_ndcg_at_1000_max": 0.3833509666498912,
        "nauc_ndcg_at_1000_std": 0.7094047346795924,
        "nauc_ndcg_at_100_diff1": -0.2607380987490616,
        "nauc_ndcg_at_100_max": 0.402176276300599,
        "nauc_ndcg_at_100_std": 0.7480610064208834,
        "nauc_ndcg_at_10_diff1": -0.1284789284886072,
        "nauc_ndcg_at_10_max": 0.43581504210120503,
        "nauc_ndcg_at_10_std": 0.659104182580012,
        "nauc_ndcg_at_1_diff1": -0.11802251363583625,
        "nauc_ndcg_at_1_max": 0.19252640129975668,
        "nauc_ndcg_at_1_std": 0.35240416231480404,
        "nauc_ndcg_at_20_diff1": -0.1515159625742297,
        "nauc_ndcg_at_20_max": 0.3970959592853847,
        "nauc_ndcg_at_20_std": 0.6843960124247941,
        "nauc_ndcg_at_3_diff1": -0.12799203830972902,
        "nauc_ndcg_at_3_max": 0.4385602855247118,
        "nauc_ndcg_at_3_std": 0.5267818390564588,
        "nauc_ndcg_at_5_diff1": -0.15882292020818853,
        "nauc_ndcg_at_5_max": 0.44507402026340726,
        "nauc_ndcg_at_5_std": 0.6498119446633147,
        "nauc_precision_at_1000_diff1": -0.2935014165016878,
        "nauc_precision_at_1000_max": 0.29557486410772144,
        "nauc_precision_at_1000_std": 0.3720086799434777,
        "nauc_precision_at_100_diff1": -0.28980080238903977,
        "nauc_precision_at_100_max": 0.41273933140365343,
        "nauc_precision_at_100_std": 0.7438389623322293,
        "nauc_precision_at_10_diff1": -0.11537337537491277,
        "nauc_precision_at_10_max": 0.5590402214873493,
        "nauc_precision_at_10_std": 0.6794201338152734,
        "nauc_precision_at_1_diff1": -0.22035480859010095,
        "nauc_precision_at_1_max": 0.3489729225023353,
        "nauc_precision_at_1_std": -0.07586367880485168,
        "nauc_precision_at_20_diff1": -0.13134147935180282,
        "nauc_precision_at_20_max": 0.5075764506011502,
        "nauc_precision_at_20_std": 0.7123007056978573,
        "nauc_precision_at_3_diff1": -0.09822612208825379,
        "nauc_precision_at_3_max": 0.6604381036550737,
        "nauc_precision_at_3_std": 0.5602865980683036,
        "nauc_precision_at_5_diff1": -0.12562762578133044,
        "nauc_precision_at_5_max": 0.6859309355466757,
        "nauc_precision_at_5_std": 0.7586672131707481,
        "nauc_recall_at_1000_diff1": -0.08702734028067494,
        "nauc_recall_at_1000_max": 0.32028502679964727,
        "nauc_recall_at_1000_std": 0.5735477485602456,
        "nauc_recall_at_100_diff1": 0.0613984190686659,
        "nauc_recall_at_100_max": 0.24023425326528686,
        "nauc_recall_at_100_std": 0.45779803828148796,
        "nauc_recall_at_10_diff1": 0.29481992375022636,
        "nauc_recall_at_10_max": 0.21217859220481747,
        "nauc_recall_at_10_std": 0.1950019216801383,
        "nauc_recall_at_1_diff1": 0.2947143860466008,
        "nauc_recall_at_1_max": 0.059357469828176544,
        "nauc_recall_at_1_std": -0.0178953626271857,
        "nauc_recall_at_20_diff1": 0.2531810398490018,
        "nauc_recall_at_20_max": 0.2445906671378657,
        "nauc_recall_at_20_std": 0.2534147821059631,
        "nauc_recall_at_3_diff1": 0.30821290312528005,
        "nauc_recall_at_3_max": 0.20503152754094933,
        "nauc_recall_at_3_std": 0.10591109401777382,
        "nauc_recall_at_5_diff1": 0.30326823143661347,
        "nauc_recall_at_5_max": 0.21099691808418036,
        "nauc_recall_at_5_std": 0.15178657074749674,
        "ndcg_at_1": 0.87,
        "ndcg_at_10": 0.79018,
        "ndcg_at_100": 0.61067,
        "ndcg_at_1000": 0.56361,
        "ndcg_at_20": 0.74985,
        "ndcg_at_3": 0.84531,
        "ndcg_at_5": 0.82371,
        "precision_at_1": 0.96,
        "precision_at_10": 0.834,
        "precision_at_100": 0.6282,
        "precision_at_1000": 0.2485,
        "precision_at_20": 0.788,
        "precision_at_3": 0.89333,
        "precision_at_5": 0.872,
        "recall_at_1": 0.0026,
        "recall_at_10": 0.02193,
        "recall_at_100": 0.15465,
        "recall_at_1000": 0.53635,
        "recall_at_20": 0.04087,
        "recall_at_3": 0.00709,
        "recall_at_5": 0.01173
      }
    ]
  },
  "task_name": "TRECCOVID"
}