{
  "dataset_revision": "8b6510b0b1fa4e4c4f879467980e9be563ec1cdf",
  "evaluation_time": 74.98867201805115,
  "kg_co2_emissions": null,
  "mteb_version": "1.14.19",
  "scores": {
    "test": [
      {
        "cosine_accuracy": 0.892439942562192,
        "cosine_accuracy_threshold": 0.5884400010108948,
        "cosine_ap": 0.8650733955069916,
        "cosine_f1": 0.7911877394636015,
        "cosine_f1_threshold": 0.5621927976608276,
        "cosine_precision": 0.7585476123198643,
        "cosine_recall": 0.826763165999384,
        "dot_accuracy": 0.8924205378973105,
        "dot_accuracy_threshold": 0.5873171091079712,
        "dot_ap": 0.8650599142258533,
        "dot_f1": 0.7913091511692136,
        "dot_f1_threshold": 0.562061607837677,
        "dot_precision": 0.7583821557139832,
        "dot_recall": 0.8272251308900523,
        "euclidean_accuracy": 0.8924787518919548,
        "euclidean_accuracy_threshold": 0.9075214862823486,
        "euclidean_ap": 0.865074244472382,
        "euclidean_f1": 0.7910569105691057,
        "euclidean_f1_threshold": 0.9336130023002625,
        "euclidean_precision": 0.7605884025014212,
        "euclidean_recall": 0.8240683708038189,
        "hf_subset": "default",
        "languages": [
          "eng-Latn"
        ],
        "main_score": 0.865074244472382,
        "manhattan_accuracy": 0.8923623239026662,
        "manhattan_accuracy_threshold": 19.98834228515625,
        "manhattan_ap": 0.8648758499514271,
        "manhattan_f1": 0.7909839104322681,
        "manhattan_f1_threshold": 20.607177734375,
        "manhattan_precision": 0.7627627627627628,
        "manhattan_recall": 0.8213735756082537,
        "max_accuracy": 0.8924787518919548,
        "max_ap": 0.865074244472382,
        "max_f1": 0.7913091511692136,
        "max_precision": 0.7627627627627628,
        "max_recall": 0.8272251308900523,
        "similarity_accuracy": 0.892439942562192,
        "similarity_accuracy_threshold": 0.5884400010108948,
        "similarity_ap": 0.8650733955069916,
        "similarity_f1": 0.7911877394636015,
        "similarity_f1_threshold": 0.5621927976608276,
        "similarity_precision": 0.7585476123198643,
        "similarity_recall": 0.826763165999384
      }
    ]
  },
  "task_name": "TwitterURLCorpus"
}