{
  "dataset_revision": "c22ab2a51041ffd869aaddef7af8d8215647e41a",
  "mteb_dataset_name": "ArguAna",
  "mteb_version": "1.2.0",
  "test": {
    "evaluation_time": 10.45,
    "map_at_1": 0.2468,
    "map_at_10": 0.39405,
    "map_at_100": 0.40062,
    "map_at_1000": 0.40071,
    "map_at_3": 0.3459,
    "map_at_5": 0.37687,
    "mrr_at_1": 0.25533,
    "mrr_at_10": 0.39933,
    "mrr_at_100": 0.40559,
    "mrr_at_1000": 0.40568,
    "mrr_at_3": 0.35123,
    "mrr_at_5": 0.38157,
    "ndcg_at_1": 0.2468,
    "ndcg_at_10": 0.47615,
    "ndcg_at_100": 0.50401,
    "ndcg_at_1000": 0.50698,
    "ndcg_at_3": 0.37919,
    "ndcg_at_5": 0.43493,
    "precision_at_1": 0.2468,
    "precision_at_10": 0.07376,
    "precision_at_100": 0.00859,
    "precision_at_1000": 0.00088,
    "precision_at_3": 0.15861,
    "precision_at_5": 0.12219,
    "recall_at_1": 0.2468,
    "recall_at_10": 0.73755,
    "recall_at_100": 0.85917,
    "recall_at_1000": 0.88407,
    "recall_at_3": 0.47582,
    "recall_at_5": 0.61095
  }
}