{
  "dataset_revision": "6184bc1440d2dbc7612be22b50686b8826d22b32",
  "mteb_dataset_name": "CQADupstackProgrammersRetrieval",
  "mteb_version": "1.10.3",
  "test": {
    "evaluation_time": 331.84,
    "map_at_1": 0.29486,
    "map_at_10": 0.38758,
    "map_at_100": 0.40005,
    "map_at_1000": 0.40106,
    "map_at_20": 0.39458,
    "map_at_3": 0.3575,
    "map_at_5": 0.37554,
    "mrr_at_1": 0.36187,
    "mrr_at_10": 0.44314,
    "mrr_at_100": 0.45155,
    "mrr_at_1000": 0.45199,
    "mrr_at_20": 0.44813,
    "mrr_at_3": 0.42066,
    "mrr_at_5": 0.43379,
    "ndcg_at_1": 0.36187,
    "ndcg_at_10": 0.44063,
    "ndcg_at_100": 0.49501,
    "ndcg_at_1000": 0.51588,
    "ndcg_at_20": 0.46214,
    "ndcg_at_3": 0.39468,
    "ndcg_at_5": 0.41771,
    "precision_at_1": 0.36187,
    "precision_at_10": 0.0774,
    "precision_at_100": 0.01204,
    "precision_at_1000": 0.00155,
    "precision_at_20": 0.04561,
    "precision_at_3": 0.18455,
    "precision_at_5": 0.13174,
    "recall_at_1": 0.29486,
    "recall_at_10": 0.54361,
    "recall_at_100": 0.77875,
    "recall_at_1000": 0.92002,
    "recall_at_20": 0.6199,
    "recall_at_3": 0.41614,
    "recall_at_5": 0.47681
  }
}