{
  "dataset_revision": "5003b3064772da1887988e05400cf3806fe491f2",
  "mteb_dataset_name": "CQADupstackGisRetrieval",
  "mteb_version": "1.10.3",
  "test": {
    "evaluation_time": 438.78,
    "map_at_1": 0.2744,
    "map_at_10": 0.35766,
    "map_at_100": 0.36745,
    "map_at_1000": 0.36824,
    "map_at_20": 0.36292,
    "map_at_3": 0.33199,
    "map_at_5": 0.34776,
    "mrr_at_1": 0.29605,
    "mrr_at_10": 0.37815,
    "mrr_at_100": 0.38663,
    "mrr_at_1000": 0.38726,
    "mrr_at_20": 0.38285,
    "mrr_at_3": 0.35405,
    "mrr_at_5": 0.36942,
    "ndcg_at_1": 0.29605,
    "ndcg_at_10": 0.4042,
    "ndcg_at_100": 0.45227,
    "ndcg_at_1000": 0.4721,
    "ndcg_at_20": 0.42231,
    "ndcg_at_3": 0.35479,
    "ndcg_at_5": 0.38206,
    "precision_at_1": 0.29605,
    "precision_at_10": 0.06023,
    "precision_at_100": 0.00881,
    "precision_at_1000": 0.00109,
    "precision_at_20": 0.03458,
    "precision_at_3": 0.14689,
    "precision_at_5": 0.10373,
    "recall_at_1": 0.2744,
    "recall_at_10": 0.52756,
    "recall_at_100": 0.74942,
    "recall_at_1000": 0.89743,
    "recall_at_20": 0.59555,
    "recall_at_3": 0.39626,
    "recall_at_5": 0.46207
  }
}