{
  "dataset_revision": "27a168819829fe9bcd655c2df245fb19452e8e06",
  "mteb_dataset_name": "FiQA2018",
  "mteb_version": "1.10.3",
  "test": {
    "evaluation_time": 493.55,
    "map_at_1": 0.19838,
    "map_at_10": 0.32507,
    "map_at_100": 0.34288,
    "map_at_1000": 0.34453,
    "map_at_20": 0.33462,
    "map_at_3": 0.28116,
    "map_at_5": 0.30659,
    "mrr_at_1": 0.39043,
    "mrr_at_10": 0.48264,
    "mrr_at_100": 0.49077,
    "mrr_at_1000": 0.49106,
    "mrr_at_20": 0.48766,
    "mrr_at_3": 0.45756,
    "mrr_at_5": 0.47145,
    "ndcg_at_1": 0.39043,
    "ndcg_at_10": 0.40475,
    "ndcg_at_100": 0.47016,
    "ndcg_at_1000": 0.49862,
    "ndcg_at_20": 0.43002,
    "ndcg_at_3": 0.36385,
    "ndcg_at_5": 0.37891,
    "precision_at_1": 0.39043,
    "precision_at_10": 0.11358,
    "precision_at_100": 0.01809,
    "precision_at_1000": 0.00231,
    "precision_at_20": 0.0669,
    "precision_at_3": 0.24228,
    "precision_at_5": 0.18179,
    "recall_at_1": 0.19838,
    "recall_at_10": 0.47731,
    "recall_at_100": 0.72009,
    "recall_at_1000": 0.89317,
    "recall_at_20": 0.55779,
    "recall_at_3": 0.33245,
    "recall_at_5": 0.39555
  }
}