{
  "dataset_revision": "bb9466bac8153a0349341eb1b22e06409e78ef4e",
  "mteb_dataset_name": "TRECCOVID",
  "mteb_version": "1.10.3",
  "test": {
    "evaluation_time": 1321.19,
    "map_at_1": 0.00248,
    "map_at_10": 0.01763,
    "map_at_100": 0.10774,
    "map_at_1000": 0.26039,
    "map_at_20": 0.03121,
    "map_at_3": 0.00629,
    "map_at_5": 0.00964,
    "mrr_at_1": 0.9,
    "mrr_at_10": 0.93733,
    "mrr_at_100": 0.93733,
    "mrr_at_1000": 0.93733,
    "mrr_at_20": 0.93733,
    "mrr_at_3": 0.93,
    "mrr_at_5": 0.934,
    "ndcg_at_1": 0.85,
    "ndcg_at_10": 0.70401,
    "ndcg_at_100": 0.55802,
    "ndcg_at_1000": 0.51443,
    "ndcg_at_20": 0.66863,
    "ndcg_at_3": 0.75458,
    "ndcg_at_5": 0.72048,
    "precision_at_1": 0.9,
    "precision_at_10": 0.74,
    "precision_at_100": 0.5762,
    "precision_at_1000": 0.22602,
    "precision_at_20": 0.7,
    "precision_at_3": 0.78667,
    "precision_at_5": 0.748,
    "recall_at_1": 0.00248,
    "recall_at_10": 0.01983,
    "recall_at_100": 0.14284,
    "recall_at_1000": 0.48697,
    "recall_at_20": 0.03649,
    "recall_at_3": 0.00649,
    "recall_at_5": 0.01013
  }
}