{
  "dataset_revision": "46989137a86843e03a6195de44b09deda022eec7",
  "mteb_dataset_name": "CQADupstackTexRetrieval",
  "mteb_version": "1.10.3",
  "test": {
    "evaluation_time": 625.01,
    "map_at_1": 0.18064,
    "map_at_10": 0.25259,
    "map_at_100": 0.26279,
    "map_at_1000": 0.26404,
    "map_at_20": 0.25829,
    "map_at_3": 0.23125,
    "map_at_5": 0.24193,
    "mrr_at_1": 0.21645,
    "mrr_at_10": 0.29119,
    "mrr_at_100": 0.29986,
    "mrr_at_1000": 0.30063,
    "mrr_at_20": 0.29633,
    "mrr_at_3": 0.27128,
    "mrr_at_5": 0.28121,
    "ndcg_at_1": 0.21645,
    "ndcg_at_10": 0.29803,
    "ndcg_at_100": 0.34593,
    "ndcg_at_1000": 0.37576,
    "ndcg_at_20": 0.31683,
    "ndcg_at_3": 0.25962,
    "ndcg_at_5": 0.27498,
    "precision_at_1": 0.21645,
    "precision_at_10": 0.05365,
    "precision_at_100": 0.00905,
    "precision_at_1000": 0.00133,
    "precision_at_20": 0.03235,
    "precision_at_3": 0.12319,
    "precision_at_5": 0.08589,
    "recall_at_1": 0.18064,
    "recall_at_10": 0.39557,
    "recall_at_100": 0.61004,
    "recall_at_1000": 0.82461,
    "recall_at_20": 0.46513,
    "recall_at_3": 0.28581,
    "recall_at_5": 0.32755
  }
}