{
  "dataset_revision": "f46a197baaae43b4f621051089b82a364682dfeb",
  "mteb_dataset_name": "CQADupstackAndroidRetrieval",
  "mteb_version": "1.10.3",
  "test": {
    "evaluation_time": 197.87,
    "map_at_1": 0.35463,
    "map_at_10": 0.46753,
    "map_at_100": 0.48241,
    "map_at_1000": 0.48342,
    "map_at_20": 0.4755,
    "map_at_3": 0.43474,
    "map_at_5": 0.45393,
    "mrr_at_1": 0.4392,
    "mrr_at_10": 0.53003,
    "mrr_at_100": 0.53772,
    "mrr_at_1000": 0.538,
    "mrr_at_20": 0.53455,
    "mrr_at_3": 0.50882,
    "mrr_at_5": 0.5227,
    "ndcg_at_1": 0.4392,
    "ndcg_at_10": 0.52581,
    "ndcg_at_100": 0.58025,
    "ndcg_at_1000": 0.59613,
    "ndcg_at_20": 0.54536,
    "ndcg_at_3": 0.48386,
    "ndcg_at_5": 0.50574,
    "precision_at_1": 0.4392,
    "precision_at_10": 0.09671,
    "precision_at_100": 0.01558,
    "precision_at_1000": 0.00196,
    "precision_at_20": 0.0568,
    "precision_at_3": 0.22842,
    "precision_at_5": 0.16252,
    "recall_at_1": 0.35463,
    "recall_at_10": 0.62582,
    "recall_at_100": 0.85543,
    "recall_at_1000": 0.95402,
    "recall_at_20": 0.69369,
    "recall_at_3": 0.50496,
    "recall_at_5": 0.56718
  }
}