{
  "dataset_revision": "46989137a86843e03a6195de44b09deda022eec7",
  "mteb_dataset_name": "CQADupstackTexRetrieval",
  "mteb_version": "1.10.3",
  "test": {
    "evaluation_time": 804.66,
    "map_at_1": 0.18867,
    "map_at_10": 0.25846,
    "map_at_100": 0.26852,
    "map_at_1000": 0.26978,
    "map_at_20": 0.26392,
    "map_at_3": 0.2379,
    "map_at_5": 0.24841,
    "mrr_at_1": 0.22574,
    "mrr_at_10": 0.29746,
    "mrr_at_100": 0.30577,
    "mrr_at_1000": 0.30657,
    "mrr_at_20": 0.30216,
    "mrr_at_3": 0.27776,
    "mrr_at_5": 0.28806,
    "ndcg_at_1": 0.2254,
    "ndcg_at_10": 0.30309,
    "ndcg_at_100": 0.35051,
    "ndcg_at_1000": 0.38073,
    "ndcg_at_20": 0.32082,
    "ndcg_at_3": 0.26597,
    "ndcg_at_5": 0.28154,
    "precision_at_1": 0.2254,
    "precision_at_10": 0.05361,
    "precision_at_100": 0.0091,
    "precision_at_1000": 0.00135,
    "precision_at_20": 0.03224,
    "precision_at_3": 0.12468,
    "precision_at_5": 0.08741,
    "recall_at_1": 0.18867,
    "recall_at_10": 0.39791,
    "recall_at_100": 0.61039,
    "recall_at_1000": 0.82754,
    "recall_at_20": 0.46291,
    "recall_at_3": 0.29313,
    "recall_at_5": 0.33419
  }
}