{
  "dataset_revision": "4885aa143210c98657558c04aaf3dc47cfb54340",
  "mteb_dataset_name": "CQADupstackGamingRetrieval",
  "mteb_version": "1.10.3",
  "test": {
    "evaluation_time": 502.53,
    "map_at_1": 0.44469,
    "map_at_10": 0.56963,
    "map_at_100": 0.57877,
    "map_at_1000": 0.5793,
    "map_at_20": 0.57506,
    "map_at_3": 0.53875,
    "map_at_5": 0.55634,
    "mrr_at_1": 0.50658,
    "mrr_at_10": 0.60299,
    "mrr_at_100": 0.60855,
    "mrr_at_1000": 0.60881,
    "mrr_at_20": 0.60625,
    "mrr_at_3": 0.5814,
    "mrr_at_5": 0.59444,
    "ndcg_at_1": 0.50596,
    "ndcg_at_10": 0.62528,
    "ndcg_at_100": 0.65991,
    "ndcg_at_1000": 0.66997,
    "ndcg_at_20": 0.63993,
    "ndcg_at_3": 0.57554,
    "ndcg_at_5": 0.60033,
    "precision_at_1": 0.50596,
    "precision_at_10": 0.09831,
    "precision_at_100": 0.01245,
    "precision_at_1000": 0.00137,
    "precision_at_20": 0.05386,
    "precision_at_3": 0.2535,
    "precision_at_5": 0.17179,
    "recall_at_1": 0.44469,
    "recall_at_10": 0.75494,
    "recall_at_100": 0.90356,
    "recall_at_1000": 0.97377,
    "recall_at_20": 0.80888,
    "recall_at_3": 0.6234,
    "recall_at_5": 0.6841
  }
}