{
  "dataset_revision": "ec0fa4fe99da2ff19ca1214b7966684033a58814",
  "mteb_dataset_name": "NFCorpus",
  "mteb_version": "1.10.3",
  "test": {
    "evaluation_time": 112.57,
    "map_at_1": 0.06515,
    "map_at_10": 0.14223,
    "map_at_100": 0.17672,
    "map_at_1000": 0.1917,
    "map_at_20": 0.15707,
    "map_at_3": 0.10467,
    "map_at_5": 0.12121,
    "mrr_at_1": 0.47678,
    "mrr_at_10": 0.56198,
    "mrr_at_100": 0.56813,
    "mrr_at_1000": 0.56853,
    "mrr_at_20": 0.56543,
    "mrr_at_3": 0.54438,
    "mrr_at_5": 0.55846,
    "ndcg_at_1": 0.45201,
    "ndcg_at_10": 0.36481,
    "ndcg_at_100": 0.33194,
    "ndcg_at_1000": 0.41991,
    "ndcg_at_20": 0.34233,
    "ndcg_at_3": 0.41895,
    "ndcg_at_5": 0.39696,
    "precision_at_1": 0.47059,
    "precision_at_10": 0.27059,
    "precision_at_100": 0.08272,
    "precision_at_1000": 0.02112,
    "precision_at_20": 0.20108,
    "precision_at_3": 0.39319,
    "precision_at_5": 0.34303,
    "recall_at_1": 0.06515,
    "recall_at_10": 0.17762,
    "recall_at_100": 0.33119,
    "recall_at_1000": 0.64624,
    "recall_at_20": 0.21829,
    "recall_at_3": 0.11366,
    "recall_at_5": 0.14213
  }
}