{
  "dataset_revision": "a34f9a33db75fa0cbb21bb5cfc3dae8dc8bec93f",
  "mteb_dataset_name": "Touche2020",
  "mteb_version": "1.10.3",
  "test": {
    "evaluation_time": 2453.97,
    "map_at_1": 0.0123,
    "map_at_10": 0.06945,
    "map_at_100": 0.12126,
    "map_at_1000": 0.13688,
    "map_at_20": 0.09206,
    "map_at_3": 0.0277,
    "map_at_5": 0.0392,
    "mrr_at_1": 0.16327,
    "mrr_at_10": 0.29887,
    "mrr_at_100": 0.31578,
    "mrr_at_1000": 0.31596,
    "mrr_at_20": 0.31071,
    "mrr_at_3": 0.2551,
    "mrr_at_5": 0.28776,
    "ndcg_at_1": 0.13265,
    "ndcg_at_10": 0.17731,
    "ndcg_at_100": 0.30077,
    "ndcg_at_1000": 0.42006,
    "ndcg_at_20": 0.19784,
    "ndcg_at_3": 0.15222,
    "ndcg_at_5": 0.15362,
    "precision_at_1": 0.16327,
    "precision_at_10": 0.17755,
    "precision_at_100": 0.06816,
    "precision_at_1000": 0.01476,
    "precision_at_20": 0.14388,
    "precision_at_3": 0.17007,
    "precision_at_5": 0.17143,
    "recall_at_1": 0.0123,
    "recall_at_10": 0.13328,
    "recall_at_100": 0.42708,
    "recall_at_1000": 0.79452,
    "recall_at_20": 0.20662,
    "recall_at_3": 0.03641,
    "recall_at_5": 0.06285
  }
}