{
  "dataset_revision": "bb9466bac8153a0349341eb1b22e06409e78ef4e",
  "mteb_dataset_name": "TRECCOVID",
  "mteb_version": "1.10.3",
  "test": {
    "evaluation_time": 1241.51,
    "map_at_1": 0.00249,
    "map_at_10": 0.01861,
    "map_at_100": 0.11049,
    "map_at_1000": 0.2689,
    "map_at_20": 0.0331,
    "map_at_3": 0.0063,
    "map_at_5": 0.01027,
    "mrr_at_1": 0.9,
    "mrr_at_10": 0.93286,
    "mrr_at_100": 0.93286,
    "mrr_at_1000": 0.93286,
    "mrr_at_20": 0.93286,
    "mrr_at_3": 0.93,
    "mrr_at_5": 0.93,
    "ndcg_at_1": 0.84,
    "ndcg_at_10": 0.72706,
    "ndcg_at_100": 0.56849,
    "ndcg_at_1000": 0.52441,
    "ndcg_at_20": 0.6922,
    "ndcg_at_3": 0.76682,
    "ndcg_at_5": 0.75908,
    "precision_at_1": 0.9,
    "precision_at_10": 0.768,
    "precision_at_100": 0.5854,
    "precision_at_1000": 0.23,
    "precision_at_20": 0.725,
    "precision_at_3": 0.80667,
    "precision_at_5": 0.808,
    "recall_at_1": 0.00249,
    "recall_at_10": 0.02073,
    "recall_at_100": 0.14404,
    "recall_at_1000": 0.49716,
    "recall_at_20": 0.03814,
    "recall_at_3": 0.00655,
    "recall_at_5": 0.01104
  }
}