{
  "dataset_revision": "27a168819829fe9bcd655c2df245fb19452e8e06",
  "dev": {
    "evaluation_time": 27.14,
    "map_at_1": 0.23283,
    "map_at_10": 0.3379,
    "map_at_100": 0.35618,
    "map_at_1000": 0.3576,
    "map_at_20": 0.34782,
    "map_at_3": 0.29405,
    "map_at_5": 0.31719,
    "mrr_at_1": 0.412,
    "mrr_at_10": 0.48666,
    "mrr_at_100": 0.49449,
    "mrr_at_1000": 0.49495,
    "mrr_at_20": 0.49188,
    "mrr_at_3": 0.46333,
    "mrr_at_5": 0.47593,
    "ndcg_at_1": 0.414,
    "ndcg_at_10": 0.4127,
    "ndcg_at_100": 0.47755,
    "ndcg_at_1000": 0.5035,
    "ndcg_at_20": 0.43919,
    "ndcg_at_3": 0.37084,
    "ndcg_at_5": 0.38337,
    "precision_at_1": 0.414,
    "precision_at_10": 0.1074,
    "precision_at_100": 0.01746,
    "precision_at_1000": 0.00219,
    "precision_at_20": 0.0649,
    "precision_at_3": 0.22533,
    "precision_at_5": 0.1672,
    "recall_at_1": 0.23283,
    "recall_at_10": 0.47971,
    "recall_at_100": 0.72163,
    "recall_at_1000": 0.8834,
    "recall_at_20": 0.56491,
    "recall_at_3": 0.3313,
    "recall_at_5": 0.39247
  },
  "mteb_dataset_name": "FiQA2018",
  "mteb_version": "1.10.13",
  "test": {
    "evaluation_time": 27.86,
    "map_at_1": 0.19565,
    "map_at_10": 0.31786,
    "map_at_100": 0.33551,
    "map_at_1000": 0.33741,
    "map_at_20": 0.32824,
    "map_at_3": 0.27555,
    "map_at_5": 0.29844,
    "mrr_at_1": 0.39043,
    "mrr_at_10": 0.47835,
    "mrr_at_100": 0.48621,
    "mrr_at_1000": 0.48662,
    "mrr_at_20": 0.48312,
    "mrr_at_3": 0.45087,
    "mrr_at_5": 0.46677,
    "ndcg_at_1": 0.38735,
    "ndcg_at_10": 0.39566,
    "ndcg_at_100": 0.45855,
    "ndcg_at_1000": 0.49037,
    "ndcg_at_20": 0.42123,
    "ndcg_at_3": 0.35542,
    "ndcg_at_5": 0.36821,
    "precision_at_1": 0.38735,
    "precision_at_10": 0.11034,
    "precision_at_100": 0.01748,
    "precision_at_1000": 0.00231,
    "precision_at_20": 0.06543,
    "precision_at_3": 0.23663,
    "precision_at_5": 0.17562,
    "recall_at_1": 0.19565,
    "recall_at_10": 0.46534,
    "recall_at_100": 0.69491,
    "recall_at_1000": 0.88445,
    "recall_at_20": 0.54355,
    "recall_at_3": 0.32033,
    "recall_at_5": 0.38016
  },
  "train": {
    "evaluation_time": 37.84,
    "map_at_1": 0.20432,
    "map_at_10": 0.32508,
    "map_at_100": 0.34216,
    "map_at_1000": 0.34386,
    "map_at_20": 0.3341,
    "map_at_3": 0.2858,
    "map_at_5": 0.30734,
    "mrr_at_1": 0.38855,
    "mrr_at_10": 0.47274,
    "mrr_at_100": 0.48071,
    "mrr_at_1000": 0.48115,
    "mrr_at_20": 0.47732,
    "mrr_at_3": 0.44864,
    "mrr_at_5": 0.46175,
    "ndcg_at_1": 0.38909,
    "ndcg_at_10": 0.40076,
    "ndcg_at_100": 0.46429,
    "ndcg_at_1000": 0.49395,
    "ndcg_at_20": 0.42375,
    "ndcg_at_3": 0.36252,
    "ndcg_at_5": 0.37493,
    "precision_at_1": 0.38909,
    "precision_at_10": 0.10778,
    "precision_at_100": 0.01743,
    "precision_at_1000": 0.00226,
    "precision_at_20": 0.06383,
    "precision_at_3": 0.23606,
    "precision_at_5": 0.17265,
    "recall_at_1": 0.20432,
    "recall_at_10": 0.47087,
    "recall_at_100": 0.71163,
    "recall_at_1000": 0.89223,
    "recall_at_20": 0.54349,
    "recall_at_3": 0.33349,
    "recall_at_5": 0.39191
  }
}