{
  "dataset_revision": "ec0fa4fe99da2ff19ca1214b7966684033a58814",
  "mteb_dataset_name": "NFCorpus",
  "mteb_version": "1.10.13",
  "test": {
    "evaluation_time": 3.87,
    "map_at_1": 0.06058,
    "map_at_10": 0.12502,
    "map_at_100": 0.15525,
    "map_at_1000": 0.16926,
    "map_at_20": 0.13676,
    "map_at_3": 0.09154,
    "map_at_5": 0.10632,
    "mrr_at_1": 0.4582,
    "mrr_at_10": 0.53824,
    "mrr_at_100": 0.54204,
    "mrr_at_1000": 0.5425,
    "mrr_at_20": 0.54007,
    "mrr_at_3": 0.51032,
    "mrr_at_5": 0.52828,
    "ndcg_at_1": 0.43189,
    "ndcg_at_10": 0.33721,
    "ndcg_at_100": 0.30431,
    "ndcg_at_1000": 0.39467,
    "ndcg_at_20": 0.31027,
    "ndcg_at_3": 0.37913,
    "ndcg_at_5": 0.36216,
    "precision_at_1": 0.45201,
    "precision_at_10": 0.24985,
    "precision_at_100": 0.07864,
    "precision_at_1000": 0.02078,
    "precision_at_20": 0.18173,
    "precision_at_3": 0.35191,
    "precision_at_5": 0.31022,
    "recall_at_1": 0.06058,
    "recall_at_10": 0.16656,
    "recall_at_100": 0.3059,
    "recall_at_1000": 0.63333,
    "recall_at_20": 0.19367,
    "recall_at_3": 0.09816,
    "recall_at_5": 0.12568
  }
}