{
  "dataset_revision": "f8c2fcf00f625baaa80f62ec5bd9e1fff3b8ae88",
  "mteb_dataset_name": "SCIDOCS",
  "mteb_version": "1.10.13",
  "test": {
    "evaluation_time": 16.25,
    "map_at_1": 0.0437,
    "map_at_10": 0.11115,
    "map_at_100": 0.12888,
    "map_at_1000": 0.13153,
    "map_at_20": 0.1199,
    "map_at_3": 0.08067,
    "map_at_5": 0.09518,
    "mrr_at_1": 0.217,
    "mrr_at_10": 0.32035,
    "mrr_at_100": 0.33085,
    "mrr_at_1000": 0.3315,
    "mrr_at_20": 0.32682,
    "mrr_at_3": 0.28483,
    "mrr_at_5": 0.30488,
    "ndcg_at_1": 0.216,
    "ndcg_at_10": 0.1878,
    "ndcg_at_100": 0.25947,
    "ndcg_at_1000": 0.30826,
    "ndcg_at_20": 0.21325,
    "ndcg_at_3": 0.17825,
    "ndcg_at_5": 0.15477,
    "precision_at_1": 0.216,
    "precision_at_10": 0.0977,
    "precision_at_100": 0.02016,
    "precision_at_1000": 0.00319,
    "precision_at_20": 0.06365,
    "precision_at_3": 0.167,
    "precision_at_5": 0.1356,
    "recall_at_1": 0.0437,
    "recall_at_10": 0.19798,
    "recall_at_100": 0.4086,
    "recall_at_1000": 0.64735,
    "recall_at_20": 0.2583,
    "recall_at_3": 0.10148,
    "recall_at_5": 0.13743
  }
}