{
  "dataset_revision": "0228b52cf27578f30900b9e5271d331663a030d7",
  "mteb_dataset_name": "SciFact",
  "mteb_version": "1.10.13",
  "test": {
    "evaluation_time": 4.86,
    "map_at_1": 0.495,
    "map_at_10": 0.60725,
    "map_at_100": 0.61307,
    "map_at_1000": 0.61339,
    "map_at_20": 0.61093,
    "map_at_3": 0.58231,
    "map_at_5": 0.59535,
    "mrr_at_1": 0.52333,
    "mrr_at_10": 0.62096,
    "mrr_at_100": 0.62553,
    "mrr_at_1000": 0.62585,
    "mrr_at_20": 0.62404,
    "mrr_at_3": 0.60333,
    "mrr_at_5": 0.61233,
    "ndcg_at_1": 0.52,
    "ndcg_at_10": 0.65792,
    "ndcg_at_100": 0.68282,
    "ndcg_at_1000": 0.69301,
    "ndcg_at_20": 0.66994,
    "ndcg_at_3": 0.61402,
    "ndcg_at_5": 0.63261,
    "precision_at_1": 0.52,
    "precision_at_10": 0.09,
    "precision_at_100": 0.01037,
    "precision_at_1000": 0.00112,
    "precision_at_20": 0.04783,
    "precision_at_3": 0.24667,
    "precision_at_5": 0.16067,
    "recall_at_1": 0.495,
    "recall_at_10": 0.80011,
    "recall_at_100": 0.91167,
    "recall_at_1000": 0.99333,
    "recall_at_20": 0.84522,
    "recall_at_3": 0.68161,
    "recall_at_5": 0.72672
  },
  "train": {
    "evaluation_time": 5.62,
    "map_at_1": 0.51776,
    "map_at_10": 0.6293,
    "map_at_100": 0.6355,
    "map_at_1000": 0.63584,
    "map_at_20": 0.63338,
    "map_at_3": 0.60101,
    "map_at_5": 0.62008,
    "mrr_at_1": 0.54017,
    "mrr_at_10": 0.63904,
    "mrr_at_100": 0.64373,
    "mrr_at_1000": 0.64405,
    "mrr_at_20": 0.64207,
    "mrr_at_3": 0.61949,
    "mrr_at_5": 0.63278,
    "ndcg_at_1": 0.54141,
    "ndcg_at_10": 0.67648,
    "ndcg_at_100": 0.70362,
    "ndcg_at_1000": 0.7123,
    "ndcg_at_20": 0.68942,
    "ndcg_at_3": 0.62971,
    "ndcg_at_5": 0.65756,
    "precision_at_1": 0.54141,
    "precision_at_10": 0.09147,
    "precision_at_100": 0.01059,
    "precision_at_1000": 0.00113,
    "precision_at_20": 0.0487,
    "precision_at_3": 0.25052,
    "precision_at_5": 0.16811,
    "recall_at_1": 0.51776,
    "recall_at_10": 0.80595,
    "recall_at_100": 0.92934,
    "recall_at_1000": 0.99629,
    "recall_at_20": 0.85441,
    "recall_at_3": 0.68828,
    "recall_at_5": 0.75198
  }
}