{
  "dataset_revision": "f8c2fcf00f625baaa80f62ec5bd9e1fff3b8ae88",
  "mteb_dataset_name": "SCIDOCS",
  "mteb_version": "1.10.13",
  "test": {
    "evaluation_time": 19.92,
    "map_at_1": 0.05123,
    "map_at_10": 0.12897,
    "map_at_100": 0.15041,
    "map_at_1000": 0.15335,
    "map_at_20": 0.14027,
    "map_at_3": 0.09268,
    "map_at_5": 0.11059,
    "mrr_at_1": 0.255,
    "mrr_at_10": 0.35711,
    "mrr_at_100": 0.36799,
    "mrr_at_1000": 0.36852,
    "mrr_at_20": 0.36408,
    "mrr_at_3": 0.32167,
    "mrr_at_5": 0.34332,
    "ndcg_at_1": 0.253,
    "ndcg_at_10": 0.21204,
    "ndcg_at_100": 0.2915,
    "ndcg_at_1000": 0.34389,
    "ndcg_at_20": 0.24195,
    "ndcg_at_3": 0.20273,
    "ndcg_at_5": 0.17703,
    "precision_at_1": 0.253,
    "precision_at_10": 0.1092,
    "precision_at_100": 0.02221,
    "precision_at_1000": 0.00349,
    "precision_at_20": 0.07185,
    "precision_at_3": 0.189,
    "precision_at_5": 0.155,
    "recall_at_1": 0.05123,
    "recall_at_10": 0.22155,
    "recall_at_100": 0.45083,
    "recall_at_1000": 0.70752,
    "recall_at_20": 0.29145,
    "recall_at_3": 0.11503,
    "recall_at_5": 0.15737
  }
}