{
  "dataset_revision": "0228b52cf27578f30900b9e5271d331663a030d7",
  "mteb_dataset_name": "SciFact",
  "mteb_version": "1.10.15",
  "test": {
    "evaluation_time": 5.23,
    "map_at_1": 0.55178,
    "map_at_10": 0.6574,
    "map_at_100": 0.66382,
    "map_at_1000": 0.66407,
    "map_at_20": 0.6618,
    "map_at_3": 0.6333,
    "map_at_5": 0.64608,
    "mrr_at_1": 0.57667,
    "mrr_at_10": 0.66461,
    "mrr_at_100": 0.67014,
    "mrr_at_1000": 0.67036,
    "mrr_at_20": 0.66838,
    "mrr_at_3": 0.64722,
    "mrr_at_5": 0.65689,
    "ndcg_at_1": 0.57667,
    "ndcg_at_10": 0.70199,
    "ndcg_at_100": 0.72974,
    "ndcg_at_1000": 0.73516,
    "ndcg_at_20": 0.71622,
    "ndcg_at_3": 0.66042,
    "ndcg_at_5": 0.6787,
    "precision_at_1": 0.57667,
    "precision_at_10": 0.094,
    "precision_at_100": 0.0108,
    "precision_at_1000": 0.00112,
    "precision_at_20": 0.05,
    "precision_at_3": 0.26111,
    "precision_at_5": 0.17,
    "recall_at_1": 0.55178,
    "recall_at_10": 0.82856,
    "recall_at_100": 0.95333,
    "recall_at_1000": 0.99333,
    "recall_at_20": 0.882,
    "recall_at_3": 0.71617,
    "recall_at_5": 0.76261
  },
  "train": {
    "evaluation_time": 6.03,
    "map_at_1": 0.57534,
    "map_at_10": 0.67909,
    "map_at_100": 0.68465,
    "map_at_1000": 0.68489,
    "map_at_20": 0.68243,
    "map_at_3": 0.65441,
    "map_at_5": 0.67115,
    "mrr_at_1": 0.60692,
    "mrr_at_10": 0.69167,
    "mrr_at_100": 0.6961,
    "mrr_at_1000": 0.69632,
    "mrr_at_20": 0.69417,
    "mrr_at_3": 0.67676,
    "mrr_at_5": 0.68659,
    "ndcg_at_1": 0.60692,
    "ndcg_at_10": 0.72059,
    "ndcg_at_100": 0.74622,
    "ndcg_at_1000": 0.75265,
    "ndcg_at_20": 0.73162,
    "ndcg_at_3": 0.68158,
    "ndcg_at_5": 0.70581,
    "precision_at_1": 0.60692,
    "precision_at_10": 0.09431,
    "precision_at_100": 0.01079,
    "precision_at_1000": 0.00113,
    "precision_at_20": 0.04969,
    "precision_at_3": 0.26741,
    "precision_at_5": 0.17651,
    "recall_at_1": 0.57534,
    "recall_at_10": 0.83123,
    "recall_at_100": 0.94891,
    "recall_at_1000": 0.99876,
    "recall_at_20": 0.8733,
    "recall_at_3": 0.73484,
    "recall_at_5": 0.79071
  }
}