{
  "dataset_revision": "bb9466bac8153a0349341eb1b22e06409e78ef4e",
  "mteb_dataset_name": "TRECCOVID",
  "mteb_version": "1.10.15",
  "test": {
    "evaluation_time": 120.13,
    "map_at_1": 0.00245,
    "map_at_10": 0.0177,
    "map_at_100": 0.101,
    "map_at_1000": 0.2733,
    "map_at_20": 0.02993,
    "map_at_3": 0.00666,
    "map_at_5": 0.00993,
    "mrr_at_1": 0.86,
    "mrr_at_10": 0.915,
    "mrr_at_100": 0.915,
    "mrr_at_1000": 0.915,
    "mrr_at_20": 0.915,
    "mrr_at_3": 0.91,
    "mrr_at_5": 0.915,
    "ndcg_at_1": 0.79,
    "ndcg_at_10": 0.69184,
    "ndcg_at_100": 0.53848,
    "ndcg_at_1000": 0.5362,
    "ndcg_at_20": 0.64949,
    "ndcg_at_3": 0.75285,
    "ndcg_at_5": 0.71428,
    "precision_at_1": 0.88,
    "precision_at_10": 0.742,
    "precision_at_100": 0.5552,
    "precision_at_1000": 0.2392,
    "precision_at_20": 0.681,
    "precision_at_3": 0.82667,
    "precision_at_5": 0.772,
    "recall_at_1": 0.00245,
    "recall_at_10": 0.01995,
    "recall_at_100": 0.13893,
    "recall_at_1000": 0.52495,
    "recall_at_20": 0.03542,
    "recall_at_3": 0.00686,
    "recall_at_5": 0.01048
  }
}