{
  "dataset_revision": "bb9466bac8153a0349341eb1b22e06409e78ef4e",
  "mteb_dataset_name": "TRECCOVID",
  "mteb_version": "1.10.13",
  "test": {
    "evaluation_time": 120.12,
    "map_at_1": 0.00238,
    "map_at_10": 0.01684,
    "map_at_100": 0.10455,
    "map_at_1000": 0.28318,
    "map_at_20": 0.03064,
    "map_at_3": 0.00628,
    "map_at_5": 0.0096,
    "mrr_at_1": 0.88,
    "mrr_at_10": 0.93333,
    "mrr_at_100": 0.93333,
    "mrr_at_1000": 0.93333,
    "mrr_at_20": 0.93333,
    "mrr_at_3": 0.93333,
    "mrr_at_5": 0.93333,
    "ndcg_at_1": 0.81,
    "ndcg_at_10": 0.68507,
    "ndcg_at_100": 0.5508,
    "ndcg_at_1000": 0.54303,
    "ndcg_at_20": 0.65765,
    "ndcg_at_3": 0.73704,
    "ndcg_at_5": 0.70837,
    "precision_at_1": 0.88,
    "precision_at_10": 0.728,
    "precision_at_100": 0.573,
    "precision_at_1000": 0.24248,
    "precision_at_20": 0.697,
    "precision_at_3": 0.8,
    "precision_at_5": 0.76,
    "recall_at_1": 0.00238,
    "recall_at_10": 0.01919,
    "recall_at_100": 0.1429,
    "recall_at_1000": 0.53098,
    "recall_at_20": 0.03684,
    "recall_at_3": 0.00653,
    "recall_at_5": 0.01035
  }
}