{
  "dataset_revision": "c22ab2a51041ffd869aaddef7af8d8215647e41a",
  "mteb_dataset_name": "ArguAna",
  "mteb_version": "1.10.15",
  "test": {
    "evaluation_time": 10.22,
    "map_at_1": 0.33713,
    "map_at_10": 0.49439,
    "map_at_100": 0.50172,
    "map_at_1000": 0.50178,
    "map_at_20": 0.50061,
    "map_at_3": 0.44618,
    "map_at_5": 0.47399,
    "mrr_at_1": 0.35349,
    "mrr_at_10": 0.50207,
    "mrr_at_100": 0.50921,
    "mrr_at_1000": 0.50927,
    "mrr_at_20": 0.50812,
    "mrr_at_3": 0.45401,
    "mrr_at_5": 0.48128,
    "ndcg_at_1": 0.33713,
    "ndcg_at_10": 0.58251,
    "ndcg_at_100": 0.61182,
    "ndcg_at_1000": 0.613,
    "ndcg_at_20": 0.60492,
    "ndcg_at_3": 0.48293,
    "ndcg_at_5": 0.53333,
    "precision_at_1": 0.33713,
    "precision_at_10": 0.08642,
    "precision_at_100": 0.00987,
    "precision_at_1000": 0.001,
    "precision_at_20": 0.04762,
    "precision_at_3": 0.19654,
    "precision_at_5": 0.14253,
    "recall_at_1": 0.33713,
    "recall_at_10": 0.86415,
    "recall_at_100": 0.9872,
    "recall_at_1000": 0.99573,
    "recall_at_20": 0.95235,
    "recall_at_3": 0.58962,
    "recall_at_5": 0.71266
  }
}