{
  "dataset_revision": "27a168819829fe9bcd655c2df245fb19452e8e06",
  "dev": {
    "evaluation_time": 35.6,
    "map_at_1": 0.26225,
    "map_at_10": 0.39068,
    "map_at_100": 0.40841,
    "map_at_1000": 0.40984,
    "map_at_20": 0.40057,
    "map_at_3": 0.34153,
    "map_at_5": 0.37013,
    "mrr_at_1": 0.464,
    "mrr_at_10": 0.55001,
    "mrr_at_100": 0.55589,
    "mrr_at_1000": 0.55623,
    "mrr_at_20": 0.55317,
    "mrr_at_3": 0.52733,
    "mrr_at_5": 0.54143,
    "ndcg_at_1": 0.466,
    "ndcg_at_10": 0.47102,
    "ndcg_at_100": 0.52938,
    "ndcg_at_1000": 0.55501,
    "ndcg_at_20": 0.49357,
    "ndcg_at_3": 0.42955,
    "ndcg_at_5": 0.44473,
    "precision_at_1": 0.466,
    "precision_at_10": 0.122,
    "precision_at_100": 0.01846,
    "precision_at_1000": 0.00227,
    "precision_at_20": 0.0716,
    "precision_at_3": 0.26867,
    "precision_at_5": 0.1992,
    "recall_at_1": 0.26225,
    "recall_at_10": 0.5411,
    "recall_at_100": 0.75887,
    "recall_at_1000": 0.92269,
    "recall_at_20": 0.60966,
    "recall_at_3": 0.38325,
    "recall_at_5": 0.45685
  },
  "mteb_dataset_name": "FiQA2018",
  "mteb_version": "1.10.15",
  "test": {
    "evaluation_time": 35.91,
    "map_at_1": 0.21648,
    "map_at_10": 0.35349,
    "map_at_100": 0.37205,
    "map_at_1000": 0.37369,
    "map_at_20": 0.36378,
    "map_at_3": 0.30211,
    "map_at_5": 0.33435,
    "mrr_at_1": 0.43056,
    "mrr_at_10": 0.51811,
    "mrr_at_100": 0.52593,
    "mrr_at_1000": 0.52624,
    "mrr_at_20": 0.52357,
    "mrr_at_3": 0.49203,
    "mrr_at_5": 0.50977,
    "ndcg_at_1": 0.4321,
    "ndcg_at_10": 0.43521,
    "ndcg_at_100": 0.50235,
    "ndcg_at_1000": 0.52917,
    "ndcg_at_20": 0.46186,
    "ndcg_at_3": 0.39065,
    "ndcg_at_5": 0.41347,
    "precision_at_1": 0.4321,
    "precision_at_10": 0.12269,
    "precision_at_100": 0.01915,
    "precision_at_1000": 0.0024,
    "precision_at_20": 0.07238,
    "precision_at_3": 0.26029,
    "precision_at_5": 0.20154,
    "recall_at_1": 0.21648,
    "recall_at_10": 0.50615,
    "recall_at_100": 0.7575,
    "recall_at_1000": 0.91741,
    "recall_at_20": 0.58921,
    "recall_at_3": 0.35014,
    "recall_at_5": 0.43433
  },
  "train": {
    "evaluation_time": 46.29,
    "map_at_1": 0.22653,
    "map_at_10": 0.36261,
    "map_at_100": 0.38108,
    "map_at_1000": 0.38274,
    "map_at_20": 0.37323,
    "map_at_3": 0.31855,
    "map_at_5": 0.34393,
    "mrr_at_1": 0.42673,
    "mrr_at_10": 0.51224,
    "mrr_at_100": 0.5203,
    "mrr_at_1000": 0.52069,
    "mrr_at_20": 0.51741,
    "mrr_at_3": 0.48894,
    "mrr_at_5": 0.50236,
    "ndcg_at_1": 0.42564,
    "ndcg_at_10": 0.43992,
    "ndcg_at_100": 0.50388,
    "ndcg_at_1000": 0.53117,
    "ndcg_at_20": 0.46607,
    "ndcg_at_3": 0.40103,
    "ndcg_at_5": 0.41493,
    "precision_at_1": 0.42564,
    "precision_at_10": 0.11836,
    "precision_at_100": 0.01845,
    "precision_at_1000": 0.00232,
    "precision_at_20": 0.07027,
    "precision_at_3": 0.26285,
    "precision_at_5": 0.19349,
    "recall_at_1": 0.22653,
    "recall_at_10": 0.51024,
    "recall_at_100": 0.74815,
    "recall_at_1000": 0.9131,
    "recall_at_20": 0.59312,
    "recall_at_3": 0.36716,
    "recall_at_5": 0.43119
  }
}