{
  "dataset_revision": "0228b52cf27578f30900b9e5271d331663a030d7",
  "mteb_dataset_name": "SciFact",
  "mteb_version": "1.10.15",
  "test": {
    "evaluation_time": 5.13,
    "map_at_1": 0.55733,
    "map_at_10": 0.63734,
    "map_at_100": 0.64363,
    "map_at_1000": 0.64391,
    "map_at_20": 0.64135,
    "map_at_3": 0.60967,
    "map_at_5": 0.62484,
    "mrr_at_1": 0.58667,
    "mrr_at_10": 0.65257,
    "mrr_at_100": 0.65767,
    "mrr_at_1000": 0.65792,
    "mrr_at_20": 0.65574,
    "mrr_at_3": 0.63556,
    "mrr_at_5": 0.64322,
    "ndcg_at_1": 0.58333,
    "ndcg_at_10": 0.68012,
    "ndcg_at_100": 0.70858,
    "ndcg_at_1000": 0.71575,
    "ndcg_at_20": 0.69308,
    "ndcg_at_3": 0.63241,
    "ndcg_at_5": 0.65312,
    "precision_at_1": 0.58333,
    "precision_at_10": 0.09067,
    "precision_at_100": 0.01057,
    "precision_at_1000": 0.00112,
    "precision_at_20": 0.04817,
    "precision_at_3": 0.24222,
    "precision_at_5": 0.16067,
    "recall_at_1": 0.55733,
    "recall_at_10": 0.79939,
    "recall_at_100": 0.931,
    "recall_at_1000": 0.98667,
    "recall_at_20": 0.84856,
    "recall_at_3": 0.66933,
    "recall_at_5": 0.71883
  },
  "train": {
    "evaluation_time": 5.87,
    "map_at_1": 0.59192,
    "map_at_10": 0.67927,
    "map_at_100": 0.68455,
    "map_at_1000": 0.68483,
    "map_at_20": 0.68246,
    "map_at_3": 0.65664,
    "map_at_5": 0.66971,
    "mrr_at_1": 0.61557,
    "mrr_at_10": 0.68955,
    "mrr_at_100": 0.69341,
    "mrr_at_1000": 0.69364,
    "mrr_at_20": 0.69165,
    "mrr_at_3": 0.67491,
    "mrr_at_5": 0.68245,
    "ndcg_at_1": 0.61805,
    "ndcg_at_10": 0.71751,
    "ndcg_at_100": 0.74139,
    "ndcg_at_1000": 0.74903,
    "ndcg_at_20": 0.72753,
    "ndcg_at_3": 0.67946,
    "ndcg_at_5": 0.69771,
    "precision_at_1": 0.61805,
    "precision_at_10": 0.0932,
    "precision_at_100": 0.01059,
    "precision_at_1000": 0.00113,
    "precision_at_20": 0.04895,
    "precision_at_3": 0.26288,
    "precision_at_5": 0.17058,
    "recall_at_1": 0.59192,
    "recall_at_10": 0.81992,
    "recall_at_100": 0.92995,
    "recall_at_1000": 0.99011,
    "recall_at_20": 0.8574,
    "recall_at_3": 0.72052,
    "recall_at_5": 0.76296
  }
}