{
  "dataset_revision": "bb9466bac8153a0349341eb1b22e06409e78ef4e",
  "mteb_dataset_name": "TRECCOVID",
  "mteb_version": "1.10.15",
  "test": {
    "evaluation_time": 120.25,
    "map_at_1": 0.00251,
    "map_at_10": 0.0212,
    "map_at_100": 0.12998,
    "map_at_1000": 0.32432,
    "map_at_20": 0.03872,
    "map_at_3": 0.00704,
    "map_at_5": 0.01129,
    "mrr_at_1": 0.96,
    "mrr_at_10": 0.98,
    "mrr_at_100": 0.98,
    "mrr_at_1000": 0.98,
    "mrr_at_20": 0.98,
    "mrr_at_3": 0.98,
    "mrr_at_5": 0.98,
    "ndcg_at_1": 0.9,
    "ndcg_at_10": 0.80953,
    "ndcg_at_100": 0.63817,
    "ndcg_at_1000": 0.57843,
    "ndcg_at_20": 0.78145,
    "ndcg_at_3": 0.8605,
    "ndcg_at_5": 0.84343,
    "precision_at_1": 0.96,
    "precision_at_10": 0.856,
    "precision_at_100": 0.659,
    "precision_at_1000": 0.25406,
    "precision_at_20": 0.824,
    "precision_at_3": 0.9,
    "precision_at_5": 0.88,
    "recall_at_1": 0.00251,
    "recall_at_10": 0.02258,
    "recall_at_100": 0.15878,
    "recall_at_1000": 0.55071,
    "recall_at_20": 0.04262,
    "recall_at_3": 0.00719,
    "recall_at_5": 0.01172
  }
}