{
  "dataset_revision": "27a168819829fe9bcd655c2df245fb19452e8e06",
  "dev": {
    "evaluation_time": 34.46,
    "map_at_1": 0.18821,
    "map_at_10": 0.30065,
    "map_at_100": 0.31891,
    "map_at_1000": 0.32069,
    "map_at_20": 0.31106,
    "map_at_3": 0.25848,
    "map_at_5": 0.28409,
    "mrr_at_1": 0.332,
    "mrr_at_10": 0.43121,
    "mrr_at_100": 0.43836,
    "mrr_at_1000": 0.43892,
    "mrr_at_20": 0.43519,
    "mrr_at_3": 0.40433,
    "mrr_at_5": 0.42063,
    "ndcg_at_1": 0.332,
    "ndcg_at_10": 0.37786,
    "ndcg_at_100": 0.44176,
    "ndcg_at_1000": 0.47222,
    "ndcg_at_20": 0.40259,
    "ndcg_at_3": 0.33308,
    "ndcg_at_5": 0.35202,
    "precision_at_1": 0.332,
    "precision_at_10": 0.1058,
    "precision_at_100": 0.01724,
    "precision_at_1000": 0.00222,
    "precision_at_20": 0.0639,
    "precision_at_3": 0.218,
    "precision_at_5": 0.1672,
    "recall_at_1": 0.18821,
    "recall_at_10": 0.46322,
    "recall_at_100": 0.70463,
    "recall_at_1000": 0.89393,
    "recall_at_20": 0.53946,
    "recall_at_3": 0.31299,
    "recall_at_5": 0.38547
  },
  "mteb_dataset_name": "FiQA2018",
  "mteb_version": "1.10.13",
  "test": {
    "evaluation_time": 35.18,
    "map_at_1": 0.17279,
    "map_at_10": 0.28873,
    "map_at_100": 0.30716,
    "map_at_1000": 0.30909,
    "map_at_20": 0.29846,
    "map_at_3": 0.24458,
    "map_at_5": 0.2675,
    "mrr_at_1": 0.36574,
    "mrr_at_10": 0.4506,
    "mrr_at_100": 0.4594,
    "mrr_at_1000": 0.4598,
    "mrr_at_20": 0.45559,
    "mrr_at_3": 0.42413,
    "mrr_at_5": 0.43871,
    "ndcg_at_1": 0.35957,
    "ndcg_at_10": 0.36914,
    "ndcg_at_100": 0.43845,
    "ndcg_at_1000": 0.47138,
    "ndcg_at_20": 0.39409,
    "ndcg_at_3": 0.3243,
    "ndcg_at_5": 0.33784,
    "precision_at_1": 0.35957,
    "precision_at_10": 0.10772,
    "precision_at_100": 0.01773,
    "precision_at_1000": 0.00237,
    "precision_at_20": 0.06427,
    "precision_at_3": 0.21914,
    "precision_at_5": 0.16512,
    "recall_at_1": 0.17279,
    "recall_at_10": 0.44427,
    "recall_at_100": 0.70883,
    "recall_at_1000": 0.9052,
    "recall_at_20": 0.52229,
    "recall_at_3": 0.28831,
    "recall_at_5": 0.3491
  },
  "train": {
    "evaluation_time": 45.76,
    "map_at_1": 0.17391,
    "map_at_10": 0.2888,
    "map_at_100": 0.30743,
    "map_at_1000": 0.30929,
    "map_at_20": 0.29913,
    "map_at_3": 0.24842,
    "map_at_5": 0.27047,
    "mrr_at_1": 0.33691,
    "mrr_at_10": 0.42755,
    "mrr_at_100": 0.43697,
    "mrr_at_1000": 0.43749,
    "mrr_at_20": 0.43343,
    "mrr_at_3": 0.40164,
    "mrr_at_5": 0.41622,
    "ndcg_at_1": 0.33545,
    "ndcg_at_10": 0.3643,
    "ndcg_at_100": 0.434,
    "ndcg_at_1000": 0.46612,
    "ndcg_at_20": 0.39159,
    "ndcg_at_3": 0.32079,
    "ndcg_at_5": 0.33659,
    "precision_at_1": 0.33545,
    "precision_at_10": 0.10145,
    "precision_at_100": 0.01732,
    "precision_at_1000": 0.00228,
    "precision_at_20": 0.0621,
    "precision_at_3": 0.21279,
    "precision_at_5": 0.15924,
    "recall_at_1": 0.17391,
    "recall_at_10": 0.44314,
    "recall_at_100": 0.70543,
    "recall_at_1000": 0.90071,
    "recall_at_20": 0.5294,
    "recall_at_3": 0.29893,
    "recall_at_5": 0.36099
  }
}