{
  "dataset_revision": "ec0fa4fe99da2ff19ca1214b7966684033a58814",
  "mteb_dataset_name": "NFCorpus",
  "mteb_version": "1.10.13",
  "test": {
    "evaluation_time": 4.07,
    "map_at_1": 0.05264,
    "map_at_10": 0.11617,
    "map_at_100": 0.14952,
    "map_at_1000": 0.1644,
    "map_at_20": 0.1294,
    "map_at_3": 0.08427,
    "map_at_5": 0.0995,
    "mrr_at_1": 0.44272,
    "mrr_at_10": 0.53229,
    "mrr_at_100": 0.53802,
    "mrr_at_1000": 0.53855,
    "mrr_at_20": 0.53583,
    "mrr_at_3": 0.51238,
    "mrr_at_5": 0.52384,
    "ndcg_at_1": 0.41641,
    "ndcg_at_10": 0.32876,
    "ndcg_at_100": 0.30505,
    "ndcg_at_1000": 0.39559,
    "ndcg_at_20": 0.30764,
    "ndcg_at_3": 0.38988,
    "ndcg_at_5": 0.36532,
    "precision_at_1": 0.43963,
    "precision_at_10": 0.24551,
    "precision_at_100": 0.07913,
    "precision_at_1000": 0.02099,
    "precision_at_20": 0.18173,
    "precision_at_3": 0.37152,
    "precision_at_5": 0.3195,
    "recall_at_1": 0.05264,
    "recall_at_10": 0.1578,
    "recall_at_100": 0.3164,
    "recall_at_1000": 0.64479,
    "recall_at_20": 0.2018,
    "recall_at_3": 0.09623,
    "recall_at_5": 0.12382
  }
}