{
  "dataset_revision": "f8c2fcf00f625baaa80f62ec5bd9e1fff3b8ae88",
  "mteb_dataset_name": "SCIDOCS",
  "mteb_version": "1.10.13",
  "test": {
    "evaluation_time": 20.01,
    "map_at_1": 0.04813,
    "map_at_10": 0.12058,
    "map_at_100": 0.14186,
    "map_at_1000": 0.14487,
    "map_at_20": 0.13108,
    "map_at_3": 0.0861,
    "map_at_5": 0.10397,
    "mrr_at_1": 0.24,
    "mrr_at_10": 0.3431,
    "mrr_at_100": 0.35404,
    "mrr_at_1000": 0.35464,
    "mrr_at_20": 0.34947,
    "mrr_at_3": 0.31133,
    "mrr_at_5": 0.32878,
    "ndcg_at_1": 0.237,
    "ndcg_at_10": 0.20168,
    "ndcg_at_100": 0.28185,
    "ndcg_at_1000": 0.33539,
    "ndcg_at_20": 0.22951,
    "ndcg_at_3": 0.19165,
    "ndcg_at_5": 0.16839,
    "precision_at_1": 0.237,
    "precision_at_10": 0.1043,
    "precision_at_100": 0.022,
    "precision_at_1000": 0.00349,
    "precision_at_20": 0.0683,
    "precision_at_3": 0.17833,
    "precision_at_5": 0.1478,
    "recall_at_1": 0.04813,
    "recall_at_10": 0.21133,
    "recall_at_100": 0.4459,
    "recall_at_1000": 0.70817,
    "recall_at_20": 0.27658,
    "recall_at_3": 0.10863,
    "recall_at_5": 0.14988
  }
}