{
  "dataset_revision": "47f2ac6acb640fc46020b02a5b59fdda04d39380",
  "mteb_dataset_name": "ClimateFEVER",
  "mteb_version": "1.2.0",
  "test": {
    "evaluation_time": 489.0,
    "map_at_1": 0.0648,
    "map_at_10": 0.11117,
    "map_at_100": 0.12433,
    "map_at_1000": 0.1262,
    "map_at_3": 0.09129,
    "map_at_5": 0.10045,
    "mrr_at_1": 0.15049,
    "mrr_at_10": 0.22748,
    "mrr_at_100": 0.23875,
    "mrr_at_1000": 0.23947,
    "mrr_at_3": 0.19837,
    "mrr_at_5": 0.21264,
    "ndcg_at_1": 0.15049,
    "ndcg_at_10": 0.16665,
    "ndcg_at_100": 0.23026,
    "ndcg_at_1000": 0.26908,
    "ndcg_at_3": 0.12807,
    "ndcg_at_5": 0.13985,
    "precision_at_1": 0.15049,
    "precision_at_10": 0.05336,
    "precision_at_100": 0.01214,
    "precision_at_1000": 0.00192,
    "precision_at_3": 0.09316,
    "precision_at_5": 0.07362,
    "recall_at_1": 0.0648,
    "recall_at_10": 0.21383,
    "recall_at_100": 0.44242,
    "recall_at_1000": 0.66489,
    "recall_at_3": 0.1199,
    "recall_at_5": 0.15156
  }
}