{
  "dataset_revision": "90fceea13679c63fe563ded68f3b6f06e50061de",
  "mteb_dataset_name": "CQADupstackMathematicaRetrieval",
  "mteb_version": "1.2.0",
  "test": {
    "evaluation_time": 14.65,
    "map_at_1": 0.16084,
    "map_at_10": 0.22001,
    "map_at_100": 0.22957,
    "map_at_1000": 0.23091,
    "map_at_3": 0.20193,
    "map_at_5": 0.21171,
    "mrr_at_1": 0.20522,
    "mrr_at_10": 0.26833,
    "mrr_at_100": 0.27703,
    "mrr_at_1000": 0.27793,
    "mrr_at_3": 0.24834,
    "mrr_at_5": 0.25966,
    "ndcg_at_1": 0.20522,
    "ndcg_at_10": 0.26207,
    "ndcg_at_100": 0.31213,
    "ndcg_at_1000": 0.34483,
    "ndcg_at_3": 0.22851,
    "ndcg_at_5": 0.24376,
    "precision_at_1": 0.20522,
    "precision_at_10": 0.04664,
    "precision_at_100": 0.00837,
    "precision_at_1000": 0.00126,
    "precision_at_3": 0.10614,
    "precision_at_5": 0.07637,
    "recall_at_1": 0.16084,
    "recall_at_10": 0.34671,
    "recall_at_100": 0.57023,
    "recall_at_1000": 0.80405,
    "recall_at_3": 0.25168,
    "recall_at_5": 0.2907
  }
}