{
  "dataset_revision": "79531abbd1fb92d06c6d6315a0cbbbf5bb247ea4",
  "mteb_dataset_name": "CQADupstackPhysicsRetrieval",
  "mteb_version": "1.2.0",
  "test": {
    "evaluation_time": 15.22,
    "map_at_1": 0.28845,
    "map_at_10": 0.37853,
    "map_at_100": 0.39074,
    "map_at_1000": 0.39182,
    "map_at_3": 0.35073,
    "map_at_5": 0.36777,
    "mrr_at_1": 0.3513,
    "mrr_at_10": 0.43522,
    "mrr_at_100": 0.44348,
    "mrr_at_1000": 0.44398,
    "mrr_at_3": 0.41338,
    "mrr_at_5": 0.42652,
    "ndcg_at_1": 0.3513,
    "ndcg_at_10": 0.43128,
    "ndcg_at_100": 0.4844,
    "ndcg_at_1000": 0.50642,
    "ndcg_at_3": 0.38826,
    "ndcg_at_5": 0.41065,
    "precision_at_1": 0.3513,
    "precision_at_10": 0.07536,
    "precision_at_100": 0.01187,
    "precision_at_1000": 0.00155,
    "precision_at_3": 0.17934,
    "precision_at_5": 0.12743,
    "recall_at_1": 0.28845,
    "recall_at_10": 0.53283,
    "recall_at_100": 0.75862,
    "recall_at_1000": 0.90711,
    "recall_at_3": 0.41182,
    "recall_at_5": 0.47053
  }
}