{
  "dataset_revision": "6c6430d3a6d36f8d2a829195bc5dc94d7e063e53",
  "mteb_dataset_name": "CQADupstackUnixRetrieval",
  "mteb_version": "1.2.0",
  "test": {
    "evaluation_time": 20.17,
    "map_at_1": 0.24357,
    "map_at_10": 0.31755,
    "map_at_100": 0.32682,
    "map_at_1000": 0.32784,
    "map_at_3": 0.29434,
    "map_at_5": 0.30734,
    "mrr_at_1": 0.28731,
    "mrr_at_10": 0.35863,
    "mrr_at_100": 0.36656,
    "mrr_at_1000": 0.36721,
    "mrr_at_3": 0.33706,
    "mrr_at_5": 0.34905,
    "ndcg_at_1": 0.28731,
    "ndcg_at_10": 0.36402,
    "ndcg_at_100": 0.41092,
    "ndcg_at_1000": 0.43585,
    "ndcg_at_3": 0.32187,
    "ndcg_at_5": 0.34076,
    "precision_at_1": 0.28731,
    "precision_at_10": 0.0597,
    "precision_at_100": 0.00937,
    "precision_at_1000": 0.00126,
    "precision_at_3": 0.14366,
    "precision_at_5": 0.09981,
    "recall_at_1": 0.24357,
    "recall_at_10": 0.46586,
    "recall_at_100": 0.67688,
    "recall_at_1000": 0.85431,
    "recall_at_3": 0.34912,
    "recall_at_5": 0.39695
  }
}