{
  "dataset_revision": "160c094312a0e1facb97e55eeddb698c0abe3571",
  "mteb_dataset_name": "CQADupstackWebmastersRetrieval",
  "mteb_version": "1.2.0",
  "test": {
    "evaluation_time": 10.52,
    "map_at_1": 0.27984,
    "map_at_10": 0.34971,
    "map_at_100": 0.36272,
    "map_at_1000": 0.36487,
    "map_at_3": 0.32682,
    "map_at_5": 0.33873,
    "mrr_at_1": 0.33597,
    "mrr_at_10": 0.39325,
    "mrr_at_100": 0.40184,
    "mrr_at_1000": 0.40249,
    "mrr_at_3": 0.37319,
    "mrr_at_5": 0.38485,
    "ndcg_at_1": 0.33597,
    "ndcg_at_10": 0.39525,
    "ndcg_at_100": 0.44591,
    "ndcg_at_1000": 0.47504,
    "ndcg_at_3": 0.36061,
    "ndcg_at_5": 0.37545,
    "precision_at_1": 0.33597,
    "precision_at_10": 0.07115,
    "precision_at_100": 0.01409,
    "precision_at_1000": 0.00229,
    "precision_at_3": 0.16206,
    "precision_at_5": 0.11383,
    "recall_at_1": 0.27984,
    "recall_at_10": 0.46984,
    "recall_at_100": 0.70803,
    "recall_at_1000": 0.89909,
    "recall_at_3": 0.36476,
    "recall_at_5": 0.41062
  }
}