{
  "dataset_revision": "ad9991cb51e31e31e430383c75ffb2885547b5f0",
  "mteb_dataset_name": "CQADupstackEnglishRetrieval",
  "mteb_version": "1.2.0",
  "test": {
    "evaluation_time": 13.24,
    "map_at_1": 0.29148,
    "map_at_10": 0.38276,
    "map_at_100": 0.39478,
    "map_at_1000": 0.39597,
    "map_at_3": 0.35658,
    "map_at_5": 0.37111,
    "mrr_at_1": 0.37006,
    "mrr_at_10": 0.44351,
    "mrr_at_100": 0.45064,
    "mrr_at_1000": 0.45108,
    "mrr_at_3": 0.4241,
    "mrr_at_5": 0.43477,
    "ndcg_at_1": 0.36943,
    "ndcg_at_10": 0.43528,
    "ndcg_at_100": 0.47932,
    "ndcg_at_1000": 0.49979,
    "ndcg_at_3": 0.40016,
    "ndcg_at_5": 0.41532,
    "precision_at_1": 0.36943,
    "precision_at_10": 0.08197,
    "precision_at_100": 0.01325,
    "precision_at_1000": 0.00177,
    "precision_at_3": 0.19342,
    "precision_at_5": 0.13592,
    "recall_at_1": 0.29148,
    "recall_at_10": 0.52201,
    "recall_at_100": 0.70993,
    "recall_at_1000": 0.8426,
    "recall_at_3": 0.41258,
    "recall_at_5": 0.45848
  }
}