{
  "dataset_revision": "46989137a86843e03a6195de44b09deda022eec7",
  "mteb_dataset_name": "CQADupstackTexRetrieval",
  "mteb_version": "1.2.0",
  "test": {
    "evaluation_time": 28.21,
    "map_at_1": 0.1735,
    "map_at_10": 0.22955,
    "map_at_100": 0.23851,
    "map_at_1000": 0.23969,
    "map_at_3": 0.21276,
    "map_at_5": 0.2215,
    "mrr_at_1": 0.20785,
    "mrr_at_10": 0.26622,
    "mrr_at_100": 0.27464,
    "mrr_at_1000": 0.2754,
    "mrr_at_3": 0.24943,
    "mrr_at_5": 0.25865,
    "ndcg_at_1": 0.20785,
    "ndcg_at_10": 0.26666,
    "ndcg_at_100": 0.31196,
    "ndcg_at_1000": 0.34079,
    "ndcg_at_3": 0.2358,
    "ndcg_at_5": 0.249,
    "precision_at_1": 0.20785,
    "precision_at_10": 0.04577,
    "precision_at_100": 0.00803,
    "precision_at_1000": 0.00121,
    "precision_at_3": 0.10771,
    "precision_at_5": 0.07543,
    "recall_at_1": 0.1735,
    "recall_at_10": 0.34234,
    "recall_at_100": 0.54794,
    "recall_at_1000": 0.756,
    "recall_at_3": 0.25465,
    "recall_at_5": 0.28974
  }
}