{
  "dataset_revision": "5003b3064772da1887988e05400cf3806fe491f2",
  "mteb_dataset_name": "CQADupstackGisRetrieval",
  "mteb_version": "1.2.0",
  "test": {
    "evaluation_time": 17.41,
    "map_at_1": 0.22942,
    "map_at_10": 0.30789,
    "map_at_100": 0.31803,
    "map_at_1000": 0.31881,
    "map_at_3": 0.2863,
    "map_at_5": 0.29811,
    "mrr_at_1": 0.25085,
    "mrr_at_10": 0.32859,
    "mrr_at_100": 0.33769,
    "mrr_at_1000": 0.3383,
    "mrr_at_3": 0.30697,
    "mrr_at_5": 0.31945,
    "ndcg_at_1": 0.25085,
    "ndcg_at_10": 0.3512,
    "ndcg_at_100": 0.40159,
    "ndcg_at_1000": 0.42341,
    "ndcg_at_3": 0.30844,
    "ndcg_at_5": 0.32892,
    "precision_at_1": 0.25085,
    "precision_at_10": 0.05311,
    "precision_at_100": 0.00825,
    "precision_at_1000": 0.00104,
    "precision_at_3": 0.13107,
    "precision_at_5": 0.0904,
    "recall_at_1": 0.22942,
    "recall_at_10": 0.46485,
    "recall_at_100": 0.69797,
    "recall_at_1000": 0.86649,
    "recall_at_3": 0.35008,
    "recall_at_5": 0.39902
  }
}