{
  "dataset_revision": "4ffe81d471b1924886b33c7567bfb200e9eec5c4",
  "mteb_dataset_name": "CQADupstackWordpressRetrieval",
  "mteb_version": "1.2.0",
  "test": {
    "evaluation_time": 18.99,
    "map_at_1": 0.19045,
    "map_at_10": 0.26264,
    "map_at_100": 0.27094,
    "map_at_1000": 0.27205,
    "map_at_3": 0.24176,
    "map_at_5": 0.25224,
    "mrr_at_1": 0.21257,
    "mrr_at_10": 0.28605,
    "mrr_at_100": 0.29332,
    "mrr_at_1000": 0.29421,
    "mrr_at_3": 0.26525,
    "mrr_at_5": 0.27616,
    "ndcg_at_1": 0.21072,
    "ndcg_at_10": 0.3063,
    "ndcg_at_100": 0.34911,
    "ndcg_at_1000": 0.3778,
    "ndcg_at_3": 0.26473,
    "ndcg_at_5": 0.28214,
    "precision_at_1": 0.21072,
    "precision_at_10": 0.04861,
    "precision_at_100": 0.00754,
    "precision_at_1000": 0.0011,
    "precision_at_3": 0.11707,
    "precision_at_5": 0.08059,
    "recall_at_1": 0.19045,
    "recall_at_10": 0.41999,
    "recall_at_100": 0.62031,
    "recall_at_1000": 0.83426,
    "recall_at_3": 0.30459,
    "recall_at_5": 0.34661
  }
}