{
  "dataset_revision": "65ac3a16b8e91f9cee4c9828cc7c335575432a2a",
  "mteb_dataset_name": "CQADupstackStatsRetrieval",
  "mteb_version": "1.2.0",
  "test": {
    "evaluation_time": 16.69,
    "map_at_1": 0.24493,
    "map_at_10": 0.3111,
    "map_at_100": 0.31918,
    "map_at_1000": 0.32006,
    "map_at_3": 0.29546,
    "map_at_5": 0.30316,
    "mrr_at_1": 0.27301,
    "mrr_at_10": 0.33654,
    "mrr_at_100": 0.34398,
    "mrr_at_1000": 0.34457,
    "mrr_at_3": 0.32055,
    "mrr_at_5": 0.32837,
    "ndcg_at_1": 0.27301,
    "ndcg_at_10": 0.34862,
    "ndcg_at_100": 0.38911,
    "ndcg_at_1000": 0.41138,
    "ndcg_at_3": 0.31857,
    "ndcg_at_5": 0.33021,
    "precision_at_1": 0.27301,
    "precision_at_10": 0.05245,
    "precision_at_100": 0.00788,
    "precision_at_1000": 0.00105,
    "precision_at_3": 0.1365,
    "precision_at_5": 0.09018,
    "recall_at_1": 0.24493,
    "recall_at_10": 0.43934,
    "recall_at_100": 0.62214,
    "recall_at_1000": 0.78678,
    "recall_at_3": 0.35286,
    "recall_at_5": 0.38363
  }
}