{
  "dataset_revision": "6184bc1440d2dbc7612be22b50686b8826d22b32",
  "mteb_dataset_name": "CQADupstackProgrammersRetrieval",
  "mteb_version": "1.2.0",
  "test": {
    "evaluation_time": 14.73,
    "map_at_1": 0.25645,
    "map_at_10": 0.34677,
    "map_at_100": 0.35733,
    "map_at_1000": 0.35848,
    "map_at_3": 0.31982,
    "map_at_5": 0.33412,
    "mrr_at_1": 0.31621,
    "mrr_at_10": 0.39599,
    "mrr_at_100": 0.40389,
    "mrr_at_1000": 0.40451,
    "mrr_at_3": 0.3731,
    "mrr_at_5": 0.38486,
    "ndcg_at_1": 0.31735,
    "ndcg_at_10": 0.39827,
    "ndcg_at_100": 0.44678,
    "ndcg_at_1000": 0.47198,
    "ndcg_at_3": 0.35503,
    "ndcg_at_5": 0.3728,
    "precision_at_1": 0.31735,
    "precision_at_10": 0.07089,
    "precision_at_100": 0.01107,
    "precision_at_1000": 0.0015,
    "precision_at_3": 0.16819,
    "precision_at_5": 0.11712,
    "recall_at_1": 0.25645,
    "recall_at_10": 0.50381,
    "recall_at_100": 0.71569,
    "recall_at_1000": 0.8883,
    "recall_at_3": 0.38092,
    "recall_at_5": 0.4297
  }
}