{
  "dataset_revision": "c0f706b76e590d620bd6618b3ca8efdd34e2d659",
  "dev": {
    "evaluation_time": 375.32,
    "map_at_1": 0.08469,
    "map_at_10": 0.17701,
    "map_at_100": 0.25192,
    "map_at_1000": 0.26547,
    "map_at_3": 0.12363,
    "map_at_5": 0.14537,
    "mrr_at_1": 0.59701,
    "mrr_at_10": 0.68201,
    "mrr_at_100": 0.68902,
    "mrr_at_1000": 0.68913,
    "mrr_at_3": 0.66915,
    "mrr_at_5": 0.68035,
    "ndcg_at_1": 0.5,
    "ndcg_at_10": 0.3783,
    "ndcg_at_100": 0.44056,
    "ndcg_at_1000": 0.5108,
    "ndcg_at_3": 0.42084,
    "ndcg_at_5": 0.40118,
    "precision_at_1": 0.59701,
    "precision_at_10": 0.29701,
    "precision_at_100": 0.08731,
    "precision_at_1000": 0.01485,
    "precision_at_3": 0.42289,
    "precision_at_5": 0.37015,
    "recall_at_1": 0.08469,
    "recall_at_10": 0.22791,
    "recall_at_100": 0.52222,
    "recall_at_1000": 0.73937,
    "recall_at_3": 0.13577,
    "recall_at_5": 0.17259
  },
  "mteb_dataset_name": "DBPedia",
  "mteb_version": "1.2.0",
  "test": {
    "evaluation_time": 387.73,
    "map_at_1": 0.06963,
    "map_at_10": 0.1513,
    "map_at_100": 0.20764,
    "map_at_1000": 0.21906,
    "map_at_3": 0.10937,
    "map_at_5": 0.1282,
    "mrr_at_1": 0.5275,
    "mrr_at_10": 0.62817,
    "mrr_at_100": 0.63279,
    "mrr_at_1000": 0.63297,
    "mrr_at_3": 0.60375,
    "mrr_at_5": 0.61938,
    "ndcg_at_1": 0.41375,
    "ndcg_at_10": 0.32632,
    "ndcg_at_100": 0.36788,
    "ndcg_at_1000": 0.43688,
    "ndcg_at_3": 0.3546,
    "ndcg_at_5": 0.33915,
    "precision_at_1": 0.5275,
    "precision_at_10": 0.25725,
    "precision_at_100": 0.0814,
    "precision_at_1000": 0.01597,
    "precision_at_3": 0.39083,
    "precision_at_5": 0.3335,
    "recall_at_1": 0.06963,
    "recall_at_10": 0.21003,
    "recall_at_100": 0.43317,
    "recall_at_1000": 0.65524,
    "recall_at_3": 0.12423,
    "recall_at_5": 0.15866
  }
}