{
  "dataset_revision": "47f2ac6acb640fc46020b02a5b59fdda04d39380",
  "mteb_dataset_name": "ClimateFEVER",
  "mteb_version": "1.10.15",
  "test": {
    "evaluation_time": 394.96,
    "map_at_1": 0.07269,
    "map_at_10": 0.12504,
    "map_at_100": 0.13841,
    "map_at_1000": 0.14013,
    "map_at_20": 0.13188,
    "map_at_3": 0.10249,
    "map_at_5": 0.11404,
    "mrr_at_1": 0.15635,
    "mrr_at_10": 0.24636,
    "mrr_at_100": 0.25822,
    "mrr_at_1000": 0.25883,
    "mrr_at_20": 0.25377,
    "mrr_at_3": 0.21607,
    "mrr_at_5": 0.23395,
    "ndcg_at_1": 0.1557,
    "ndcg_at_10": 0.1841,
    "ndcg_at_100": 0.24817,
    "ndcg_at_1000": 0.28385,
    "ndcg_at_20": 0.20736,
    "ndcg_at_3": 0.14298,
    "ndcg_at_5": 0.15894,
    "precision_at_1": 0.1557,
    "precision_at_10": 0.05909,
    "precision_at_100": 0.01268,
    "precision_at_1000": 0.00193,
    "precision_at_20": 0.03928,
    "precision_at_3": 0.10532,
    "precision_at_5": 0.0856,
    "recall_at_1": 0.07269,
    "recall_at_10": 0.23255,
    "recall_at_100": 0.46243,
    "recall_at_1000": 0.66764,
    "recall_at_20": 0.29946,
    "recall_at_3": 0.13654,
    "recall_at_5": 0.17572
  }
}