{
  "dataset_revision": "79531abbd1fb92d06c6d6315a0cbbbf5bb247ea4",
  "mteb_dataset_name": "CQADupstackPhysicsRetrieval",
  "mteb_version": "1.10.15",
  "test": {
    "evaluation_time": 16.67,
    "map_at_1": 0.31542,
    "map_at_10": 0.41616,
    "map_at_100": 0.42936,
    "map_at_1000": 0.43049,
    "map_at_20": 0.42348,
    "map_at_3": 0.38534,
    "map_at_5": 0.40328,
    "mrr_at_1": 0.38402,
    "mrr_at_10": 0.47148,
    "mrr_at_100": 0.48031,
    "mrr_at_1000": 0.48083,
    "mrr_at_20": 0.47715,
    "mrr_at_3": 0.44739,
    "mrr_at_5": 0.46274,
    "ndcg_at_1": 0.38402,
    "ndcg_at_10": 0.47167,
    "ndcg_at_100": 0.52485,
    "ndcg_at_1000": 0.54565,
    "ndcg_at_20": 0.49395,
    "ndcg_at_3": 0.42426,
    "ndcg_at_5": 0.44848,
    "precision_at_1": 0.38402,
    "precision_at_10": 0.08239,
    "precision_at_100": 0.01254,
    "precision_at_1000": 0.00161,
    "precision_at_20": 0.04856,
    "precision_at_3": 0.19634,
    "precision_at_5": 0.13936,
    "recall_at_1": 0.31542,
    "recall_at_10": 0.58091,
    "recall_at_100": 0.79789,
    "recall_at_1000": 0.93281,
    "recall_at_20": 0.65707,
    "recall_at_3": 0.45058,
    "recall_at_5": 0.51207
  }
}