{
  "dataset_revision": "ad9991cb51e31e31e430383c75ffb2885547b5f0",
  "mteb_dataset_name": "CQADupstackEnglishRetrieval",
  "mteb_version": "1.10.15",
  "test": {
    "evaluation_time": 17.14,
    "map_at_1": 0.33955,
    "map_at_10": 0.44553,
    "map_at_100": 0.45697,
    "map_at_1000": 0.45816,
    "map_at_20": 0.45144,
    "map_at_3": 0.4158,
    "map_at_5": 0.43299,
    "mrr_at_1": 0.42357,
    "mrr_at_10": 0.50579,
    "mrr_at_100": 0.5109,
    "mrr_at_1000": 0.5113,
    "mrr_at_20": 0.50842,
    "mrr_at_3": 0.48471,
    "mrr_at_5": 0.4971,
    "ndcg_at_1": 0.4242,
    "ndcg_at_10": 0.50173,
    "ndcg_at_100": 0.53975,
    "ndcg_at_1000": 0.55881,
    "ndcg_at_20": 0.51462,
    "ndcg_at_3": 0.4624,
    "ndcg_at_5": 0.48085,
    "precision_at_1": 0.4242,
    "precision_at_10": 0.09287,
    "precision_at_100": 0.01436,
    "precision_at_1000": 0.00188,
    "precision_at_20": 0.05366,
    "precision_at_3": 0.22272,
    "precision_at_5": 0.15669,
    "recall_at_1": 0.33955,
    "recall_at_10": 0.59762,
    "recall_at_100": 0.7594,
    "recall_at_1000": 0.88099,
    "recall_at_20": 0.64366,
    "recall_at_3": 0.47559,
    "recall_at_5": 0.52968
  }
}