{
  "dataset_revision": "46989137a86843e03a6195de44b09deda022eec7",
  "mteb_dataset_name": "CQADupstackTexRetrieval",
  "mteb_version": "1.10.15",
  "test": {
    "evaluation_time": 26.06,
    "map_at_1": 0.18474,
    "map_at_10": 0.25665,
    "map_at_100": 0.26653,
    "map_at_1000": 0.26774,
    "map_at_20": 0.26179,
    "map_at_3": 0.23465,
    "map_at_5": 0.24738,
    "mrr_at_1": 0.22368,
    "mrr_at_10": 0.29571,
    "mrr_at_100": 0.30395,
    "mrr_at_1000": 0.30471,
    "mrr_at_20": 0.30014,
    "mrr_at_3": 0.27472,
    "mrr_at_5": 0.2874,
    "ndcg_at_1": 0.22333,
    "ndcg_at_10": 0.30168,
    "ndcg_at_100": 0.34959,
    "ndcg_at_1000": 0.37851,
    "ndcg_at_20": 0.31878,
    "ndcg_at_3": 0.26274,
    "ndcg_at_5": 0.28187,
    "precision_at_1": 0.22333,
    "precision_at_10": 0.05365,
    "precision_at_100": 0.00912,
    "precision_at_1000": 0.00133,
    "precision_at_20": 0.0318,
    "precision_at_3": 0.12308,
    "precision_at_5": 0.08809,
    "recall_at_1": 0.18474,
    "recall_at_10": 0.39773,
    "recall_at_100": 0.61432,
    "recall_at_1000": 0.82147,
    "recall_at_20": 0.46198,
    "recall_at_3": 0.2889,
    "recall_at_5": 0.3385
  }
}