{
  "dataset_revision": "6c6430d3a6d36f8d2a829195bc5dc94d7e063e53",
  "mteb_dataset_name": "CQADupstackUnixRetrieval",
  "mteb_version": "1.10.15",
  "test": {
    "evaluation_time": 18.82,
    "map_at_1": 0.28678,
    "map_at_10": 0.36931,
    "map_at_100": 0.3808,
    "map_at_1000": 0.38181,
    "map_at_20": 0.37565,
    "map_at_3": 0.34632,
    "map_at_5": 0.36037,
    "mrr_at_1": 0.33955,
    "mrr_at_10": 0.41514,
    "mrr_at_100": 0.42373,
    "mrr_at_1000": 0.42436,
    "mrr_at_20": 0.42012,
    "mrr_at_3": 0.39397,
    "mrr_at_5": 0.40642,
    "ndcg_at_1": 0.33955,
    "ndcg_at_10": 0.41681,
    "ndcg_at_100": 0.46894,
    "ndcg_at_1000": 0.49144,
    "ndcg_at_20": 0.43734,
    "ndcg_at_3": 0.3772,
    "ndcg_at_5": 0.3972,
    "precision_at_1": 0.33955,
    "precision_at_10": 0.06698,
    "precision_at_100": 0.01044,
    "precision_at_1000": 0.00134,
    "precision_at_20": 0.03927,
    "precision_at_3": 0.16791,
    "precision_at_5": 0.11642,
    "recall_at_1": 0.28678,
    "recall_at_10": 0.51544,
    "recall_at_100": 0.74157,
    "recall_at_1000": 0.89791,
    "recall_at_20": 0.58906,
    "recall_at_3": 0.40632,
    "recall_at_5": 0.45869
  }
}