{
  "dataset_revision": "4885aa143210c98657558c04aaf3dc47cfb54340",
  "mteb_dataset_name": "CQADupstackGamingRetrieval",
  "mteb_version": "1.10.15",
  "test": {
    "evaluation_time": 25.51,
    "map_at_1": 0.44001,
    "map_at_10": 0.56427,
    "map_at_100": 0.57368,
    "map_at_1000": 0.57415,
    "map_at_20": 0.56982,
    "map_at_3": 0.53311,
    "map_at_5": 0.54987,
    "mrr_at_1": 0.50031,
    "mrr_at_10": 0.5961,
    "mrr_at_100": 0.60238,
    "mrr_at_1000": 0.6026,
    "mrr_at_20": 0.6,
    "mrr_at_3": 0.57492,
    "mrr_at_5": 0.5869,
    "ndcg_at_1": 0.50094,
    "ndcg_at_10": 0.61885,
    "ndcg_at_100": 0.65574,
    "ndcg_at_1000": 0.66537,
    "ndcg_at_20": 0.63485,
    "ndcg_at_3": 0.56889,
    "ndcg_at_5": 0.59172,
    "precision_at_1": 0.50094,
    "precision_at_10": 0.09749,
    "precision_at_100": 0.01252,
    "precision_at_1000": 0.00137,
    "precision_at_20": 0.05392,
    "precision_at_3": 0.25037,
    "precision_at_5": 0.16903,
    "recall_at_1": 0.44001,
    "recall_at_10": 0.74706,
    "recall_at_100": 0.905,
    "recall_at_1000": 0.97416,
    "recall_at_20": 0.80606,
    "recall_at_3": 0.61308,
    "recall_at_5": 0.66861
  }
}