{
  "dataset_revision": "65ac3a16b8e91f9cee4c9828cc7c335575432a2a",
  "mteb_dataset_name": "CQADupstackStatsRetrieval",
  "mteb_version": "1.10.15",
  "test": {
    "evaluation_time": 18.34,
    "map_at_1": 0.25979,
    "map_at_10": 0.33033,
    "map_at_100": 0.33845,
    "map_at_1000": 0.33933,
    "map_at_20": 0.33467,
    "map_at_3": 0.30633,
    "map_at_5": 0.32129,
    "mrr_at_1": 0.28834,
    "mrr_at_10": 0.3568,
    "mrr_at_100": 0.36384,
    "mrr_at_1000": 0.36445,
    "mrr_at_20": 0.36063,
    "mrr_at_3": 0.33308,
    "mrr_at_5": 0.3488,
    "ndcg_at_1": 0.28988,
    "ndcg_at_10": 0.37314,
    "ndcg_at_100": 0.41391,
    "ndcg_at_1000": 0.43702,
    "ndcg_at_20": 0.3879,
    "ndcg_at_3": 0.32817,
    "ndcg_at_5": 0.35308,
    "precision_at_1": 0.28988,
    "precision_at_10": 0.05752,
    "precision_at_100": 0.00853,
    "precision_at_1000": 0.00113,
    "precision_at_20": 0.03275,
    "precision_at_3": 0.13753,
    "precision_at_5": 0.09877,
    "recall_at_1": 0.25979,
    "recall_at_10": 0.47884,
    "recall_at_100": 0.66448,
    "recall_at_1000": 0.83629,
    "recall_at_20": 0.53355,
    "recall_at_3": 0.35715,
    "recall_at_5": 0.4169
  }
}