{
  "dataset_revision": "90fceea13679c63fe563ded68f3b6f06e50061de",
  "mteb_dataset_name": "CQADupstackMathematicaRetrieval",
  "mteb_version": "1.10.15",
  "test": {
    "evaluation_time": 15.65,
    "map_at_1": 0.16915,
    "map_at_10": 0.24383,
    "map_at_100": 0.25589,
    "map_at_1000": 0.25699,
    "map_at_20": 0.25031,
    "map_at_3": 0.22205,
    "map_at_5": 0.23543,
    "mrr_at_1": 0.20647,
    "mrr_at_10": 0.28401,
    "mrr_at_100": 0.29464,
    "mrr_at_1000": 0.29527,
    "mrr_at_20": 0.29068,
    "mrr_at_3": 0.26244,
    "mrr_at_5": 0.27531,
    "ndcg_at_1": 0.20647,
    "ndcg_at_10": 0.2895,
    "ndcg_at_100": 0.34799,
    "ndcg_at_1000": 0.37556,
    "ndcg_at_20": 0.3126,
    "ndcg_at_3": 0.25074,
    "ndcg_at_5": 0.27065,
    "precision_at_1": 0.20647,
    "precision_at_10": 0.05249,
    "precision_at_100": 0.00949,
    "precision_at_1000": 0.00133,
    "precision_at_20": 0.03271,
    "precision_at_3": 0.12106,
    "precision_at_5": 0.08781,
    "recall_at_1": 0.16915,
    "recall_at_10": 0.38961,
    "recall_at_100": 0.64336,
    "recall_at_1000": 0.84164,
    "recall_at_20": 0.47239,
    "recall_at_3": 0.28107,
    "recall_at_5": 0.33248
  }
}