{
  "dataset_revision": "f46a197baaae43b4f621051089b82a364682dfeb",
  "mteb_dataset_name": "CQADupstackAndroidRetrieval",
  "mteb_version": "1.10.15",
  "test": {
    "evaluation_time": 13.93,
    "map_at_1": 0.34789,
    "map_at_10": 0.4546,
    "map_at_100": 0.46946,
    "map_at_1000": 0.47061,
    "map_at_20": 0.4629,
    "map_at_3": 0.42136,
    "map_at_5": 0.43992,
    "mrr_at_1": 0.42918,
    "mrr_at_10": 0.51711,
    "mrr_at_100": 0.52461,
    "mrr_at_1000": 0.5249,
    "mrr_at_20": 0.52116,
    "mrr_at_3": 0.49452,
    "mrr_at_5": 0.50732,
    "ndcg_at_1": 0.42918,
    "ndcg_at_10": 0.51442,
    "ndcg_at_100": 0.56805,
    "ndcg_at_1000": 0.58485,
    "ndcg_at_20": 0.53427,
    "ndcg_at_3": 0.46987,
    "ndcg_at_5": 0.4899,
    "precision_at_1": 0.42918,
    "precision_at_10": 0.09585,
    "precision_at_100": 0.01515,
    "precision_at_1000": 0.00194,
    "precision_at_20": 0.05651,
    "precision_at_3": 0.22461,
    "precision_at_5": 0.15966,
    "recall_at_1": 0.34789,
    "recall_at_10": 0.62166,
    "recall_at_100": 0.84753,
    "recall_at_1000": 0.95323,
    "recall_at_20": 0.69103,
    "recall_at_3": 0.48507,
    "recall_at_5": 0.54572
  }
}