{
  "dataset_revision": "c0f706b76e590d620bd6618b3ca8efdd34e2d659",
  "mteb_dataset_name": "DBPedia",
  "mteb_version": "1.10.15",
  "test": {
    "evaluation_time": 314.44,
    "map_at_1": 0.07599,
    "map_at_10": 0.17441,
    "map_at_100": 0.24686,
    "map_at_1000": 0.26168,
    "map_at_20": 0.2041,
    "map_at_3": 0.12087,
    "map_at_5": 0.14356,
    "mrr_at_1": 0.5925,
    "mrr_at_10": 0.68453,
    "mrr_at_100": 0.68819,
    "mrr_at_1000": 0.68831,
    "mrr_at_20": 0.68709,
    "mrr_at_3": 0.66125,
    "mrr_at_5": 0.67475,
    "ndcg_at_1": 0.49125,
    "ndcg_at_10": 0.37508,
    "ndcg_at_100": 0.41452,
    "ndcg_at_1000": 0.48515,
    "ndcg_at_20": 0.37114,
    "ndcg_at_3": 0.40913,
    "ndcg_at_5": 0.38842,
    "precision_at_1": 0.5925,
    "precision_at_10": 0.305,
    "precision_at_100": 0.0951,
    "precision_at_1000": 0.01984,
    "precision_at_20": 0.23312,
    "precision_at_3": 0.4475,
    "precision_at_5": 0.3845,
    "recall_at_1": 0.07599,
    "recall_at_10": 0.23398,
    "recall_at_100": 0.47569,
    "recall_at_1000": 0.69643,
    "recall_at_20": 0.30205,
    "recall_at_3": 0.13249,
    "recall_at_5": 0.17052
  }
}