{
  "dataset_revision": "ab518f4d6fcca38d87c25209f94beba119d02014",
  "mteb_dataset_name": "HotpotQA",
  "mteb_version": "1.10.15",
  "test": {
    "evaluation_time": 605.32,
    "map_at_1": 0.35125,
    "map_at_10": 0.48647,
    "map_at_100": 0.49545,
    "map_at_1000": 0.49618,
    "map_at_20": 0.4917,
    "map_at_3": 0.45836,
    "map_at_5": 0.47481,
    "mrr_at_1": 0.70317,
    "mrr_at_10": 0.7698,
    "mrr_at_100": 0.77271,
    "mrr_at_1000": 0.77283,
    "mrr_at_20": 0.77165,
    "mrr_at_3": 0.75775,
    "mrr_at_5": 0.76502,
    "ndcg_at_1": 0.7025,
    "ndcg_at_10": 0.5818,
    "ndcg_at_100": 0.61496,
    "ndcg_at_1000": 0.62963,
    "ndcg_at_20": 0.59552,
    "ndcg_at_3": 0.53906,
    "ndcg_at_5": 0.56118,
    "precision_at_1": 0.7025,
    "precision_at_10": 0.1191,
    "precision_at_100": 0.01452,
    "precision_at_1000": 0.00165,
    "precision_at_20": 0.06397,
    "precision_at_3": 0.33356,
    "precision_at_5": 0.21756,
    "recall_at_1": 0.35125,
    "recall_at_10": 0.59548,
    "recall_at_100": 0.72586,
    "recall_at_1000": 0.82323,
    "recall_at_20": 0.6397,
    "recall_at_3": 0.50034,
    "recall_at_5": 0.54389
  }
}