{
  "dataset_revision": "c5a29a104738b98a9e76336939199e264163d4a0",
  "dev": {
    "evaluation_time": 1289.9,
    "map_at_1": 0.19038,
    "map_at_10": 0.31307,
    "map_at_100": 0.32533,
    "map_at_1000": 0.32582,
    "map_at_20": 0.32053,
    "map_at_3": 0.27472,
    "map_at_5": 0.29623,
    "mrr_at_1": 0.19484,
    "mrr_at_10": 0.31752,
    "mrr_at_100": 0.32925,
    "mrr_at_1000": 0.32968,
    "mrr_at_20": 0.32471,
    "mrr_at_3": 0.27987,
    "mrr_at_5": 0.30082,
    "ndcg_at_1": 0.1957,
    "ndcg_at_10": 0.38217,
    "ndcg_at_100": 0.44187,
    "ndcg_at_1000": 0.45455,
    "ndcg_at_20": 0.40869,
    "ndcg_at_3": 0.30383,
    "ndcg_at_5": 0.34209,
    "precision_at_1": 0.1957,
    "precision_at_10": 0.06223,
    "precision_at_100": 0.00921,
    "precision_at_1000": 0.00103,
    "precision_at_20": 0.03661,
    "precision_at_3": 0.13219,
    "precision_at_5": 0.09871,
    "recall_at_1": 0.19038,
    "recall_at_10": 0.59571,
    "recall_at_100": 0.87321,
    "recall_at_1000": 0.97061,
    "recall_at_20": 0.69872,
    "recall_at_3": 0.38212,
    "recall_at_5": 0.47404
  },
  "mteb_dataset_name": "MSMARCO",
  "mteb_version": "1.10.15"
}