{
  "dataset_revision": "ec0fa4fe99da2ff19ca1214b7966684033a58814",
  "mteb_dataset_name": "NFCorpus",
  "mteb_version": "1.10.15",
  "test": {
    "evaluation_time": 16.39,
    "map_at_1": 0.05367,
    "map_at_10": 0.12221,
    "map_at_100": 0.15014,
    "map_at_1000": 0.16349,
    "map_at_20": 0.13376,
    "map_at_3": 0.09176,
    "map_at_5": 0.10557,
    "mrr_at_1": 0.4582,
    "mrr_at_10": 0.53762,
    "mrr_at_100": 0.54354,
    "mrr_at_1000": 0.54411,
    "mrr_at_20": 0.54054,
    "mrr_at_3": 0.52477,
    "mrr_at_5": 0.53127,
    "ndcg_at_1": 0.44118,
    "ndcg_at_10": 0.3334,
    "ndcg_at_100": 0.29743,
    "ndcg_at_1000": 0.38652,
    "ndcg_at_20": 0.30576,
    "ndcg_at_3": 0.40199,
    "ndcg_at_5": 0.3732,
    "precision_at_1": 0.4582,
    "precision_at_10": 0.24365,
    "precision_at_100": 0.07458,
    "precision_at_1000": 0.02036,
    "precision_at_20": 0.17585,
    "precision_at_3": 0.37874,
    "precision_at_5": 0.32198,
    "recall_at_1": 0.05367,
    "recall_at_10": 0.15433,
    "recall_at_100": 0.29279,
    "recall_at_1000": 0.61245,
    "recall_at_20": 0.18598,
    "recall_at_3": 0.10071,
    "recall_at_5": 0.12244
  }
}