{
  "dataset_revision": "f8c2fcf00f625baaa80f62ec5bd9e1fff3b8ae88",
  "mteb_dataset_name": "SCIDOCS",
  "mteb_version": "1.10.15",
  "test": {
    "evaluation_time": 20.26,
    "map_at_1": 0.04513,
    "map_at_10": 0.11012,
    "map_at_100": 0.12782,
    "map_at_1000": 0.13038,
    "map_at_20": 0.11989,
    "map_at_3": 0.08069,
    "map_at_5": 0.09501,
    "mrr_at_1": 0.221,
    "mrr_at_10": 0.3222,
    "mrr_at_100": 0.33273,
    "mrr_at_1000": 0.33343,
    "mrr_at_20": 0.32855,
    "mrr_at_3": 0.29183,
    "mrr_at_5": 0.30803,
    "ndcg_at_1": 0.223,
    "ndcg_at_10": 0.18577,
    "ndcg_at_100": 0.25526,
    "ndcg_at_1000": 0.30457,
    "ndcg_at_20": 0.21275,
    "ndcg_at_3": 0.17918,
    "ndcg_at_5": 0.15532,
    "precision_at_1": 0.223,
    "precision_at_10": 0.0952,
    "precision_at_100": 0.01948,
    "precision_at_1000": 0.00314,
    "precision_at_20": 0.0632,
    "precision_at_3": 0.16633,
    "precision_at_5": 0.135,
    "recall_at_1": 0.04513,
    "recall_at_10": 0.19298,
    "recall_at_100": 0.39523,
    "recall_at_1000": 0.63745,
    "recall_at_20": 0.25613,
    "recall_at_3": 0.10118,
    "recall_at_5": 0.13688
  }
}