{
  "dataset_revision": "ec0fa4fe99da2ff19ca1214b7966684033a58814",
  "mteb_dataset_name": "NFCorpus",
  "mteb_version": "1.6.34",
  "test": {
    "evaluation_time": 6.12,
    "map_at_1": 0.05592,
    "map_at_10": 0.12553,
    "map_at_100": 0.15325,
    "map_at_1000": 0.16618,
    "map_at_20": 0.13719,
    "map_at_3": 0.0945,
    "map_at_5": 0.10771,
    "mrr_at_1": 0.45201,
    "mrr_at_10": 0.52614,
    "mrr_at_100": 0.53205,
    "mrr_at_1000": 0.5325,
    "mrr_at_20": 0.52971,
    "mrr_at_3": 0.50671,
    "mrr_at_5": 0.51785,
    "ndcg_at_1": 0.4257,
    "ndcg_at_10": 0.33098,
    "ndcg_at_100": 0.29622,
    "ndcg_at_1000": 0.3843,
    "ndcg_at_20": 0.30667,
    "ndcg_at_3": 0.38502,
    "ndcg_at_5": 0.36075,
    "precision_at_1": 0.44582,
    "precision_at_10": 0.24551,
    "precision_at_100": 0.07344,
    "precision_at_1000": 0.02001,
    "precision_at_20": 0.17879,
    "precision_at_3": 0.35913,
    "precision_at_5": 0.3096,
    "recall_at_1": 0.05592,
    "recall_at_10": 0.15936,
    "recall_at_100": 0.29213,
    "recall_at_1000": 0.60615,
    "recall_at_20": 0.19208,
    "recall_at_3": 0.10365,
    "recall_at_5": 0.12419
  }
}