{
  "dataset_revision": "e4e08e0b7dbe3c8700f0daef558ff32256715259",
  "dev": {
    "evaluation_time": 79.93,
    "map_at_1": 0.6878,
    "map_at_10": 0.8307,
    "map_at_100": 0.83673,
    "map_at_1000": 0.83689,
    "map_at_20": 0.83487,
    "map_at_3": 0.80274,
    "map_at_5": 0.8204,
    "mrr_at_1": 0.7914,
    "mrr_at_10": 0.85863,
    "mrr_at_100": 0.85999,
    "mrr_at_1000": 0.86001,
    "mrr_at_20": 0.85967,
    "mrr_at_3": 0.84917,
    "mrr_at_5": 0.85544,
    "ndcg_at_1": 0.791,
    "ndcg_at_10": 0.86896,
    "ndcg_at_100": 0.88236,
    "ndcg_at_1000": 0.88366,
    "ndcg_at_20": 0.87652,
    "ndcg_at_3": 0.84179,
    "ndcg_at_5": 0.85634,
    "precision_at_1": 0.791,
    "precision_at_10": 0.13134,
    "precision_at_100": 0.01479,
    "precision_at_1000": 0.00152,
    "precision_at_20": 0.06965,
    "precision_at_3": 0.3708,
    "precision_at_5": 0.24256,
    "recall_at_1": 0.6878,
    "recall_at_10": 0.94611,
    "recall_at_100": 0.99293,
    "recall_at_1000": 0.99935,
    "recall_at_20": 0.97017,
    "recall_at_3": 0.86733,
    "recall_at_5": 0.90922
  },
  "mteb_dataset_name": "QuoraRetrieval",
  "mteb_version": "1.6.34",
  "test": {
    "evaluation_time": 105.19,
    "map_at_1": 0.69356,
    "map_at_10": 0.83117,
    "map_at_100": 0.83777,
    "map_at_1000": 0.83797,
    "map_at_20": 0.83548,
    "map_at_3": 0.80237,
    "map_at_5": 0.82064,
    "mrr_at_1": 0.7973,
    "mrr_at_10": 0.86181,
    "mrr_at_100": 0.86321,
    "mrr_at_1000": 0.86323,
    "mrr_at_20": 0.86287,
    "mrr_at_3": 0.85153,
    "mrr_at_5": 0.85853,
    "ndcg_at_1": 0.7973,
    "ndcg_at_10": 0.86964,
    "ndcg_at_100": 0.88367,
    "ndcg_at_1000": 0.8852,
    "ndcg_at_20": 0.87713,
    "ndcg_at_3": 0.84091,
    "ndcg_at_5": 0.85684,
    "precision_at_1": 0.7973,
    "precision_at_10": 0.13141,
    "precision_at_100": 0.01512,
    "precision_at_1000": 0.00156,
    "precision_at_20": 0.06991,
    "precision_at_3": 0.36697,
    "precision_at_5": 0.24134,
    "recall_at_1": 0.69356,
    "recall_at_10": 0.94335,
    "recall_at_100": 0.99193,
    "recall_at_1000": 0.99921,
    "recall_at_20": 0.96767,
    "recall_at_3": 0.86094,
    "recall_at_5": 0.90585
  }
}