{
  "dataset_revision": "f8c2fcf00f625baaa80f62ec5bd9e1fff3b8ae88",
  "mteb_dataset_name": "SCIDOCS",
  "mteb_version": "1.6.34",
  "test": {
    "evaluation_time": 21.07,
    "map_at_1": 0.04413,
    "map_at_10": 0.10327,
    "map_at_100": 0.12045,
    "map_at_1000": 0.12297,
    "map_at_20": 0.11194,
    "map_at_3": 0.0768,
    "map_at_5": 0.08917,
    "mrr_at_1": 0.218,
    "mrr_at_10": 0.3174,
    "mrr_at_100": 0.32803,
    "mrr_at_1000": 0.32875,
    "mrr_at_20": 0.3238,
    "mrr_at_3": 0.288,
    "mrr_at_5": 0.30505,
    "ndcg_at_1": 0.218,
    "ndcg_at_10": 0.17648,
    "ndcg_at_100": 0.24557,
    "ndcg_at_1000": 0.29324,
    "ndcg_at_20": 0.20164,
    "ndcg_at_3": 0.17341,
    "ndcg_at_5": 0.14817,
    "precision_at_1": 0.218,
    "precision_at_10": 0.0895,
    "precision_at_100": 0.01881,
    "precision_at_1000": 0.00302,
    "precision_at_20": 0.0592,
    "precision_at_3": 0.16033,
    "precision_at_5": 0.1276,
    "recall_at_1": 0.04413,
    "recall_at_10": 0.18108,
    "recall_at_100": 0.38158,
    "recall_at_1000": 0.6144,
    "recall_at_20": 0.23978,
    "recall_at_3": 0.09738,
    "recall_at_5": 0.12923
  }
}