{
  "dataset_revision": "0228b52cf27578f30900b9e5271d331663a030d7",
  "mteb_dataset_name": "SciFact",
  "mteb_version": "1.6.34",
  "test": {
    "evaluation_time": 6.78,
    "map_at_1": 0.52361,
    "map_at_10": 0.62747,
    "map_at_100": 0.63335,
    "map_at_1000": 0.63374,
    "map_at_20": 0.63116,
    "map_at_3": 0.60056,
    "map_at_5": 0.61545,
    "mrr_at_1": 0.55,
    "mrr_at_10": 0.63751,
    "mrr_at_100": 0.6416,
    "mrr_at_1000": 0.64197,
    "mrr_at_20": 0.63989,
    "mrr_at_3": 0.61556,
    "mrr_at_5": 0.62772,
    "ndcg_at_1": 0.55,
    "ndcg_at_10": 0.67476,
    "ndcg_at_100": 0.69849,
    "ndcg_at_1000": 0.70847,
    "ndcg_at_20": 0.68571,
    "ndcg_at_3": 0.62797,
    "ndcg_at_5": 0.6509,
    "precision_at_1": 0.55,
    "precision_at_10": 0.091,
    "precision_at_100": 0.01037,
    "precision_at_1000": 0.00112,
    "precision_at_20": 0.04817,
    "precision_at_3": 0.24889,
    "precision_at_5": 0.16467,
    "recall_at_1": 0.52361,
    "recall_at_10": 0.80806,
    "recall_at_100": 0.91267,
    "recall_at_1000": 0.99,
    "recall_at_20": 0.848,
    "recall_at_3": 0.68339,
    "recall_at_5": 0.74278
  },
  "train": {
    "evaluation_time": 7.56,
    "map_at_1": 0.56329,
    "map_at_10": 0.66145,
    "map_at_100": 0.66718,
    "map_at_1000": 0.66748,
    "map_at_20": 0.66515,
    "map_at_3": 0.63892,
    "map_at_5": 0.65402,
    "mrr_at_1": 0.58591,
    "mrr_at_10": 0.67108,
    "mrr_at_100": 0.67492,
    "mrr_at_1000": 0.67522,
    "mrr_at_20": 0.67325,
    "mrr_at_3": 0.65616,
    "mrr_at_5": 0.66685,
    "ndcg_at_1": 0.58838,
    "ndcg_at_10": 0.70146,
    "ndcg_at_100": 0.72613,
    "ndcg_at_1000": 0.73471,
    "ndcg_at_20": 0.71254,
    "ndcg_at_3": 0.66501,
    "ndcg_at_5": 0.68728,
    "precision_at_1": 0.58838,
    "precision_at_10": 0.09147,
    "precision_at_100": 0.01051,
    "precision_at_1000": 0.00112,
    "precision_at_20": 0.04845,
    "precision_at_3": 0.26164,
    "precision_at_5": 0.17108,
    "recall_at_1": 0.56329,
    "recall_at_10": 0.80832,
    "recall_at_100": 0.9213,
    "recall_at_1000": 0.98888,
    "recall_at_20": 0.84998,
    "recall_at_3": 0.71568,
    "recall_at_5": 0.76883
  }
}