{
  "dataset_revision": "a34f9a33db75fa0cbb21bb5cfc3dae8dc8bec93f",
  "mteb_dataset_name": "Touche2020",
  "mteb_version": "1.6.34",
  "test": {
    "evaluation_time": 58.94,
    "map_at_1": 0.02251,
    "map_at_10": 0.10508,
    "map_at_100": 0.16097,
    "map_at_1000": 0.17577,
    "map_at_20": 0.12886,
    "map_at_3": 0.05184,
    "map_at_5": 0.0727,
    "mrr_at_1": 0.32653,
    "mrr_at_10": 0.4571,
    "mrr_at_100": 0.46464,
    "mrr_at_1000": 0.46472,
    "mrr_at_20": 0.46111,
    "mrr_at_3": 0.41837,
    "mrr_at_5": 0.43265,
    "ndcg_at_1": 0.29592,
    "ndcg_at_10": 0.25908,
    "ndcg_at_100": 0.35721,
    "ndcg_at_1000": 0.47277,
    "ndcg_at_20": 0.26312,
    "ndcg_at_3": 0.28539,
    "ndcg_at_5": 0.26164,
    "precision_at_1": 0.32653,
    "precision_at_10": 0.23878,
    "precision_at_100": 0.07306,
    "precision_at_1000": 0.01496,
    "precision_at_20": 0.17959,
    "precision_at_3": 0.30612,
    "precision_at_5": 0.26939,
    "recall_at_1": 0.02251,
    "recall_at_10": 0.16875,
    "recall_at_100": 0.45242,
    "recall_at_1000": 0.80238,
    "recall_at_20": 0.239,
    "recall_at_3": 0.06608,
    "recall_at_5": 0.10011
  }
}