{
  "dataset_revision": "bb9466bac8153a0349341eb1b22e06409e78ef4e",
  "mteb_dataset_name": "TRECCOVID",
  "mteb_version": "1.6.34",
  "test": {
    "evaluation_time": 23.27,
    "map_at_1": 0.0025,
    "map_at_10": 0.0205,
    "map_at_100": 0.10996,
    "map_at_1000": 0.25887,
    "map_at_20": 0.03556,
    "map_at_3": 0.00689,
    "map_at_5": 0.01143,
    "mrr_at_1": 0.92,
    "mrr_at_10": 0.95667,
    "mrr_at_100": 0.95667,
    "mrr_at_1000": 0.95667,
    "mrr_at_20": 0.95667,
    "mrr_at_3": 0.95667,
    "mrr_at_5": 0.95667,
    "ndcg_at_1": 0.85,
    "ndcg_at_10": 0.79068,
    "ndcg_at_100": 0.57595,
    "ndcg_at_1000": 0.50832,
    "ndcg_at_20": 0.74058,
    "ndcg_at_3": 0.84531,
    "ndcg_at_5": 0.83289,
    "precision_at_1": 0.92,
    "precision_at_10": 0.83,
    "precision_at_100": 0.5874,
    "precision_at_1000": 0.22436,
    "precision_at_20": 0.769,
    "precision_at_3": 0.89333,
    "precision_at_5": 0.896,
    "recall_at_1": 0.0025,
    "recall_at_10": 0.02189,
    "recall_at_100": 0.13966,
    "recall_at_1000": 0.47257,
    "recall_at_20": 0.03949,
    "recall_at_3": 0.0071,
    "recall_at_5": 0.01204
  }
}