{
  "dataset_revision": "79531abbd1fb92d06c6d6315a0cbbbf5bb247ea4",
  "mteb_dataset_name": "CQADupstackPhysicsRetrieval",
  "mteb_version": "1.10.3",
  "test": {
    "evaluation_time": 278.71,
    "map_at_1": 0.31003,
    "map_at_10": 0.41614,
    "map_at_100": 0.43001,
    "map_at_1000": 0.43107,
    "map_at_20": 0.42401,
    "map_at_3": 0.38654,
    "map_at_5": 0.40406,
    "mrr_at_1": 0.37632,
    "mrr_at_10": 0.47337,
    "mrr_at_100": 0.48172,
    "mrr_at_1000": 0.48215,
    "mrr_at_20": 0.4784,
    "mrr_at_3": 0.45107,
    "mrr_at_5": 0.4644,
    "ndcg_at_1": 0.37729,
    "ndcg_at_10": 0.47364,
    "ndcg_at_100": 0.52874,
    "ndcg_at_1000": 0.54755,
    "ndcg_at_20": 0.49685,
    "ndcg_at_3": 0.42848,
    "ndcg_at_5": 0.45134,
    "precision_at_1": 0.37729,
    "precision_at_10": 0.08393,
    "precision_at_100": 0.0129,
    "precision_at_1000": 0.00161,
    "precision_at_20": 0.04952,
    "precision_at_3": 0.20212,
    "precision_at_5": 0.14187,
    "recall_at_1": 0.31003,
    "recall_at_10": 0.5859,
    "recall_at_100": 0.81239,
    "recall_at_1000": 0.93407,
    "recall_at_20": 0.66607,
    "recall_at_3": 0.45985,
    "recall_at_5": 0.52017
  }
}