{
  "dataset_revision": "6184bc1440d2dbc7612be22b50686b8826d22b32",
  "mteb_dataset_name": "CQADupstackProgrammersRetrieval",
  "mteb_version": "1.10.3",
  "test": {
    "evaluation_time": 289.71,
    "map_at_1": 0.28228,
    "map_at_10": 0.38293,
    "map_at_100": 0.3959,
    "map_at_1000": 0.39693,
    "map_at_20": 0.39028,
    "map_at_3": 0.35307,
    "map_at_5": 0.37043,
    "mrr_at_1": 0.34247,
    "mrr_at_10": 0.43645,
    "mrr_at_100": 0.44504,
    "mrr_at_1000": 0.44558,
    "mrr_at_20": 0.44169,
    "mrr_at_3": 0.41305,
    "mrr_at_5": 0.42692,
    "ndcg_at_1": 0.34247,
    "ndcg_at_10": 0.43762,
    "ndcg_at_100": 0.4921,
    "ndcg_at_1000": 0.51384,
    "ndcg_at_20": 0.46003,
    "ndcg_at_3": 0.39149,
    "ndcg_at_5": 0.41367,
    "precision_at_1": 0.34247,
    "precision_at_10": 0.07763,
    "precision_at_100": 0.01213,
    "precision_at_1000": 0.00156,
    "precision_at_20": 0.046,
    "precision_at_3": 0.18493,
    "precision_at_5": 0.13082,
    "recall_at_1": 0.28228,
    "recall_at_10": 0.54705,
    "recall_at_100": 0.77833,
    "recall_at_1000": 0.92581,
    "recall_at_20": 0.62623,
    "recall_at_3": 0.41904,
    "recall_at_5": 0.47741
  }
}