{
  "dataset_revision": "65ac3a16b8e91f9cee4c9828cc7c335575432a2a",
  "mteb_dataset_name": "CQADupstackStatsRetrieval",
  "mteb_version": "1.10.3",
  "test": {
    "evaluation_time": 1095.25,
    "map_at_1": 0.27696,
    "map_at_10": 0.3415,
    "map_at_100": 0.35079,
    "map_at_1000": 0.35166,
    "map_at_20": 0.34637,
    "map_at_3": 0.32399,
    "map_at_5": 0.33456,
    "mrr_at_1": 0.30675,
    "mrr_at_10": 0.36938,
    "mrr_at_100": 0.37723,
    "mrr_at_1000": 0.3779,
    "mrr_at_20": 0.37362,
    "mrr_at_3": 0.35251,
    "mrr_at_5": 0.3624,
    "ndcg_at_1": 0.30675,
    "ndcg_at_10": 0.37751,
    "ndcg_at_100": 0.4237,
    "ndcg_at_1000": 0.44788,
    "ndcg_at_20": 0.39346,
    "ndcg_at_3": 0.3458,
    "ndcg_at_5": 0.362,
    "precision_at_1": 0.30675,
    "precision_at_10": 0.05521,
    "precision_at_100": 0.00859,
    "precision_at_1000": 0.00115,
    "precision_at_20": 0.03198,
    "precision_at_3": 0.14468,
    "precision_at_5": 0.09816,
    "recall_at_1": 0.27696,
    "recall_at_10": 0.4598,
    "recall_at_100": 0.67127,
    "recall_at_1000": 0.85158,
    "recall_at_20": 0.51758,
    "recall_at_3": 0.37313,
    "recall_at_5": 0.41303
  }
}