{
  "dataset_revision": "5003b3064772da1887988e05400cf3806fe491f2",
  "mteb_dataset_name": "CQADupstackGisRetrieval",
  "mteb_version": "1.10.3",
  "test": {
    "evaluation_time": 270.33,
    "map_at_1": 0.28325,
    "map_at_10": 0.36203,
    "map_at_100": 0.37209,
    "map_at_1000": 0.37291,
    "map_at_20": 0.36785,
    "map_at_3": 0.33743,
    "map_at_5": 0.35063,
    "mrr_at_1": 0.30508,
    "mrr_at_10": 0.38254,
    "mrr_at_100": 0.39087,
    "mrr_at_1000": 0.39153,
    "mrr_at_20": 0.38725,
    "mrr_at_3": 0.35819,
    "mrr_at_5": 0.37175,
    "ndcg_at_1": 0.30508,
    "ndcg_at_10": 0.40874,
    "ndcg_at_100": 0.45639,
    "ndcg_at_1000": 0.47621,
    "ndcg_at_20": 0.42779,
    "ndcg_at_3": 0.35991,
    "ndcg_at_5": 0.38226,
    "precision_at_1": 0.30508,
    "precision_at_10": 0.06079,
    "precision_at_100": 0.00886,
    "precision_at_1000": 0.00108,
    "precision_at_20": 0.03508,
    "precision_at_3": 0.1484,
    "precision_at_5": 0.10237,
    "recall_at_1": 0.28325,
    "recall_at_10": 0.53385,
    "recall_at_100": 0.75146,
    "recall_at_1000": 0.89879,
    "recall_at_20": 0.60434,
    "recall_at_3": 0.40117,
    "recall_at_5": 0.4538
  }
}