{
  "dataset_revision": "46989137a86843e03a6195de44b09deda022eec7",
  "mteb_dataset_name": "CQADupstackTexRetrieval",
  "mteb_version": "1.10.3",
  "test": {
    "evaluation_time": 590.29,
    "map_at_1": 0.18584,
    "map_at_10": 0.25641,
    "map_at_100": 0.26627,
    "map_at_1000": 0.26751,
    "map_at_20": 0.26161,
    "map_at_3": 0.23443,
    "map_at_5": 0.24642,
    "mrr_at_1": 0.22368,
    "mrr_at_10": 0.29565,
    "mrr_at_100": 0.30404,
    "mrr_at_1000": 0.30483,
    "mrr_at_20": 0.30044,
    "mrr_at_3": 0.27546,
    "mrr_at_5": 0.28641,
    "ndcg_at_1": 0.22299,
    "ndcg_at_10": 0.30136,
    "ndcg_at_100": 0.34851,
    "ndcg_at_1000": 0.37843,
    "ndcg_at_20": 0.31856,
    "ndcg_at_3": 0.26225,
    "ndcg_at_5": 0.27974,
    "precision_at_1": 0.22299,
    "precision_at_10": 0.05375,
    "precision_at_100": 0.00908,
    "precision_at_1000": 0.00133,
    "precision_at_20": 0.03214,
    "precision_at_3": 0.12205,
    "precision_at_5": 0.08685,
    "recall_at_1": 0.18584,
    "recall_at_10": 0.39735,
    "recall_at_100": 0.60942,
    "recall_at_1000": 0.82535,
    "recall_at_20": 0.46062,
    "recall_at_3": 0.28738,
    "recall_at_5": 0.33321
  }
}