{
  "dataset_revision": "4885aa143210c98657558c04aaf3dc47cfb54340",
  "mteb_dataset_name": "CQADupstackGamingRetrieval",
  "mteb_version": "1.10.3",
  "test": {
    "evaluation_time": 462.76,
    "map_at_1": 0.43117,
    "map_at_10": 0.55557,
    "map_at_100": 0.56495,
    "map_at_1000": 0.56547,
    "map_at_20": 0.56119,
    "map_at_3": 0.52453,
    "map_at_5": 0.54183,
    "mrr_at_1": 0.49216,
    "mrr_at_10": 0.59028,
    "mrr_at_100": 0.59617,
    "mrr_at_1000": 0.59642,
    "mrr_at_20": 0.5938,
    "mrr_at_3": 0.56855,
    "mrr_at_5": 0.58121,
    "ndcg_at_1": 0.49342,
    "ndcg_at_10": 0.61203,
    "ndcg_at_100": 0.64757,
    "ndcg_at_1000": 0.65796,
    "ndcg_at_20": 0.62739,
    "ndcg_at_3": 0.56153,
    "ndcg_at_5": 0.58583,
    "precision_at_1": 0.49342,
    "precision_at_10": 0.09643,
    "precision_at_100": 0.01231,
    "precision_at_1000": 0.00136,
    "precision_at_20": 0.0532,
    "precision_at_3": 0.24828,
    "precision_at_5": 0.16853,
    "recall_at_1": 0.43117,
    "recall_at_10": 0.74302,
    "recall_at_100": 0.89448,
    "recall_at_1000": 0.96806,
    "recall_at_20": 0.79899,
    "recall_at_3": 0.60677,
    "recall_at_5": 0.66682
  }
}