{
  "dataset_revision": "4885aa143210c98657558c04aaf3dc47cfb54340",
  "mteb_dataset_name": "CQADupstackGamingRetrieval",
  "mteb_version": "1.10.3",
  "test": {
    "evaluation_time": 300.97,
    "map_at_1": 0.43035,
    "map_at_10": 0.5581,
    "map_at_100": 0.56739,
    "map_at_1000": 0.56787,
    "map_at_20": 0.56383,
    "map_at_3": 0.52579,
    "map_at_5": 0.54357,
    "mrr_at_1": 0.48903,
    "mrr_at_10": 0.59052,
    "mrr_at_100": 0.5965,
    "mrr_at_1000": 0.59673,
    "mrr_at_20": 0.59432,
    "mrr_at_3": 0.56844,
    "mrr_at_5": 0.58139,
    "ndcg_at_1": 0.48903,
    "ndcg_at_10": 0.61528,
    "ndcg_at_100": 0.65098,
    "ndcg_at_1000": 0.66061,
    "ndcg_at_20": 0.63136,
    "ndcg_at_3": 0.56299,
    "ndcg_at_5": 0.58799,
    "precision_at_1": 0.48903,
    "precision_at_10": 0.0973,
    "precision_at_100": 0.01246,
    "precision_at_1000": 0.00136,
    "precision_at_20": 0.05376,
    "precision_at_3": 0.24869,
    "precision_at_5": 0.16865,
    "recall_at_1": 0.43035,
    "recall_at_10": 0.7506,
    "recall_at_100": 0.90334,
    "recall_at_1000": 0.9715,
    "recall_at_20": 0.8096,
    "recall_at_3": 0.61214,
    "recall_at_5": 0.67307
  }
}