{
  "dataset_revision": "27a168819829fe9bcd655c2df245fb19452e8e06",
  "mteb_dataset_name": "FiQA2018",
  "mteb_version": "1.10.3",
  "test": {
    "evaluation_time": 358.58,
    "map_at_1": 0.19917,
    "map_at_10": 0.32523,
    "map_at_100": 0.34488,
    "map_at_1000": 0.34656,
    "map_at_20": 0.3367,
    "map_at_3": 0.28127,
    "map_at_5": 0.30558,
    "mrr_at_1": 0.39506,
    "mrr_at_10": 0.48583,
    "mrr_at_100": 0.4955,
    "mrr_at_1000": 0.49589,
    "mrr_at_20": 0.49302,
    "mrr_at_3": 0.46168,
    "mrr_at_5": 0.4751,
    "ndcg_at_1": 0.39506,
    "ndcg_at_10": 0.40469,
    "ndcg_at_100": 0.47444,
    "ndcg_at_1000": 0.50292,
    "ndcg_at_20": 0.43592,
    "ndcg_at_3": 0.36557,
    "ndcg_at_5": 0.37748,
    "precision_at_1": 0.39506,
    "precision_at_10": 0.11327,
    "precision_at_100": 0.01827,
    "precision_at_1000": 0.00234,
    "precision_at_20": 0.06844,
    "precision_at_3": 0.24177,
    "precision_at_5": 0.17963,
    "recall_at_1": 0.19917,
    "recall_at_10": 0.47445,
    "recall_at_100": 0.72832,
    "recall_at_1000": 0.89951,
    "recall_at_20": 0.57472,
    "recall_at_3": 0.3319,
    "recall_at_5": 0.38924
  }
}