{
  "dataset_revision": "ec0fa4fe99da2ff19ca1214b7966684033a58814",
  "mteb_dataset_name": "NFCorpus",
  "mteb_version": "1.10.3",
  "test": {
    "evaluation_time": 57.68,
    "map_at_1": 0.06196,
    "map_at_10": 0.14005,
    "map_at_100": 0.17268,
    "map_at_1000": 0.18671,
    "map_at_20": 0.15369,
    "map_at_3": 0.10186,
    "map_at_5": 0.11929,
    "mrr_at_1": 0.4613,
    "mrr_at_10": 0.55066,
    "mrr_at_100": 0.55582,
    "mrr_at_1000": 0.55626,
    "mrr_at_20": 0.5531,
    "mrr_at_3": 0.53044,
    "mrr_at_5": 0.54546,
    "ndcg_at_1": 0.44118,
    "ndcg_at_10": 0.36165,
    "ndcg_at_100": 0.32503,
    "ndcg_at_1000": 0.41191,
    "ndcg_at_20": 0.33506,
    "ndcg_at_3": 0.4119,
    "ndcg_at_5": 0.39273,
    "precision_at_1": 0.4582,
    "precision_at_10": 0.26904,
    "precision_at_100": 0.08111,
    "precision_at_1000": 0.02054,
    "precision_at_20": 0.19613,
    "precision_at_3": 0.38906,
    "precision_at_5": 0.34118,
    "recall_at_1": 0.06196,
    "recall_at_10": 0.18077,
    "recall_at_100": 0.31992,
    "recall_at_1000": 0.63212,
    "recall_at_20": 0.21089,
    "recall_at_3": 0.11239,
    "recall_at_5": 0.14582
  }
}