{
  "dataset_revision": "e4e08e0b7dbe3c8700f0daef558ff32256715259",
  "mteb_dataset_name": "QuoraRetrieval",
  "mteb_version": "1.10.3",
  "test": {
    "evaluation_time": 3697.22,
    "map_at_1": 0.71382,
    "map_at_10": 0.8524,
    "map_at_100": 0.85853,
    "map_at_1000": 0.8587,
    "map_at_20": 0.85642,
    "map_at_3": 0.82394,
    "map_at_5": 0.84213,
    "mrr_at_1": 0.8203,
    "mrr_at_10": 0.88136,
    "mrr_at_100": 0.88234,
    "mrr_at_1000": 0.88234,
    "mrr_at_20": 0.88211,
    "mrr_at_3": 0.87265,
    "mrr_at_5": 0.87888,
    "ndcg_at_1": 0.8205,
    "ndcg_at_10": 0.88862,
    "ndcg_at_100": 0.90026,
    "ndcg_at_1000": 0.90124,
    "ndcg_at_20": 0.89484,
    "ndcg_at_3": 0.86235,
    "ndcg_at_5": 0.87735,
    "precision_at_1": 0.8205,
    "precision_at_10": 0.13415,
    "precision_at_100": 0.01525,
    "precision_at_1000": 0.00156,
    "precision_at_20": 0.07099,
    "precision_at_3": 0.37657,
    "precision_at_5": 0.24704,
    "recall_at_1": 0.71382,
    "recall_at_10": 0.95613,
    "recall_at_100": 0.99579,
    "recall_at_1000": 0.99963,
    "recall_at_20": 0.97616,
    "recall_at_3": 0.87955,
    "recall_at_5": 0.92293
  }
}