{
  "dataset_revision": "a34f9a33db75fa0cbb21bb5cfc3dae8dc8bec93f",
  "mteb_dataset_name": "Touche2020",
  "mteb_version": "1.10.3",
  "test": {
    "evaluation_time": 2706.12,
    "map_at_1": 0.00967,
    "map_at_10": 0.05619,
    "map_at_100": 0.11294,
    "map_at_1000": 0.1267,
    "map_at_20": 0.08383,
    "map_at_3": 0.02643,
    "map_at_5": 0.03521,
    "mrr_at_1": 0.10204,
    "mrr_at_10": 0.25414,
    "mrr_at_100": 0.26795,
    "mrr_at_1000": 0.26829,
    "mrr_at_20": 0.26175,
    "mrr_at_3": 0.21429,
    "mrr_at_5": 0.24388,
    "ndcg_at_1": 0.06122,
    "ndcg_at_10": 0.14912,
    "ndcg_at_100": 0.28177,
    "ndcg_at_1000": 0.39564,
    "ndcg_at_20": 0.18605,
    "ndcg_at_3": 0.12181,
    "ndcg_at_5": 0.13163,
    "precision_at_1": 0.10204,
    "precision_at_10": 0.15918,
    "precision_at_100": 0.06755,
    "precision_at_1000": 0.01416,
    "precision_at_20": 0.1449,
    "precision_at_3": 0.16327,
    "precision_at_5": 0.16327,
    "recall_at_1": 0.00967,
    "recall_at_10": 0.12047,
    "recall_at_100": 0.42324,
    "recall_at_1000": 0.77043,
    "recall_at_20": 0.20955,
    "recall_at_3": 0.03853,
    "recall_at_5": 0.06205
  }
}