{
  "dataset_revision": "a34f9a33db75fa0cbb21bb5cfc3dae8dc8bec93f",
  "mteb_dataset_name": "Touche2020",
  "mteb_version": "1.10.3",
  "test": {
    "evaluation_time": 2260.51,
    "map_at_1": 0.01323,
    "map_at_10": 0.07332,
    "map_at_100": 0.12882,
    "map_at_1000": 0.14374,
    "map_at_20": 0.09719,
    "map_at_3": 0.03357,
    "map_at_5": 0.04283,
    "mrr_at_1": 0.18367,
    "mrr_at_10": 0.31859,
    "mrr_at_100": 0.33424,
    "mrr_at_1000": 0.33442,
    "mrr_at_20": 0.32739,
    "mrr_at_3": 0.28231,
    "mrr_at_5": 0.30476,
    "ndcg_at_1": 0.15306,
    "ndcg_at_10": 0.18954,
    "ndcg_at_100": 0.30783,
    "ndcg_at_1000": 0.42226,
    "ndcg_at_20": 0.20705,
    "ndcg_at_3": 0.16856,
    "ndcg_at_5": 0.16571,
    "precision_at_1": 0.18367,
    "precision_at_10": 0.1898,
    "precision_at_100": 0.06959,
    "precision_at_1000": 0.01437,
    "precision_at_20": 0.14694,
    "precision_at_3": 0.19048,
    "precision_at_5": 0.17551,
    "recall_at_1": 0.01323,
    "recall_at_10": 0.13945,
    "recall_at_100": 0.4358,
    "recall_at_1000": 0.77905,
    "recall_at_20": 0.21295,
    "recall_at_3": 0.04485,
    "recall_at_5": 0.06585
  }
}