{
  "dataset_revision": "c22ab2a51041ffd869aaddef7af8d8215647e41a",
  "mteb_dataset_name": "ArguAna",
  "mteb_version": "1.6.34",
  "test": {
    "evaluation_time": 21.19,
    "map_at_1": 0.27169,
    "map_at_10": 0.4194,
    "map_at_100": 0.42967,
    "map_at_1000": 0.42976,
    "map_at_20": 0.42731,
    "map_at_3": 0.36771,
    "map_at_5": 0.39691,
    "mrr_at_1": 0.28094,
    "mrr_at_10": 0.42302,
    "mrr_at_100": 0.43332,
    "mrr_at_1000": 0.43341,
    "mrr_at_20": 0.43095,
    "mrr_at_3": 0.37115,
    "mrr_at_5": 0.40063,
    "ndcg_at_1": 0.27169,
    "ndcg_at_10": 0.50768,
    "ndcg_at_100": 0.55078,
    "ndcg_at_1000": 0.55298,
    "ndcg_at_20": 0.53588,
    "ndcg_at_3": 0.40064,
    "ndcg_at_5": 0.45332,
    "precision_at_1": 0.27169,
    "precision_at_10": 0.07923,
    "precision_at_100": 0.00979,
    "precision_at_1000": 0.001,
    "precision_at_20": 0.04513,
    "precision_at_3": 0.16548,
    "precision_at_5": 0.12489,
    "recall_at_1": 0.27169,
    "recall_at_10": 0.79232,
    "recall_at_100": 0.97866,
    "recall_at_1000": 0.99573,
    "recall_at_20": 0.90256,
    "recall_at_3": 0.49644,
    "recall_at_5": 0.62447
  }
}