{
  "dataset_revision": "65ac3a16b8e91f9cee4c9828cc7c335575432a2a",
  "mteb_dataset_name": "CQADupstackStatsRetrieval",
  "mteb_version": "1.6.34",
  "test": {
    "evaluation_time": 12.44,
    "map_at_1": 0.24058,
    "map_at_10": 0.30151,
    "map_at_100": 0.30995,
    "map_at_1000": 0.31096,
    "map_at_20": 0.30652,
    "map_at_3": 0.2837,
    "map_at_5": 0.29092,
    "mrr_at_1": 0.26994,
    "mrr_at_10": 0.32892,
    "mrr_at_100": 0.33696,
    "mrr_at_1000": 0.33763,
    "mrr_at_20": 0.33417,
    "mrr_at_3": 0.31135,
    "mrr_at_5": 0.31833,
    "ndcg_at_1": 0.26994,
    "ndcg_at_10": 0.34021,
    "ndcg_at_100": 0.38223,
    "ndcg_at_1000": 0.40743,
    "ndcg_at_20": 0.35835,
    "ndcg_at_3": 0.30429,
    "ndcg_at_5": 0.31567,
    "precision_at_1": 0.26994,
    "precision_at_10": 0.05261,
    "precision_at_100": 0.00796,
    "precision_at_1000": 0.00109,
    "precision_at_20": 0.03075,
    "precision_at_3": 0.12781,
    "precision_at_5": 0.08558,
    "recall_at_1": 0.24058,
    "recall_at_10": 0.43474,
    "recall_at_100": 0.62335,
    "recall_at_1000": 0.8099,
    "recall_at_20": 0.50304,
    "recall_at_3": 0.33342,
    "recall_at_5": 0.36213
  }
}