{
  "dataset_revision": "90fceea13679c63fe563ded68f3b6f06e50061de",
  "mteb_dataset_name": "CQADupstackMathematicaRetrieval",
  "mteb_version": "1.6.34",
  "test": {
    "evaluation_time": 11.13,
    "map_at_1": 0.1527,
    "map_at_10": 0.21842,
    "map_at_100": 0.22911,
    "map_at_1000": 0.23026,
    "map_at_20": 0.2236,
    "map_at_3": 0.19512,
    "map_at_5": 0.20723,
    "mrr_at_1": 0.19154,
    "mrr_at_10": 0.26112,
    "mrr_at_100": 0.27098,
    "mrr_at_1000": 0.2717,
    "mrr_at_20": 0.26656,
    "mrr_at_3": 0.23798,
    "mrr_at_5": 0.25048,
    "ndcg_at_1": 0.19154,
    "ndcg_at_10": 0.26499,
    "ndcg_at_100": 0.32058,
    "ndcg_at_1000": 0.34937,
    "ndcg_at_20": 0.28337,
    "ndcg_at_3": 0.22136,
    "ndcg_at_5": 0.2396,
    "precision_at_1": 0.19154,
    "precision_at_10": 0.04975,
    "precision_at_100": 0.00903,
    "precision_at_1000": 0.00129,
    "precision_at_20": 0.02991,
    "precision_at_3": 0.10614,
    "precision_at_5": 0.07736,
    "recall_at_1": 0.1527,
    "recall_at_10": 0.36917,
    "recall_at_100": 0.61763,
    "recall_at_1000": 0.82473,
    "recall_at_20": 0.43598,
    "recall_at_3": 0.2452,
    "recall_at_5": 0.29221
  }
}