{
  "dataset_revision": "ad9991cb51e31e31e430383c75ffb2885547b5f0",
  "mteb_dataset_name": "CQADupstackEnglishRetrieval",
  "mteb_version": "1.6.34",
  "test": {
    "evaluation_time": 12.39,
    "map_at_1": 0.30062,
    "map_at_10": 0.4013,
    "map_at_100": 0.41285,
    "map_at_1000": 0.41405,
    "map_at_20": 0.40734,
    "map_at_3": 0.37248,
    "map_at_5": 0.38849,
    "mrr_at_1": 0.37962,
    "mrr_at_10": 0.46066,
    "mrr_at_100": 0.46727,
    "mrr_at_1000": 0.46771,
    "mrr_at_20": 0.46445,
    "mrr_at_3": 0.43981,
    "mrr_at_5": 0.45232,
    "ndcg_at_1": 0.37962,
    "ndcg_at_10": 0.45647,
    "ndcg_at_100": 0.49828,
    "ndcg_at_1000": 0.51916,
    "ndcg_at_20": 0.47176,
    "ndcg_at_3": 0.41749,
    "ndcg_at_5": 0.43573,
    "precision_at_1": 0.37962,
    "precision_at_10": 0.08573,
    "precision_at_100": 0.01344,
    "precision_at_1000": 0.00179,
    "precision_at_20": 0.04975,
    "precision_at_3": 0.20234,
    "precision_at_5": 0.14217,
    "recall_at_1": 0.30062,
    "recall_at_10": 0.55142,
    "recall_at_100": 0.72894,
    "recall_at_1000": 0.86534,
    "recall_at_20": 0.60681,
    "recall_at_3": 0.43276,
    "recall_at_5": 0.48734
  }
}