{
  "dataset_revision": "f46a197baaae43b4f621051089b82a364682dfeb",
  "mteb_dataset_name": "CQADupstackAndroidRetrieval",
  "mteb_version": "1.6.34",
  "test": {
    "evaluation_time": 9.96,
    "map_at_1": 0.31635,
    "map_at_10": 0.41742,
    "map_at_100": 0.42965,
    "map_at_1000": 0.43092,
    "map_at_20": 0.42434,
    "map_at_3": 0.38645,
    "map_at_5": 0.40232,
    "mrr_at_1": 0.3834,
    "mrr_at_10": 0.47487,
    "mrr_at_100": 0.48136,
    "mrr_at_1000": 0.48191,
    "mrr_at_20": 0.47868,
    "mrr_at_3": 0.45041,
    "mrr_at_5": 0.46507,
    "ndcg_at_1": 0.3834,
    "ndcg_at_10": 0.47708,
    "ndcg_at_100": 0.52321,
    "ndcg_at_1000": 0.54588,
    "ndcg_at_20": 0.49438,
    "ndcg_at_3": 0.43194,
    "ndcg_at_5": 0.45077,
    "precision_at_1": 0.3834,
    "precision_at_10": 0.08913,
    "precision_at_100": 0.01369,
    "precision_at_1000": 0.00185,
    "precision_at_20": 0.052,
    "precision_at_3": 0.2041,
    "precision_at_5": 0.14478,
    "recall_at_1": 0.31635,
    "recall_at_10": 0.59139,
    "recall_at_100": 0.78781,
    "recall_at_1000": 0.93388,
    "recall_at_20": 0.6522,
    "recall_at_3": 0.45485,
    "recall_at_5": 0.51042
  }
}