{
  "dataset_revision": "79531abbd1fb92d06c6d6315a0cbbbf5bb247ea4",
  "mteb_dataset_name": "CQADupstackPhysicsRetrieval",
  "mteb_version": "1.6.34",
  "test": {
    "evaluation_time": 12.23,
    "map_at_1": 0.29576,
    "map_at_10": 0.39395,
    "map_at_100": 0.4066,
    "map_at_1000": 0.40764,
    "map_at_20": 0.40091,
    "map_at_3": 0.36662,
    "map_at_5": 0.38057,
    "mrr_at_1": 0.35804,
    "mrr_at_10": 0.45088,
    "mrr_at_100": 0.4585,
    "mrr_at_1000": 0.459,
    "mrr_at_20": 0.45522,
    "mrr_at_3": 0.42846,
    "mrr_at_5": 0.44068,
    "ndcg_at_1": 0.35804,
    "ndcg_at_10": 0.45149,
    "ndcg_at_100": 0.50432,
    "ndcg_at_1000": 0.52431,
    "ndcg_at_20": 0.47178,
    "ndcg_at_3": 0.40743,
    "ndcg_at_5": 0.4259,
    "precision_at_1": 0.35804,
    "precision_at_10": 0.08008,
    "precision_at_100": 0.01241,
    "precision_at_1000": 0.00157,
    "precision_at_20": 0.04702,
    "precision_at_3": 0.19153,
    "precision_at_5": 0.13167,
    "recall_at_1": 0.29576,
    "recall_at_10": 0.56517,
    "recall_at_100": 0.78766,
    "recall_at_1000": 0.91866,
    "recall_at_20": 0.63497,
    "recall_at_3": 0.44046,
    "recall_at_5": 0.48999
  }
}