{
  "dataset_revision": "4885aa143210c98657558c04aaf3dc47cfb54340",
  "mteb_dataset_name": "CQADupstackGamingRetrieval",
  "mteb_version": "1.6.34",
  "test": {
    "evaluation_time": 12.83,
    "map_at_1": 0.40347,
    "map_at_10": 0.52271,
    "map_at_100": 0.53274,
    "map_at_1000": 0.53329,
    "map_at_20": 0.52888,
    "map_at_3": 0.49424,
    "map_at_5": 0.50903,
    "mrr_at_1": 0.46019,
    "mrr_at_10": 0.55473,
    "mrr_at_100": 0.56148,
    "mrr_at_1000": 0.56177,
    "mrr_at_20": 0.55905,
    "mrr_at_3": 0.53312,
    "mrr_at_5": 0.54457,
    "ndcg_at_1": 0.46144,
    "ndcg_at_10": 0.57682,
    "ndcg_at_100": 0.61742,
    "ndcg_at_1000": 0.62903,
    "ndcg_at_20": 0.59495,
    "ndcg_at_3": 0.52901,
    "ndcg_at_5": 0.54985,
    "precision_at_1": 0.46144,
    "precision_at_10": 0.09116,
    "precision_at_100": 0.01204,
    "precision_at_1000": 0.00135,
    "precision_at_20": 0.05107,
    "precision_at_3": 0.23574,
    "precision_at_5": 0.1585,
    "recall_at_1": 0.40347,
    "recall_at_10": 0.70446,
    "recall_at_100": 0.88037,
    "recall_at_1000": 0.96312,
    "recall_at_20": 0.77075,
    "recall_at_3": 0.57455,
    "recall_at_5": 0.62586
  }
}