{
  "dataset_revision": "160c094312a0e1facb97e55eeddb698c0abe3571",
  "mteb_dataset_name": "CQADupstackWebmastersRetrieval",
  "mteb_version": "1.6.34",
  "test": {
    "evaluation_time": 9.24,
    "map_at_1": 0.2495,
    "map_at_10": 0.32744,
    "map_at_100": 0.3422,
    "map_at_1000": 0.34457,
    "map_at_20": 0.33437,
    "map_at_3": 0.30301,
    "map_at_5": 0.31524,
    "mrr_at_1": 0.3004,
    "mrr_at_10": 0.37166,
    "mrr_at_100": 0.38079,
    "mrr_at_1000": 0.38148,
    "mrr_at_20": 0.37625,
    "mrr_at_3": 0.35178,
    "mrr_at_5": 0.36215,
    "ndcg_at_1": 0.3004,
    "ndcg_at_10": 0.38004,
    "ndcg_at_100": 0.43344,
    "ndcg_at_1000": 0.46284,
    "ndcg_at_20": 0.39679,
    "ndcg_at_3": 0.34161,
    "ndcg_at_5": 0.35706,
    "precision_at_1": 0.3004,
    "precision_at_10": 0.07174,
    "precision_at_100": 0.01484,
    "precision_at_1000": 0.00233,
    "precision_at_20": 0.04506,
    "precision_at_3": 0.15942,
    "precision_at_5": 0.11423,
    "recall_at_1": 0.2495,
    "recall_at_10": 0.47276,
    "recall_at_100": 0.71667,
    "recall_at_1000": 0.90834,
    "recall_at_20": 0.53658,
    "recall_at_3": 0.35955,
    "recall_at_5": 0.40119
  }
}