{
  "dataset_revision": "5003b3064772da1887988e05400cf3806fe491f2",
  "mteb_dataset_name": "CQADupstackGisRetrieval",
  "mteb_version": "1.6.34",
  "test": {
    "evaluation_time": 11.9,
    "map_at_1": 0.228,
    "map_at_10": 0.30609,
    "map_at_100": 0.31679,
    "map_at_1000": 0.31761,
    "map_at_20": 0.31224,
    "map_at_3": 0.28464,
    "map_at_5": 0.29569,
    "mrr_at_1": 0.24746,
    "mrr_at_10": 0.32588,
    "mrr_at_100": 0.33551,
    "mrr_at_1000": 0.33617,
    "mrr_at_20": 0.33131,
    "mrr_at_3": 0.30433,
    "mrr_at_5": 0.31608,
    "ndcg_at_1": 0.24633,
    "ndcg_at_10": 0.35041,
    "ndcg_at_100": 0.40321,
    "ndcg_at_1000": 0.42506,
    "ndcg_at_20": 0.37159,
    "ndcg_at_3": 0.30784,
    "ndcg_at_5": 0.32687,
    "precision_at_1": 0.24633,
    "precision_at_10": 0.05356,
    "precision_at_100": 0.00834,
    "precision_at_1000": 0.00106,
    "precision_at_20": 0.03153,
    "precision_at_3": 0.13258,
    "precision_at_5": 0.09017,
    "recall_at_1": 0.228,
    "recall_at_10": 0.46865,
    "recall_at_100": 0.71233,
    "recall_at_1000": 0.87814,
    "recall_at_20": 0.54899,
    "recall_at_3": 0.35306,
    "recall_at_5": 0.39939
  }
}