{
  "dataset_revision": "c0f706b76e590d620bd6618b3ca8efdd34e2d659",
  "dev": {
    "evaluation_time": 431.55,
    "map_at_1": 0.09388,
    "map_at_10": 0.19599,
    "map_at_100": 0.28261,
    "map_at_1000": 0.29855,
    "map_at_20": 0.23183,
    "map_at_3": 0.13728,
    "map_at_5": 0.15816,
    "mrr_at_1": 0.64179,
    "mrr_at_10": 0.75586,
    "mrr_at_100": 0.75831,
    "mrr_at_1000": 0.75845,
    "mrr_at_20": 0.75801,
    "mrr_at_3": 0.74129,
    "mrr_at_5": 0.74876,
    "ndcg_at_1": 0.55224,
    "ndcg_at_10": 0.43044,
    "ndcg_at_100": 0.49917,
    "ndcg_at_1000": 0.56737,
    "ndcg_at_20": 0.43438,
    "ndcg_at_3": 0.48445,
    "ndcg_at_5": 0.4523,
    "precision_at_1": 0.64179,
    "precision_at_10": 0.3194,
    "precision_at_100": 0.10134,
    "precision_at_1000": 0.01636,
    "precision_at_20": 0.25373,
    "precision_at_3": 0.47761,
    "precision_at_5": 0.40896,
    "recall_at_1": 0.09388,
    "recall_at_10": 0.26449,
    "recall_at_100": 0.58938,
    "recall_at_1000": 0.79343,
    "recall_at_20": 0.36909,
    "recall_at_3": 0.14985,
    "recall_at_5": 0.18059
  },
  "mteb_dataset_name": "DBPedia",
  "mteb_version": "1.6.34",
  "test": {
    "evaluation_time": 440.3,
    "map_at_1": 0.07476,
    "map_at_10": 0.17004,
    "map_at_100": 0.24144,
    "map_at_1000": 0.25524,
    "map_at_20": 0.19697,
    "map_at_3": 0.1196,
    "map_at_5": 0.14146,
    "mrr_at_1": 0.5975,
    "mrr_at_10": 0.69076,
    "mrr_at_100": 0.69506,
    "mrr_at_1000": 0.69517,
    "mrr_at_20": 0.69336,
    "mrr_at_3": 0.67167,
    "mrr_at_5": 0.68417,
    "ndcg_at_1": 0.4725,
    "ndcg_at_10": 0.36241,
    "ndcg_at_100": 0.41522,
    "ndcg_at_1000": 0.484,
    "ndcg_at_20": 0.36107,
    "ndcg_at_3": 0.39335,
    "ndcg_at_5": 0.3768,
    "precision_at_1": 0.5975,
    "precision_at_10": 0.2915,
    "precision_at_100": 0.09452,
    "precision_at_1000": 0.01884,
    "precision_at_20": 0.22237,
    "precision_at_3": 0.43333,
    "precision_at_5": 0.3725,
    "recall_at_1": 0.07476,
    "recall_at_10": 0.23717,
    "recall_at_100": 0.49912,
    "recall_at_1000": 0.71418,
    "recall_at_20": 0.30487,
    "recall_at_3": 0.13558,
    "recall_at_5": 0.17642
  }
}