{
  "dataset_revision": "ab518f4d6fcca38d87c25209f94beba119d02014",
  "dev": {
    "evaluation_time": 816.77,
    "map_at_1": 0.34799,
    "map_at_10": 0.48429,
    "map_at_100": 0.4932,
    "map_at_1000": 0.49398,
    "map_at_20": 0.48948,
    "map_at_3": 0.45476,
    "map_at_5": 0.47214,
    "mrr_at_1": 0.69635,
    "mrr_at_10": 0.76598,
    "mrr_at_100": 0.76876,
    "mrr_at_1000": 0.76891,
    "mrr_at_20": 0.76771,
    "mrr_at_3": 0.7532,
    "mrr_at_5": 0.76088,
    "ndcg_at_1": 0.69598,
    "ndcg_at_10": 0.58086,
    "ndcg_at_100": 0.61337,
    "ndcg_at_1000": 0.62888,
    "ndcg_at_20": 0.59435,
    "ndcg_at_3": 0.5359,
    "ndcg_at_5": 0.55938,
    "precision_at_1": 0.69598,
    "precision_at_10": 0.11974,
    "precision_at_100": 0.01452,
    "precision_at_1000": 0.00166,
    "precision_at_20": 0.06421,
    "precision_at_3": 0.33235,
    "precision_at_5": 0.21806,
    "recall_at_1": 0.34799,
    "recall_at_10": 0.59868,
    "recall_at_100": 0.72609,
    "recall_at_1000": 0.82853,
    "recall_at_20": 0.6421,
    "recall_at_3": 0.49853,
    "recall_at_5": 0.54516
  },
  "mteb_dataset_name": "HotpotQA",
  "mteb_version": "1.6.34",
  "test": {
    "evaluation_time": 870.05,
    "map_at_1": 0.33248,
    "map_at_10": 0.46413,
    "map_at_100": 0.47375,
    "map_at_1000": 0.47452,
    "map_at_20": 0.46963,
    "map_at_3": 0.4343,
    "map_at_5": 0.4514,
    "mrr_at_1": 0.66509,
    "mrr_at_10": 0.74009,
    "mrr_at_100": 0.74334,
    "mrr_at_1000": 0.74348,
    "mrr_at_20": 0.74223,
    "mrr_at_3": 0.72523,
    "mrr_at_5": 0.73435,
    "ndcg_at_1": 0.66496,
    "ndcg_at_10": 0.56128,
    "ndcg_at_100": 0.59671,
    "ndcg_at_1000": 0.61201,
    "ndcg_at_20": 0.57579,
    "ndcg_at_3": 0.5143,
    "ndcg_at_5": 0.53831,
    "precision_at_1": 0.66496,
    "precision_at_10": 0.11702,
    "precision_at_100": 0.01448,
    "precision_at_1000": 0.00165,
    "precision_at_20": 0.06317,
    "precision_at_3": 0.32001,
    "precision_at_5": 0.21102,
    "recall_at_1": 0.33248,
    "recall_at_10": 0.58508,
    "recall_at_100": 0.7239,
    "recall_at_1000": 0.82525,
    "recall_at_20": 0.63167,
    "recall_at_3": 0.48001,
    "recall_at_5": 0.52755
  },
  "train": {
    "evaluation_time": 3084.37,
    "map_at_1": 0.34466,
    "map_at_10": 0.48096,
    "map_at_100": 0.49013,
    "map_at_1000": 0.49086,
    "map_at_20": 0.48627,
    "map_at_3": 0.45186,
    "map_at_5": 0.46928,
    "mrr_at_1": 0.68925,
    "mrr_at_10": 0.75855,
    "mrr_at_100": 0.76153,
    "mrr_at_1000": 0.76166,
    "mrr_at_20": 0.76046,
    "mrr_at_3": 0.74498,
    "mrr_at_5": 0.75354,
    "ndcg_at_1": 0.68933,
    "ndcg_at_10": 0.5765,
    "ndcg_at_100": 0.61019,
    "ndcg_at_1000": 0.62508,
    "ndcg_at_20": 0.59045,
    "ndcg_at_3": 0.53165,
    "ndcg_at_5": 0.55557,
    "precision_at_1": 0.68933,
    "precision_at_10": 0.11898,
    "precision_at_100": 0.01454,
    "precision_at_1000": 0.00165,
    "precision_at_20": 0.06398,
    "precision_at_3": 0.33009,
    "precision_at_5": 0.21696,
    "recall_at_1": 0.34466,
    "recall_at_10": 0.59489,
    "recall_at_100": 0.72707,
    "recall_at_1000": 0.82594,
    "recall_at_20": 0.63981,
    "recall_at_3": 0.49513,
    "recall_at_5": 0.5424
  }
}