{
  "dataset_revision": "c22ab2a51041ffd869aaddef7af8d8215647e41a",
  "mteb_dataset_name": "ArguAna",
  "mteb_version": "1.10.3",
  "test": {
    "evaluation_time": 153.02,
    "map_at_1": 0.27596,
    "map_at_10": 0.43773,
    "map_at_100": 0.44624,
    "map_at_1000": 0.44633,
    "map_at_20": 0.44443,
    "map_at_3": 0.38561,
    "map_at_5": 0.41726,
    "mrr_at_1": 0.28378,
    "mrr_at_10": 0.44059,
    "mrr_at_100": 0.44904,
    "mrr_at_1000": 0.44913,
    "mrr_at_20": 0.44722,
    "mrr_at_3": 0.38905,
    "mrr_at_5": 0.41945,
    "ndcg_at_1": 0.27596,
    "ndcg_at_10": 0.52898,
    "ndcg_at_100": 0.56558,
    "ndcg_at_1000": 0.56755,
    "ndcg_at_20": 0.55307,
    "ndcg_at_3": 0.4224,
    "ndcg_at_5": 0.47948,
    "precision_at_1": 0.27596,
    "precision_at_10": 0.08208,
    "precision_at_100": 0.00982,
    "precision_at_1000": 0.001,
    "precision_at_20": 0.04577,
    "precision_at_3": 0.17639,
    "precision_at_5": 0.13357,
    "recall_at_1": 0.27596,
    "recall_at_10": 0.82077,
    "recall_at_100": 0.98151,
    "recall_at_1000": 0.99644,
    "recall_at_20": 0.91536,
    "recall_at_3": 0.52916,
    "recall_at_5": 0.66785
  }
}