{
  "dataset_revision": "65ac3a16b8e91f9cee4c9828cc7c335575432a2a",
  "mteb_dataset_name": "CQADupstackStatsRetrieval",
  "mteb_version": "1.10.3",
  "test": {
    "evaluation_time": 504.06,
    "map_at_1": 0.27211,
    "map_at_10": 0.33521,
    "map_at_100": 0.34421,
    "map_at_1000": 0.34532,
    "map_at_20": 0.34003,
    "map_at_3": 0.31633,
    "map_at_5": 0.32871,
    "mrr_at_1": 0.30368,
    "mrr_at_10": 0.36462,
    "mrr_at_100": 0.37224,
    "mrr_at_1000": 0.37306,
    "mrr_at_20": 0.3689,
    "mrr_at_3": 0.34535,
    "mrr_at_5": 0.35877,
    "ndcg_at_1": 0.30368,
    "ndcg_at_10": 0.3717,
    "ndcg_at_100": 0.4146,
    "ndcg_at_1000": 0.44262,
    "ndcg_at_20": 0.38742,
    "ndcg_at_3": 0.33784,
    "ndcg_at_5": 0.3579,
    "precision_at_1": 0.30368,
    "precision_at_10": 0.05475,
    "precision_at_100": 0.00831,
    "precision_at_1000": 0.00115,
    "precision_at_20": 0.03144,
    "precision_at_3": 0.14162,
    "precision_at_5": 0.09816,
    "recall_at_1": 0.27211,
    "recall_at_10": 0.45473,
    "recall_at_100": 0.64649,
    "recall_at_1000": 0.85298,
    "recall_at_20": 0.51202,
    "recall_at_3": 0.36379,
    "recall_at_5": 0.41356
  }
}