{
  "dataset_revision": "5003b3064772da1887988e05400cf3806fe491f2",
  "mteb_dataset_name": "CQADupstackGisRetrieval",
  "mteb_version": "1.10.3",
  "test": {
    "evaluation_time": 443.36,
    "map_at_1": 0.27779,
    "map_at_10": 0.3573,
    "map_at_100": 0.36685,
    "map_at_1000": 0.36768,
    "map_at_20": 0.36279,
    "map_at_3": 0.33201,
    "map_at_5": 0.34639,
    "mrr_at_1": 0.30056,
    "mrr_at_10": 0.3774,
    "mrr_at_100": 0.38571,
    "mrr_at_1000": 0.38637,
    "mrr_at_20": 0.38238,
    "mrr_at_3": 0.3533,
    "mrr_at_5": 0.36748,
    "ndcg_at_1": 0.29944,
    "ndcg_at_10": 0.4029,
    "ndcg_at_100": 0.45011,
    "ndcg_at_1000": 0.47024,
    "ndcg_at_20": 0.42208,
    "ndcg_at_3": 0.35323,
    "ndcg_at_5": 0.37801,
    "precision_at_1": 0.29944,
    "precision_at_10": 0.06023,
    "precision_at_100": 0.00877,
    "precision_at_1000": 0.00108,
    "precision_at_20": 0.03458,
    "precision_at_3": 0.14501,
    "precision_at_5": 0.10102,
    "recall_at_1": 0.27779,
    "recall_at_10": 0.52465,
    "recall_at_100": 0.74396,
    "recall_at_1000": 0.89303,
    "recall_at_20": 0.59827,
    "recall_at_3": 0.39081,
    "recall_at_5": 0.45119
  }
}