{
  "dataset_revision": "e4e08e0b7dbe3c8700f0daef558ff32256715259",
  "mteb_dataset_name": "QuoraRetrieval",
  "mteb_version": "1.10.3",
  "test": {
    "evaluation_time": 3638.06,
    "map_at_1": 0.71364,
    "map_at_10": 0.85181,
    "map_at_100": 0.85794,
    "map_at_1000": 0.85812,
    "map_at_20": 0.85582,
    "map_at_3": 0.82312,
    "map_at_5": 0.8414,
    "mrr_at_1": 0.8199,
    "mrr_at_10": 0.88098,
    "mrr_at_100": 0.88194,
    "mrr_at_1000": 0.88194,
    "mrr_at_20": 0.8817,
    "mrr_at_3": 0.87213,
    "mrr_at_5": 0.87846,
    "ndcg_at_1": 0.82,
    "ndcg_at_10": 0.88824,
    "ndcg_at_100": 0.89984,
    "ndcg_at_1000": 0.90083,
    "ndcg_at_20": 0.89437,
    "ndcg_at_3": 0.86168,
    "ndcg_at_5": 0.87681,
    "precision_at_1": 0.82,
    "precision_at_10": 0.13413,
    "precision_at_100": 0.01525,
    "precision_at_1000": 0.00156,
    "precision_at_20": 0.071,
    "precision_at_3": 0.3763,
    "precision_at_5": 0.24698,
    "recall_at_1": 0.71364,
    "recall_at_10": 0.95617,
    "recall_at_100": 0.99571,
    "recall_at_1000": 0.99961,
    "recall_at_20": 0.97579,
    "recall_at_3": 0.87883,
    "recall_at_5": 0.92245
  }
}