{
  "dataset_revision": "f8c2fcf00f625baaa80f62ec5bd9e1fff3b8ae88",
  "mteb_dataset_name": "SCIDOCS",
  "mteb_version": "1.10.3",
  "test": {
    "evaluation_time": 252.21,
    "map_at_1": 0.04693,
    "map_at_10": 0.12249,
    "map_at_100": 0.14093,
    "map_at_1000": 0.14346,
    "map_at_20": 0.13181,
    "map_at_3": 0.08761,
    "map_at_5": 0.10448,
    "mrr_at_1": 0.231,
    "mrr_at_10": 0.34245,
    "mrr_at_100": 0.35317,
    "mrr_at_1000": 0.35373,
    "mrr_at_20": 0.3496,
    "mrr_at_3": 0.31133,
    "mrr_at_5": 0.32893,
    "ndcg_at_1": 0.231,
    "ndcg_at_10": 0.20338,
    "ndcg_at_100": 0.2758,
    "ndcg_at_1000": 0.32222,
    "ndcg_at_20": 0.23036,
    "ndcg_at_3": 0.19484,
    "ndcg_at_5": 0.169,
    "precision_at_1": 0.231,
    "precision_at_10": 0.1055,
    "precision_at_100": 0.02091,
    "precision_at_1000": 0.00321,
    "precision_at_20": 0.06845,
    "precision_at_3": 0.184,
    "precision_at_5": 0.1488,
    "recall_at_1": 0.04693,
    "recall_at_10": 0.21372,
    "recall_at_100": 0.42438,
    "recall_at_1000": 0.65178,
    "recall_at_20": 0.27738,
    "recall_at_3": 0.11183,
    "recall_at_5": 0.15073
  }
}