{
  "dataset_revision": "b774495ed302d8c44a3a7ea25c90dbce03968f31",
  "mteb_dataset_name": "NQ",
  "mteb_version": "1.10.3",
  "test": {
    "evaluation_time": 17029.44,
    "map_at_1": 0.32918,
    "map_at_10": 0.4906,
    "map_at_100": 0.49998,
    "map_at_1000": 0.50022,
    "map_at_20": 0.49686,
    "map_at_3": 0.4477,
    "map_at_5": 0.47294,
    "mrr_at_1": 0.36964,
    "mrr_at_10": 0.51548,
    "mrr_at_100": 0.52239,
    "mrr_at_1000": 0.52256,
    "mrr_at_20": 0.52013,
    "mrr_at_3": 0.48243,
    "mrr_at_5": 0.50236,
    "ndcg_at_1": 0.36935,
    "ndcg_at_10": 0.56829,
    "ndcg_at_100": 0.6071,
    "ndcg_at_1000": 0.61274,
    "ndcg_at_20": 0.58838,
    "ndcg_at_3": 0.48985,
    "ndcg_at_5": 0.53086,
    "precision_at_1": 0.36935,
    "precision_at_10": 0.09299,
    "precision_at_100": 0.01147,
    "precision_at_1000": 0.0012,
    "precision_at_20": 0.05135,
    "precision_at_3": 0.22345,
    "precision_at_5": 0.15782,
    "recall_at_1": 0.32918,
    "recall_at_10": 0.77837,
    "recall_at_100": 0.94571,
    "recall_at_1000": 0.98759,
    "recall_at_20": 0.85286,
    "recall_at_3": 0.57759,
    "recall_at_5": 0.67137
  }
}