{
  "dataset_revision": "47f2ac6acb640fc46020b02a5b59fdda04d39380",
  "mteb_dataset_name": "ClimateFEVER",
  "mteb_version": "1.10.3",
  "test": {
    "evaluation_time": 25567.76,
    "map_at_1": 0.09647,
    "map_at_10": 0.16894,
    "map_at_100": 0.18357,
    "map_at_1000": 0.18512,
    "map_at_20": 0.1762,
    "map_at_3": 0.1404,
    "map_at_5": 0.15619,
    "mrr_at_1": 0.2215,
    "mrr_at_10": 0.32916,
    "mrr_at_100": 0.33877,
    "mrr_at_1000": 0.33923,
    "mrr_at_20": 0.33485,
    "mrr_at_3": 0.29685,
    "mrr_at_5": 0.31532,
    "ndcg_at_1": 0.22085,
    "ndcg_at_10": 0.24305,
    "ndcg_at_100": 0.30635,
    "ndcg_at_1000": 0.33709,
    "ndcg_at_20": 0.2651,
    "ndcg_at_3": 0.19576,
    "ndcg_at_5": 0.21447,
    "precision_at_1": 0.22085,
    "precision_at_10": 0.07655,
    "precision_at_100": 0.01445,
    "precision_at_1000": 0.002,
    "precision_at_20": 0.04775,
    "precision_at_3": 0.1468,
    "precision_at_5": 0.11518,
    "recall_at_1": 0.09647,
    "recall_at_10": 0.29787,
    "recall_at_100": 0.52034,
    "recall_at_1000": 0.69676,
    "recall_at_20": 0.35955,
    "recall_at_3": 0.18261,
    "recall_at_5": 0.23367
  }
}