{
  "dataset_revision": "5003b3064772da1887988e05400cf3806fe491f2",
  "mteb_dataset_name": "CQADupstackGisRetrieval",
  "mteb_version": "1.10.3",
  "test": {
    "evaluation_time": 250.17,
    "map_at_1": 0.28325,
    "map_at_10": 0.36309,
    "map_at_100": 0.37267,
    "map_at_1000": 0.3735,
    "map_at_20": 0.36832,
    "map_at_3": 0.33746,
    "map_at_5": 0.35103,
    "mrr_at_1": 0.30621,
    "mrr_at_10": 0.38447,
    "mrr_at_100": 0.39236,
    "mrr_at_1000": 0.39302,
    "mrr_at_20": 0.38864,
    "mrr_at_3": 0.35989,
    "mrr_at_5": 0.37316,
    "ndcg_at_1": 0.30621,
    "ndcg_at_10": 0.41048,
    "ndcg_at_100": 0.45701,
    "ndcg_at_1000": 0.47687,
    "ndcg_at_20": 0.42754,
    "ndcg_at_3": 0.36002,
    "ndcg_at_5": 0.38264,
    "precision_at_1": 0.30621,
    "precision_at_10": 0.06113,
    "precision_at_100": 0.00887,
    "precision_at_1000": 0.00109,
    "precision_at_20": 0.03486,
    "precision_at_3": 0.1484,
    "precision_at_5": 0.10192,
    "recall_at_1": 0.28325,
    "recall_at_10": 0.53733,
    "recall_at_100": 0.75203,
    "recall_at_1000": 0.89964,
    "recall_at_20": 0.60027,
    "recall_at_3": 0.39985,
    "recall_at_5": 0.45406
  }
}