{
  "dataset_revision": "6184bc1440d2dbc7612be22b50686b8826d22b32",
  "mteb_dataset_name": "CQADupstackProgrammersRetrieval",
  "mteb_version": "1.10.3",
  "test": {
    "evaluation_time": 223.3,
    "map_at_1": 0.28761,
    "map_at_10": 0.38714,
    "map_at_100": 0.3994,
    "map_at_1000": 0.40048,
    "map_at_20": 0.39388,
    "map_at_3": 0.35807,
    "map_at_5": 0.37468,
    "mrr_at_1": 0.35046,
    "mrr_at_10": 0.44028,
    "mrr_at_100": 0.44852,
    "mrr_at_1000": 0.44905,
    "mrr_at_20": 0.44517,
    "mrr_at_3": 0.418,
    "mrr_at_5": 0.43056,
    "ndcg_at_1": 0.35046,
    "ndcg_at_10": 0.44105,
    "ndcg_at_100": 0.49426,
    "ndcg_at_1000": 0.51551,
    "ndcg_at_20": 0.46207,
    "ndcg_at_3": 0.39613,
    "ndcg_at_5": 0.41678,
    "precision_at_1": 0.35046,
    "precision_at_10": 0.07763,
    "precision_at_100": 0.01209,
    "precision_at_1000": 0.00155,
    "precision_at_20": 0.04561,
    "precision_at_3": 0.18683,
    "precision_at_5": 0.13128,
    "recall_at_1": 0.28761,
    "recall_at_10": 0.54926,
    "recall_at_100": 0.77813,
    "recall_at_1000": 0.91898,
    "recall_at_20": 0.62454,
    "recall_at_3": 0.42271,
    "recall_at_5": 0.47737
  }
}