{
  "dataset_revision": "27a168819829fe9bcd655c2df245fb19452e8e06",
  "mteb_dataset_name": "FiQA2018",
  "mteb_version": "1.10.3",
  "test": {
    "evaluation_time": 1546.21,
    "map_at_1": 0.19827,
    "map_at_10": 0.32594,
    "map_at_100": 0.34555,
    "map_at_1000": 0.34716,
    "map_at_20": 0.33708,
    "map_at_3": 0.28371,
    "map_at_5": 0.30744,
    "mrr_at_1": 0.39198,
    "mrr_at_10": 0.48508,
    "mrr_at_100": 0.49441,
    "mrr_at_1000": 0.49477,
    "mrr_at_20": 0.49167,
    "mrr_at_3": 0.46245,
    "mrr_at_5": 0.47464,
    "ndcg_at_1": 0.39198,
    "ndcg_at_10": 0.40519,
    "ndcg_at_100": 0.47493,
    "ndcg_at_1000": 0.50304,
    "ndcg_at_20": 0.43471,
    "ndcg_at_3": 0.3682,
    "ndcg_at_5": 0.37895,
    "precision_at_1": 0.39198,
    "precision_at_10": 0.11327,
    "precision_at_100": 0.0183,
    "precision_at_1000": 0.00234,
    "precision_at_20": 0.06813,
    "precision_at_3": 0.24537,
    "precision_at_5": 0.18056,
    "recall_at_1": 0.19827,
    "recall_at_10": 0.4753,
    "recall_at_100": 0.73119,
    "recall_at_1000": 0.90187,
    "recall_at_20": 0.56892,
    "recall_at_3": 0.33612,
    "recall_at_5": 0.39194
  }
}