{
  "dataset_revision": "ab518f4d6fcca38d87c25209f94beba119d02014",
  "mteb_dataset_name": "HotpotQA",
  "mteb_version": "1.10.3",
  "test": {
    "evaluation_time": 24772.25,
    "map_at_1": 0.38123,
    "map_at_10": 0.55929,
    "map_at_100": 0.56795,
    "map_at_1000": 0.56856,
    "map_at_20": 0.56464,
    "map_at_3": 0.52795,
    "map_at_5": 0.54692,
    "mrr_at_1": 0.76165,
    "mrr_at_10": 0.82288,
    "mrr_at_100": 0.82477,
    "mrr_at_1000": 0.82486,
    "mrr_at_20": 0.82414,
    "mrr_at_3": 0.81328,
    "mrr_at_5": 0.81957,
    "ndcg_at_1": 0.76246,
    "ndcg_at_10": 0.65149,
    "ndcg_at_100": 0.68061,
    "ndcg_at_1000": 0.69302,
    "ndcg_at_20": 0.66471,
    "ndcg_at_3": 0.60646,
    "ndcg_at_5": 0.63092,
    "precision_at_1": 0.76246,
    "precision_at_10": 0.13453,
    "precision_at_100": 0.01569,
    "precision_at_1000": 0.00173,
    "precision_at_20": 0.07151,
    "precision_at_3": 0.38186,
    "precision_at_5": 0.24851,
    "recall_at_1": 0.38123,
    "recall_at_10": 0.67265,
    "recall_at_100": 0.78474,
    "recall_at_1000": 0.86732,
    "recall_at_20": 0.71506,
    "recall_at_3": 0.57279,
    "recall_at_5": 0.62127
  }
}