{
  "dataset_revision": "ec0fa4fe99da2ff19ca1214b7966684033a58814",
  "mteb_dataset_name": "NFCorpus",
  "mteb_version": "1.10.3",
  "test": {
    "evaluation_time": 69.64,
    "map_at_1": 0.06454,
    "map_at_10": 0.14211,
    "map_at_100": 0.17588,
    "map_at_1000": 0.19028,
    "map_at_20": 0.15662,
    "map_at_3": 0.10593,
    "map_at_5": 0.12107,
    "mrr_at_1": 0.47678,
    "mrr_at_10": 0.5589,
    "mrr_at_100": 0.56494,
    "mrr_at_1000": 0.56536,
    "mrr_at_20": 0.56209,
    "mrr_at_3": 0.54128,
    "mrr_at_5": 0.55537,
    "ndcg_at_1": 0.46285,
    "ndcg_at_10": 0.36341,
    "ndcg_at_100": 0.32946,
    "ndcg_at_1000": 0.41653,
    "ndcg_at_20": 0.3389,
    "ndcg_at_3": 0.41805,
    "ndcg_at_5": 0.39068,
    "precision_at_1": 0.47678,
    "precision_at_10": 0.2678,
    "precision_at_100": 0.0818,
    "precision_at_1000": 0.02085,
    "precision_at_20": 0.19768,
    "precision_at_3": 0.39009,
    "precision_at_5": 0.33189,
    "recall_at_1": 0.06454,
    "recall_at_10": 0.17706,
    "recall_at_100": 0.3246,
    "recall_at_1000": 0.6383,
    "recall_at_20": 0.21447,
    "recall_at_3": 0.11687,
    "recall_at_5": 0.1419
  }
}