{
  "dataset_revision": "a34f9a33db75fa0cbb21bb5cfc3dae8dc8bec93f",
  "mteb_dataset_name": "Touche2020",
  "mteb_version": "1.10.3",
  "test": {
    "evaluation_time": 1822.69,
    "map_at_1": 0.01226,
    "map_at_10": 0.07177,
    "map_at_100": 0.12774,
    "map_at_1000": 0.14244,
    "map_at_20": 0.09651,
    "map_at_3": 0.03209,
    "map_at_5": 0.04251,
    "mrr_at_1": 0.16327,
    "mrr_at_10": 0.30762,
    "mrr_at_100": 0.32178,
    "mrr_at_1000": 0.32196,
    "mrr_at_20": 0.31501,
    "mrr_at_3": 0.26531,
    "mrr_at_5": 0.28878,
    "ndcg_at_1": 0.13265,
    "ndcg_at_10": 0.18621,
    "ndcg_at_100": 0.30638,
    "ndcg_at_1000": 0.41955,
    "ndcg_at_20": 0.20488,
    "ndcg_at_3": 0.16263,
    "ndcg_at_5": 0.16095,
    "precision_at_1": 0.16327,
    "precision_at_10": 0.1898,
    "precision_at_100": 0.0698,
    "precision_at_1000": 0.01433,
    "precision_at_20": 0.14796,
    "precision_at_3": 0.18367,
    "precision_at_5": 0.17551,
    "recall_at_1": 0.01226,
    "recall_at_10": 0.13881,
    "recall_at_100": 0.43726,
    "recall_at_1000": 0.77692,
    "recall_at_20": 0.21393,
    "recall_at_3": 0.04307,
    "recall_at_5": 0.06705
  }
}