{
  "dataset_revision": "bb9466bac8153a0349341eb1b22e06409e78ef4e",
  "mteb_dataset_name": "TRECCOVID",
  "mteb_version": "1.10.3",
  "test": {
    "evaluation_time": 773.2,
    "map_at_1": 0.00257,
    "map_at_10": 0.01994,
    "map_at_100": 0.1193,
    "map_at_1000": 0.28726,
    "map_at_20": 0.03592,
    "map_at_3": 0.00678,
    "map_at_5": 0.01084,
    "mrr_at_1": 0.94,
    "mrr_at_10": 0.96167,
    "mrr_at_100": 0.96167,
    "mrr_at_1000": 0.96167,
    "mrr_at_20": 0.96167,
    "mrr_at_3": 0.95667,
    "mrr_at_5": 0.96167,
    "ndcg_at_1": 0.87,
    "ndcg_at_10": 0.77378,
    "ndcg_at_100": 0.59462,
    "ndcg_at_1000": 0.54155,
    "ndcg_at_20": 0.73425,
    "ndcg_at_3": 0.8205,
    "ndcg_at_5": 0.7992,
    "precision_at_1": 0.94,
    "precision_at_10": 0.818,
    "precision_at_100": 0.6108,
    "precision_at_1000": 0.23628,
    "precision_at_20": 0.771,
    "precision_at_3": 0.86667,
    "precision_at_5": 0.856,
    "recall_at_1": 0.00257,
    "recall_at_10": 0.02159,
    "recall_at_100": 0.15054,
    "recall_at_1000": 0.5126,
    "recall_at_20": 0.04021,
    "recall_at_3": 0.00697,
    "recall_at_5": 0.01144
  }
}