{
  "dataset_revision": "ad9991cb51e31e31e430383c75ffb2885547b5f0",
  "mteb_dataset_name": "CQADupstackEnglishRetrieval",
  "mteb_version": "1.10.3",
  "test": {
    "evaluation_time": 503.89,
    "map_at_1": 0.33122,
    "map_at_10": 0.43586,
    "map_at_100": 0.44801,
    "map_at_1000": 0.44921,
    "map_at_20": 0.44188,
    "map_at_3": 0.40674,
    "map_at_5": 0.42182,
    "mrr_at_1": 0.41656,
    "mrr_at_10": 0.49712,
    "mrr_at_100": 0.50334,
    "mrr_at_1000": 0.50375,
    "mrr_at_20": 0.50064,
    "mrr_at_3": 0.47728,
    "mrr_at_5": 0.48833,
    "ndcg_at_1": 0.41656,
    "ndcg_at_10": 0.49209,
    "ndcg_at_100": 0.53376,
    "ndcg_at_1000": 0.5521,
    "ndcg_at_20": 0.50627,
    "ndcg_at_3": 0.45427,
    "ndcg_at_5": 0.46969,
    "precision_at_1": 0.41656,
    "precision_at_10": 0.09223,
    "precision_at_100": 0.01461,
    "precision_at_1000": 0.00189,
    "precision_at_20": 0.05331,
    "precision_at_3": 0.22017,
    "precision_at_5": 0.15287,
    "recall_at_1": 0.33122,
    "recall_at_10": 0.58631,
    "recall_at_100": 0.76414,
    "recall_at_1000": 0.87936,
    "recall_at_20": 0.63793,
    "recall_at_3": 0.46758,
    "recall_at_5": 0.51503
  }
}