{
  "dataset_revision": "4ffe81d471b1924886b33c7567bfb200e9eec5c4",
  "mteb_dataset_name": "CQADupstackWordpressRetrieval",
  "mteb_version": "1.10.3",
  "test": {
    "evaluation_time": 440.62,
    "map_at_1": 0.23148,
    "map_at_10": 0.302,
    "map_at_100": 0.31214,
    "map_at_1000": 0.31308,
    "map_at_20": 0.30777,
    "map_at_3": 0.27877,
    "map_at_5": 0.29034,
    "mrr_at_1": 0.25323,
    "mrr_at_10": 0.3231,
    "mrr_at_100": 0.33199,
    "mrr_at_1000": 0.33269,
    "mrr_at_20": 0.32828,
    "mrr_at_3": 0.30099,
    "mrr_at_5": 0.31402,
    "ndcg_at_1": 0.25323,
    "ndcg_at_10": 0.34674,
    "ndcg_at_100": 0.39572,
    "ndcg_at_1000": 0.42042,
    "ndcg_at_20": 0.36692,
    "ndcg_at_3": 0.30009,
    "ndcg_at_5": 0.32089,
    "precision_at_1": 0.25323,
    "precision_at_10": 0.05434,
    "precision_at_100": 0.00845,
    "precision_at_1000": 0.00118,
    "precision_at_20": 0.03198,
    "precision_at_3": 0.12508,
    "precision_at_5": 0.08762,
    "recall_at_1": 0.23148,
    "recall_at_10": 0.46448,
    "recall_at_100": 0.68765,
    "recall_at_1000": 0.87345,
    "recall_at_20": 0.54211,
    "recall_at_3": 0.33755,
    "recall_at_5": 0.38857
  }
}