{
  "dataset_revision": "79531abbd1fb92d06c6d6315a0cbbbf5bb247ea4",
  "mteb_dataset_name": "CQADupstackPhysicsRetrieval",
  "mteb_version": "1.10.3",
  "test": {
    "evaluation_time": 460.49,
    "map_at_1": 0.31052,
    "map_at_10": 0.4158,
    "map_at_100": 0.4294,
    "map_at_1000": 0.43041,
    "map_at_20": 0.42357,
    "map_at_3": 0.38475,
    "map_at_5": 0.40386,
    "mrr_at_1": 0.37536,
    "mrr_at_10": 0.47188,
    "mrr_at_100": 0.48018,
    "mrr_at_1000": 0.48063,
    "mrr_at_20": 0.47709,
    "mrr_at_3": 0.44851,
    "mrr_at_5": 0.46328,
    "ndcg_at_1": 0.37729,
    "ndcg_at_10": 0.47369,
    "ndcg_at_100": 0.5286,
    "ndcg_at_1000": 0.54675,
    "ndcg_at_20": 0.49703,
    "ndcg_at_3": 0.42596,
    "ndcg_at_5": 0.45184,
    "precision_at_1": 0.37729,
    "precision_at_10": 0.08393,
    "precision_at_100": 0.01297,
    "precision_at_1000": 0.00161,
    "precision_at_20": 0.04971,
    "precision_at_3": 0.20019,
    "precision_at_5": 0.14283,
    "recall_at_1": 0.31052,
    "recall_at_10": 0.58789,
    "recall_at_100": 0.81485,
    "recall_at_1000": 0.9324,
    "recall_at_20": 0.66912,
    "recall_at_3": 0.45499,
    "recall_at_5": 0.52191
  }
}