{
  "dataset_revision": "4ffe81d471b1924886b33c7567bfb200e9eec5c4",
  "mteb_dataset_name": "CQADupstackWordpressRetrieval",
  "mteb_version": "1.10.3",
  "test": {
    "evaluation_time": 227.9,
    "map_at_1": 0.22594,
    "map_at_10": 0.29838,
    "map_at_100": 0.30917,
    "map_at_1000": 0.31008,
    "map_at_20": 0.3051,
    "map_at_3": 0.27707,
    "map_at_5": 0.28655,
    "mrr_at_1": 0.24769,
    "mrr_at_10": 0.31958,
    "mrr_at_100": 0.32835,
    "mrr_at_1000": 0.32902,
    "mrr_at_20": 0.32474,
    "mrr_at_3": 0.2976,
    "mrr_at_5": 0.30915,
    "ndcg_at_1": 0.24584,
    "ndcg_at_10": 0.3427,
    "ndcg_at_100": 0.39321,
    "ndcg_at_1000": 0.41759,
    "ndcg_at_20": 0.36495,
    "ndcg_at_3": 0.29888,
    "ndcg_at_5": 0.31624,
    "precision_at_1": 0.24584,
    "precision_at_10": 0.05342,
    "precision_at_100": 0.00841,
    "precision_at_1000": 0.00118,
    "precision_at_20": 0.03198,
    "precision_at_3": 0.12508,
    "precision_at_5": 0.08614,
    "recall_at_1": 0.22594,
    "recall_at_10": 0.45918,
    "recall_at_100": 0.68852,
    "recall_at_1000": 0.87296,
    "recall_at_20": 0.5439,
    "recall_at_3": 0.3403,
    "recall_at_5": 0.38179
  }
}