{
  "dataset_revision": "65ac3a16b8e91f9cee4c9828cc7c335575432a2a",
  "mteb_dataset_name": "CQADupstackStatsRetrieval",
  "mteb_version": "1.10.3",
  "test": {
    "evaluation_time": 273.74,
    "map_at_1": 0.27696,
    "map_at_10": 0.34052,
    "map_at_100": 0.34957,
    "map_at_1000": 0.3505,
    "map_at_20": 0.34515,
    "map_at_3": 0.32387,
    "map_at_5": 0.33296,
    "mrr_at_1": 0.30675,
    "mrr_at_10": 0.3688,
    "mrr_at_100": 0.37646,
    "mrr_at_1000": 0.37714,
    "mrr_at_20": 0.37281,
    "mrr_at_3": 0.35251,
    "mrr_at_5": 0.36094,
    "ndcg_at_1": 0.30675,
    "ndcg_at_10": 0.37713,
    "ndcg_at_100": 0.42223,
    "ndcg_at_1000": 0.44706,
    "ndcg_at_20": 0.39226,
    "ndcg_at_3": 0.34639,
    "ndcg_at_5": 0.35994,
    "precision_at_1": 0.30675,
    "precision_at_10": 0.05537,
    "precision_at_100": 0.00853,
    "precision_at_1000": 0.00115,
    "precision_at_20": 0.0319,
    "precision_at_3": 0.14571,
    "precision_at_5": 0.09724,
    "recall_at_1": 0.27696,
    "recall_at_10": 0.46133,
    "recall_at_100": 0.66795,
    "recall_at_1000": 0.85179,
    "recall_at_20": 0.51604,
    "recall_at_3": 0.37497,
    "recall_at_5": 0.4094
  }
}