{
  "dataset_revision": "46989137a86843e03a6195de44b09deda022eec7",
  "mteb_dataset_name": "CQADupstackTexRetrieval",
  "mteb_version": "1.10.3",
  "test": {
    "evaluation_time": 597.3,
    "map_at_1": 0.18408,
    "map_at_10": 0.25507,
    "map_at_100": 0.26504,
    "map_at_1000": 0.26628,
    "map_at_20": 0.26035,
    "map_at_3": 0.23352,
    "map_at_5": 0.24483,
    "mrr_at_1": 0.22092,
    "mrr_at_10": 0.2941,
    "mrr_at_100": 0.30255,
    "mrr_at_1000": 0.30335,
    "mrr_at_20": 0.2989,
    "mrr_at_3": 0.27386,
    "mrr_at_5": 0.28484,
    "ndcg_at_1": 0.22092,
    "ndcg_at_10": 0.3004,
    "ndcg_at_100": 0.34778,
    "ndcg_at_1000": 0.37792,
    "ndcg_at_20": 0.31772,
    "ndcg_at_3": 0.26181,
    "ndcg_at_5": 0.27852,
    "precision_at_1": 0.22092,
    "precision_at_10": 0.05375,
    "precision_at_100": 0.00907,
    "precision_at_1000": 0.00134,
    "precision_at_20": 0.03214,
    "precision_at_3": 0.12262,
    "precision_at_5": 0.08672,
    "recall_at_1": 0.18408,
    "recall_at_10": 0.39709,
    "recall_at_100": 0.61002,
    "recall_at_1000": 0.82717,
    "recall_at_20": 0.46061,
    "recall_at_3": 0.28861,
    "recall_at_5": 0.33273
  }
}