{
  "dataset_revision": "ec0fa4fe99da2ff19ca1214b7966684033a58814",
  "mteb_dataset_name": "NFCorpus",
  "mteb_version": "1.10.3",
  "test": {
    "evaluation_time": 76.21,
    "map_at_1": 0.06391,
    "map_at_10": 0.14115,
    "map_at_100": 0.17495,
    "map_at_1000": 0.18925,
    "map_at_20": 0.15591,
    "map_at_3": 0.10408,
    "map_at_5": 0.12024,
    "mrr_at_1": 0.47988,
    "mrr_at_10": 0.5604,
    "mrr_at_100": 0.56625,
    "mrr_at_1000": 0.56668,
    "mrr_at_20": 0.56327,
    "mrr_at_3": 0.54541,
    "mrr_at_5": 0.55671,
    "ndcg_at_1": 0.45666,
    "ndcg_at_10": 0.36179,
    "ndcg_at_100": 0.3273,
    "ndcg_at_1000": 0.4144,
    "ndcg_at_20": 0.33806,
    "ndcg_at_3": 0.41725,
    "ndcg_at_5": 0.39381,
    "precision_at_1": 0.47368,
    "precision_at_10": 0.26749,
    "precision_at_100": 0.08142,
    "precision_at_1000": 0.02074,
    "precision_at_20": 0.19923,
    "precision_at_3": 0.39216,
    "precision_at_5": 0.33994,
    "recall_at_1": 0.06391,
    "recall_at_10": 0.17579,
    "recall_at_100": 0.32386,
    "recall_at_1000": 0.63697,
    "recall_at_20": 0.2121,
    "recall_at_3": 0.11296,
    "recall_at_5": 0.14056
  }
}