{
  "dataset_revision": "ec0fa4fe99da2ff19ca1214b7966684033a58814",
  "mteb_dataset_name": "NFCorpus",
  "mteb_version": "1.10.3",
  "test": {
    "evaluation_time": 66.25,
    "map_at_1": 0.06391,
    "map_at_10": 0.14108,
    "map_at_100": 0.17487,
    "map_at_1000": 0.18917,
    "map_at_20": 0.15581,
    "map_at_3": 0.10403,
    "map_at_5": 0.12019,
    "mrr_at_1": 0.47988,
    "mrr_at_10": 0.56045,
    "mrr_at_100": 0.56631,
    "mrr_at_1000": 0.56673,
    "mrr_at_20": 0.56332,
    "mrr_at_3": 0.54541,
    "mrr_at_5": 0.55671,
    "ndcg_at_1": 0.45666,
    "ndcg_at_10": 0.36168,
    "ndcg_at_100": 0.32723,
    "ndcg_at_1000": 0.41433,
    "ndcg_at_20": 0.33782,
    "ndcg_at_3": 0.41706,
    "ndcg_at_5": 0.39367,
    "precision_at_1": 0.47368,
    "precision_at_10": 0.26749,
    "precision_at_100": 0.08142,
    "precision_at_1000": 0.02074,
    "precision_at_20": 0.19907,
    "precision_at_3": 0.39216,
    "precision_at_5": 0.33994,
    "recall_at_1": 0.06391,
    "recall_at_10": 0.17579,
    "recall_at_100": 0.32392,
    "recall_at_1000": 0.63706,
    "recall_at_20": 0.21166,
    "recall_at_3": 0.11296,
    "recall_at_5": 0.14056
  }
}