{
  "dataset_revision": "ec0fa4fe99da2ff19ca1214b7966684033a58814",
  "mteb_dataset_name": "NFCorpus",
  "mteb_version": "1.10.3",
  "test": {
    "evaluation_time": 83.19,
    "map_at_1": 0.0638,
    "map_at_10": 0.14156,
    "map_at_100": 0.17451,
    "map_at_1000": 0.189,
    "map_at_20": 0.1551,
    "map_at_3": 0.10306,
    "map_at_5": 0.1214,
    "mrr_at_1": 0.47678,
    "mrr_at_10": 0.55757,
    "mrr_at_100": 0.56345,
    "mrr_at_1000": 0.56392,
    "mrr_at_20": 0.56068,
    "mrr_at_3": 0.54025,
    "mrr_at_5": 0.55511,
    "ndcg_at_1": 0.45666,
    "ndcg_at_10": 0.36289,
    "ndcg_at_100": 0.32588,
    "ndcg_at_1000": 0.41511,
    "ndcg_at_20": 0.33567,
    "ndcg_at_3": 0.41157,
    "ndcg_at_5": 0.39748,
    "precision_at_1": 0.47059,
    "precision_at_10": 0.26873,
    "precision_at_100": 0.08161,
    "precision_at_1000": 0.0208,
    "precision_at_20": 0.19582,
    "precision_at_3": 0.3839,
    "precision_at_5": 0.34551,
    "recall_at_1": 0.0638,
    "recall_at_10": 0.17766,
    "recall_at_100": 0.31782,
    "recall_at_1000": 0.64392,
    "recall_at_20": 0.21046,
    "recall_at_3": 0.1117,
    "recall_at_5": 0.14398
  }
}