{
  "dataset_revision": "ec0fa4fe99da2ff19ca1214b7966684033a58814",
  "mteb_dataset_name": "NFCorpus",
  "mteb_version": "1.10.3",
  "test": {
    "evaluation_time": 99.6,
    "map_at_1": 0.06474,
    "map_at_10": 0.14216,
    "map_at_100": 0.17592,
    "map_at_1000": 0.19033,
    "map_at_20": 0.15671,
    "map_at_3": 0.10603,
    "map_at_5": 0.12096,
    "mrr_at_1": 0.48297,
    "mrr_at_10": 0.56185,
    "mrr_at_100": 0.5679,
    "mrr_at_1000": 0.56832,
    "mrr_at_20": 0.56504,
    "mrr_at_3": 0.54438,
    "mrr_at_5": 0.55831,
    "ndcg_at_1": 0.46594,
    "ndcg_at_10": 0.36361,
    "ndcg_at_100": 0.32936,
    "ndcg_at_1000": 0.41663,
    "ndcg_at_20": 0.33919,
    "ndcg_at_3": 0.41859,
    "ndcg_at_5": 0.39066,
    "precision_at_1": 0.47988,
    "precision_at_10": 0.2678,
    "precision_at_100": 0.08173,
    "precision_at_1000": 0.02085,
    "precision_at_20": 0.19783,
    "precision_at_3": 0.39009,
    "precision_at_5": 0.33127,
    "recall_at_1": 0.06474,
    "recall_at_10": 0.17706,
    "recall_at_100": 0.32373,
    "recall_at_1000": 0.63812,
    "recall_at_20": 0.21457,
    "recall_at_3": 0.11687,
    "recall_at_5": 0.14139
  }
}