{
  "dataset_revision": "f8c2fcf00f625baaa80f62ec5bd9e1fff3b8ae88",
  "mteb_dataset_name": "SCIDOCS",
  "mteb_version": "1.10.3",
  "test": {
    "evaluation_time": 344.11,
    "map_at_1": 0.05018,
    "map_at_10": 0.12395,
    "map_at_100": 0.1442,
    "map_at_1000": 0.14677,
    "map_at_20": 0.13464,
    "map_at_3": 0.09008,
    "map_at_5": 0.10613,
    "mrr_at_1": 0.248,
    "mrr_at_10": 0.35111,
    "mrr_at_100": 0.36145,
    "mrr_at_1000": 0.362,
    "mrr_at_20": 0.35742,
    "mrr_at_3": 0.31867,
    "mrr_at_5": 0.33732,
    "ndcg_at_1": 0.247,
    "ndcg_at_10": 0.20553,
    "ndcg_at_100": 0.28268,
    "ndcg_at_1000": 0.32979,
    "ndcg_at_20": 0.23485,
    "ndcg_at_3": 0.19817,
    "ndcg_at_5": 0.17102,
    "precision_at_1": 0.247,
    "precision_at_10": 0.1054,
    "precision_at_100": 0.02156,
    "precision_at_1000": 0.00329,
    "precision_at_20": 0.0697,
    "precision_at_3": 0.184,
    "precision_at_5": 0.1482,
    "recall_at_1": 0.05018,
    "recall_at_10": 0.21328,
    "recall_at_100": 0.43762,
    "recall_at_1000": 0.66832,
    "recall_at_20": 0.28253,
    "recall_at_3": 0.11193,
    "recall_at_5": 0.15008
  }
}