{
  "dataset_revision": "a34f9a33db75fa0cbb21bb5cfc3dae8dc8bec93f",
  "mteb_dataset_name": "Touche2020",
  "mteb_version": "1.10.3",
  "test": {
    "evaluation_time": 1509.88,
    "map_at_1": 0.01226,
    "map_at_10": 0.07122,
    "map_at_100": 0.1271,
    "map_at_1000": 0.14221,
    "map_at_20": 0.0968,
    "map_at_3": 0.03062,
    "map_at_5": 0.04478,
    "mrr_at_1": 0.16327,
    "mrr_at_10": 0.30668,
    "mrr_at_100": 0.32278,
    "mrr_at_1000": 0.32295,
    "mrr_at_20": 0.3159,
    "mrr_at_3": 0.26531,
    "mrr_at_5": 0.29286,
    "ndcg_at_1": 0.13265,
    "ndcg_at_10": 0.1864,
    "ndcg_at_100": 0.30403,
    "ndcg_at_1000": 0.41946,
    "ndcg_at_20": 0.20656,
    "ndcg_at_3": 0.16377,
    "ndcg_at_5": 0.17055,
    "precision_at_1": 0.16327,
    "precision_at_10": 0.1898,
    "precision_at_100": 0.06878,
    "precision_at_1000": 0.01433,
    "precision_at_20": 0.15,
    "precision_at_3": 0.19048,
    "precision_at_5": 0.19184,
    "recall_at_1": 0.01226,
    "recall_at_10": 0.13852,
    "recall_at_100": 0.43245,
    "recall_at_1000": 0.77719,
    "recall_at_20": 0.2161,
    "recall_at_3": 0.04233,
    "recall_at_5": 0.07216
  }
}