{
  "dataset_revision": "47f2ac6acb640fc46020b02a5b59fdda04d39380",
  "mteb_dataset_name": "ClimateFEVER",
  "mteb_version": "1.10.15",
  "test": {
    "evaluation_time": 568.63,
    "map_at_1": 0.15711,
    "map_at_10": 0.26485,
    "map_at_100": 0.28464,
    "map_at_1000": 0.28647,
    "map_at_20": 0.2756,
    "map_at_3": 0.22515,
    "map_at_5": 0.24617,
    "mrr_at_1": 0.35831,
    "mrr_at_10": 0.47274,
    "mrr_at_100": 0.48154,
    "mrr_at_1000": 0.48182,
    "mrr_at_20": 0.4784,
    "mrr_at_3": 0.44571,
    "mrr_at_5": 0.4606,
    "ndcg_at_1": 0.35765,
    "ndcg_at_10": 0.35518,
    "ndcg_at_100": 0.42875,
    "ndcg_at_1000": 0.46052,
    "ndcg_at_20": 0.3841,
    "ndcg_at_3": 0.30343,
    "ndcg_at_5": 0.31973,
    "precision_at_1": 0.35765,
    "precision_at_10": 0.10801,
    "precision_at_100": 0.01874,
    "precision_at_1000": 0.00248,
    "precision_at_20": 0.06671,
    "precision_at_3": 0.22519,
    "precision_at_5": 0.16756,
    "recall_at_1": 0.15711,
    "recall_at_10": 0.40713,
    "recall_at_100": 0.65745,
    "recall_at_1000": 0.83392,
    "recall_at_20": 0.48716,
    "recall_at_3": 0.27425,
    "recall_at_5": 0.32969
  }
}