{
  "dataset_revision": "6184bc1440d2dbc7612be22b50686b8826d22b32",
  "mteb_dataset_name": "CQADupstackProgrammersRetrieval",
  "mteb_version": "1.10.15",
  "test": {
    "evaluation_time": 16.34,
    "map_at_1": 0.28421,
    "map_at_10": 0.38382,
    "map_at_100": 0.39677,
    "map_at_1000": 0.39788,
    "map_at_20": 0.39079,
    "map_at_3": 0.35682,
    "map_at_5": 0.37111,
    "mrr_at_1": 0.34703,
    "mrr_at_10": 0.43866,
    "mrr_at_100": 0.44684,
    "mrr_at_1000": 0.44741,
    "mrr_at_20": 0.44318,
    "mrr_at_3": 0.41686,
    "mrr_at_5": 0.42907,
    "ndcg_at_1": 0.34703,
    "ndcg_at_10": 0.43892,
    "ndcg_at_100": 0.49351,
    "ndcg_at_1000": 0.51539,
    "ndcg_at_20": 0.45968,
    "ndcg_at_3": 0.3959,
    "ndcg_at_5": 0.41414,
    "precision_at_1": 0.34703,
    "precision_at_10": 0.0782,
    "precision_at_100": 0.01226,
    "precision_at_1000": 0.00157,
    "precision_at_20": 0.04578,
    "precision_at_3": 0.18836,
    "precision_at_5": 0.13082,
    "recall_at_1": 0.28421,
    "recall_at_10": 0.54767,
    "recall_at_100": 0.78051,
    "recall_at_1000": 0.92623,
    "recall_at_20": 0.62113,
    "recall_at_3": 0.42358,
    "recall_at_5": 0.4745
  }
}