{
  "dataset_revision": "46989137a86843e03a6195de44b09deda022eec7",
  "mteb_dataset_name": "CQADupstackTexRetrieval",
  "mteb_version": "1.10.15",
  "test": {
    "evaluation_time": 25.97,
    "map_at_1": 0.17978,
    "map_at_10": 0.24733,
    "map_at_100": 0.25819,
    "map_at_1000": 0.25945,
    "map_at_20": 0.25288,
    "map_at_3": 0.22677,
    "map_at_5": 0.2374,
    "mrr_at_1": 0.22092,
    "mrr_at_10": 0.28839,
    "mrr_at_100": 0.29748,
    "mrr_at_1000": 0.29826,
    "mrr_at_20": 0.29333,
    "mrr_at_3": 0.26921,
    "mrr_at_5": 0.2795,
    "ndcg_at_1": 0.22092,
    "ndcg_at_10": 0.29087,
    "ndcg_at_100": 0.34311,
    "ndcg_at_1000": 0.37234,
    "ndcg_at_20": 0.30898,
    "ndcg_at_3": 0.2546,
    "ndcg_at_5": 0.26971,
    "precision_at_1": 0.22092,
    "precision_at_10": 0.05186,
    "precision_at_100": 0.00927,
    "precision_at_1000": 0.00136,
    "precision_at_20": 0.0313,
    "precision_at_3": 0.11952,
    "precision_at_5": 0.08396,
    "recall_at_1": 0.17978,
    "recall_at_10": 0.3816,
    "recall_at_100": 0.61712,
    "recall_at_1000": 0.82578,
    "recall_at_20": 0.44888,
    "recall_at_3": 0.27727,
    "recall_at_5": 0.3179
  }
}