{
  "dataset_revision": "65ac3a16b8e91f9cee4c9828cc7c335575432a2a",
  "mteb_dataset_name": "CQADupstackStatsRetrieval",
  "mteb_version": "1.10.15",
  "test": {
    "evaluation_time": 18.7,
    "map_at_1": 0.2572,
    "map_at_10": 0.32221,
    "map_at_100": 0.33184,
    "map_at_1000": 0.33287,
    "map_at_20": 0.32823,
    "map_at_3": 0.30271,
    "map_at_5": 0.31283,
    "mrr_at_1": 0.28681,
    "mrr_at_10": 0.34834,
    "mrr_at_100": 0.35637,
    "mrr_at_1000": 0.3571,
    "mrr_at_20": 0.35325,
    "mrr_at_3": 0.32924,
    "mrr_at_5": 0.33837,
    "ndcg_at_1": 0.28834,
    "ndcg_at_10": 0.36127,
    "ndcg_at_100": 0.40622,
    "ndcg_at_1000": 0.43196,
    "ndcg_at_20": 0.38177,
    "ndcg_at_3": 0.32445,
    "ndcg_at_5": 0.33974,
    "precision_at_1": 0.28834,
    "precision_at_10": 0.05552,
    "precision_at_100": 0.00844,
    "precision_at_1000": 0.00115,
    "precision_at_20": 0.03298,
    "precision_at_3": 0.13855,
    "precision_at_5": 0.09294,
    "recall_at_1": 0.2572,
    "recall_at_10": 0.45523,
    "recall_at_100": 0.65521,
    "recall_at_1000": 0.84455,
    "recall_at_20": 0.53327,
    "recall_at_3": 0.35038,
    "recall_at_5": 0.3916
  }
}