{
  "dataset_revision": "160c094312a0e1facb97e55eeddb698c0abe3571",
  "mteb_dataset_name": "CQADupstackWebmastersRetrieval",
  "mteb_version": "1.10.15",
  "test": {
    "evaluation_time": 12.28,
    "map_at_1": 0.2549,
    "map_at_10": 0.34214,
    "map_at_100": 0.36022,
    "map_at_1000": 0.3621,
    "map_at_20": 0.35201,
    "map_at_3": 0.31583,
    "map_at_5": 0.32872,
    "mrr_at_1": 0.3083,
    "mrr_at_10": 0.38757,
    "mrr_at_100": 0.3979,
    "mrr_at_1000": 0.39834,
    "mrr_at_20": 0.39336,
    "mrr_at_3": 0.36495,
    "mrr_at_5": 0.37612,
    "ndcg_at_1": 0.3083,
    "ndcg_at_10": 0.39693,
    "ndcg_at_100": 0.46202,
    "ndcg_at_1000": 0.48528,
    "ndcg_at_20": 0.42194,
    "ndcg_at_3": 0.35541,
    "ndcg_at_5": 0.37178,
    "precision_at_1": 0.3083,
    "precision_at_10": 0.07569,
    "precision_at_100": 0.01542,
    "precision_at_1000": 0.00236,
    "precision_at_20": 0.04881,
    "precision_at_3": 0.16601,
    "precision_at_5": 0.11858,
    "recall_at_1": 0.2549,
    "recall_at_10": 0.49574,
    "recall_at_100": 0.78451,
    "recall_at_1000": 0.93357,
    "recall_at_20": 0.58805,
    "recall_at_3": 0.37473,
    "recall_at_5": 0.42171
  }
}