{
  "dataset_revision": "6c6430d3a6d36f8d2a829195bc5dc94d7e063e53",
  "mteb_dataset_name": "CQADupstackUnixRetrieval",
  "mteb_version": "1.10.15",
  "test": {
    "evaluation_time": 18.6,
    "map_at_1": 0.26508,
    "map_at_10": 0.34833,
    "map_at_100": 0.36039,
    "map_at_1000": 0.36139,
    "map_at_20": 0.35514,
    "map_at_3": 0.322,
    "map_at_5": 0.33585,
    "mrr_at_1": 0.3097,
    "mrr_at_10": 0.38768,
    "mrr_at_100": 0.39728,
    "mrr_at_1000": 0.39781,
    "mrr_at_20": 0.39334,
    "mrr_at_3": 0.36396,
    "mrr_at_5": 0.37683,
    "ndcg_at_1": 0.3097,
    "ndcg_at_10": 0.3982,
    "ndcg_at_100": 0.45407,
    "ndcg_at_1000": 0.47488,
    "ndcg_at_20": 0.42065,
    "ndcg_at_3": 0.35091,
    "ndcg_at_5": 0.37096,
    "precision_at_1": 0.3097,
    "precision_at_10": 0.06632,
    "precision_at_100": 0.01063,
    "precision_at_1000": 0.00134,
    "precision_at_20": 0.03955,
    "precision_at_3": 0.15672,
    "precision_at_5": 0.1097,
    "recall_at_1": 0.26508,
    "recall_at_10": 0.51149,
    "recall_at_100": 0.75398,
    "recall_at_1000": 0.89705,
    "recall_at_20": 0.59138,
    "recall_at_3": 0.38006,
    "recall_at_5": 0.43142
  }
}