{
  "dataset_revision": "ad9991cb51e31e31e430383c75ffb2885547b5f0",
  "mteb_dataset_name": "CQADupstackEnglishRetrieval",
  "mteb_version": "1.10.15",
  "test": {
    "evaluation_time": 14.91,
    "map_at_1": 0.32473,
    "map_at_10": 0.43359,
    "map_at_100": 0.44653,
    "map_at_1000": 0.44782,
    "map_at_20": 0.44068,
    "map_at_3": 0.4043,
    "map_at_5": 0.42072,
    "mrr_at_1": 0.40064,
    "mrr_at_10": 0.49103,
    "mrr_at_100": 0.49722,
    "mrr_at_1000": 0.49764,
    "mrr_at_20": 0.49479,
    "mrr_at_3": 0.47155,
    "mrr_at_5": 0.48206,
    "ndcg_at_1": 0.40064,
    "ndcg_at_10": 0.49025,
    "ndcg_at_100": 0.53266,
    "ndcg_at_1000": 0.55207,
    "ndcg_at_20": 0.50714,
    "ndcg_at_3": 0.45176,
    "ndcg_at_5": 0.46909,
    "precision_at_1": 0.40064,
    "precision_at_10": 0.09236,
    "precision_at_100": 0.01461,
    "precision_at_1000": 0.00191,
    "precision_at_20": 0.05436,
    "precision_at_3": 0.21996,
    "precision_at_5": 0.15389,
    "recall_at_1": 0.32473,
    "recall_at_10": 0.58701,
    "recall_at_100": 0.76488,
    "recall_at_1000": 0.88712,
    "recall_at_20": 0.64802,
    "recall_at_3": 0.47108,
    "recall_at_5": 0.52125
  }
}