{
  "dataset_revision": "4885aa143210c98657558c04aaf3dc47cfb54340",
  "mteb_dataset_name": "CQADupstackGamingRetrieval",
  "mteb_version": "1.10.15",
  "test": {
    "evaluation_time": 15.51,
    "map_at_1": 0.42402,
    "map_at_10": 0.54975,
    "map_at_100": 0.55938,
    "map_at_1000": 0.55985,
    "map_at_20": 0.55533,
    "map_at_3": 0.51888,
    "map_at_5": 0.53713,
    "mrr_at_1": 0.48276,
    "mrr_at_10": 0.58093,
    "mrr_at_100": 0.58741,
    "mrr_at_1000": 0.58765,
    "mrr_at_20": 0.58497,
    "mrr_at_3": 0.55967,
    "mrr_at_5": 0.5733,
    "ndcg_at_1": 0.48276,
    "ndcg_at_10": 0.60414,
    "ndcg_at_100": 0.64266,
    "ndcg_at_1000": 0.65234,
    "ndcg_at_20": 0.62031,
    "ndcg_at_3": 0.55443,
    "ndcg_at_5": 0.58082,
    "precision_at_1": 0.48276,
    "precision_at_10": 0.09542,
    "precision_at_100": 0.0124,
    "precision_at_1000": 0.00136,
    "precision_at_20": 0.05266,
    "precision_at_3": 0.24577,
    "precision_at_5": 0.1679,
    "recall_at_1": 0.42402,
    "recall_at_10": 0.73197,
    "recall_at_100": 0.89857,
    "recall_at_1000": 0.96798,
    "recall_at_20": 0.7917,
    "recall_at_3": 0.60121,
    "recall_at_5": 0.66513
  }
}