{
  "dataset_revision": "f46a197baaae43b4f621051089b82a364682dfeb",
  "mteb_dataset_name": "CQADupstackAndroidRetrieval",
  "mteb_version": "1.10.15",
  "test": {
    "evaluation_time": 23.0,
    "map_at_1": 0.33804,
    "map_at_10": 0.45003,
    "map_at_100": 0.46406,
    "map_at_1000": 0.46531,
    "map_at_20": 0.4579,
    "map_at_3": 0.41604,
    "map_at_5": 0.43396,
    "mrr_at_1": 0.41345,
    "mrr_at_10": 0.50873,
    "mrr_at_100": 0.51488,
    "mrr_at_1000": 0.51529,
    "mrr_at_20": 0.5121,
    "mrr_at_3": 0.48379,
    "mrr_at_5": 0.4968,
    "ndcg_at_1": 0.41345,
    "ndcg_at_10": 0.51194,
    "ndcg_at_100": 0.56052,
    "ndcg_at_1000": 0.58035,
    "ndcg_at_20": 0.5301,
    "ndcg_at_3": 0.46389,
    "ndcg_at_5": 0.48329,
    "precision_at_1": 0.41345,
    "precision_at_10": 0.09714,
    "precision_at_100": 0.01518,
    "precision_at_1000": 0.00199,
    "precision_at_20": 0.05672,
    "precision_at_3": 0.22175,
    "precision_at_5": 0.15765,
    "recall_at_1": 0.33804,
    "recall_at_10": 0.62774,
    "recall_at_100": 0.83162,
    "recall_at_1000": 0.95918,
    "recall_at_20": 0.69063,
    "recall_at_3": 0.48706,
    "recall_at_5": 0.54149
  }
}