{
  "dataset_revision": "4ffe81d471b1924886b33c7567bfb200e9eec5c4",
  "mteb_dataset_name": "CQADupstackWordpressRetrieval",
  "mteb_version": "1.10.15",
  "test": {
    "evaluation_time": 19.11,
    "map_at_1": 0.22249,
    "map_at_10": 0.29471,
    "map_at_100": 0.30468,
    "map_at_1000": 0.3056,
    "map_at_20": 0.30004,
    "map_at_3": 0.26861,
    "map_at_5": 0.28396,
    "mrr_at_1": 0.24584,
    "mrr_at_10": 0.31859,
    "mrr_at_100": 0.32721,
    "mrr_at_1000": 0.32788,
    "mrr_at_20": 0.32366,
    "mrr_at_3": 0.2939,
    "mrr_at_5": 0.30749,
    "ndcg_at_1": 0.24584,
    "ndcg_at_10": 0.34103,
    "ndcg_at_100": 0.38973,
    "ndcg_at_1000": 0.41398,
    "ndcg_at_20": 0.35897,
    "ndcg_at_3": 0.28999,
    "ndcg_at_5": 0.3154,
    "precision_at_1": 0.24584,
    "precision_at_10": 0.05268,
    "precision_at_100": 0.00839,
    "precision_at_1000": 0.00115,
    "precision_at_20": 0.03078,
    "precision_at_3": 0.122,
    "precision_at_5": 0.08762,
    "recall_at_1": 0.22249,
    "recall_at_10": 0.46257,
    "recall_at_100": 0.68455,
    "recall_at_1000": 0.8668,
    "recall_at_20": 0.52871,
    "recall_at_3": 0.32403,
    "recall_at_5": 0.38601
  }
}