{
  "dataset_revision": "c0f706b76e590d620bd6618b3ca8efdd34e2d659",
  "mteb_dataset_name": "DBPedia",
  "mteb_version": "1.10.15",
  "test": {
    "evaluation_time": 307.18,
    "map_at_1": 0.08495,
    "map_at_10": 0.18367,
    "map_at_100": 0.2555,
    "map_at_1000": 0.27212,
    "map_at_20": 0.21033,
    "map_at_3": 0.13507,
    "map_at_5": 0.15605,
    "mrr_at_1": 0.67,
    "mrr_at_10": 0.74595,
    "mrr_at_100": 0.74949,
    "mrr_at_1000": 0.74959,
    "mrr_at_20": 0.74868,
    "mrr_at_3": 0.73042,
    "mrr_at_5": 0.73767,
    "ndcg_at_1": 0.54875,
    "ndcg_at_10": 0.39745,
    "ndcg_at_100": 0.43977,
    "ndcg_at_1000": 0.51519,
    "ndcg_at_20": 0.38911,
    "ndcg_at_3": 0.44357,
    "ndcg_at_5": 0.41708,
    "precision_at_1": 0.6725,
    "precision_at_10": 0.31275,
    "precision_at_100": 0.10198,
    "precision_at_1000": 0.02103,
    "precision_at_20": 0.23587,
    "precision_at_3": 0.47167,
    "precision_at_5": 0.3965,
    "recall_at_1": 0.08495,
    "recall_at_10": 0.23584,
    "recall_at_100": 0.49088,
    "recall_at_1000": 0.73344,
    "recall_at_20": 0.30306,
    "recall_at_3": 0.1481,
    "recall_at_5": 0.18028
  }
}