{
  "dataset_revision": "ab518f4d6fcca38d87c25209f94beba119d02014",
  "mteb_dataset_name": "HotpotQA",
  "mteb_version": "1.10.15",
  "test": {
    "evaluation_time": 635.42,
    "map_at_1": 0.38798,
    "map_at_10": 0.59288,
    "map_at_100": 0.60094,
    "map_at_1000": 0.60162,
    "map_at_20": 0.59758,
    "map_at_3": 0.56451,
    "map_at_5": 0.58236,
    "mrr_at_1": 0.77583,
    "mrr_at_10": 0.83232,
    "mrr_at_100": 0.83435,
    "mrr_at_1000": 0.83443,
    "mrr_at_20": 0.83358,
    "mrr_at_3": 0.82363,
    "mrr_at_5": 0.82916,
    "ndcg_at_1": 0.77596,
    "ndcg_at_10": 0.67611,
    "ndcg_at_100": 0.70495,
    "ndcg_at_1000": 0.71832,
    "ndcg_at_20": 0.68797,
    "ndcg_at_3": 0.63556,
    "ndcg_at_5": 0.65834,
    "precision_at_1": 0.77596,
    "precision_at_10": 0.13883,
    "precision_at_100": 0.01615,
    "precision_at_1000": 0.00179,
    "precision_at_20": 0.07323,
    "precision_at_3": 0.40302,
    "precision_at_5": 0.25988,
    "recall_at_1": 0.38798,
    "recall_at_10": 0.69413,
    "recall_at_100": 0.80756,
    "recall_at_1000": 0.89629,
    "recall_at_20": 0.73228,
    "recall_at_3": 0.60452,
    "recall_at_5": 0.6497
  }
}