{
  "dataset_revision": "c5a29a104738b98a9e76336939199e264163d4a0",
  "dev": {
    "evaluation_time": 1333.35,
    "map_at_1": 0.21133,
    "map_at_10": 0.33062,
    "map_at_100": 0.34233,
    "map_at_1000": 0.34285,
    "map_at_20": 0.33779,
    "map_at_3": 0.29287,
    "map_at_5": 0.31405,
    "mrr_at_1": 0.21605,
    "mrr_at_10": 0.3357,
    "mrr_at_100": 0.34692,
    "mrr_at_1000": 0.34738,
    "mrr_at_20": 0.34267,
    "mrr_at_3": 0.29847,
    "mrr_at_5": 0.3194,
    "ndcg_at_1": 0.21719,
    "ndcg_at_10": 0.39823,
    "ndcg_at_100": 0.45469,
    "ndcg_at_1000": 0.46776,
    "ndcg_at_20": 0.4238,
    "ndcg_at_3": 0.32095,
    "ndcg_at_5": 0.35879,
    "precision_at_1": 0.21719,
    "precision_at_10": 0.06331,
    "precision_at_100": 0.00916,
    "precision_at_1000": 0.00103,
    "precision_at_20": 0.03696,
    "precision_at_3": 0.13701,
    "precision_at_5": 0.10132,
    "recall_at_1": 0.21133,
    "recall_at_10": 0.60689,
    "recall_at_100": 0.86753,
    "recall_at_1000": 0.96749,
    "recall_at_20": 0.7062,
    "recall_at_3": 0.39593,
    "recall_at_5": 0.48669
  },
  "mteb_dataset_name": "MSMARCO",
  "mteb_version": "1.10.15"
}