{
  "dataset_revision": "ec0fa4fe99da2ff19ca1214b7966684033a58814",
  "mteb_dataset_name": "NFCorpus",
  "mteb_version": "1.10.15",
  "test": {
    "evaluation_time": 4.08,
    "map_at_1": 0.05235,
    "map_at_10": 0.12377,
    "map_at_100": 0.15639,
    "map_at_1000": 0.17045,
    "map_at_20": 0.13722,
    "map_at_3": 0.08859,
    "map_at_5": 0.10606,
    "mrr_at_1": 0.44582,
    "mrr_at_10": 0.53245,
    "mrr_at_100": 0.53808,
    "mrr_at_1000": 0.53859,
    "mrr_at_20": 0.53609,
    "mrr_at_3": 0.51032,
    "mrr_at_5": 0.52503,
    "ndcg_at_1": 0.42415,
    "ndcg_at_10": 0.33843,
    "ndcg_at_100": 0.30669,
    "ndcg_at_1000": 0.39424,
    "ndcg_at_20": 0.31365,
    "ndcg_at_3": 0.38402,
    "ndcg_at_5": 0.36773,
    "precision_at_1": 0.44272,
    "precision_at_10": 0.25449,
    "precision_at_100": 0.07988,
    "precision_at_1000": 0.02065,
    "precision_at_20": 0.187,
    "precision_at_3": 0.36326,
    "precision_at_5": 0.32074,
    "recall_at_1": 0.05235,
    "recall_at_10": 0.16724,
    "recall_at_100": 0.30714,
    "recall_at_1000": 0.62059,
    "recall_at_20": 0.20127,
    "recall_at_3": 0.10021,
    "recall_at_5": 0.13211
  }
}