{
  "dataset_revision": "0228b52cf27578f30900b9e5271d331663a030d7",
  "mteb_dataset_name": "SciFact",
  "mteb_version": "1.10.15",
  "test": {
    "evaluation_time": 5.26,
    "map_at_1": 0.52833,
    "map_at_10": 0.6291,
    "map_at_100": 0.63546,
    "map_at_1000": 0.63573,
    "map_at_20": 0.63341,
    "map_at_3": 0.60044,
    "map_at_5": 0.61723,
    "mrr_at_1": 0.55,
    "mrr_at_10": 0.6389,
    "mrr_at_100": 0.64327,
    "mrr_at_1000": 0.64354,
    "mrr_at_20": 0.64166,
    "mrr_at_3": 0.615,
    "mrr_at_5": 0.62883,
    "ndcg_at_1": 0.55333,
    "ndcg_at_10": 0.67716,
    "ndcg_at_100": 0.70366,
    "ndcg_at_1000": 0.7115,
    "ndcg_at_20": 0.69051,
    "ndcg_at_3": 0.62523,
    "ndcg_at_5": 0.65133,
    "precision_at_1": 0.55333,
    "precision_at_10": 0.09133,
    "precision_at_100": 0.01057,
    "precision_at_1000": 0.00112,
    "precision_at_20": 0.04883,
    "precision_at_3": 0.24444,
    "precision_at_5": 0.164,
    "recall_at_1": 0.52833,
    "recall_at_10": 0.81344,
    "recall_at_100": 0.93167,
    "recall_at_1000": 0.99333,
    "recall_at_20": 0.863,
    "recall_at_3": 0.67339,
    "recall_at_5": 0.73639
  },
  "train": {
    "evaluation_time": 6.2,
    "map_at_1": 0.53496,
    "map_at_10": 0.64798,
    "map_at_100": 0.65355,
    "map_at_1000": 0.65382,
    "map_at_20": 0.65137,
    "map_at_3": 0.61906,
    "map_at_5": 0.63897,
    "mrr_at_1": 0.55995,
    "mrr_at_10": 0.65755,
    "mrr_at_100": 0.66178,
    "mrr_at_1000": 0.66205,
    "mrr_at_20": 0.65997,
    "mrr_at_3": 0.63741,
    "mrr_at_5": 0.65132,
    "ndcg_at_1": 0.55871,
    "ndcg_at_10": 0.69455,
    "ndcg_at_100": 0.72042,
    "ndcg_at_1000": 0.72736,
    "ndcg_at_20": 0.70484,
    "ndcg_at_3": 0.64735,
    "ndcg_at_5": 0.67634,
    "precision_at_1": 0.55871,
    "precision_at_10": 0.09333,
    "precision_at_100": 0.01074,
    "precision_at_1000": 0.00113,
    "precision_at_20": 0.04901,
    "precision_at_3": 0.25587,
    "precision_at_5": 0.17281,
    "recall_at_1": 0.53496,
    "recall_at_10": 0.82244,
    "recall_at_100": 0.94417,
    "recall_at_1000": 0.99753,
    "recall_at_20": 0.86003,
    "recall_at_3": 0.70507,
    "recall_at_5": 0.77062
  }
}