{
  "dataset_revision": "a34f9a33db75fa0cbb21bb5cfc3dae8dc8bec93f",
  "mteb_dataset_name": "Touche2020",
  "mteb_version": "1.10.15",
  "test": {
    "evaluation_time": 288.42,
    "map_at_1": 0.02351,
    "map_at_10": 0.09827,
    "map_at_100": 0.16067,
    "map_at_1000": 0.17576,
    "map_at_20": 0.12456,
    "map_at_3": 0.05155,
    "map_at_5": 0.06967,
    "mrr_at_1": 0.36735,
    "mrr_at_10": 0.51148,
    "mrr_at_100": 0.51627,
    "mrr_at_1000": 0.51654,
    "mrr_at_20": 0.51333,
    "mrr_at_3": 0.46259,
    "mrr_at_5": 0.49524,
    "ndcg_at_1": 0.30612,
    "ndcg_at_10": 0.26008,
    "ndcg_at_100": 0.3687,
    "ndcg_at_1000": 0.48217,
    "ndcg_at_20": 0.26929,
    "ndcg_at_3": 0.30369,
    "ndcg_at_5": 0.29299,
    "precision_at_1": 0.32653,
    "precision_at_10": 0.22857,
    "precision_at_100": 0.07429,
    "precision_at_1000": 0.01494,
    "precision_at_20": 0.17653,
    "precision_at_3": 0.30612,
    "precision_at_5": 0.2898,
    "recall_at_1": 0.02351,
    "recall_at_10": 0.16188,
    "recall_at_100": 0.45803,
    "recall_at_1000": 0.80689,
    "recall_at_20": 0.24003,
    "recall_at_3": 0.06407,
    "recall_at_5": 0.10153
  }
}