{
  "dataset_revision": "bb9466bac8153a0349341eb1b22e06409e78ef4e",
  "mteb_dataset_name": "TRECCOVID",
  "mteb_version": "1.10.15",
  "test": {
    "evaluation_time": 120.19,
    "map_at_1": 0.00233,
    "map_at_10": 0.0213,
    "map_at_100": 0.12799,
    "map_at_1000": 0.31036,
    "map_at_20": 0.0383,
    "map_at_3": 0.00686,
    "map_at_5": 0.01129,
    "mrr_at_1": 0.9,
    "mrr_at_10": 0.94222,
    "mrr_at_100": 0.94222,
    "mrr_at_1000": 0.94222,
    "mrr_at_20": 0.94222,
    "mrr_at_3": 0.94,
    "mrr_at_5": 0.94,
    "ndcg_at_1": 0.85,
    "ndcg_at_10": 0.80751,
    "ndcg_at_100": 0.63112,
    "ndcg_at_1000": 0.56191,
    "ndcg_at_20": 0.77719,
    "ndcg_at_3": 0.83,
    "ndcg_at_5": 0.82052,
    "precision_at_1": 0.9,
    "precision_at_10": 0.856,
    "precision_at_100": 0.6474,
    "precision_at_1000": 0.24594,
    "precision_at_20": 0.821,
    "precision_at_3": 0.88,
    "precision_at_5": 0.872,
    "recall_at_1": 0.00233,
    "recall_at_10": 0.02277,
    "recall_at_100": 0.15718,
    "recall_at_1000": 0.53115,
    "recall_at_20": 0.04237,
    "recall_at_3": 0.00713,
    "recall_at_5": 0.01186
  }
}