{
  "dataset_revision": "c22ab2a51041ffd869aaddef7af8d8215647e41a",
  "evaluation_time": 31.41856288909912,
  "kg_co2_emissions": null,
  "mteb_version": "1.13.1",
  "scores": {
    "test": [
      {
        "hf_subset": "default",
        "languages": [
          "eng-Latn"
        ],
        "main_score": 0.53661,
        "map_at_1": 0.2909,
        "map_at_10": 0.44635,
        "map_at_100": 0.45502,
        "map_at_1000": 0.45509,
        "map_at_20": 0.45308,
        "map_at_3": 0.39438,
        "map_at_5": 0.42514,
        "mrr_at_1": 0.2980085348506401,
        "mrr_at_10": 0.44949620673304885,
        "mrr_at_100": 0.4580992033632015,
        "mrr_at_1000": 0.4581651842713329,
        "mrr_at_20": 0.4561637456700191,
        "mrr_at_3": 0.39746325272641064,
        "mrr_at_5": 0.42772641062114747,
        "nauc_map_at_1000_diff1": 0.049280782222286414,
        "nauc_map_at_1000_max": -0.09560404540607192,
        "nauc_map_at_1000_std": -0.1376609938974823,
        "nauc_map_at_100_diff1": 0.04929065908882337,
        "nauc_map_at_100_max": -0.09552190731724615,
        "nauc_map_at_100_std": -0.13758859920878425,
        "nauc_map_at_10_diff1": 0.04578447230154929,
        "nauc_map_at_10_max": -0.0954179917299341,
        "nauc_map_at_10_std": -0.13907819994261214,
        "nauc_map_at_1_diff1": 0.08901547559294586,
        "nauc_map_at_1_max": -0.1170099737231481,
        "nauc_map_at_1_std": -0.14520837303466425,
        "nauc_map_at_20_diff1": 0.048991792957823126,
        "nauc_map_at_20_max": -0.09361075216566052,
        "nauc_map_at_20_std": -0.13765277728715525,
        "nauc_map_at_3_diff1": 0.0529293693429044,
        "nauc_map_at_3_max": -0.0998570249915771,
        "nauc_map_at_3_std": -0.14221583574533886,
        "nauc_map_at_5_diff1": 0.042272037786932996,
        "nauc_map_at_5_max": -0.09974574541650724,
        "nauc_map_at_5_std": -0.14004349662912527,
        "nauc_mrr_at_1000_diff1": 0.024079095930442895,
        "nauc_mrr_at_1000_max": -0.10645423666435126,
        "nauc_mrr_at_1000_std": -0.13413402405173727,
        "nauc_mrr_at_100_diff1": 0.02409453471667733,
        "nauc_mrr_at_100_max": -0.10637008570704812,
        "nauc_mrr_at_100_std": -0.13406280219118538,
        "nauc_mrr_at_10_diff1": 0.021702804597411893,
        "nauc_mrr_at_10_max": -0.10547013111864441,
        "nauc_mrr_at_10_std": -0.13522155830698432,
        "nauc_mrr_at_1_diff1": 0.06732751957309589,
        "nauc_mrr_at_1_max": -0.11310338686549012,
        "nauc_mrr_at_1_std": -0.13285070767639806,
        "nauc_mrr_at_20_diff1": 0.023959407056842196,
        "nauc_mrr_at_20_max": -0.10439404103657507,
        "nauc_mrr_at_20_std": -0.134143997293935,
        "nauc_mrr_at_3_diff1": 0.024925387605862943,
        "nauc_mrr_at_3_max": -0.11406040277054355,
        "nauc_mrr_at_3_std": -0.13857125769690734,
        "nauc_mrr_at_5_diff1": 0.01633605620703183,
        "nauc_mrr_at_5_max": -0.11237672719163808,
        "nauc_mrr_at_5_std": -0.1380248958928426,
        "nauc_ndcg_at_1000_diff1": 0.04596066339771711,
        "nauc_ndcg_at_1000_max": -0.08645122080559574,
        "nauc_ndcg_at_1000_std": -0.13187247952970116,
        "nauc_ndcg_at_100_diff1": 0.04625353136313127,
        "nauc_ndcg_at_100_max": -0.08368709080952211,
        "nauc_ndcg_at_100_std": -0.12896306936826632,
        "nauc_ndcg_at_10_diff1": 0.033868824147827964,
        "nauc_ndcg_at_10_max": -0.07632562332110193,
        "nauc_ndcg_at_10_std": -0.13525550312505272,
        "nauc_ndcg_at_1_diff1": 0.08901547559294586,
        "nauc_ndcg_at_1_max": -0.1170099737231481,
        "nauc_ndcg_at_1_std": -0.14520837303466425,
        "nauc_ndcg_at_20_diff1": 0.04552296323226961,
        "nauc_ndcg_at_20_max": -0.0681336650545066,
        "nauc_ndcg_at_20_std": -0.12898547866586532,
        "nauc_ndcg_at_3_diff1": 0.04553400119902691,
        "nauc_ndcg_at_3_max": -0.09016296481663319,
        "nauc_ndcg_at_3_std": -0.14121051527450917,
        "nauc_ndcg_at_5_diff1": 0.026331729815471237,
        "nauc_ndcg_at_5_max": -0.08813986439591348,
        "nauc_ndcg_at_5_std": -0.13733696937661496,
        "nauc_precision_at_1000_diff1": 0.03733355117431035,
        "nauc_precision_at_1000_max": 0.1320892454242326,
        "nauc_precision_at_1000_std": 0.8029584200813025,
        "nauc_precision_at_100_diff1": 0.08046031979138735,
        "nauc_precision_at_100_max": 0.30943849801662976,
        "nauc_precision_at_100_std": 0.45338403609584277,
        "nauc_precision_at_10_diff1": -0.027109694936393324,
        "nauc_precision_at_10_max": 0.040867166544220554,
        "nauc_precision_at_10_std": -0.11306891732044184,
        "nauc_precision_at_1_diff1": 0.08901547559294586,
        "nauc_precision_at_1_max": -0.1170099737231481,
        "nauc_precision_at_1_std": -0.14520837303466425,
        "nauc_precision_at_20_diff1": 0.04948088928138863,
        "nauc_precision_at_20_max": 0.25702375119598475,
        "nauc_precision_at_20_std": -0.01210455229060071,
        "nauc_precision_at_3_diff1": 0.02514777643932307,
        "nauc_precision_at_3_max": -0.06041485348300839,
        "nauc_precision_at_3_std": -0.1382472772876349,
        "nauc_precision_at_5_diff1": -0.02928832755347056,
        "nauc_precision_at_5_max": -0.045377998761137184,
        "nauc_precision_at_5_std": -0.12753283612042263,
        "nauc_recall_at_1000_diff1": 0.03733355117431255,
        "nauc_recall_at_1000_max": 0.13208924542421252,
        "nauc_recall_at_1000_std": 0.8029584200812842,
        "nauc_recall_at_100_diff1": 0.08046031979139263,
        "nauc_recall_at_100_max": 0.3094384980166251,
        "nauc_recall_at_100_std": 0.45338403609582567,
        "nauc_recall_at_10_diff1": -0.0271096949363931,
        "nauc_recall_at_10_max": 0.04086716654422191,
        "nauc_recall_at_10_std": -0.11306891732044094,
        "nauc_recall_at_1_diff1": 0.08901547559294586,
        "nauc_recall_at_1_max": -0.1170099737231481,
        "nauc_recall_at_1_std": -0.14520837303466425,
        "nauc_recall_at_20_diff1": 0.049480889281385505,
        "nauc_recall_at_20_max": 0.2570237511959805,
        "nauc_recall_at_20_std": -0.012104552290602748,
        "nauc_recall_at_3_diff1": 0.025147776439323567,
        "nauc_recall_at_3_max": -0.06041485348300851,
        "nauc_recall_at_3_std": -0.13824727728763447,
        "nauc_recall_at_5_diff1": -0.02928832755347045,
        "nauc_recall_at_5_max": -0.045377998761137135,
        "nauc_recall_at_5_std": -0.12753283612042277,
        "ndcg_at_1": 0.2909,
        "ndcg_at_10": 0.53661,
        "ndcg_at_100": 0.57313,
        "ndcg_at_1000": 0.57472,
        "ndcg_at_20": 0.5605,
        "ndcg_at_3": 0.43029,
        "ndcg_at_5": 0.48569,
        "precision_at_1": 0.2909,
        "precision_at_10": 0.08257,
        "precision_at_100": 0.00984,
        "precision_at_1000": 0.001,
        "precision_at_20": 0.04595,
        "precision_at_3": 0.17828,
        "precision_at_5": 0.13385,
        "recall_at_1": 0.2909,
        "recall_at_10": 0.82575,
        "recall_at_100": 0.98435,
        "recall_at_1000": 0.99644,
        "recall_at_20": 0.91892,
        "recall_at_3": 0.53485,
        "recall_at_5": 0.66927
      }
    ]
  },
  "task_name": "ArguAna"
}