{
  "dataset_revision": "4ffe81d471b1924886b33c7567bfb200e9eec5c4",
  "evaluation_time": 57.39010977745056,
  "kg_co2_emissions": null,
  "mteb_version": "1.13.1",
  "scores": {
    "test": [
      {
        "hf_subset": "default",
        "languages": [
          "eng-Latn"
        ],
        "main_score": 0.33113,
        "map_at_1": 0.21941,
        "map_at_10": 0.28888,
        "map_at_100": 0.29999,
        "map_at_1000": 0.30104,
        "map_at_20": 0.29549,
        "map_at_3": 0.26883,
        "map_at_5": 0.27886,
        "mrr_at_1": 0.23844731977818853,
        "mrr_at_10": 0.30877490244403366,
        "mrr_at_100": 0.3185062036324543,
        "mrr_at_1000": 0.3192987558749766,
        "mrr_at_20": 0.3147071936518438,
        "mrr_at_3": 0.2898952556993223,
        "mrr_at_5": 0.2983980283425755,
        "nauc_map_at_1000_diff1": 0.44692446911658046,
        "nauc_map_at_1000_max": 0.27513550400540066,
        "nauc_map_at_1000_std": -0.0383447608775296,
        "nauc_map_at_100_diff1": 0.4472629751850583,
        "nauc_map_at_100_max": 0.27508258172596395,
        "nauc_map_at_100_std": -0.038921011351245365,
        "nauc_map_at_10_diff1": 0.45012555090118217,
        "nauc_map_at_10_max": 0.2765659314625146,
        "nauc_map_at_10_std": -0.04719476321048546,
        "nauc_map_at_1_diff1": 0.5197849727381578,
        "nauc_map_at_1_max": 0.27006424166004156,
        "nauc_map_at_1_std": -0.059710161728015326,
        "nauc_map_at_20_diff1": 0.4472839533242841,
        "nauc_map_at_20_max": 0.27498689284664707,
        "nauc_map_at_20_std": -0.041253943588026636,
        "nauc_map_at_3_diff1": 0.4709577398216583,
        "nauc_map_at_3_max": 0.2760493709590952,
        "nauc_map_at_3_std": -0.04224602946933846,
        "nauc_map_at_5_diff1": 0.45619797261927725,
        "nauc_map_at_5_max": 0.2740461544847195,
        "nauc_map_at_5_std": -0.04608629176328669,
        "nauc_mrr_at_1000_diff1": 0.4455001494283981,
        "nauc_mrr_at_1000_max": 0.295758986248372,
        "nauc_mrr_at_1000_std": -0.03212668710075111,
        "nauc_mrr_at_100_diff1": 0.4456212119103918,
        "nauc_mrr_at_100_max": 0.2955783435944693,
        "nauc_mrr_at_100_std": -0.03242311823540955,
        "nauc_mrr_at_10_diff1": 0.44704808784463457,
        "nauc_mrr_at_10_max": 0.29930606789901454,
        "nauc_mrr_at_10_std": -0.037872235786831,
        "nauc_mrr_at_1_diff1": 0.5182062149886149,
        "nauc_mrr_at_1_max": 0.2867930220187758,
        "nauc_mrr_at_1_std": -0.05476672903307123,
        "nauc_mrr_at_20_diff1": 0.445218705488446,
        "nauc_mrr_at_20_max": 0.2960554957284104,
        "nauc_mrr_at_20_std": -0.034083412388123714,
        "nauc_mrr_at_3_diff1": 0.4639119948476534,
        "nauc_mrr_at_3_max": 0.3017831058273345,
        "nauc_mrr_at_3_std": -0.03493890647205144,
        "nauc_mrr_at_5_diff1": 0.4513044934946729,
        "nauc_mrr_at_5_max": 0.2989162365403646,
        "nauc_mrr_at_5_std": -0.034993143233187335,
        "nauc_ndcg_at_1000_diff1": 0.4061708648293637,
        "nauc_ndcg_at_1000_max": 0.27766100655300946,
        "nauc_ndcg_at_1000_std": -0.001033266493283763,
        "nauc_ndcg_at_100_diff1": 0.41020014822522355,
        "nauc_ndcg_at_100_max": 0.2720034526016573,
        "nauc_ndcg_at_100_std": -0.010094693286903433,
        "nauc_ndcg_at_10_diff1": 0.4186129813133533,
        "nauc_ndcg_at_10_max": 0.2845799344025453,
        "nauc_ndcg_at_10_std": -0.044097890759983875,
        "nauc_ndcg_at_1_diff1": 0.5182062149886149,
        "nauc_ndcg_at_1_max": 0.2867930220187758,
        "nauc_ndcg_at_1_std": -0.05476672903307123,
        "nauc_ndcg_at_20_diff1": 0.4099012671738447,
        "nauc_ndcg_at_20_max": 0.27580349021787315,
        "nauc_ndcg_at_20_std": -0.025661220171505333,
        "nauc_ndcg_at_3_diff1": 0.45404960314031484,
        "nauc_ndcg_at_3_max": 0.2857460871976988,
        "nauc_ndcg_at_3_std": -0.03267107974514076,
        "nauc_ndcg_at_5_diff1": 0.4305501859034679,
        "nauc_ndcg_at_5_max": 0.2808394979688838,
        "nauc_ndcg_at_5_std": -0.039943389487096866,
        "nauc_precision_at_1000_diff1": -0.209990961240096,
        "nauc_precision_at_1000_max": -0.025711240008601245,
        "nauc_precision_at_1000_std": 0.22999452145496868,
        "nauc_precision_at_100_diff1": 0.07343735943758505,
        "nauc_precision_at_100_max": 0.16944267021765416,
        "nauc_precision_at_100_std": 0.17972483678341766,
        "nauc_precision_at_10_diff1": 0.2584358510507048,
        "nauc_precision_at_10_max": 0.3092896615263965,
        "nauc_precision_at_10_std": -0.005604166069186261,
        "nauc_precision_at_1_diff1": 0.5182062149886149,
        "nauc_precision_at_1_max": 0.2867930220187758,
        "nauc_precision_at_1_std": -0.05476672903307123,
        "nauc_precision_at_20_diff1": 0.18445808475247943,
        "nauc_precision_at_20_max": 0.25859812748261685,
        "nauc_precision_at_20_std": 0.08610806904575463,
        "nauc_precision_at_3_diff1": 0.3835066212503853,
        "nauc_precision_at_3_max": 0.30570961102656735,
        "nauc_precision_at_3_std": -0.0024268975521982306,
        "nauc_precision_at_5_diff1": 0.30632588423202134,
        "nauc_precision_at_5_max": 0.29564611272613667,
        "nauc_precision_at_5_std": -0.0002816138269188241,
        "nauc_recall_at_1000_diff1": 0.054395666710402725,
        "nauc_recall_at_1000_max": 0.2360595077825087,
        "nauc_recall_at_1000_std": 0.3892149159405069,
        "nauc_recall_at_100_diff1": 0.2728310566923609,
        "nauc_recall_at_100_max": 0.20169046219700554,
        "nauc_recall_at_100_std": 0.11127462295980177,
        "nauc_recall_at_10_diff1": 0.3250854181710311,
        "nauc_recall_at_10_max": 0.27375967024847137,
        "nauc_recall_at_10_std": -0.04871182690989124,
        "nauc_recall_at_1_diff1": 0.5197849727381578,
        "nauc_recall_at_1_max": 0.27006424166004156,
        "nauc_recall_at_1_std": -0.059710161728015326,
        "nauc_recall_at_20_diff1": 0.29094209142174343,
        "nauc_recall_at_20_max": 0.23895810654892374,
        "nauc_recall_at_20_std": 0.013237862600234624,
        "nauc_recall_at_3_diff1": 0.4109522143511818,
        "nauc_recall_at_3_max": 0.2775137892023427,
        "nauc_recall_at_3_std": -0.0222134580559932,
        "nauc_recall_at_5_diff1": 0.3627396952498,
        "nauc_recall_at_5_max": 0.26984528693835813,
        "nauc_recall_at_5_std": -0.038902030904509256,
        "ndcg_at_1": 0.23845,
        "ndcg_at_10": 0.33113,
        "ndcg_at_100": 0.38342,
        "ndcg_at_1000": 0.41049,
        "ndcg_at_20": 0.35408,
        "ndcg_at_3": 0.29133,
        "ndcg_at_5": 0.30741,
        "precision_at_1": 0.23845,
        "precision_at_10": 0.05065,
        "precision_at_100": 0.00826,
        "precision_at_1000": 0.00118,
        "precision_at_20": 0.03115,
        "precision_at_3": 0.12261,
        "precision_at_5": 0.08429,
        "recall_at_1": 0.21941,
        "recall_at_10": 0.44205,
        "recall_at_100": 0.67644,
        "recall_at_1000": 0.87973,
        "recall_at_20": 0.52843,
        "recall_at_3": 0.33327,
        "recall_at_5": 0.372
      }
    ]
  },
  "task_name": "CQADupstackWordpressRetrieval"
}