{
  "dataset_revision": "f46a197baaae43b4f621051089b82a364682dfeb",
  "evaluation_time": 49.72244048118591,
  "kg_co2_emissions": null,
  "mteb_version": "1.13.1",
  "scores": {
    "test": [
      {
        "hf_subset": "default",
        "languages": [
          "eng-Latn"
        ],
        "main_score": 0.49628,
        "map_at_1": 0.33371,
        "map_at_10": 0.43685,
        "map_at_100": 0.45157,
        "map_at_1000": 0.45281,
        "map_at_20": 0.44548,
        "map_at_3": 0.40289,
        "map_at_5": 0.42279,
        "mrr_at_1": 0.40772532188841204,
        "mrr_at_10": 0.49656482049185907,
        "mrr_at_100": 0.503975554967687,
        "mrr_at_1000": 0.5043848482022983,
        "mrr_at_20": 0.5011529076255554,
        "mrr_at_3": 0.4685264663805436,
        "mrr_at_5": 0.4863376251788269,
        "nauc_map_at_1000_diff1": 0.4909979864272582,
        "nauc_map_at_1000_max": 0.4160511362499688,
        "nauc_map_at_1000_std": -0.07555885721217986,
        "nauc_map_at_100_diff1": 0.49100811797190863,
        "nauc_map_at_100_max": 0.4163062992449804,
        "nauc_map_at_100_std": -0.07518621808619903,
        "nauc_map_at_10_diff1": 0.4934490383958548,
        "nauc_map_at_10_max": 0.41308324170042754,
        "nauc_map_at_10_std": -0.08153950151207275,
        "nauc_map_at_1_diff1": 0.5579043243171485,
        "nauc_map_at_1_max": 0.376856073784211,
        "nauc_map_at_1_std": -0.10449783891702981,
        "nauc_map_at_20_diff1": 0.4912132252675083,
        "nauc_map_at_20_max": 0.41496355423121356,
        "nauc_map_at_20_std": -0.07911571166751168,
        "nauc_map_at_3_diff1": 0.5075893057019196,
        "nauc_map_at_3_max": 0.4014262081044724,
        "nauc_map_at_3_std": -0.08516475658981354,
        "nauc_map_at_5_diff1": 0.49647999895355993,
        "nauc_map_at_5_max": 0.40962423166673073,
        "nauc_map_at_5_std": -0.08827586312771306,
        "nauc_mrr_at_1000_diff1": 0.4713082092396232,
        "nauc_mrr_at_1000_max": 0.4166791949215598,
        "nauc_mrr_at_1000_std": -0.06946478516354757,
        "nauc_mrr_at_100_diff1": 0.47126477092657726,
        "nauc_mrr_at_100_max": 0.4166833017227502,
        "nauc_mrr_at_100_std": -0.06940433492802121,
        "nauc_mrr_at_10_diff1": 0.46922760466693814,
        "nauc_mrr_at_10_max": 0.4165650726207088,
        "nauc_mrr_at_10_std": -0.06905865518464119,
        "nauc_mrr_at_1_diff1": 0.5130953462495553,
        "nauc_mrr_at_1_max": 0.41282632673965797,
        "nauc_mrr_at_1_std": -0.09258178011874758,
        "nauc_mrr_at_20_diff1": 0.4715314619086994,
        "nauc_mrr_at_20_max": 0.4171513979202915,
        "nauc_mrr_at_20_std": -0.0703929286104784,
        "nauc_mrr_at_3_diff1": 0.4727779370194139,
        "nauc_mrr_at_3_max": 0.41696551858185305,
        "nauc_mrr_at_3_std": -0.06692107804900718,
        "nauc_mrr_at_5_diff1": 0.46699989827906474,
        "nauc_mrr_at_5_max": 0.4145142582710063,
        "nauc_mrr_at_5_std": -0.07704227657143231,
        "nauc_ndcg_at_1000_diff1": 0.4723622709528941,
        "nauc_ndcg_at_1000_max": 0.4262932923256336,
        "nauc_ndcg_at_1000_std": -0.05063827515768373,
        "nauc_ndcg_at_100_diff1": 0.4714793744309231,
        "nauc_ndcg_at_100_max": 0.4279081110387741,
        "nauc_ndcg_at_100_std": -0.04392202069446667,
        "nauc_ndcg_at_10_diff1": 0.47044116929838703,
        "nauc_ndcg_at_10_max": 0.4204241643610032,
        "nauc_ndcg_at_10_std": -0.06520731610861825,
        "nauc_ndcg_at_1_diff1": 0.5093890189729836,
        "nauc_ndcg_at_1_max": 0.4101702231894539,
        "nauc_ndcg_at_1_std": -0.09548184991647053,
        "nauc_ndcg_at_20_diff1": 0.4701254629088973,
        "nauc_ndcg_at_20_max": 0.42371977405293365,
        "nauc_ndcg_at_20_std": -0.06368417044130124,
        "nauc_ndcg_at_3_diff1": 0.4788635226752288,
        "nauc_ndcg_at_3_max": 0.4114646981469686,
        "nauc_ndcg_at_3_std": -0.06744433511923195,
        "nauc_ndcg_at_5_diff1": 0.46747285976417624,
        "nauc_ndcg_at_5_max": 0.416380121129926,
        "nauc_ndcg_at_5_std": -0.07880952046805563,
        "nauc_precision_at_1000_diff1": -0.16365711062022903,
        "nauc_precision_at_1000_max": -0.10647159956209624,
        "nauc_precision_at_1000_std": 0.003221739615951798,
        "nauc_precision_at_100_diff1": -0.10175569674981728,
        "nauc_precision_at_100_max": 0.03405183196056717,
        "nauc_precision_at_100_std": 0.0797087784715807,
        "nauc_precision_at_10_diff1": 0.051480043106122204,
        "nauc_precision_at_10_max": 0.25601682558296446,
        "nauc_precision_at_10_std": 0.041408655769271704,
        "nauc_precision_at_1_diff1": 0.5093890189729836,
        "nauc_precision_at_1_max": 0.4101702231894539,
        "nauc_precision_at_1_std": -0.09548184991647053,
        "nauc_precision_at_20_diff1": -0.011861804202753456,
        "nauc_precision_at_20_max": 0.19139139557803533,
        "nauc_precision_at_20_std": 0.06145721951380411,
        "nauc_precision_at_3_diff1": 0.2522358766181304,
        "nauc_precision_at_3_max": 0.3532830529637961,
        "nauc_precision_at_3_std": -0.03310078973394392,
        "nauc_precision_at_5_diff1": 0.1332528924364018,
        "nauc_precision_at_5_max": 0.3141267092870748,
        "nauc_precision_at_5_std": -0.021220364207150847,
        "nauc_recall_at_1000_diff1": 0.3684927342869327,
        "nauc_recall_at_1000_max": 0.5953295491917564,
        "nauc_recall_at_1000_std": 0.36250173425908205,
        "nauc_recall_at_100_diff1": 0.3695623877292083,
        "nauc_recall_at_100_max": 0.46116510465174587,
        "nauc_recall_at_100_std": 0.18280367827170496,
        "nauc_recall_at_10_diff1": 0.4060681527014716,
        "nauc_recall_at_10_max": 0.4096122855201262,
        "nauc_recall_at_10_std": -0.028651243260257787,
        "nauc_recall_at_1_diff1": 0.5579043243171485,
        "nauc_recall_at_1_max": 0.376856073784211,
        "nauc_recall_at_1_std": -0.10449783891702981,
        "nauc_recall_at_20_diff1": 0.391557699650559,
        "nauc_recall_at_20_max": 0.42210946510064135,
        "nauc_recall_at_20_std": -0.016405040899505043,
        "nauc_recall_at_3_diff1": 0.45301782601947954,
        "nauc_recall_at_3_max": 0.3964766589319349,
        "nauc_recall_at_3_std": -0.04890859197062254,
        "nauc_recall_at_5_diff1": 0.41292720253395127,
        "nauc_recall_at_5_max": 0.4002364516867212,
        "nauc_recall_at_5_std": -0.07462216617512707,
        "ndcg_at_1": 0.40916,
        "ndcg_at_10": 0.49628,
        "ndcg_at_100": 0.54945,
        "ndcg_at_1000": 0.56865,
        "ndcg_at_20": 0.51842,
        "ndcg_at_3": 0.44666,
        "ndcg_at_5": 0.47218,
        "precision_at_1": 0.40916,
        "precision_at_10": 0.09185,
        "precision_at_100": 0.01489,
        "precision_at_1000": 0.00195,
        "precision_at_20": 0.05458,
        "precision_at_3": 0.20839,
        "precision_at_5": 0.15165,
        "recall_at_1": 0.33371,
        "recall_at_10": 0.60563,
        "recall_at_100": 0.82538,
        "recall_at_1000": 0.94643,
        "recall_at_20": 0.68443,
        "recall_at_3": 0.46474,
        "recall_at_5": 0.53411
      }
    ]
  },
  "task_name": "CQADupstackAndroidRetrieval"
}