{
  "dataset_revision": "46989137a86843e03a6195de44b09deda022eec7",
  "evaluation_time": 81.07820582389832,
  "kg_co2_emissions": null,
  "mteb_version": "1.13.1",
  "scores": {
    "test": [
      {
        "hf_subset": "default",
        "languages": [
          "eng-Latn"
        ],
        "main_score": 0.29948,
        "map_at_1": 0.1823,
        "map_at_10": 0.25354,
        "map_at_100": 0.2635,
        "map_at_1000": 0.26481,
        "map_at_20": 0.25841,
        "map_at_3": 0.23117,
        "map_at_5": 0.2433,
        "mrr_at_1": 0.21954576737783896,
        "mrr_at_10": 0.2930104927954206,
        "mrr_at_100": 0.3011031224119855,
        "mrr_at_1000": 0.3019203562090911,
        "mrr_at_20": 0.29716787512541837,
        "mrr_at_3": 0.2717939894471209,
        "mrr_at_5": 0.2833218628125717,
        "nauc_map_at_1000_diff1": 0.38648405466983,
        "nauc_map_at_1000_max": 0.30760944414241387,
        "nauc_map_at_1000_std": -0.026743160074775174,
        "nauc_map_at_100_diff1": 0.3863503850281254,
        "nauc_map_at_100_max": 0.3074289188360964,
        "nauc_map_at_100_std": -0.026811266315806354,
        "nauc_map_at_10_diff1": 0.38904135551753155,
        "nauc_map_at_10_max": 0.3053670949228091,
        "nauc_map_at_10_std": -0.032901451762438895,
        "nauc_map_at_1_diff1": 0.45440773615209007,
        "nauc_map_at_1_max": 0.29604050556194494,
        "nauc_map_at_1_std": -0.04223768000129656,
        "nauc_map_at_20_diff1": 0.3865939145061934,
        "nauc_map_at_20_max": 0.3063036044786753,
        "nauc_map_at_20_std": -0.030378610828540067,
        "nauc_map_at_3_diff1": 0.4019349746248218,
        "nauc_map_at_3_max": 0.3009241797195636,
        "nauc_map_at_3_std": -0.0402738512544991,
        "nauc_map_at_5_diff1": 0.3942488110326048,
        "nauc_map_at_5_max": 0.3033595190585928,
        "nauc_map_at_5_std": -0.03811260514515292,
        "nauc_mrr_at_1000_diff1": 0.3864685364287972,
        "nauc_mrr_at_1000_max": 0.3123512872160929,
        "nauc_mrr_at_1000_std": -0.023518294393656325,
        "nauc_mrr_at_100_diff1": 0.38632074648383363,
        "nauc_mrr_at_100_max": 0.3123273184156356,
        "nauc_mrr_at_100_std": -0.023490925894561684,
        "nauc_mrr_at_10_diff1": 0.3881442026038836,
        "nauc_mrr_at_10_max": 0.3119525016177333,
        "nauc_mrr_at_10_std": -0.027687176012307347,
        "nauc_mrr_at_1_diff1": 0.45022666160962516,
        "nauc_mrr_at_1_max": 0.3095423882619192,
        "nauc_mrr_at_1_std": -0.04242251291892776,
        "nauc_mrr_at_20_diff1": 0.3861007174548318,
        "nauc_mrr_at_20_max": 0.31179788680431736,
        "nauc_mrr_at_20_std": -0.025816901416840482,
        "nauc_mrr_at_3_diff1": 0.39967719087735676,
        "nauc_mrr_at_3_max": 0.31099179837712604,
        "nauc_mrr_at_3_std": -0.03308104493601043,
        "nauc_mrr_at_5_diff1": 0.3938429528352569,
        "nauc_mrr_at_5_max": 0.31111426318955104,
        "nauc_mrr_at_5_std": -0.031997582102214324,
        "nauc_ndcg_at_1000_diff1": 0.35567036001987584,
        "nauc_ndcg_at_1000_max": 0.31568724995701375,
        "nauc_ndcg_at_1000_std": 0.00637537945367494,
        "nauc_ndcg_at_100_diff1": 0.3526678900108314,
        "nauc_ndcg_at_100_max": 0.31293838866605994,
        "nauc_ndcg_at_100_std": 0.006688466945970929,
        "nauc_ndcg_at_10_diff1": 0.3630969703383896,
        "nauc_ndcg_at_10_max": 0.3092797826571711,
        "nauc_ndcg_at_10_std": -0.02202186616459111,
        "nauc_ndcg_at_1_diff1": 0.4487904020446569,
        "nauc_ndcg_at_1_max": 0.30893232272499915,
        "nauc_ndcg_at_1_std": -0.04280537196308455,
        "nauc_ndcg_at_20_diff1": 0.355901804537772,
        "nauc_ndcg_at_20_max": 0.3102958095275667,
        "nauc_ndcg_at_20_std": -0.015028616270718234,
        "nauc_ndcg_at_3_diff1": 0.384448444702278,
        "nauc_ndcg_at_3_max": 0.3047066560729386,
        "nauc_ndcg_at_3_std": -0.036951457683670405,
        "nauc_ndcg_at_5_diff1": 0.37360114289690505,
        "nauc_ndcg_at_5_max": 0.3065284636272913,
        "nauc_ndcg_at_5_std": -0.03313207681140822,
        "nauc_precision_at_1000_diff1": 0.043454213933390724,
        "nauc_precision_at_1000_max": 0.12328616556467545,
        "nauc_precision_at_1000_std": 0.046113749981937846,
        "nauc_precision_at_100_diff1": 0.10336731515801306,
        "nauc_precision_at_100_max": 0.2052022565710055,
        "nauc_precision_at_100_std": 0.09183141562937326,
        "nauc_precision_at_10_diff1": 0.23287567998917283,
        "nauc_precision_at_10_max": 0.29629205200245146,
        "nauc_precision_at_10_std": 0.012173790408785757,
        "nauc_precision_at_1_diff1": 0.4487904020446569,
        "nauc_precision_at_1_max": 0.30893232272499915,
        "nauc_precision_at_1_std": -0.04280537196308455,
        "nauc_precision_at_20_diff1": 0.18093368513010172,
        "nauc_precision_at_20_max": 0.2704268804997987,
        "nauc_precision_at_20_std": 0.03467836541956234,
        "nauc_precision_at_3_diff1": 0.3200231590385758,
        "nauc_precision_at_3_max": 0.31624094028902644,
        "nauc_precision_at_3_std": -0.0219827910401934,
        "nauc_precision_at_5_diff1": 0.2779119534634559,
        "nauc_precision_at_5_max": 0.30795194509918417,
        "nauc_precision_at_5_std": -0.012568657353214835,
        "nauc_recall_at_1000_diff1": 0.14219390602919904,
        "nauc_recall_at_1000_max": 0.3284985349580551,
        "nauc_recall_at_1000_std": 0.24779871978546233,
        "nauc_recall_at_100_diff1": 0.21447311148861486,
        "nauc_recall_at_100_max": 0.2930757179666746,
        "nauc_recall_at_100_std": 0.13665139435452034,
        "nauc_recall_at_10_diff1": 0.27607283066758814,
        "nauc_recall_at_10_max": 0.29046993845672203,
        "nauc_recall_at_10_std": 0.0040231849771309725,
        "nauc_recall_at_1_diff1": 0.45440773615209007,
        "nauc_recall_at_1_max": 0.29604050556194494,
        "nauc_recall_at_1_std": -0.04223768000129656,
        "nauc_recall_at_20_diff1": 0.2504808285175506,
        "nauc_recall_at_20_max": 0.2907176636289776,
        "nauc_recall_at_20_std": 0.024707721308202795,
        "nauc_recall_at_3_diff1": 0.3363754045416241,
        "nauc_recall_at_3_max": 0.2860214636863067,
        "nauc_recall_at_3_std": -0.03220644696486484,
        "nauc_recall_at_5_diff1": 0.3083629259229878,
        "nauc_recall_at_5_max": 0.2871388131200762,
        "nauc_recall_at_5_std": -0.025205457741683392,
        "ndcg_at_1": 0.21989,
        "ndcg_at_10": 0.29948,
        "ndcg_at_100": 0.34843,
        "ndcg_at_1000": 0.37895,
        "ndcg_at_20": 0.31505,
        "ndcg_at_3": 0.25921,
        "ndcg_at_5": 0.27722,
        "precision_at_1": 0.21989,
        "precision_at_10": 0.05344,
        "precision_at_100": 0.00927,
        "precision_at_1000": 0.00137,
        "precision_at_20": 0.03169,
        "precision_at_3": 0.12078,
        "precision_at_5": 0.0863,
        "recall_at_1": 0.1823,
        "recall_at_10": 0.3989,
        "recall_at_100": 0.62127,
        "recall_at_1000": 0.84039,
        "recall_at_20": 0.45512,
        "recall_at_3": 0.28582,
        "recall_at_5": 0.33232
      }
    ]
  },
  "task_name": "CQADupstackTexRetrieval"
}