{
  "dataset_revision": "79531abbd1fb92d06c6d6315a0cbbbf5bb247ea4",
  "evaluation_time": 36.45364713668823,
  "kg_co2_emissions": null,
  "mteb_version": "1.13.1",
  "scores": {
    "test": [
      {
        "hf_subset": "default",
        "languages": [
          "eng-Latn"
        ],
        "main_score": 0.45359,
        "map_at_1": 0.30183,
        "map_at_10": 0.39785,
        "map_at_100": 0.41041,
        "map_at_1000": 0.41153,
        "map_at_20": 0.40488,
        "map_at_3": 0.36912,
        "map_at_5": 0.384,
        "mrr_at_1": 0.3638113570741097,
        "mrr_at_10": 0.45164726461646576,
        "mrr_at_100": 0.459930311329116,
        "mrr_at_1000": 0.46042586076540376,
        "mrr_at_20": 0.4566519352822568,
        "mrr_at_3": 0.4279756175810074,
        "mrr_at_5": 0.44135386589669556,
        "nauc_map_at_1000_diff1": 0.5027856808537053,
        "nauc_map_at_1000_max": 0.3824794892233018,
        "nauc_map_at_1000_std": -0.07494063436431526,
        "nauc_map_at_100_diff1": 0.5024352744683868,
        "nauc_map_at_100_max": 0.3821311021735434,
        "nauc_map_at_100_std": -0.07545878786942026,
        "nauc_map_at_10_diff1": 0.5019110345161889,
        "nauc_map_at_10_max": 0.3777874261204454,
        "nauc_map_at_10_std": -0.08586088592795417,
        "nauc_map_at_1_diff1": 0.5513218853434984,
        "nauc_map_at_1_max": 0.3554879331334366,
        "nauc_map_at_1_std": -0.09260641591043135,
        "nauc_map_at_20_diff1": 0.5025719081588503,
        "nauc_map_at_20_max": 0.38025678441996075,
        "nauc_map_at_20_std": -0.07906718502757656,
        "nauc_map_at_3_diff1": 0.5055039676496048,
        "nauc_map_at_3_max": 0.37165972496407285,
        "nauc_map_at_3_std": -0.09002697002996271,
        "nauc_map_at_5_diff1": 0.5014626318594609,
        "nauc_map_at_5_max": 0.3737133118668602,
        "nauc_map_at_5_std": -0.08823966425508063,
        "nauc_mrr_at_1000_diff1": 0.5069753883350955,
        "nauc_mrr_at_1000_max": 0.39560699471092486,
        "nauc_mrr_at_1000_std": -0.06309463772487943,
        "nauc_mrr_at_100_diff1": 0.5068281975926356,
        "nauc_mrr_at_100_max": 0.3955999439377914,
        "nauc_mrr_at_100_std": -0.0631032003279829,
        "nauc_mrr_at_10_diff1": 0.5075526640281839,
        "nauc_mrr_at_10_max": 0.3952451648862458,
        "nauc_mrr_at_10_std": -0.06840109090440387,
        "nauc_mrr_at_1_diff1": 0.5516523117125518,
        "nauc_mrr_at_1_max": 0.38423411411434183,
        "nauc_mrr_at_1_std": -0.07622110955406694,
        "nauc_mrr_at_20_diff1": 0.5068291422901516,
        "nauc_mrr_at_20_max": 0.3958235991340329,
        "nauc_mrr_at_20_std": -0.06350695186193497,
        "nauc_mrr_at_3_diff1": 0.5061905589112391,
        "nauc_mrr_at_3_max": 0.3945175556161541,
        "nauc_mrr_at_3_std": -0.06706124001102287,
        "nauc_mrr_at_5_diff1": 0.5086545668139694,
        "nauc_mrr_at_5_max": 0.3965597534169154,
        "nauc_mrr_at_5_std": -0.0690904368622637,
        "nauc_ndcg_at_1000_diff1": 0.49072385546723135,
        "nauc_ndcg_at_1000_max": 0.40120789759247444,
        "nauc_ndcg_at_1000_std": -0.03750497481941888,
        "nauc_ndcg_at_100_diff1": 0.48526373298046693,
        "nauc_ndcg_at_100_max": 0.3982781726564165,
        "nauc_ndcg_at_100_std": -0.04164860901307938,
        "nauc_ndcg_at_10_diff1": 0.4862492552651436,
        "nauc_ndcg_at_10_max": 0.3848752133947926,
        "nauc_ndcg_at_10_std": -0.07945309841922171,
        "nauc_ndcg_at_1_diff1": 0.5516523117125518,
        "nauc_ndcg_at_1_max": 0.38423411411434183,
        "nauc_ndcg_at_1_std": -0.07622110955406694,
        "nauc_ndcg_at_20_diff1": 0.4860244356983024,
        "nauc_ndcg_at_20_max": 0.3893275154070494,
        "nauc_ndcg_at_20_std": -0.059646794754506585,
        "nauc_ndcg_at_3_diff1": 0.4910418076569247,
        "nauc_ndcg_at_3_max": 0.38544177500876664,
        "nauc_ndcg_at_3_std": -0.07614799099532199,
        "nauc_ndcg_at_5_diff1": 0.4888004309671244,
        "nauc_ndcg_at_5_max": 0.38355843355402736,
        "nauc_ndcg_at_5_std": -0.0799986083818493,
        "nauc_precision_at_1000_diff1": -0.04259977622507082,
        "nauc_precision_at_1000_max": 0.13116320621443148,
        "nauc_precision_at_1000_std": 0.2324272698919558,
        "nauc_precision_at_100_diff1": 0.036702761602836,
        "nauc_precision_at_100_max": 0.22356430361542398,
        "nauc_precision_at_100_std": 0.21881193398793622,
        "nauc_precision_at_10_diff1": 0.2238459951672811,
        "nauc_precision_at_10_max": 0.32489917935963036,
        "nauc_precision_at_10_std": 0.04821010336486944,
        "nauc_precision_at_1_diff1": 0.5516523117125518,
        "nauc_precision_at_1_max": 0.38423411411434183,
        "nauc_precision_at_1_std": -0.07622110955406694,
        "nauc_precision_at_20_diff1": 0.16884207056167724,
        "nauc_precision_at_20_max": 0.2982732505072923,
        "nauc_precision_at_20_std": 0.13380250278551553,
        "nauc_precision_at_3_diff1": 0.354744070448782,
        "nauc_precision_at_3_max": 0.3854569049429571,
        "nauc_precision_at_3_std": -0.01658022797410378,
        "nauc_precision_at_5_diff1": 0.30668297544113127,
        "nauc_precision_at_5_max": 0.3700036166907988,
        "nauc_precision_at_5_std": 0.00309453294200922,
        "nauc_recall_at_1000_diff1": 0.3276948689463302,
        "nauc_recall_at_1000_max": 0.4787934870027258,
        "nauc_recall_at_1000_std": 0.40262009206658755,
        "nauc_recall_at_100_diff1": 0.3481921727632176,
        "nauc_recall_at_100_max": 0.4014374488941381,
        "nauc_recall_at_100_std": 0.12453484062203539,
        "nauc_recall_at_10_diff1": 0.4060522556161505,
        "nauc_recall_at_10_max": 0.3554532205974335,
        "nauc_recall_at_10_std": -0.08289617512136846,
        "nauc_recall_at_1_diff1": 0.5513218853434984,
        "nauc_recall_at_1_max": 0.3554879331334366,
        "nauc_recall_at_1_std": -0.09260641591043135,
        "nauc_recall_at_20_diff1": 0.39129712457538973,
        "nauc_recall_at_20_max": 0.3593495547171784,
        "nauc_recall_at_20_std": -0.011292833261976441,
        "nauc_recall_at_3_diff1": 0.4458915554354976,
        "nauc_recall_at_3_max": 0.36577331581065015,
        "nauc_recall_at_3_std": -0.08642286472679137,
        "nauc_recall_at_5_diff1": 0.42500637498331734,
        "nauc_recall_at_5_max": 0.35422180467057734,
        "nauc_recall_at_5_std": -0.0907359026233955,
        "ndcg_at_1": 0.36381,
        "ndcg_at_10": 0.45359,
        "ndcg_at_100": 0.5068,
        "ndcg_at_1000": 0.52768,
        "ndcg_at_20": 0.47474,
        "ndcg_at_3": 0.40578,
        "ndcg_at_5": 0.42667,
        "precision_at_1": 0.36381,
        "precision_at_10": 0.08037,
        "precision_at_100": 0.01244,
        "precision_at_1000": 0.00159,
        "precision_at_20": 0.04706,
        "precision_at_3": 0.188,
        "precision_at_5": 0.13109,
        "recall_at_1": 0.30183,
        "recall_at_10": 0.56596,
        "recall_at_100": 0.7901,
        "recall_at_1000": 0.92653,
        "recall_at_20": 0.63918,
        "recall_at_3": 0.43196,
        "recall_at_5": 0.48656
      }
    ]
  },
  "task_name": "CQADupstackPhysicsRetrieval"
}