{
  "dataset_revision": "6184bc1440d2dbc7612be22b50686b8826d22b32",
  "evaluation_time": 67.28392052650452,
  "kg_co2_emissions": null,
  "mteb_version": "1.13.1",
  "scores": {
    "test": [
      {
        "hf_subset": "default",
        "languages": [
          "eng-Latn"
        ],
        "main_score": 0.4274,
        "map_at_1": 0.27508,
        "map_at_10": 0.37172,
        "map_at_100": 0.38401,
        "map_at_1000": 0.38504,
        "map_at_20": 0.37795,
        "map_at_3": 0.34151,
        "map_at_5": 0.35946,
        "mrr_at_1": 0.3356164383561644,
        "mrr_at_10": 0.42535016670290643,
        "mrr_at_100": 0.43342129020318937,
        "mrr_at_1000": 0.4339120068311923,
        "mrr_at_20": 0.42989873748719015,
        "mrr_at_3": 0.39992389649923893,
        "mrr_at_5": 0.41493531202435313,
        "nauc_map_at_1000_diff1": 0.4560788539080811,
        "nauc_map_at_1000_max": 0.4408161892515478,
        "nauc_map_at_1000_std": 0.030257391024531944,
        "nauc_map_at_100_diff1": 0.45590394549877217,
        "nauc_map_at_100_max": 0.4406690333794065,
        "nauc_map_at_100_std": 0.02989282698283572,
        "nauc_map_at_10_diff1": 0.45694893430696565,
        "nauc_map_at_10_max": 0.43602788735309356,
        "nauc_map_at_10_std": 0.02085771884631801,
        "nauc_map_at_1_diff1": 0.4951745203869539,
        "nauc_map_at_1_max": 0.4015073707395056,
        "nauc_map_at_1_std": -0.02253147657030673,
        "nauc_map_at_20_diff1": 0.45690297538680236,
        "nauc_map_at_20_max": 0.4378380303494349,
        "nauc_map_at_20_std": 0.025521238818830772,
        "nauc_map_at_3_diff1": 0.4725462003347036,
        "nauc_map_at_3_max": 0.43813301578940483,
        "nauc_map_at_3_std": 0.010825351539891049,
        "nauc_map_at_5_diff1": 0.45927060745185905,
        "nauc_map_at_5_max": 0.43458290342136674,
        "nauc_map_at_5_std": 0.014382681031123876,
        "nauc_mrr_at_1000_diff1": 0.45810372508491287,
        "nauc_mrr_at_1000_max": 0.46179459488096,
        "nauc_mrr_at_1000_std": 0.05090577413621741,
        "nauc_mrr_at_100_diff1": 0.45792151089901634,
        "nauc_mrr_at_100_max": 0.46167353418465756,
        "nauc_mrr_at_100_std": 0.050950324782922884,
        "nauc_mrr_at_10_diff1": 0.4567173288824163,
        "nauc_mrr_at_10_max": 0.46022998277862254,
        "nauc_mrr_at_10_std": 0.0477933672422571,
        "nauc_mrr_at_1_diff1": 0.49234133775532535,
        "nauc_mrr_at_1_max": 0.45698404878034454,
        "nauc_mrr_at_1_std": 0.01688158895775937,
        "nauc_mrr_at_20_diff1": 0.4577489349296131,
        "nauc_mrr_at_20_max": 0.4604470681337663,
        "nauc_mrr_at_20_std": 0.04997543158316896,
        "nauc_mrr_at_3_diff1": 0.46994445970406035,
        "nauc_mrr_at_3_max": 0.46896286679367694,
        "nauc_mrr_at_3_std": 0.04471873303291784,
        "nauc_mrr_at_5_diff1": 0.4570287805572426,
        "nauc_mrr_at_5_max": 0.4624260594057748,
        "nauc_mrr_at_5_std": 0.04713033063671798,
        "nauc_ndcg_at_1000_diff1": 0.4422542646452039,
        "nauc_ndcg_at_1000_max": 0.45560272993370754,
        "nauc_ndcg_at_1000_std": 0.07357736742366244,
        "nauc_ndcg_at_100_diff1": 0.43703956989689646,
        "nauc_ndcg_at_100_max": 0.45412788341745075,
        "nauc_ndcg_at_100_std": 0.074889170515175,
        "nauc_ndcg_at_10_diff1": 0.43556132913876633,
        "nauc_ndcg_at_10_max": 0.4351317345381885,
        "nauc_ndcg_at_10_std": 0.03843814666119143,
        "nauc_ndcg_at_1_diff1": 0.49234133775532535,
        "nauc_ndcg_at_1_max": 0.45698404878034454,
        "nauc_ndcg_at_1_std": 0.01688158895775937,
        "nauc_ndcg_at_20_diff1": 0.43710457383086726,
        "nauc_ndcg_at_20_max": 0.4381136998955332,
        "nauc_ndcg_at_20_std": 0.05286561370769955,
        "nauc_ndcg_at_3_diff1": 0.46146178704810775,
        "nauc_ndcg_at_3_max": 0.45090161289213493,
        "nauc_ndcg_at_3_std": 0.029505347924561963,
        "nauc_ndcg_at_5_diff1": 0.4395914144949546,
        "nauc_ndcg_at_5_max": 0.4370111500236455,
        "nauc_ndcg_at_5_std": 0.029484003960462964,
        "nauc_precision_at_1000_diff1": -0.09487019546804204,
        "nauc_precision_at_1000_max": 0.0499064716019257,
        "nauc_precision_at_1000_std": 0.1607123682290661,
        "nauc_precision_at_100_diff1": 0.011424973764539504,
        "nauc_precision_at_100_max": 0.22552110856236648,
        "nauc_precision_at_100_std": 0.23944805229444385,
        "nauc_precision_at_10_diff1": 0.20606086266170903,
        "nauc_precision_at_10_max": 0.3705712047519218,
        "nauc_precision_at_10_std": 0.17221187305350022,
        "nauc_precision_at_1_diff1": 0.49234133775532535,
        "nauc_precision_at_1_max": 0.45698404878034454,
        "nauc_precision_at_1_std": 0.01688158895775937,
        "nauc_precision_at_20_diff1": 0.13965355265688312,
        "nauc_precision_at_20_max": 0.3243049899491552,
        "nauc_precision_at_20_std": 0.21552046299545813,
        "nauc_precision_at_3_diff1": 0.3483358193050662,
        "nauc_precision_at_3_max": 0.4649979839617841,
        "nauc_precision_at_3_std": 0.11452618484586961,
        "nauc_precision_at_5_diff1": 0.2745894867759253,
        "nauc_precision_at_5_max": 0.4213769061529006,
        "nauc_precision_at_5_std": 0.1312253300644456,
        "nauc_recall_at_1000_diff1": 0.33461623544030805,
        "nauc_recall_at_1000_max": 0.5393145223285206,
        "nauc_recall_at_1000_std": 0.5015185956151914,
        "nauc_recall_at_100_diff1": 0.3197278112348962,
        "nauc_recall_at_100_max": 0.45762519714435484,
        "nauc_recall_at_100_std": 0.28546150587465025,
        "nauc_recall_at_10_diff1": 0.3411930155383918,
        "nauc_recall_at_10_max": 0.3750239050071656,
        "nauc_recall_at_10_std": 0.05830850187091871,
        "nauc_recall_at_1_diff1": 0.4951745203869539,
        "nauc_recall_at_1_max": 0.4015073707395056,
        "nauc_recall_at_1_std": -0.02253147657030673,
        "nauc_recall_at_20_diff1": 0.343813437985715,
        "nauc_recall_at_20_max": 0.37277788775004955,
        "nauc_recall_at_20_std": 0.1076318613312831,
        "nauc_recall_at_3_diff1": 0.4374503396563277,
        "nauc_recall_at_3_max": 0.43176960685801513,
        "nauc_recall_at_3_std": 0.027441883055054753,
        "nauc_recall_at_5_diff1": 0.36673674721059013,
        "nauc_recall_at_5_max": 0.3881649208517445,
        "nauc_recall_at_5_std": 0.032027669135303465,
        "ndcg_at_1": 0.33562,
        "ndcg_at_10": 0.4274,
        "ndcg_at_100": 0.48126,
        "ndcg_at_1000": 0.5027,
        "ndcg_at_20": 0.44666,
        "ndcg_at_3": 0.37824,
        "ndcg_at_5": 0.4027,
        "precision_at_1": 0.33562,
        "precision_at_10": 0.07603,
        "precision_at_100": 0.01207,
        "precision_at_1000": 0.00156,
        "precision_at_20": 0.04429,
        "precision_at_3": 0.17998,
        "precision_at_5": 0.12763,
        "recall_at_1": 0.27508,
        "recall_at_10": 0.54164,
        "recall_at_100": 0.77323,
        "recall_at_1000": 0.91839,
        "recall_at_20": 0.60968,
        "recall_at_3": 0.40122,
        "recall_at_5": 0.46724
      }
    ]
  },
  "task_name": "CQADupstackProgrammersRetrieval"
}