{
  "dataset_revision": "160c094312a0e1facb97e55eeddb698c0abe3571",
  "evaluation_time": 50.2612624168396,
  "kg_co2_emissions": null,
  "mteb_version": "1.13.1",
  "scores": {
    "test": [
      {
        "hf_subset": "default",
        "languages": [
          "eng-Latn"
        ],
        "main_score": 0.38589,
        "map_at_1": 0.25157,
        "map_at_10": 0.33319,
        "map_at_100": 0.35042,
        "map_at_1000": 0.35231,
        "map_at_20": 0.34207,
        "map_at_3": 0.30829,
        "map_at_5": 0.31977,
        "mrr_at_1": 0.2984189723320158,
        "mrr_at_10": 0.37430359495576887,
        "mrr_at_100": 0.3847772722465333,
        "mrr_at_1000": 0.38521228523805673,
        "mrr_at_20": 0.37992665110654805,
        "mrr_at_3": 0.35243741765480896,
        "mrr_at_5": 0.36340579710144927,
        "nauc_map_at_1000_diff1": 0.46609900189684733,
        "nauc_map_at_1000_max": 0.3762506945245224,
        "nauc_map_at_1000_std": -0.043416890686832486,
        "nauc_map_at_100_diff1": 0.4668145418945328,
        "nauc_map_at_100_max": 0.37812016142923693,
        "nauc_map_at_100_std": -0.04370790280747066,
        "nauc_map_at_10_diff1": 0.4746201930175184,
        "nauc_map_at_10_max": 0.3799025011125623,
        "nauc_map_at_10_std": -0.05928972276041327,
        "nauc_map_at_1_diff1": 0.5539902039597484,
        "nauc_map_at_1_max": 0.38064150068073827,
        "nauc_map_at_1_std": -0.09139724061569528,
        "nauc_map_at_20_diff1": 0.47047577501265514,
        "nauc_map_at_20_max": 0.3786834555774948,
        "nauc_map_at_20_std": -0.05098564380684426,
        "nauc_map_at_3_diff1": 0.4854077605104199,
        "nauc_map_at_3_max": 0.384842651820376,
        "nauc_map_at_3_std": -0.06961915105510565,
        "nauc_map_at_5_diff1": 0.479876567034062,
        "nauc_map_at_5_max": 0.38439034603665034,
        "nauc_map_at_5_std": -0.06841903171286196,
        "nauc_mrr_at_1000_diff1": 0.43735278949153306,
        "nauc_mrr_at_1000_max": 0.3701818131532878,
        "nauc_mrr_at_1000_std": -0.038827496270147775,
        "nauc_mrr_at_100_diff1": 0.43744601019067925,
        "nauc_mrr_at_100_max": 0.3703450911606736,
        "nauc_mrr_at_100_std": -0.03838855997027898,
        "nauc_mrr_at_10_diff1": 0.43905330074247245,
        "nauc_mrr_at_10_max": 0.3696054729444236,
        "nauc_mrr_at_10_std": -0.04419859876943329,
        "nauc_mrr_at_1_diff1": 0.4884700729857941,
        "nauc_mrr_at_1_max": 0.3728221706817713,
        "nauc_mrr_at_1_std": -0.06222429600420167,
        "nauc_mrr_at_20_diff1": 0.4364030690529412,
        "nauc_mrr_at_20_max": 0.3696998222616758,
        "nauc_mrr_at_20_std": -0.039806793034463134,
        "nauc_mrr_at_3_diff1": 0.445983785302154,
        "nauc_mrr_at_3_max": 0.37910379061459315,
        "nauc_mrr_at_3_std": -0.0504309394282874,
        "nauc_mrr_at_5_diff1": 0.4445950238744971,
        "nauc_mrr_at_5_max": 0.3725841382746208,
        "nauc_mrr_at_5_std": -0.05154394977638343,
        "nauc_ndcg_at_1000_diff1": 0.42686339593374606,
        "nauc_ndcg_at_1000_max": 0.37054745911349946,
        "nauc_ndcg_at_1000_std": -0.007045182672117672,
        "nauc_ndcg_at_100_diff1": 0.4334888606709295,
        "nauc_ndcg_at_100_max": 0.37524507697489257,
        "nauc_ndcg_at_100_std": -0.004603154453948473,
        "nauc_ndcg_at_10_diff1": 0.4379237122519136,
        "nauc_ndcg_at_10_max": 0.3645645137678993,
        "nauc_ndcg_at_10_std": -0.03762701356180826,
        "nauc_ndcg_at_1_diff1": 0.4884700729857941,
        "nauc_ndcg_at_1_max": 0.3728221706817713,
        "nauc_ndcg_at_1_std": -0.06222429600420167,
        "nauc_ndcg_at_20_diff1": 0.4279150718819263,
        "nauc_ndcg_at_20_max": 0.36277464273164634,
        "nauc_ndcg_at_20_std": -0.026348639089945062,
        "nauc_ndcg_at_3_diff1": 0.44857325135358783,
        "nauc_ndcg_at_3_max": 0.3805421788553838,
        "nauc_ndcg_at_3_std": -0.051968483254106114,
        "nauc_ndcg_at_5_diff1": 0.4463750630394862,
        "nauc_ndcg_at_5_max": 0.3754898059812932,
        "nauc_ndcg_at_5_std": -0.05041350718442148,
        "nauc_precision_at_1000_diff1": -0.12930962907457388,
        "nauc_precision_at_1000_max": -0.22323777822702345,
        "nauc_precision_at_1000_std": 0.09432321172232076,
        "nauc_precision_at_100_diff1": -0.10903203755367925,
        "nauc_precision_at_100_max": -0.06869233035299015,
        "nauc_precision_at_100_std": 0.1637591972020155,
        "nauc_precision_at_10_diff1": 0.12661769281657978,
        "nauc_precision_at_10_max": 0.1851951049203664,
        "nauc_precision_at_10_std": 0.1162112026136404,
        "nauc_precision_at_1_diff1": 0.4884700729857941,
        "nauc_precision_at_1_max": 0.3728221706817713,
        "nauc_precision_at_1_std": -0.06222429600420167,
        "nauc_precision_at_20_diff1": 0.015338391186482515,
        "nauc_precision_at_20_max": 0.08840790077183044,
        "nauc_precision_at_20_std": 0.16682467763209038,
        "nauc_precision_at_3_diff1": 0.28078228367594127,
        "nauc_precision_at_3_max": 0.3221587611327005,
        "nauc_precision_at_3_std": -0.003979071191425094,
        "nauc_precision_at_5_diff1": 0.22826468499302116,
        "nauc_precision_at_5_max": 0.2855257140638059,
        "nauc_precision_at_5_std": 0.03639568629836196,
        "nauc_recall_at_1000_diff1": 0.07523120475192732,
        "nauc_recall_at_1000_max": 0.3306093391979794,
        "nauc_recall_at_1000_std": 0.39892715008755525,
        "nauc_recall_at_100_diff1": 0.30781508913998457,
        "nauc_recall_at_100_max": 0.3595712583801786,
        "nauc_recall_at_100_std": 0.20175716466894683,
        "nauc_recall_at_10_diff1": 0.3586503972398304,
        "nauc_recall_at_10_max": 0.32030936786264014,
        "nauc_recall_at_10_std": -0.022919367721728038,
        "nauc_recall_at_1_diff1": 0.5539902039597484,
        "nauc_recall_at_1_max": 0.38064150068073827,
        "nauc_recall_at_1_std": -0.09139724061569528,
        "nauc_recall_at_20_diff1": 0.3029181083840776,
        "nauc_recall_at_20_max": 0.3012352419112877,
        "nauc_recall_at_20_std": 0.02980075423754804,
        "nauc_recall_at_3_diff1": 0.42274975728453756,
        "nauc_recall_at_3_max": 0.3761279780382184,
        "nauc_recall_at_3_std": -0.058796654321514194,
        "nauc_recall_at_5_diff1": 0.39887679438060375,
        "nauc_recall_at_5_max": 0.35616028717578757,
        "nauc_recall_at_5_std": -0.06236722332941282,
        "ndcg_at_1": 0.29842,
        "ndcg_at_10": 0.38589,
        "ndcg_at_100": 0.45125,
        "ndcg_at_1000": 0.47405,
        "ndcg_at_20": 0.40942,
        "ndcg_at_3": 0.34361,
        "ndcg_at_5": 0.359,
        "precision_at_1": 0.29842,
        "precision_at_10": 0.07292,
        "precision_at_100": 0.01536,
        "precision_at_1000": 0.00235,
        "precision_at_20": 0.04713,
        "precision_at_3": 0.15876,
        "precision_at_5": 0.11146,
        "recall_at_1": 0.25157,
        "recall_at_10": 0.4846,
        "recall_at_100": 0.7773,
        "recall_at_1000": 0.92093,
        "recall_at_20": 0.5732,
        "recall_at_3": 0.36588,
        "recall_at_5": 0.40788
      }
    ]
  },
  "task_name": "CQADupstackWebmastersRetrieval"
}