{
  "dataset_revision": "6c6430d3a6d36f8d2a829195bc5dc94d7e063e53",
  "evaluation_time": 40.351558446884155,
  "kg_co2_emissions": null,
  "mteb_version": "1.13.1",
  "scores": {
    "test": [
      {
        "hf_subset": "default",
        "languages": [
          "eng-Latn"
        ],
        "main_score": 0.40514,
        "map_at_1": 0.26331,
        "map_at_10": 0.35453,
        "map_at_100": 0.36544,
        "map_at_1000": 0.36647,
        "map_at_20": 0.3602,
        "map_at_3": 0.32949,
        "map_at_5": 0.34474,
        "mrr_at_1": 0.3125,
        "mrr_at_10": 0.39638229981047146,
        "mrr_at_100": 0.40454895851712996,
        "mrr_at_1000": 0.40512161811567865,
        "mrr_at_20": 0.4008165761028527,
        "mrr_at_3": 0.3736007462686567,
        "mrr_at_5": 0.38754664179104475,
        "nauc_map_at_1000_diff1": 0.5121401380138562,
        "nauc_map_at_1000_max": 0.4785771324675207,
        "nauc_map_at_1000_std": 0.0034966411350405608,
        "nauc_map_at_100_diff1": 0.5119874945045342,
        "nauc_map_at_100_max": 0.4783188934498433,
        "nauc_map_at_100_std": 0.0031866243621358845,
        "nauc_map_at_10_diff1": 0.5142856026309847,
        "nauc_map_at_10_max": 0.47944774036318366,
        "nauc_map_at_10_std": -0.0008904656807057264,
        "nauc_map_at_1_diff1": 0.579577140466943,
        "nauc_map_at_1_max": 0.4934673194741758,
        "nauc_map_at_1_std": -0.014411360331977631,
        "nauc_map_at_20_diff1": 0.5133246848908812,
        "nauc_map_at_20_max": 0.47794472467887583,
        "nauc_map_at_20_std": 0.0005681835204134171,
        "nauc_map_at_3_diff1": 0.5198324644499523,
        "nauc_map_at_3_max": 0.4754174120992744,
        "nauc_map_at_3_std": -0.009632592067777994,
        "nauc_map_at_5_diff1": 0.517011283190126,
        "nauc_map_at_5_max": 0.4774922756870018,
        "nauc_map_at_5_std": -0.005748059113450177,
        "nauc_mrr_at_1000_diff1": 0.4949653114611634,
        "nauc_mrr_at_1000_max": 0.4727715090011831,
        "nauc_mrr_at_1000_std": -0.002076302008209984,
        "nauc_mrr_at_100_diff1": 0.494804473302921,
        "nauc_mrr_at_100_max": 0.4725810141080079,
        "nauc_mrr_at_100_std": -0.0021672246266172587,
        "nauc_mrr_at_10_diff1": 0.4949344026976594,
        "nauc_mrr_at_10_max": 0.4739890208562084,
        "nauc_mrr_at_10_std": -0.0037185539670870804,
        "nauc_mrr_at_1_diff1": 0.5575984983255561,
        "nauc_mrr_at_1_max": 0.49461346241134174,
        "nauc_mrr_at_1_std": -0.01912971651109102,
        "nauc_mrr_at_20_diff1": 0.4944102810141302,
        "nauc_mrr_at_20_max": 0.4725058031339342,
        "nauc_mrr_at_20_std": -0.003521558360547197,
        "nauc_mrr_at_3_diff1": 0.49914551951772196,
        "nauc_mrr_at_3_max": 0.4679337856409821,
        "nauc_mrr_at_3_std": -0.013527197919555586,
        "nauc_mrr_at_5_diff1": 0.49807759595779233,
        "nauc_mrr_at_5_max": 0.4717331596839614,
        "nauc_mrr_at_5_std": -0.010927251560935946,
        "nauc_ndcg_at_1000_diff1": 0.48571912870959094,
        "nauc_ndcg_at_1000_max": 0.47687757057589164,
        "nauc_ndcg_at_1000_std": 0.03291204830278932,
        "nauc_ndcg_at_100_diff1": 0.4803488428188221,
        "nauc_ndcg_at_100_max": 0.4705000413604689,
        "nauc_ndcg_at_100_std": 0.030038423582401788,
        "nauc_ndcg_at_10_diff1": 0.4861591421015665,
        "nauc_ndcg_at_10_max": 0.4727008954773371,
        "nauc_ndcg_at_10_std": 0.009299435197908773,
        "nauc_ndcg_at_1_diff1": 0.5575984983255561,
        "nauc_ndcg_at_1_max": 0.49461346241134174,
        "nauc_ndcg_at_1_std": -0.01912971651109102,
        "nauc_ndcg_at_20_diff1": 0.483447524557241,
        "nauc_ndcg_at_20_max": 0.4681589548511439,
        "nauc_ndcg_at_20_std": 0.01464990762972453,
        "nauc_ndcg_at_3_diff1": 0.49132249650823684,
        "nauc_ndcg_at_3_max": 0.46284110341173523,
        "nauc_ndcg_at_3_std": -0.012778416759596034,
        "nauc_ndcg_at_5_diff1": 0.49142198794003117,
        "nauc_ndcg_at_5_max": 0.46677000932156354,
        "nauc_ndcg_at_5_std": -0.004762267252153127,
        "nauc_precision_at_1000_diff1": -0.09629494515838807,
        "nauc_precision_at_1000_max": -0.002991940944062579,
        "nauc_precision_at_1000_std": 0.05766925074716233,
        "nauc_precision_at_100_diff1": 0.03329083730674006,
        "nauc_precision_at_100_max": 0.14396410351140052,
        "nauc_precision_at_100_std": 0.09607254200984128,
        "nauc_precision_at_10_diff1": 0.24597534133959656,
        "nauc_precision_at_10_max": 0.33190691577755227,
        "nauc_precision_at_10_std": 0.040692777729336826,
        "nauc_precision_at_1_diff1": 0.5575984983255561,
        "nauc_precision_at_1_max": 0.49461346241134174,
        "nauc_precision_at_1_std": -0.01912971651109102,
        "nauc_precision_at_20_diff1": 0.1813401617058602,
        "nauc_precision_at_20_max": 0.2678359427595625,
        "nauc_precision_at_20_std": 0.06137204843464583,
        "nauc_precision_at_3_diff1": 0.35143573794278254,
        "nauc_precision_at_3_max": 0.3835937857322324,
        "nauc_precision_at_3_std": -0.01846909476402804,
        "nauc_precision_at_5_diff1": 0.30949833032167606,
        "nauc_precision_at_5_max": 0.36443033891442134,
        "nauc_precision_at_5_std": 0.005487691341368039,
        "nauc_recall_at_1000_diff1": 0.3544223016439765,
        "nauc_recall_at_1000_max": 0.530141738823645,
        "nauc_recall_at_1000_std": 0.4380913738189635,
        "nauc_recall_at_100_diff1": 0.34726145245970874,
        "nauc_recall_at_100_max": 0.4124676902076381,
        "nauc_recall_at_100_std": 0.18158706384326015,
        "nauc_recall_at_10_diff1": 0.39806129658733025,
        "nauc_recall_at_10_max": 0.4337501202924887,
        "nauc_recall_at_10_std": 0.042261616588077484,
        "nauc_recall_at_1_diff1": 0.579577140466943,
        "nauc_recall_at_1_max": 0.4934673194741758,
        "nauc_recall_at_1_std": -0.014411360331977631,
        "nauc_recall_at_20_diff1": 0.38055148771843955,
        "nauc_recall_at_20_max": 0.4094476547950084,
        "nauc_recall_at_20_std": 0.06308162545124503,
        "nauc_recall_at_3_diff1": 0.4345303567940053,
        "nauc_recall_at_3_max": 0.4193548948228159,
        "nauc_recall_at_3_std": -0.008085679224901979,
        "nauc_recall_at_5_diff1": 0.4206339664020624,
        "nauc_recall_at_5_max": 0.42192638046139247,
        "nauc_recall_at_5_std": 0.004909482112871281,
        "ndcg_at_1": 0.3125,
        "ndcg_at_10": 0.40514,
        "ndcg_at_100": 0.45528,
        "ndcg_at_1000": 0.47864,
        "ndcg_at_20": 0.42299,
        "ndcg_at_3": 0.36182,
        "ndcg_at_5": 0.38435,
        "precision_at_1": 0.3125,
        "precision_at_10": 0.06754,
        "precision_at_100": 0.0104,
        "precision_at_1000": 0.00135,
        "precision_at_20": 0.03867,
        "precision_at_3": 0.16542,
        "precision_at_5": 0.11642,
        "recall_at_1": 0.26331,
        "recall_at_10": 0.51579,
        "recall_at_100": 0.73461,
        "recall_at_1000": 0.89954,
        "recall_at_20": 0.57937,
        "recall_at_3": 0.39831,
        "recall_at_5": 0.45587
      }
    ]
  },
  "task_name": "CQADupstackUnixRetrieval"
}