{
  "dataset_revision": "bea83ef9e8fb933d90a2f1d5515737465d613e12",
  "evaluation_time": 1623.249536037445,
  "kg_co2_emissions": null,
  "mteb_version": "1.13.1",
  "scores": {
    "test": [
      {
        "hf_subset": "default",
        "languages": [
          "eng-Latn"
        ],
        "main_score": 0.89227,
        "map_at_1": 0.7815,
        "map_at_10": 0.8602,
        "map_at_100": 0.86256,
        "map_at_1000": 0.86268,
        "map_at_20": 0.86171,
        "map_at_3": 0.84991,
        "map_at_5": 0.85672,
        "mrr_at_1": 0.8396339633963397,
        "mrr_at_10": 0.900009167583425,
        "mrr_at_100": 0.9006817954404901,
        "mrr_at_1000": 0.9006888511233211,
        "mrr_at_20": 0.9005061442898454,
        "mrr_at_3": 0.8943394339433944,
        "mrr_at_5": 0.8985623562356235,
        "nauc_map_at_1000_diff1": 0.5440339056356336,
        "nauc_map_at_1000_max": 0.24933863629470376,
        "nauc_map_at_1000_std": -0.014261093410008854,
        "nauc_map_at_100_diff1": 0.5435240890973907,
        "nauc_map_at_100_max": 0.24918212421057628,
        "nauc_map_at_100_std": -0.014231472482514792,
        "nauc_map_at_10_diff1": 0.5395554653046956,
        "nauc_map_at_10_max": 0.24720463250024768,
        "nauc_map_at_10_std": -0.01563111714055707,
        "nauc_map_at_1_diff1": 0.5802915372741538,
        "nauc_map_at_1_max": 0.18990603432333703,
        "nauc_map_at_1_std": -0.06613603402861103,
        "nauc_map_at_20_diff1": 0.5412505717476217,
        "nauc_map_at_20_max": 0.2481903346071058,
        "nauc_map_at_20_std": -0.014519671086491938,
        "nauc_map_at_3_diff1": 0.5381409825779359,
        "nauc_map_at_3_max": 0.24112401469463254,
        "nauc_map_at_3_std": -0.02548229362816398,
        "nauc_map_at_5_diff1": 0.5370187513858071,
        "nauc_map_at_5_max": 0.24378187164445997,
        "nauc_map_at_5_std": -0.018619924694826647,
        "nauc_mrr_at_1000_diff1": 0.7115598530589676,
        "nauc_mrr_at_1000_max": 0.30454699775810534,
        "nauc_mrr_at_1000_std": -0.056055032499457404,
        "nauc_mrr_at_100_diff1": 0.7115556474635267,
        "nauc_mrr_at_100_max": 0.30454438468058465,
        "nauc_mrr_at_100_std": -0.056063076280998075,
        "nauc_mrr_at_10_diff1": 0.7109106062342548,
        "nauc_mrr_at_10_max": 0.30611706248011333,
        "nauc_mrr_at_10_std": -0.05562361734626322,
        "nauc_mrr_at_1_diff1": 0.7213124495165125,
        "nauc_mrr_at_1_max": 0.2686353293192321,
        "nauc_mrr_at_1_std": -0.07483942141988932,
        "nauc_mrr_at_20_diff1": 0.711384298169634,
        "nauc_mrr_at_20_max": 0.30501067245451,
        "nauc_mrr_at_20_std": -0.05601508667442924,
        "nauc_mrr_at_3_diff1": 0.7121724451087584,
        "nauc_mrr_at_3_max": 0.31263097465672535,
        "nauc_mrr_at_3_std": -0.05480412037456752,
        "nauc_mrr_at_5_diff1": 0.7105454399473545,
        "nauc_mrr_at_5_max": 0.30914979917655594,
        "nauc_mrr_at_5_std": -0.053462292239151256,
        "nauc_ndcg_at_1000_diff1": 0.5698240792239195,
        "nauc_ndcg_at_1000_max": 0.276023019056817,
        "nauc_ndcg_at_1000_std": -0.0014836509584644257,
        "nauc_ndcg_at_100_diff1": 0.5583465820878988,
        "nauc_ndcg_at_100_max": 0.2731731585467307,
        "nauc_ndcg_at_100_std": 0.0009952845137791255,
        "nauc_ndcg_at_10_diff1": 0.5432996481739394,
        "nauc_ndcg_at_10_max": 0.2690861956062996,
        "nauc_ndcg_at_10_std": -0.0028391883271266798,
        "nauc_ndcg_at_1_diff1": 0.7213124495165125,
        "nauc_ndcg_at_1_max": 0.2686353293192321,
        "nauc_ndcg_at_1_std": -0.07483942141988932,
        "nauc_ndcg_at_20_diff1": 0.5471265300514817,
        "nauc_ndcg_at_20_max": 0.26976129872313453,
        "nauc_ndcg_at_20_std": -0.0002332111346050444,
        "nauc_ndcg_at_3_diff1": 0.5615529919192681,
        "nauc_ndcg_at_3_max": 0.27384599878335697,
        "nauc_ndcg_at_3_std": -0.016128086079341897,
        "nauc_ndcg_at_5_diff1": 0.5453374791905989,
        "nauc_ndcg_at_5_max": 0.2689386085864258,
        "nauc_ndcg_at_5_std": -0.005980378016141432,
        "nauc_precision_at_1000_diff1": -0.04455284422142481,
        "nauc_precision_at_1000_max": 0.06084938171191782,
        "nauc_precision_at_1000_std": 0.0714680124453995,
        "nauc_precision_at_100_diff1": -0.07551835158396729,
        "nauc_precision_at_100_max": 0.08048329657510911,
        "nauc_precision_at_100_std": 0.10030093189702621,
        "nauc_precision_at_10_diff1": -0.055300341072137014,
        "nauc_precision_at_10_max": 0.14459459880401032,
        "nauc_precision_at_10_std": 0.12101833979900391,
        "nauc_precision_at_1_diff1": 0.7213124495165125,
        "nauc_precision_at_1_max": 0.2686353293192321,
        "nauc_precision_at_1_std": -0.07483942141988932,
        "nauc_precision_at_20_diff1": -0.08412859029123011,
        "nauc_precision_at_20_max": 0.1112005878672104,
        "nauc_precision_at_20_std": 0.11713954764110533,
        "nauc_precision_at_3_diff1": 0.13555020855248479,
        "nauc_precision_at_3_max": 0.2462712849706198,
        "nauc_precision_at_3_std": 0.09593360513905388,
        "nauc_precision_at_5_diff1": 0.002450652592687172,
        "nauc_precision_at_5_max": 0.1862668927732483,
        "nauc_precision_at_5_std": 0.12009843902703969,
        "nauc_recall_at_1000_diff1": 0.2419148576066936,
        "nauc_recall_at_1000_max": 0.5764933315250887,
        "nauc_recall_at_1000_std": 0.597135343198739,
        "nauc_recall_at_100_diff1": 0.11137623456741355,
        "nauc_recall_at_100_max": 0.35161730503454625,
        "nauc_recall_at_100_std": 0.3643495961459608,
        "nauc_recall_at_10_diff1": 0.2461903276057573,
        "nauc_recall_at_10_max": 0.28723507715269264,
        "nauc_recall_at_10_std": 0.13806060951595295,
        "nauc_recall_at_1_diff1": 0.5802915372741538,
        "nauc_recall_at_1_max": 0.18990603432333703,
        "nauc_recall_at_1_std": -0.06613603402861103,
        "nauc_recall_at_20_diff1": 0.18053251652566663,
        "nauc_recall_at_20_max": 0.29258277382699194,
        "nauc_recall_at_20_std": 0.20588956355630358,
        "nauc_recall_at_3_diff1": 0.3904758545989539,
        "nauc_recall_at_3_max": 0.27753108809704113,
        "nauc_recall_at_3_std": 0.03497389841664385,
        "nauc_recall_at_5_diff1": 0.30615928342739473,
        "nauc_recall_at_5_max": 0.2762709035344991,
        "nauc_recall_at_5_std": 0.09092455540257086,
        "ndcg_at_1": 0.83963,
        "ndcg_at_10": 0.89227,
        "ndcg_at_100": 0.89985,
        "ndcg_at_1000": 0.90172,
        "ndcg_at_20": 0.89613,
        "ndcg_at_3": 0.87785,
        "ndcg_at_5": 0.88658,
        "precision_at_1": 0.83963,
        "precision_at_10": 0.1065,
        "precision_at_100": 0.01126,
        "precision_at_1000": 0.00116,
        "precision_at_20": 0.05447,
        "precision_at_3": 0.33398,
        "precision_at_5": 0.20702,
        "recall_at_1": 0.7815,
        "recall_at_10": 0.9499,
        "recall_at_100": 0.97856,
        "recall_at_1000": 0.9897,
        "recall_at_20": 0.96285,
        "recall_at_3": 0.91039,
        "recall_at_5": 0.93345
      }
    ]
  },
  "task_name": "FEVER"
}