{
  "dataset_revision": "ab518f4d6fcca38d87c25209f94beba119d02014",
  "evaluation_time": 1527.255865573883,
  "kg_co2_emissions": null,
  "mteb_version": "1.13.1",
  "scores": {
    "test": [
      {
        "hf_subset": "default",
        "languages": [
          "eng-Latn"
        ],
        "main_score": 0.73848,
        "map_at_1": 0.40034,
        "map_at_10": 0.66082,
        "map_at_100": 0.66916,
        "map_at_1000": 0.66968,
        "map_at_20": 0.66587,
        "map_at_3": 0.62615,
        "map_at_5": 0.64774,
        "mrr_at_1": 0.800540175557056,
        "mrr_at_10": 0.856861998006495,
        "mrr_at_100": 0.858539851205675,
        "mrr_at_1000": 0.8585880947215658,
        "mrr_at_20": 0.8580494524475508,
        "mrr_at_3": 0.8480756245779878,
        "mrr_at_5": 0.8536731937879811,
        "nauc_map_at_1000_diff1": 0.17493426733823164,
        "nauc_map_at_1000_max": 0.18708061020718306,
        "nauc_map_at_1000_std": -0.01230828514235057,
        "nauc_map_at_100_diff1": 0.1747551713271225,
        "nauc_map_at_100_max": 0.1869835213048863,
        "nauc_map_at_100_std": -0.012221120770463731,
        "nauc_map_at_10_diff1": 0.17367164325451662,
        "nauc_map_at_10_max": 0.18449779978305023,
        "nauc_map_at_10_std": -0.01959943260022003,
        "nauc_map_at_1_diff1": 0.6612974103132154,
        "nauc_map_at_1_max": 0.4161566731301531,
        "nauc_map_at_1_std": -0.07925149107429143,
        "nauc_map_at_20_diff1": 0.17392094109379333,
        "nauc_map_at_20_max": 0.18632972720304034,
        "nauc_map_at_20_std": -0.01377272394520762,
        "nauc_map_at_3_diff1": 0.16490977703597087,
        "nauc_map_at_3_max": 0.17454229793037163,
        "nauc_map_at_3_std": -0.0398359474394404,
        "nauc_map_at_5_diff1": 0.16863320770226584,
        "nauc_map_at_5_max": 0.17852895066565957,
        "nauc_map_at_5_std": -0.028488135069164252,
        "nauc_mrr_at_1000_diff1": 0.6536951299525553,
        "nauc_mrr_at_1000_max": 0.44760864082245505,
        "nauc_mrr_at_1000_std": -0.06229227033233805,
        "nauc_mrr_at_100_diff1": 0.6536901449471908,
        "nauc_mrr_at_100_max": 0.4476533250798489,
        "nauc_mrr_at_100_std": -0.06221207230350463,
        "nauc_mrr_at_10_diff1": 0.6531679909364223,
        "nauc_mrr_at_10_max": 0.44842323669973244,
        "nauc_mrr_at_10_std": -0.06286167706610543,
        "nauc_mrr_at_1_diff1": 0.6616053340199738,
        "nauc_mrr_at_1_max": 0.41520244398318296,
        "nauc_mrr_at_1_std": -0.08066276803087281,
        "nauc_mrr_at_20_diff1": 0.6536135493581129,
        "nauc_mrr_at_20_max": 0.4480076430879981,
        "nauc_mrr_at_20_std": -0.062085741922455376,
        "nauc_mrr_at_3_diff1": 0.6535148298561432,
        "nauc_mrr_at_3_max": 0.45235024141387503,
        "nauc_mrr_at_3_std": -0.06232204662814793,
        "nauc_mrr_at_5_diff1": 0.6522642283763012,
        "nauc_mrr_at_5_max": 0.44926319333056774,
        "nauc_mrr_at_5_std": -0.06260319062555202,
        "nauc_ndcg_at_1000_diff1": 0.23952836621662577,
        "nauc_ndcg_at_1000_max": 0.23628517934818077,
        "nauc_ndcg_at_1000_std": 0.017590542660632143,
        "nauc_ndcg_at_100_diff1": 0.23171506784412327,
        "nauc_ndcg_at_100_max": 0.23275991670248766,
        "nauc_ndcg_at_100_std": 0.02081852262093937,
        "nauc_ndcg_at_10_diff1": 0.22595053980364166,
        "nauc_ndcg_at_10_max": 0.2243257218401525,
        "nauc_ndcg_at_10_std": -0.005616572467105863,
        "nauc_ndcg_at_1_diff1": 0.6612974103132154,
        "nauc_ndcg_at_1_max": 0.4161566731301531,
        "nauc_ndcg_at_1_std": -0.07925149107429143,
        "nauc_ndcg_at_20_diff1": 0.22563351850442062,
        "nauc_ndcg_at_20_max": 0.228686842726477,
        "nauc_ndcg_at_20_std": 0.011502630569851624,
        "nauc_ndcg_at_3_diff1": 0.21966061207139675,
        "nauc_ndcg_at_3_max": 0.21390575928893607,
        "nauc_ndcg_at_3_std": -0.0372043160269289,
        "nauc_ndcg_at_5_diff1": 0.21979208421562912,
        "nauc_ndcg_at_5_max": 0.21559915087919232,
        "nauc_ndcg_at_5_std": -0.022220348822694688,
        "nauc_precision_at_1000_diff1": -0.032450045984664964,
        "nauc_precision_at_1000_max": 0.19453383245990388,
        "nauc_precision_at_1000_std": 0.44607059936648186,
        "nauc_precision_at_100_diff1": 0.016091546769610356,
        "nauc_precision_at_100_max": 0.1714420122114846,
        "nauc_precision_at_100_std": 0.2569541261575705,
        "nauc_precision_at_10_diff1": 0.0794397558562685,
        "nauc_precision_at_10_max": 0.1652529219232605,
        "nauc_precision_at_10_std": 0.06043858876368546,
        "nauc_precision_at_1_diff1": 0.6612974103132154,
        "nauc_precision_at_1_max": 0.4161566731301531,
        "nauc_precision_at_1_std": -0.07925149107429143,
        "nauc_precision_at_20_diff1": 0.05316908210507137,
        "nauc_precision_at_20_max": 0.17135202388641024,
        "nauc_precision_at_20_std": 0.13557401567423646,
        "nauc_precision_at_3_diff1": 0.10362084989262199,
        "nauc_precision_at_3_max": 0.16281912761438513,
        "nauc_precision_at_3_std": -0.020517921641703556,
        "nauc_precision_at_5_diff1": 0.08892132402885802,
        "nauc_precision_at_5_max": 0.15680652903424297,
        "nauc_precision_at_5_std": 0.010777953112057908,
        "nauc_recall_at_1000_diff1": -0.032450045984658324,
        "nauc_recall_at_1000_max": 0.19453383245990402,
        "nauc_recall_at_1000_std": 0.44607059936648136,
        "nauc_recall_at_100_diff1": 0.016091546769607907,
        "nauc_recall_at_100_max": 0.17144201221148103,
        "nauc_recall_at_100_std": 0.25695412615756813,
        "nauc_recall_at_10_diff1": 0.07943975585626964,
        "nauc_recall_at_10_max": 0.16525292192326113,
        "nauc_recall_at_10_std": 0.0604385887636859,
        "nauc_recall_at_1_diff1": 0.6612974103132154,
        "nauc_recall_at_1_max": 0.4161566731301531,
        "nauc_recall_at_1_std": -0.07925149107429143,
        "nauc_recall_at_20_diff1": 0.053169082105072075,
        "nauc_recall_at_20_max": 0.17135202388641277,
        "nauc_recall_at_20_std": 0.1355740156742382,
        "nauc_recall_at_3_diff1": 0.10362084989262134,
        "nauc_recall_at_3_max": 0.16281912761438452,
        "nauc_recall_at_3_std": -0.020517921641703567,
        "nauc_recall_at_5_diff1": 0.0889213240288583,
        "nauc_recall_at_5_max": 0.1568065290342426,
        "nauc_recall_at_5_std": 0.010777953112058671,
        "ndcg_at_1": 0.80068,
        "ndcg_at_10": 0.73848,
        "ndcg_at_100": 0.76658,
        "ndcg_at_1000": 0.77644,
        "ndcg_at_20": 0.7509,
        "ndcg_at_3": 0.6903,
        "ndcg_at_5": 0.71703,
        "precision_at_1": 0.80068,
        "precision_at_10": 0.15548,
        "precision_at_100": 0.01772,
        "precision_at_1000": 0.0019,
        "precision_at_20": 0.08172,
        "precision_at_3": 0.44754,
        "precision_at_5": 0.28959,
        "recall_at_1": 0.40034,
        "recall_at_10": 0.77738,
        "recall_at_100": 0.88602,
        "recall_at_1000": 0.95105,
        "recall_at_20": 0.81715,
        "recall_at_3": 0.6713,
        "recall_at_5": 0.72397
      }
    ]
  },
  "task_name": "HotpotQA"
}