{
  "dataset_revision": "59042f120c80e8afa9cdbb224f67076cec0fc9a7",
  "evaluation_time": 207.8641664981842,
  "kg_co2_emissions": null,
  "mteb_version": "1.13.1",
  "scores": {
    "test": [
      {
        "hf_subset": "default",
        "languages": [
          "eng-Latn"
        ],
        "main_score": 0.30100543569074656,
        "map": 0.30100543569074656,
        "mrr": 0.311138504806567,
        "nAUC_map_diff1": 0.1300384033146626,
        "nAUC_map_max": -0.21400176469038953,
        "nAUC_map_std": -0.015102375546829699,
        "nAUC_mrr_diff1": 0.12334706549250163,
        "nAUC_mrr_max": -0.15611845828792892,
        "nAUC_mrr_std": 0.00420516255218102
      }
    ]
  },
  "task_name": "MindSmallReranking"
}