{
  "dataset_revision": "ec0fa4fe99da2ff19ca1214b7966684033a58814",
  "evaluation_time": 48.920005083084106,
  "kg_co2_emissions": null,
  "mteb_version": "1.13.1",
  "scores": {
    "test": [
      {
        "hf_subset": "default",
        "languages": [
          "eng-Latn"
        ],
        "main_score": 0.35878,
        "map_at_1": 0.05571,
        "map_at_10": 0.13528,
        "map_at_100": 0.17133,
        "map_at_1000": 0.18603,
        "map_at_20": 0.15069,
        "map_at_3": 0.09693,
        "map_at_5": 0.11416,
        "mrr_at_1": 0.4582043343653251,
        "mrr_at_10": 0.5517851000049142,
        "mrr_at_100": 0.5572764336944207,
        "mrr_at_1000": 0.5576860012078327,
        "mrr_at_20": 0.5550461875830421,
        "mrr_at_3": 0.5319917440660475,
        "mrr_at_5": 0.5440660474716202,
        "nauc_map_at_1000_diff1": 0.21065672384306078,
        "nauc_map_at_1000_max": 0.3625250017428695,
        "nauc_map_at_1000_std": 0.15243187140302597,
        "nauc_map_at_100_diff1": 0.21939937208148863,
        "nauc_map_at_100_max": 0.3478775497685387,
        "nauc_map_at_100_std": 0.10593217245113405,
        "nauc_map_at_10_diff1": 0.25160815447085666,
        "nauc_map_at_10_max": 0.27707363462067536,
        "nauc_map_at_10_std": -0.025813418625509375,
        "nauc_map_at_1_diff1": 0.49129923927292946,
        "nauc_map_at_1_max": 0.1964598543017575,
        "nauc_map_at_1_std": -0.15979426882879208,
        "nauc_map_at_20_diff1": 0.23274227335992054,
        "nauc_map_at_20_max": 0.30934663980898763,
        "nauc_map_at_20_std": 0.024242968590677677,
        "nauc_map_at_3_diff1": 0.35268626241957496,
        "nauc_map_at_3_max": 0.20848033652708112,
        "nauc_map_at_3_std": -0.1262775375804931,
        "nauc_map_at_5_diff1": 0.300031756801416,
        "nauc_map_at_5_max": 0.23746478384888717,
        "nauc_map_at_5_std": -0.09109070658853911,
        "nauc_mrr_at_1000_diff1": 0.312848512229749,
        "nauc_mrr_at_1000_max": 0.5826892160132785,
        "nauc_mrr_at_1000_std": 0.313745617517747,
        "nauc_mrr_at_100_diff1": 0.31294289990906105,
        "nauc_mrr_at_100_max": 0.5830345812825598,
        "nauc_mrr_at_100_std": 0.3141560215306194,
        "nauc_mrr_at_10_diff1": 0.31651114164400784,
        "nauc_mrr_at_10_max": 0.5819252372782083,
        "nauc_mrr_at_10_std": 0.31218782011145263,
        "nauc_mrr_at_1_diff1": 0.3376268478590451,
        "nauc_mrr_at_1_max": 0.5394962621184564,
        "nauc_mrr_at_1_std": 0.24941361136294446,
        "nauc_mrr_at_20_diff1": 0.31172215610421855,
        "nauc_mrr_at_20_max": 0.582627684502103,
        "nauc_mrr_at_20_std": 0.31385984836224345,
        "nauc_mrr_at_3_diff1": 0.313654186487265,
        "nauc_mrr_at_3_max": 0.5684754896516941,
        "nauc_mrr_at_3_std": 0.2944787283727138,
        "nauc_mrr_at_5_diff1": 0.31769926053446945,
        "nauc_mrr_at_5_max": 0.5847408888966821,
        "nauc_mrr_at_5_std": 0.31298106476181553,
        "nauc_ndcg_at_1000_diff1": 0.1983924188929738,
        "nauc_ndcg_at_1000_max": 0.5140416525334893,
        "nauc_ndcg_at_1000_std": 0.3547550905665865,
        "nauc_ndcg_at_100_diff1": 0.1895042763495193,
        "nauc_ndcg_at_100_max": 0.4779916642592704,
        "nauc_ndcg_at_100_std": 0.30640444904204145,
        "nauc_ndcg_at_10_diff1": 0.21119927482427844,
        "nauc_ndcg_at_10_max": 0.500904178944729,
        "nauc_ndcg_at_10_std": 0.32172498991232906,
        "nauc_ndcg_at_1_diff1": 0.38324041901185796,
        "nauc_ndcg_at_1_max": 0.5379056259981835,
        "nauc_ndcg_at_1_std": 0.25852037230079733,
        "nauc_ndcg_at_20_diff1": 0.20117887764791317,
        "nauc_ndcg_at_20_max": 0.48725781378857513,
        "nauc_ndcg_at_20_std": 0.32399244554963746,
        "nauc_ndcg_at_3_diff1": 0.2679352442518132,
        "nauc_ndcg_at_3_max": 0.5071504486488304,
        "nauc_ndcg_at_3_std": 0.280533455514021,
        "nauc_ndcg_at_5_diff1": 0.23282502780193484,
        "nauc_ndcg_at_5_max": 0.5161210579004194,
        "nauc_ndcg_at_5_std": 0.3029955114362836,
        "nauc_precision_at_1000_diff1": -0.07272606167597886,
        "nauc_precision_at_1000_max": 0.1946991780311225,
        "nauc_precision_at_1000_std": 0.4973627650218605,
        "nauc_precision_at_100_diff1": -0.0427477744864022,
        "nauc_precision_at_100_max": 0.3343433475058946,
        "nauc_precision_at_100_std": 0.5805143139702696,
        "nauc_precision_at_10_diff1": 0.026833902154981763,
        "nauc_precision_at_10_max": 0.4827513784936738,
        "nauc_precision_at_10_std": 0.4745880993344136,
        "nauc_precision_at_1_diff1": 0.37085449995926556,
        "nauc_precision_at_1_max": 0.5431630189873017,
        "nauc_precision_at_1_std": 0.2648512059720156,
        "nauc_precision_at_20_diff1": -0.0023869372719214597,
        "nauc_precision_at_20_max": 0.44348626659724993,
        "nauc_precision_at_20_std": 0.5352306107018165,
        "nauc_precision_at_3_diff1": 0.14684506473033782,
        "nauc_precision_at_3_max": 0.49514560259379264,
        "nauc_precision_at_3_std": 0.3387222602537167,
        "nauc_precision_at_5_diff1": 0.06640682643577052,
        "nauc_precision_at_5_max": 0.5068802951885668,
        "nauc_precision_at_5_std": 0.40339536290242395,
        "nauc_recall_at_1000_diff1": -0.017635560021250957,
        "nauc_recall_at_1000_max": 0.18442792660225,
        "nauc_recall_at_1000_std": 0.18207811759863737,
        "nauc_recall_at_100_diff1": 0.08474014063154406,
        "nauc_recall_at_100_max": 0.26825950786128183,
        "nauc_recall_at_100_std": 0.1415025731419618,
        "nauc_recall_at_10_diff1": 0.14190567098729107,
        "nauc_recall_at_10_max": 0.20830611889740333,
        "nauc_recall_at_10_std": -0.023837396387953437,
        "nauc_recall_at_1_diff1": 0.49129923927292946,
        "nauc_recall_at_1_max": 0.1964598543017575,
        "nauc_recall_at_1_std": -0.15979426882879208,
        "nauc_recall_at_20_diff1": 0.0920521588049502,
        "nauc_recall_at_20_max": 0.22475122086364105,
        "nauc_recall_at_20_std": 0.010732676583561345,
        "nauc_recall_at_3_diff1": 0.2982049754447834,
        "nauc_recall_at_3_max": 0.19246880333101837,
        "nauc_recall_at_3_std": -0.11441396150886758,
        "nauc_recall_at_5_diff1": 0.2317639378346951,
        "nauc_recall_at_5_max": 0.21624515940193528,
        "nauc_recall_at_5_std": -0.07991637996778178,
        "ndcg_at_1": 0.42724,
        "ndcg_at_10": 0.35878,
        "ndcg_at_100": 0.32782,
        "ndcg_at_1000": 0.41369,
        "ndcg_at_20": 0.33575,
        "ndcg_at_3": 0.4051,
        "ndcg_at_5": 0.38502,
        "precision_at_1": 0.44582,
        "precision_at_10": 0.26904,
        "precision_at_100": 0.08427,
        "precision_at_1000": 0.02105,
        "precision_at_20": 0.19892,
        "precision_at_3": 0.38287,
        "precision_at_5": 0.3387,
        "recall_at_1": 0.05571,
        "recall_at_10": 0.18123,
        "recall_at_100": 0.33255,
        "recall_at_1000": 0.64982,
        "recall_at_20": 0.22286,
        "recall_at_3": 0.10883,
        "recall_at_5": 0.1368
      }
    ]
  },
  "task_name": "NFCorpus"
}