{
  "dataset_revision": "e4e08e0b7dbe3c8700f0daef558ff32256715259",
  "evaluation_time": 156.54113268852234,
  "kg_co2_emissions": null,
  "mteb_version": "1.13.1",
  "scores": {
    "test": [
      {
        "hf_subset": "default",
        "languages": [
          "eng-Latn"
        ],
        "main_score": 0.87808,
        "map_at_1": 0.70271,
        "map_at_10": 0.83945,
        "map_at_100": 0.84572,
        "map_at_1000": 0.84593,
        "map_at_20": 0.84356,
        "map_at_3": 0.81039,
        "map_at_5": 0.82894,
        "mrr_at_1": 0.8091,
        "mrr_at_10": 0.8720884126984126,
        "mrr_at_100": 0.8731240532774791,
        "mrr_at_1000": 0.8731394576577248,
        "mrr_at_20": 0.8728812178194183,
        "mrr_at_3": 0.8623666666666666,
        "mrr_at_5": 0.8690416666666666,
        "nauc_map_at_1000_diff1": 0.7494181651675398,
        "nauc_map_at_1000_max": 0.3672892818451539,
        "nauc_map_at_1000_std": -0.5082209563848797,
        "nauc_map_at_100_diff1": 0.7494486406464409,
        "nauc_map_at_100_max": 0.36710156672389094,
        "nauc_map_at_100_std": -0.5090828918140702,
        "nauc_map_at_10_diff1": 0.7506877400241307,
        "nauc_map_at_10_max": 0.3633781263144345,
        "nauc_map_at_10_std": -0.5274817450423329,
        "nauc_map_at_1_diff1": 0.7814103155023976,
        "nauc_map_at_1_max": 0.2822643384015873,
        "nauc_map_at_1_std": -0.44859555478575835,
        "nauc_map_at_20_diff1": 0.7496337518472396,
        "nauc_map_at_20_max": 0.36623492962880017,
        "nauc_map_at_20_std": -0.5170214260421161,
        "nauc_map_at_3_diff1": 0.7515106458599635,
        "nauc_map_at_3_max": 0.3404817950359747,
        "nauc_map_at_3_std": -0.5389732862309168,
        "nauc_map_at_5_diff1": 0.7516741957060272,
        "nauc_map_at_5_max": 0.35330104459710027,
        "nauc_map_at_5_std": -0.5406634450852368,
        "nauc_mrr_at_1000_diff1": 0.7587526073229273,
        "nauc_mrr_at_1000_max": 0.3920945903359398,
        "nauc_mrr_at_1000_std": -0.46922055499534926,
        "nauc_mrr_at_100_diff1": 0.7587464644161467,
        "nauc_mrr_at_100_max": 0.39211598745624915,
        "nauc_mrr_at_100_std": -0.46921104221298476,
        "nauc_mrr_at_10_diff1": 0.7586127643839286,
        "nauc_mrr_at_10_max": 0.3925102741497494,
        "nauc_mrr_at_10_std": -0.4706225596582806,
        "nauc_mrr_at_1_diff1": 0.7704421213605326,
        "nauc_mrr_at_1_max": 0.3870592125611356,
        "nauc_mrr_at_1_std": -0.44551523278562993,
        "nauc_mrr_at_20_diff1": 0.7586609697569282,
        "nauc_mrr_at_20_max": 0.39243193523866526,
        "nauc_mrr_at_20_std": -0.4694969320895112,
        "nauc_mrr_at_3_diff1": 0.755007301439535,
        "nauc_mrr_at_3_max": 0.39403204635059463,
        "nauc_mrr_at_3_std": -0.4720523233154568,
        "nauc_mrr_at_5_diff1": 0.7572599356398579,
        "nauc_mrr_at_5_max": 0.391229925627796,
        "nauc_mrr_at_5_std": -0.47411096905110267,
        "nauc_ndcg_at_1000_diff1": 0.7483695851270992,
        "nauc_ndcg_at_1000_max": 0.38078794897664,
        "nauc_ndcg_at_1000_std": -0.4859456961162744,
        "nauc_ndcg_at_100_diff1": 0.7485012544778871,
        "nauc_ndcg_at_100_max": 0.38032073538375677,
        "nauc_ndcg_at_100_std": -0.49028856449283575,
        "nauc_ndcg_at_10_diff1": 0.7478985865562816,
        "nauc_ndcg_at_10_max": 0.3742391257519434,
        "nauc_ndcg_at_10_std": -0.5234667367631786,
        "nauc_ndcg_at_1_diff1": 0.7702575419495837,
        "nauc_ndcg_at_1_max": 0.3879574586661724,
        "nauc_ndcg_at_1_std": -0.4424290368972651,
        "nauc_ndcg_at_20_diff1": 0.7479182579603346,
        "nauc_ndcg_at_20_max": 0.3782771495373518,
        "nauc_ndcg_at_20_std": -0.5109697397499793,
        "nauc_ndcg_at_3_diff1": 0.7387110906850086,
        "nauc_ndcg_at_3_max": 0.3639525415543074,
        "nauc_ndcg_at_3_std": -0.5146323591198488,
        "nauc_ndcg_at_5_diff1": 0.7444786327046135,
        "nauc_ndcg_at_5_max": 0.3638868042990201,
        "nauc_ndcg_at_5_std": -0.5294716921831734,
        "nauc_precision_at_1000_diff1": -0.41607534064654544,
        "nauc_precision_at_1000_max": -0.06769656987027076,
        "nauc_precision_at_1000_std": 0.4438294167045973,
        "nauc_precision_at_100_diff1": -0.41078012355560306,
        "nauc_precision_at_100_max": -0.059906660115165065,
        "nauc_precision_at_100_std": 0.4188057705062951,
        "nauc_precision_at_10_diff1": -0.3567775509418557,
        "nauc_precision_at_10_max": -0.006401437574398617,
        "nauc_precision_at_10_std": 0.2650041025008182,
        "nauc_precision_at_1_diff1": 0.7702575419495837,
        "nauc_precision_at_1_max": 0.3879574586661724,
        "nauc_precision_at_1_std": -0.4424290368972651,
        "nauc_precision_at_20_diff1": -0.391712854521912,
        "nauc_precision_at_20_max": -0.031069798194327706,
        "nauc_precision_at_20_std": 0.3414792466140509,
        "nauc_precision_at_3_diff1": -0.1543673506571225,
        "nauc_precision_at_3_max": 0.09242084310405721,
        "nauc_precision_at_3_std": 0.02443957347362858,
        "nauc_precision_at_5_diff1": -0.2810822635086613,
        "nauc_precision_at_5_max": 0.0317342226305817,
        "nauc_precision_at_5_std": 0.15082156459029686,
        "nauc_recall_at_1000_diff1": 0.5138754797949325,
        "nauc_recall_at_1000_max": 0.42110859865135114,
        "nauc_recall_at_1000_std": 0.28189049533413707,
        "nauc_recall_at_100_diff1": 0.6732823568107829,
        "nauc_recall_at_100_max": 0.385635378073856,
        "nauc_recall_at_100_std": -0.5040124885823277,
        "nauc_recall_at_10_diff1": 0.6844283415389576,
        "nauc_recall_at_10_max": 0.34232131760041473,
        "nauc_recall_at_10_std": -0.7120021527991315,
        "nauc_recall_at_1_diff1": 0.7814103155023976,
        "nauc_recall_at_1_max": 0.2822643384015873,
        "nauc_recall_at_1_std": -0.44859555478575835,
        "nauc_recall_at_20_diff1": 0.6732637754809793,
        "nauc_recall_at_20_max": 0.3650439545466221,
        "nauc_recall_at_20_std": -0.7193162131642632,
        "nauc_recall_at_3_diff1": 0.6999248392842885,
        "nauc_recall_at_3_max": 0.3109128900226763,
        "nauc_recall_at_3_std": -0.6034338505658721,
        "nauc_recall_at_5_diff1": 0.6900083487567855,
        "nauc_recall_at_5_max": 0.30911220872467876,
        "nauc_recall_at_5_std": -0.6684175227210413,
        "ndcg_at_1": 0.8092,
        "ndcg_at_10": 0.87808,
        "ndcg_at_100": 0.89061,
        "ndcg_at_1000": 0.89207,
        "ndcg_at_20": 0.88488,
        "ndcg_at_3": 0.84969,
        "ndcg_at_5": 0.86561,
        "precision_at_1": 0.8092,
        "precision_at_10": 0.13257,
        "precision_at_100": 0.01514,
        "precision_at_1000": 0.00156,
        "precision_at_20": 0.0703,
        "precision_at_3": 0.3706,
        "precision_at_5": 0.24378,
        "recall_at_1": 0.70271,
        "recall_at_10": 0.94995,
        "recall_at_100": 0.99263,
        "recall_at_1000": 0.99925,
        "recall_at_20": 0.97193,
        "recall_at_3": 0.86747,
        "recall_at_5": 0.91283
      }
    ]
  },
  "task_name": "QuoraRetrieval"
}