{
  "dataset_revision": "f8c2fcf00f625baaa80f62ec5bd9e1fff3b8ae88",
  "evaluation_time": 53.76325249671936,
  "kg_co2_emissions": null,
  "mteb_version": "1.13.1",
  "scores": {
    "test": [
      {
        "hf_subset": "default",
        "languages": [
          "eng-Latn"
        ],
        "main_score": 0.2006,
        "map_at_1": 0.04703,
        "map_at_10": 0.12057,
        "map_at_100": 0.14027,
        "map_at_1000": 0.14305,
        "map_at_20": 0.13064,
        "map_at_3": 0.08664,
        "map_at_5": 0.10294,
        "mrr_at_1": 0.232,
        "mrr_at_10": 0.3404349206349206,
        "mrr_at_100": 0.35157956948889274,
        "mrr_at_1000": 0.3522370835643659,
        "mrr_at_20": 0.34773553261753726,
        "mrr_at_3": 0.3113333333333333,
        "mrr_at_5": 0.32593333333333335,
        "nauc_map_at_1000_diff1": 0.17831619406570734,
        "nauc_map_at_1000_max": 0.3182569421568232,
        "nauc_map_at_1000_std": 0.12195022441123818,
        "nauc_map_at_100_diff1": 0.17901805190443748,
        "nauc_map_at_100_max": 0.3184119780816309,
        "nauc_map_at_100_std": 0.120364260972788,
        "nauc_map_at_10_diff1": 0.17943490859155434,
        "nauc_map_at_10_max": 0.2933840294207358,
        "nauc_map_at_10_std": 0.08050155937952372,
        "nauc_map_at_1_diff1": 0.23674226920069075,
        "nauc_map_at_1_max": 0.2095527521195176,
        "nauc_map_at_1_std": 0.010548134752374826,
        "nauc_map_at_20_diff1": 0.17934293395141063,
        "nauc_map_at_20_max": 0.31031365236717723,
        "nauc_map_at_20_std": 0.10274825050475472,
        "nauc_map_at_3_diff1": 0.19825543529211598,
        "nauc_map_at_3_max": 0.24676442025563106,
        "nauc_map_at_3_std": 0.03422932564098922,
        "nauc_map_at_5_diff1": 0.18845387621777768,
        "nauc_map_at_5_max": 0.27731509812256816,
        "nauc_map_at_5_std": 0.05928706655211343,
        "nauc_mrr_at_1000_diff1": 0.2138905659996306,
        "nauc_mrr_at_1000_max": 0.25968569201686065,
        "nauc_mrr_at_1000_std": 0.07835637106578296,
        "nauc_mrr_at_100_diff1": 0.21406169413814946,
        "nauc_mrr_at_100_max": 0.26008667999937435,
        "nauc_mrr_at_100_std": 0.07883876575297726,
        "nauc_mrr_at_10_diff1": 0.21436025060251665,
        "nauc_mrr_at_10_max": 0.2595047201980095,
        "nauc_mrr_at_10_std": 0.07516660264269256,
        "nauc_mrr_at_1_diff1": 0.23509324887846034,
        "nauc_mrr_at_1_max": 0.20876442196637215,
        "nauc_mrr_at_1_std": 0.010534570167653431,
        "nauc_mrr_at_20_diff1": 0.2135571810291549,
        "nauc_mrr_at_20_max": 0.25883445344226463,
        "nauc_mrr_at_20_std": 0.07905203921939118,
        "nauc_mrr_at_3_diff1": 0.20994938891244552,
        "nauc_mrr_at_3_max": 0.2480597059532238,
        "nauc_mrr_at_3_std": 0.06366569410692328,
        "nauc_mrr_at_5_diff1": 0.21350399730767788,
        "nauc_mrr_at_5_max": 0.25987521248564355,
        "nauc_mrr_at_5_std": 0.07135745167656467,
        "nauc_ndcg_at_1000_diff1": 0.16530349766533808,
        "nauc_ndcg_at_1000_max": 0.3402857259367695,
        "nauc_ndcg_at_1000_std": 0.19859697404029023,
        "nauc_ndcg_at_100_diff1": 0.17398604966371012,
        "nauc_ndcg_at_100_max": 0.34740631078123835,
        "nauc_ndcg_at_100_std": 0.1959058330314449,
        "nauc_ndcg_at_10_diff1": 0.18121464696417722,
        "nauc_ndcg_at_10_max": 0.3043407473347669,
        "nauc_ndcg_at_10_std": 0.10851657688328159,
        "nauc_ndcg_at_1_diff1": 0.23509324887846034,
        "nauc_ndcg_at_1_max": 0.20876442196637215,
        "nauc_ndcg_at_1_std": 0.010534570167653431,
        "nauc_ndcg_at_20_diff1": 0.18085429882195564,
        "nauc_ndcg_at_20_max": 0.3259182700555135,
        "nauc_ndcg_at_20_std": 0.14708493116540153,
        "nauc_ndcg_at_3_diff1": 0.1915502841656273,
        "nauc_ndcg_at_3_max": 0.25295425232586866,
        "nauc_ndcg_at_3_std": 0.056226464686561194,
        "nauc_ndcg_at_5_diff1": 0.1923169222471137,
        "nauc_ndcg_at_5_max": 0.2904516991805996,
        "nauc_ndcg_at_5_std": 0.08478248392632887,
        "nauc_precision_at_1000_diff1": 0.02916267766403973,
        "nauc_precision_at_1000_max": 0.29077297665512947,
        "nauc_precision_at_1000_std": 0.3278872707857721,
        "nauc_precision_at_100_diff1": 0.09727861218624996,
        "nauc_precision_at_100_max": 0.35290701392101786,
        "nauc_precision_at_100_std": 0.316180879194454,
        "nauc_precision_at_10_diff1": 0.13863081184649692,
        "nauc_precision_at_10_max": 0.31907534231200346,
        "nauc_precision_at_10_std": 0.14962160986532994,
        "nauc_precision_at_1_diff1": 0.23509324887846034,
        "nauc_precision_at_1_max": 0.20876442196637215,
        "nauc_precision_at_1_std": 0.010534570167653431,
        "nauc_precision_at_20_diff1": 0.13001090330352533,
        "nauc_precision_at_20_max": 0.342816569504164,
        "nauc_precision_at_20_std": 0.22073781951515492,
        "nauc_precision_at_3_diff1": 0.16676144158617448,
        "nauc_precision_at_3_max": 0.2608590186620432,
        "nauc_precision_at_3_std": 0.07331284074234622,
        "nauc_precision_at_5_diff1": 0.1628470907176336,
        "nauc_precision_at_5_max": 0.3123666792911075,
        "nauc_precision_at_5_std": 0.1169983155509375,
        "nauc_recall_at_1000_diff1": 0.02860299843236422,
        "nauc_recall_at_1000_max": 0.2904055931228302,
        "nauc_recall_at_1000_std": 0.33589733876052563,
        "nauc_recall_at_100_diff1": 0.09652034650875028,
        "nauc_recall_at_100_max": 0.35218709953024724,
        "nauc_recall_at_100_std": 0.3191193963825226,
        "nauc_recall_at_10_diff1": 0.1400514771297216,
        "nauc_recall_at_10_max": 0.3157289226314556,
        "nauc_recall_at_10_std": 0.14787877099069904,
        "nauc_recall_at_1_diff1": 0.23674226920069075,
        "nauc_recall_at_1_max": 0.2095527521195176,
        "nauc_recall_at_1_std": 0.010548134752374826,
        "nauc_recall_at_20_diff1": 0.1319037472632098,
        "nauc_recall_at_20_max": 0.33876784505792973,
        "nauc_recall_at_20_std": 0.21938890138264217,
        "nauc_recall_at_3_diff1": 0.1667649961467175,
        "nauc_recall_at_3_max": 0.25819428255216,
        "nauc_recall_at_3_std": 0.07187733014163072,
        "nauc_recall_at_5_diff1": 0.1633455407124291,
        "nauc_recall_at_5_max": 0.309284017111562,
        "nauc_recall_at_5_std": 0.11519856119096104,
        "ndcg_at_1": 0.232,
        "ndcg_at_10": 0.2006,
        "ndcg_at_100": 0.27749,
        "ndcg_at_1000": 0.32786,
        "ndcg_at_20": 0.22919,
        "ndcg_at_3": 0.19344,
        "ndcg_at_5": 0.16644,
        "precision_at_1": 0.232,
        "precision_at_10": 0.1037,
        "precision_at_100": 0.02142,
        "precision_at_1000": 0.00335,
        "precision_at_20": 0.0684,
        "precision_at_3": 0.18167,
        "precision_at_5": 0.1454,
        "recall_at_1": 0.04703,
        "recall_at_10": 0.21003,
        "recall_at_100": 0.43465,
        "recall_at_1000": 0.68028,
        "recall_at_20": 0.27715,
        "recall_at_3": 0.11053,
        "recall_at_5": 0.14738
      }
    ]
  },
  "task_name": "SCIDOCS"
}