{
  "dataset_revision": "d3c5e1fc0b855ab6097bf1cda04dd73947d7caab",
  "evaluation_time": 73.05590844154358,
  "kg_co2_emissions": null,
  "mteb_version": "1.13.1",
  "scores": {
    "test": [
      {
        "hf_subset": "default",
        "languages": [
          "eng-Latn"
        ],
        "main_score": 0.8302926733649928,
        "map": 0.8302926733649928,
        "mrr": 0.9514700894602856,
        "nAUC_map_diff1": 0.016768244391313417,
        "nAUC_map_max": 0.5735762324362158,
        "nAUC_map_std": 0.7252585751270321,
        "nAUC_mrr_diff1": 0.485403105761625,
        "nAUC_mrr_max": 0.8806066267556705,
        "nAUC_mrr_std": 0.8246661244552352
      }
    ]
  },
  "task_name": "SciDocsRR"
}