{
  "dataset_revision": "0228b52cf27578f30900b9e5271d331663a030d7",
  "evaluation_time": 23.918188333511353,
  "kg_co2_emissions": null,
  "mteb_version": "1.13.1",
  "scores": {
    "test": [
      {
        "hf_subset": "default",
        "languages": [
          "eng-Latn"
        ],
        "main_score": 0.72698,
        "map_at_1": 0.60417,
        "map_at_10": 0.68724,
        "map_at_100": 0.69356,
        "map_at_1000": 0.69379,
        "map_at_20": 0.6911,
        "map_at_3": 0.66333,
        "map_at_5": 0.67728,
        "mrr_at_1": 0.63,
        "mrr_at_10": 0.6993822751322751,
        "mrr_at_100": 0.704225707192248,
        "mrr_at_1000": 0.7044319176815925,
        "mrr_at_20": 0.7020275554339022,
        "mrr_at_3": 0.6827777777777778,
        "mrr_at_5": 0.6916111111111111,
        "nauc_map_at_1000_diff1": 0.6985228720231692,
        "nauc_map_at_1000_max": 0.5367900727656636,
        "nauc_map_at_1000_std": -0.041279526259543335,
        "nauc_map_at_100_diff1": 0.6981949569438298,
        "nauc_map_at_100_max": 0.5369517318225999,
        "nauc_map_at_100_std": -0.04109170790113921,
        "nauc_map_at_10_diff1": 0.6983751917731329,
        "nauc_map_at_10_max": 0.5375974748090081,
        "nauc_map_at_10_std": -0.046652743431411216,
        "nauc_map_at_1_diff1": 0.7367593976966336,
        "nauc_map_at_1_max": 0.4605618912375743,
        "nauc_map_at_1_std": -0.12103244856211604,
        "nauc_map_at_20_diff1": 0.6957678432606801,
        "nauc_map_at_20_max": 0.5374216136539249,
        "nauc_map_at_20_std": -0.040292519383972845,
        "nauc_map_at_3_diff1": 0.6994896725469137,
        "nauc_map_at_3_max": 0.5078793808964145,
        "nauc_map_at_3_std": -0.07350458591777412,
        "nauc_map_at_5_diff1": 0.6975320234615174,
        "nauc_map_at_5_max": 0.52515637149304,
        "nauc_map_at_5_std": -0.06168957129466921,
        "nauc_mrr_at_1000_diff1": 0.7043388804178704,
        "nauc_mrr_at_1000_max": 0.559117271288497,
        "nauc_mrr_at_1000_std": -0.0019062722517372709,
        "nauc_mrr_at_100_diff1": 0.7039686173866866,
        "nauc_mrr_at_100_max": 0.5592378536456291,
        "nauc_mrr_at_100_std": -0.0017929477818839615,
        "nauc_mrr_at_10_diff1": 0.7028442155085953,
        "nauc_mrr_at_10_max": 0.5616931307289568,
        "nauc_mrr_at_10_std": -0.0006801071514817869,
        "nauc_mrr_at_1_diff1": 0.7411951508693857,
        "nauc_mrr_at_1_max": 0.5165128462265675,
        "nauc_mrr_at_1_std": -0.052659343873559424,
        "nauc_mrr_at_20_diff1": 0.7012610901624338,
        "nauc_mrr_at_20_max": 0.5594208269752986,
        "nauc_mrr_at_20_std": -0.0009608598032874304,
        "nauc_mrr_at_3_diff1": 0.7052614214164188,
        "nauc_mrr_at_3_max": 0.5550843031967182,
        "nauc_mrr_at_3_std": -0.008670934944072098,
        "nauc_mrr_at_5_diff1": 0.7022592269695438,
        "nauc_mrr_at_5_max": 0.5586142735825836,
        "nauc_mrr_at_5_std": -0.009049869696718517,
        "nauc_ndcg_at_1000_diff1": 0.6930546411077187,
        "nauc_ndcg_at_1000_max": 0.5592438084813152,
        "nauc_ndcg_at_1000_std": -0.006878928707699772,
        "nauc_ndcg_at_100_diff1": 0.6861475441175455,
        "nauc_ndcg_at_100_max": 0.5628292412015441,
        "nauc_ndcg_at_100_std": -0.004675360355579279,
        "nauc_ndcg_at_10_diff1": 0.6837510281648083,
        "nauc_ndcg_at_10_max": 0.575117970217606,
        "nauc_ndcg_at_10_std": -0.0057095323035385465,
        "nauc_ndcg_at_1_diff1": 0.7411951508693857,
        "nauc_ndcg_at_1_max": 0.5165128462265675,
        "nauc_ndcg_at_1_std": -0.052659343873559424,
        "nauc_ndcg_at_20_diff1": 0.6740691674523257,
        "nauc_ndcg_at_20_max": 0.5703174919339916,
        "nauc_ndcg_at_20_std": 0.00820628333367351,
        "nauc_ndcg_at_3_diff1": 0.685076459828264,
        "nauc_ndcg_at_3_max": 0.5412808585638285,
        "nauc_ndcg_at_3_std": -0.03967808860110657,
        "nauc_ndcg_at_5_diff1": 0.6818848486294387,
        "nauc_ndcg_at_5_max": 0.5541023001216344,
        "nauc_ndcg_at_5_std": -0.037421809495069396,
        "nauc_precision_at_1000_diff1": -0.25307911813254713,
        "nauc_precision_at_1000_max": 0.14644105401738933,
        "nauc_precision_at_1000_std": 0.5034851006101432,
        "nauc_precision_at_100_diff1": -0.1777732038646872,
        "nauc_precision_at_100_max": 0.22669927597646333,
        "nauc_precision_at_100_std": 0.46867205850303784,
        "nauc_precision_at_10_diff1": 0.14152151122938622,
        "nauc_precision_at_10_max": 0.4824099834684085,
        "nauc_precision_at_10_std": 0.3508326277166246,
        "nauc_precision_at_1_diff1": 0.7411951508693857,
        "nauc_precision_at_1_max": 0.5165128462265675,
        "nauc_precision_at_1_std": -0.052659343873559424,
        "nauc_precision_at_20_diff1": 0.007424308995047279,
        "nauc_precision_at_20_max": 0.38727232784789917,
        "nauc_precision_at_20_std": 0.4355827608244127,
        "nauc_precision_at_3_diff1": 0.40663065242783186,
        "nauc_precision_at_3_max": 0.4989884031369935,
        "nauc_precision_at_3_std": 0.1301414149841477,
        "nauc_precision_at_5_diff1": 0.25629851756910293,
        "nauc_precision_at_5_max": 0.4703199438949472,
        "nauc_precision_at_5_std": 0.20946530918236558,
        "nauc_recall_at_1000_diff1": 0.869281045751621,
        "nauc_recall_at_1000_max": 0.6136788048552888,
        "nauc_recall_at_1000_std": 0.7117180205415388,
        "nauc_recall_at_100_diff1": 0.4586124304794398,
        "nauc_recall_at_100_max": 0.7059838428124879,
        "nauc_recall_at_100_std": 0.18408232858360685,
        "nauc_recall_at_10_diff1": 0.6104623062033303,
        "nauc_recall_at_10_max": 0.7047818905436071,
        "nauc_recall_at_10_std": 0.1121741802628439,
        "nauc_recall_at_1_diff1": 0.7367593976966336,
        "nauc_recall_at_1_max": 0.4605618912375743,
        "nauc_recall_at_1_std": -0.12103244856211604,
        "nauc_recall_at_20_diff1": 0.5190364224485637,
        "nauc_recall_at_20_max": 0.7026575612749316,
        "nauc_recall_at_20_std": 0.21825565802941557,
        "nauc_recall_at_3_diff1": 0.6357127846615909,
        "nauc_recall_at_3_max": 0.5633307184560303,
        "nauc_recall_at_3_std": -0.03682408576101468,
        "nauc_recall_at_5_diff1": 0.6190252234811818,
        "nauc_recall_at_5_max": 0.6111294577615823,
        "nauc_recall_at_5_std": -0.021930194158173547,
        "ndcg_at_1": 0.63,
        "ndcg_at_10": 0.72698,
        "ndcg_at_100": 0.75453,
        "ndcg_at_1000": 0.75894,
        "ndcg_at_20": 0.73874,
        "ndcg_at_3": 0.68716,
        "ndcg_at_5": 0.70596,
        "precision_at_1": 0.63,
        "precision_at_10": 0.094,
        "precision_at_100": 0.0109,
        "precision_at_1000": 0.00112,
        "precision_at_20": 0.04983,
        "precision_at_3": 0.26444,
        "precision_at_5": 0.17267,
        "recall_at_1": 0.60417,
        "recall_at_10": 0.83639,
        "recall_at_100": 0.96167,
        "recall_at_1000": 0.99333,
        "recall_at_20": 0.87967,
        "recall_at_3": 0.72867,
        "recall_at_5": 0.775
      }
    ]
  },
  "task_name": "SciFact"
}