{
  "dataset_revision": "20a6d6f312dd54037fe07a32d58e5e168867909d",
  "evaluation_time": 64.76409125328064,
  "kg_co2_emissions": null,
  "mteb_version": "1.13.1",
  "scores": {
    "test": [
      {
        "cosine_pearson": 0.850941732195949,
        "cosine_spearman": 0.7946224141112999,
        "euclidean_pearson": 0.8212594948757983,
        "euclidean_spearman": 0.7888716752292192,
        "hf_subset": "default",
        "languages": [
          "eng-Latn"
        ],
        "main_score": 0.7946224141112999,
        "manhattan_pearson": 0.8206788060193666,
        "manhattan_spearman": 0.7885848769151244,
        "pearson": 0.850941732195949,
        "spearman": 0.7946224141112999
      }
    ]
  },
  "task_name": "SICK-R"
}