{
  "dataset_revision": "6031580fec1f6af667f0bd2da0a551cf4f0b2375",
  "evaluation_time": 47.37388730049133,
  "kg_co2_emissions": null,
  "mteb_version": "1.13.1",
  "scores": {
    "test": [
      {
        "cosine_pearson": 0.8375927420663897,
        "cosine_spearman": 0.8191469270263637,
        "euclidean_pearson": 0.8272336905775983,
        "euclidean_spearman": 0.8229534340552122,
        "hf_subset": "default",
        "languages": [
          "eng-Latn"
        ],
        "main_score": 0.8191469270263637,
        "manhattan_pearson": 0.8267694756588329,
        "manhattan_spearman": 0.822571750522037,
        "pearson": 0.8375927420663897,
        "spearman": 0.8191469270263637
      }
    ]
  },
  "task_name": "STS14"
}