{
  "dataset_revision": "7e90230a92c190f1bf69ae9002b8cea547a64cca",
  "evaluation_time": 24.253572940826416,
  "kg_co2_emissions": null,
  "mteb_version": "1.13.1",
  "scores": {
    "test": [
      {
        "cosine_pearson": 0.8426061253575693,
        "cosine_spearman": 0.8506262684038319,
        "euclidean_pearson": 0.8588451257052945,
        "euclidean_spearman": 0.868747876960421,
        "hf_subset": "default",
        "languages": [
          "eng-Latn"
        ],
        "main_score": 0.8506262684038319,
        "manhattan_pearson": 0.8580429401361634,
        "manhattan_spearman": 0.8681788331416499,
        "pearson": 0.8426061253575693,
        "spearman": 0.8506262684038319
      }
    ]
  },
  "task_name": "STS13"
}