{
  "dataset_revision": "faeb762787bd10488a50c8b5be4a3b82e411949c",
  "evaluation_time": 32.87659049034119,
  "kg_co2_emissions": null,
  "mteb_version": "1.13.1",
  "scores": {
    "test": [
      {
        "cosine_pearson": 0.8842056583745701,
        "cosine_spearman": 0.8806601864413629,
        "euclidean_pearson": 0.862725736250211,
        "euclidean_spearman": 0.8445980240023636,
        "hf_subset": "en-en",
        "languages": [
          "eng-Latn"
        ],
        "main_score": 0.8806601864413629,
        "manhattan_pearson": 0.863216583763729,
        "manhattan_spearman": 0.8448144392606182,
        "pearson": 0.8842056583745701,
        "spearman": 0.8806601864413629
      }
    ]
  },
  "task_name": "STS17"
}