{
  "dataset_revision": "de9d86b3b84231dc21f76c7b7af1f28e2f57f6e3",
  "evaluation_time": 44.418051958084106,
  "kg_co2_emissions": null,
  "mteb_version": "1.13.1",
  "scores": {
    "test": [
      {
        "cosine_pearson": 0.6392220517399718,
        "cosine_spearman": 0.6542666442888531,
        "euclidean_pearson": 0.6472283893506399,
        "euclidean_spearman": 0.6417721934508489,
        "hf_subset": "en",
        "languages": [
          "eng-Latn"
        ],
        "main_score": 0.6542666442888531,
        "manhattan_pearson": 0.6481038255025904,
        "manhattan_spearman": 0.6435211886860541,
        "pearson": 0.6392220517399718,
        "spearman": 0.6542666442888531
      }
    ]
  },
  "task_name": "STS22"
}