{
  "dataset_revision": "a34f9a33db75fa0cbb21bb5cfc3dae8dc8bec93f",
  "evaluation_time": 144.60039019584656,
  "kg_co2_emissions": null,
  "mteb_version": "1.13.1",
  "scores": {
    "test": [
      {
        "hf_subset": "default",
        "languages": [
          "eng-Latn"
        ],
        "main_score": 0.28091,
        "map_at_1": 0.03074,
        "map_at_10": 0.11328,
        "map_at_100": 0.17652,
        "map_at_1000": 0.19195,
        "map_at_20": 0.14115,
        "map_at_3": 0.06019,
        "map_at_5": 0.07815,
        "mrr_at_1": 0.3877551020408163,
        "mrr_at_10": 0.5249109167476514,
        "mrr_at_100": 0.533791865412345,
        "mrr_at_1000": 0.5339071657697761,
        "mrr_at_20": 0.531301351709515,
        "mrr_at_3": 0.5,
        "mrr_at_5": 0.5142857142857142,
        "nauc_map_at_1000_diff1": 0.023313627641663656,
        "nauc_map_at_1000_max": -0.05526267760558111,
        "nauc_map_at_1000_std": 0.05718200303794676,
        "nauc_map_at_100_diff1": 0.01837041598112723,
        "nauc_map_at_100_max": -0.0765549658457076,
        "nauc_map_at_100_std": 0.0225120550887307,
        "nauc_map_at_10_diff1": 0.10819718108957406,
        "nauc_map_at_10_max": -0.018821891862831966,
        "nauc_map_at_10_std": -0.12329502278579708,
        "nauc_map_at_1_diff1": 0.05551276853069363,
        "nauc_map_at_1_max": -0.104087195374894,
        "nauc_map_at_1_std": -0.15027470461653009,
        "nauc_map_at_20_diff1": 0.059032214281568525,
        "nauc_map_at_20_max": -0.057349976803895836,
        "nauc_map_at_20_std": -0.09784478343424141,
        "nauc_map_at_3_diff1": 0.14996998504962836,
        "nauc_map_at_3_max": 0.018888253236895778,
        "nauc_map_at_3_std": -0.17482807356424174,
        "nauc_map_at_5_diff1": 0.12650921992932382,
        "nauc_map_at_5_max": -0.021759936515965864,
        "nauc_map_at_5_std": -0.2068474138583168,
        "nauc_mrr_at_1000_diff1": -0.058205844856490684,
        "nauc_mrr_at_1000_max": -0.16214517422714333,
        "nauc_mrr_at_1000_std": 0.03858104951624397,
        "nauc_mrr_at_100_diff1": -0.058138202872698046,
        "nauc_mrr_at_100_max": -0.16229067008492573,
        "nauc_mrr_at_100_std": 0.03894142810892999,
        "nauc_mrr_at_10_diff1": -0.0562818413805366,
        "nauc_mrr_at_10_max": -0.1585096908146741,
        "nauc_mrr_at_10_std": 0.03728489916075924,
        "nauc_mrr_at_1_diff1": -0.052449949517537044,
        "nauc_mrr_at_1_max": -0.176359978061352,
        "nauc_mrr_at_1_std": 0.02203539941098536,
        "nauc_mrr_at_20_diff1": -0.05935627348172345,
        "nauc_mrr_at_20_max": -0.16245142032740686,
        "nauc_mrr_at_20_std": 0.045301721328351696,
        "nauc_mrr_at_3_diff1": -0.11237052931785171,
        "nauc_mrr_at_3_max": -0.16579472694304098,
        "nauc_mrr_at_3_std": 0.012382881043025713,
        "nauc_mrr_at_5_diff1": -0.07765395584779107,
        "nauc_mrr_at_5_max": -0.16150487953531942,
        "nauc_mrr_at_5_std": 0.024007473232974714,
        "nauc_ndcg_at_1000_diff1": -0.06287297575598784,
        "nauc_ndcg_at_1000_max": -0.04575528575763061,
        "nauc_ndcg_at_1000_std": 0.29462274947447037,
        "nauc_ndcg_at_100_diff1": -0.09486345983705662,
        "nauc_ndcg_at_100_max": -0.15241422499904672,
        "nauc_ndcg_at_100_std": 0.215163179444627,
        "nauc_ndcg_at_10_diff1": -0.045534879769848345,
        "nauc_ndcg_at_10_max": -0.14801600092603812,
        "nauc_ndcg_at_10_std": -0.030073881529566644,
        "nauc_ndcg_at_1_diff1": -0.16745284121960377,
        "nauc_ndcg_at_1_max": -0.23551871802699276,
        "nauc_ndcg_at_1_std": 0.06263289181696076,
        "nauc_ndcg_at_20_diff1": -0.05322037557680331,
        "nauc_ndcg_at_20_max": -0.1602868139616016,
        "nauc_ndcg_at_20_std": -0.015782188812782864,
        "nauc_ndcg_at_3_diff1": -0.0783078217469585,
        "nauc_ndcg_at_3_max": -0.10634551043513445,
        "nauc_ndcg_at_3_std": -0.025465913975430618,
        "nauc_ndcg_at_5_diff1": -0.07825008853133039,
        "nauc_ndcg_at_5_max": -0.16220916316247755,
        "nauc_ndcg_at_5_std": -0.0573260747165867,
        "nauc_precision_at_1000_diff1": -0.010408757726134097,
        "nauc_precision_at_1000_max": 0.27677260571100715,
        "nauc_precision_at_1000_std": 0.33875473547615836,
        "nauc_precision_at_100_diff1": -0.16849158468462797,
        "nauc_precision_at_100_max": -0.07045862930547374,
        "nauc_precision_at_100_std": 0.6386982661466798,
        "nauc_precision_at_10_diff1": 0.0006113945940609055,
        "nauc_precision_at_10_max": -0.13642653121194978,
        "nauc_precision_at_10_std": 0.03368801969820947,
        "nauc_precision_at_1_diff1": -0.052449949517537044,
        "nauc_precision_at_1_max": -0.176359978061352,
        "nauc_precision_at_1_std": 0.02203539941098536,
        "nauc_precision_at_20_diff1": -0.05537700756784273,
        "nauc_precision_at_20_max": -0.11844170221253018,
        "nauc_precision_at_20_std": 0.18947732116593005,
        "nauc_precision_at_3_diff1": 0.06252227157056062,
        "nauc_precision_at_3_max": -0.00434464768858705,
        "nauc_precision_at_3_std": -0.09009177603057249,
        "nauc_precision_at_5_diff1": 0.04219338532849922,
        "nauc_precision_at_5_max": -0.09241059850590373,
        "nauc_precision_at_5_std": -0.12086954051975947,
        "nauc_recall_at_1000_diff1": 0.0777965187506987,
        "nauc_recall_at_1000_max": 0.18421366175682544,
        "nauc_recall_at_1000_std": 0.6980441763580475,
        "nauc_recall_at_100_diff1": -0.09174990684110078,
        "nauc_recall_at_100_max": -0.14006176469885606,
        "nauc_recall_at_100_std": 0.34778549779987644,
        "nauc_recall_at_10_diff1": 0.08900121632079586,
        "nauc_recall_at_10_max": -0.07454885993533969,
        "nauc_recall_at_10_std": -0.09205436083273669,
        "nauc_recall_at_1_diff1": 0.05551276853069363,
        "nauc_recall_at_1_max": -0.104087195374894,
        "nauc_recall_at_1_std": -0.15027470461653009,
        "nauc_recall_at_20_diff1": -0.0015596382940592105,
        "nauc_recall_at_20_max": -0.11973873755048291,
        "nauc_recall_at_20_std": -0.02841460069527786,
        "nauc_recall_at_3_diff1": 0.13655148132470588,
        "nauc_recall_at_3_max": 0.015447887531792848,
        "nauc_recall_at_3_std": -0.18036209842292594,
        "nauc_recall_at_5_diff1": 0.09266961082698598,
        "nauc_recall_at_5_max": -0.0746165095953323,
        "nauc_recall_at_5_std": -0.22742728770692303,
        "ndcg_at_1": 0.35714,
        "ndcg_at_10": 0.28091,
        "ndcg_at_100": 0.39076,
        "ndcg_at_1000": 0.50449,
        "ndcg_at_20": 0.29099,
        "ndcg_at_3": 0.31985,
        "ndcg_at_5": 0.28591,
        "precision_at_1": 0.38776,
        "precision_at_10": 0.24694,
        "precision_at_100": 0.07878,
        "precision_at_1000": 0.01545,
        "precision_at_20": 0.19286,
        "precision_at_3": 0.32653,
        "precision_at_5": 0.27347,
        "recall_at_1": 0.03074,
        "recall_at_10": 0.17593,
        "recall_at_100": 0.48694,
        "recall_at_1000": 0.836,
        "recall_at_20": 0.26299,
        "recall_at_3": 0.06969,
        "recall_at_5": 0.10439
      }
    ]
  },
  "task_name": "Touche2020"
}