{
  "dataset_revision": "bb9466bac8153a0349341eb1b22e06409e78ef4e",
  "evaluation_time": 71.16619300842285,
  "kg_co2_emissions": null,
  "mteb_version": "1.13.1",
  "scores": {
    "test": [
      {
        "hf_subset": "default",
        "languages": [
          "eng-Latn"
        ],
        "main_score": 0.82308,
        "map_at_1": 0.00228,
        "map_at_10": 0.02179,
        "map_at_100": 0.13049,
        "map_at_1000": 0.31409,
        "map_at_20": 0.03892,
        "map_at_3": 0.00717,
        "map_at_5": 0.01159,
        "mrr_at_1": 0.88,
        "mrr_at_10": 0.9366666666666668,
        "mrr_at_100": 0.9366666666666668,
        "mrr_at_1000": 0.9366666666666668,
        "mrr_at_20": 0.9366666666666668,
        "mrr_at_3": 0.9366666666666668,
        "mrr_at_5": 0.9366666666666668,
        "nauc_map_at_1000_diff1": -0.2542334771034999,
        "nauc_map_at_1000_max": 0.5214885566195451,
        "nauc_map_at_1000_std": 0.783140463640501,
        "nauc_map_at_100_diff1": -0.10348853529352663,
        "nauc_map_at_100_max": 0.3648849402655455,
        "nauc_map_at_100_std": 0.5808179207507995,
        "nauc_map_at_10_diff1": 0.1871685423311114,
        "nauc_map_at_10_max": 0.10278632526665593,
        "nauc_map_at_10_std": 0.13387762980532086,
        "nauc_map_at_1_diff1": 0.35444271090838314,
        "nauc_map_at_1_max": 0.10380850017037939,
        "nauc_map_at_1_std": 0.10978276281056246,
        "nauc_map_at_20_diff1": 0.08864036453724636,
        "nauc_map_at_20_max": 0.16610514709008267,
        "nauc_map_at_20_std": 0.23225118140446313,
        "nauc_map_at_3_diff1": 0.3732066754508238,
        "nauc_map_at_3_max": 0.06829246817688397,
        "nauc_map_at_3_std": 0.048685905095105154,
        "nauc_map_at_5_diff1": 0.2943412881982698,
        "nauc_map_at_5_max": 0.09989350114572274,
        "nauc_map_at_5_std": 0.07367071567421371,
        "nauc_mrr_at_1000_diff1": 0.27552812484319433,
        "nauc_mrr_at_1000_max": 0.2714636961212312,
        "nauc_mrr_at_1000_std": 0.44789000953384683,
        "nauc_mrr_at_100_diff1": 0.27552812484319433,
        "nauc_mrr_at_100_max": 0.2714636961212312,
        "nauc_mrr_at_100_std": 0.44789000953384683,
        "nauc_mrr_at_10_diff1": 0.27552812484319433,
        "nauc_mrr_at_10_max": 0.2714636961212312,
        "nauc_mrr_at_10_std": 0.44789000953384683,
        "nauc_mrr_at_1_diff1": 0.2501590836780147,
        "nauc_mrr_at_1_max": 0.3522908049634098,
        "nauc_mrr_at_1_std": 0.5387368755965642,
        "nauc_mrr_at_20_diff1": 0.27552812484319433,
        "nauc_mrr_at_20_max": 0.2714636961212312,
        "nauc_mrr_at_20_std": 0.44789000953384683,
        "nauc_mrr_at_3_diff1": 0.27552812484319433,
        "nauc_mrr_at_3_max": 0.2714636961212312,
        "nauc_mrr_at_3_std": 0.44789000953384683,
        "nauc_mrr_at_5_diff1": 0.27552812484319433,
        "nauc_mrr_at_5_max": 0.2714636961212312,
        "nauc_mrr_at_5_std": 0.44789000953384683,
        "nauc_ndcg_at_1000_diff1": -0.17330420491041906,
        "nauc_ndcg_at_1000_max": 0.510438045361558,
        "nauc_ndcg_at_1000_std": 0.7598904789765974,
        "nauc_ndcg_at_100_diff1": -0.23708948499234223,
        "nauc_ndcg_at_100_max": 0.5048273853018377,
        "nauc_ndcg_at_100_std": 0.7923267034227915,
        "nauc_ndcg_at_10_diff1": -0.1681484789308537,
        "nauc_ndcg_at_10_max": 0.39082090327473656,
        "nauc_ndcg_at_10_std": 0.6314894682648378,
        "nauc_ndcg_at_1_diff1": 0.30074108790532783,
        "nauc_ndcg_at_1_max": 0.27376314479041625,
        "nauc_ndcg_at_1_std": 0.3759336828846782,
        "nauc_ndcg_at_20_diff1": -0.26975122335720936,
        "nauc_ndcg_at_20_max": 0.45770108204326976,
        "nauc_ndcg_at_20_std": 0.7078785284248,
        "nauc_ndcg_at_3_diff1": 0.15182292607336473,
        "nauc_ndcg_at_3_max": 0.26099760089200164,
        "nauc_ndcg_at_3_std": 0.41146813475984567,
        "nauc_ndcg_at_5_diff1": -0.009759473940168047,
        "nauc_ndcg_at_5_max": 0.3791800399635985,
        "nauc_ndcg_at_5_std": 0.5242060569263877,
        "nauc_precision_at_1000_diff1": -0.3061578417972854,
        "nauc_precision_at_1000_max": 0.3543986268741799,
        "nauc_precision_at_1000_std": 0.4176568477370385,
        "nauc_precision_at_100_diff1": -0.30005008629152463,
        "nauc_precision_at_100_max": 0.47308706142296547,
        "nauc_precision_at_100_std": 0.7583264882068242,
        "nauc_precision_at_10_diff1": -0.3556601654625101,
        "nauc_precision_at_10_max": 0.4525324748249916,
        "nauc_precision_at_10_std": 0.6655841725002809,
        "nauc_precision_at_1_diff1": 0.2501590836780147,
        "nauc_precision_at_1_max": 0.3522908049634098,
        "nauc_precision_at_1_std": 0.5387368755965642,
        "nauc_precision_at_20_diff1": -0.3890360797836153,
        "nauc_precision_at_20_max": 0.5065247307065704,
        "nauc_precision_at_20_std": 0.7157155059236646,
        "nauc_precision_at_3_diff1": 0.25980295566502387,
        "nauc_precision_at_3_max": 0.29842364532019494,
        "nauc_precision_at_3_std": 0.4178325123152688,
        "nauc_precision_at_5_diff1": -0.12043526374031867,
        "nauc_precision_at_5_max": 0.47404094430099547,
        "nauc_precision_at_5_std": 0.5567594983400939,
        "nauc_recall_at_1000_diff1": -0.1222880665308505,
        "nauc_recall_at_1000_max": 0.44105828638491196,
        "nauc_recall_at_1000_std": 0.639342580047757,
        "nauc_recall_at_100_diff1": 0.0008814081510400802,
        "nauc_recall_at_100_max": 0.25711571368145736,
        "nauc_recall_at_100_std": 0.4494138492792201,
        "nauc_recall_at_10_diff1": 0.20360875412876261,
        "nauc_recall_at_10_max": 0.06413661251704865,
        "nauc_recall_at_10_std": 0.07515325229460527,
        "nauc_recall_at_1_diff1": 0.35444271090838314,
        "nauc_recall_at_1_max": 0.10380850017037939,
        "nauc_recall_at_1_std": 0.10978276281056246,
        "nauc_recall_at_20_diff1": 0.14256535720928853,
        "nauc_recall_at_20_max": 0.12298473316217878,
        "nauc_recall_at_20_std": 0.15329370734251874,
        "nauc_recall_at_3_diff1": 0.36353253816232967,
        "nauc_recall_at_3_max": 0.03136117938035674,
        "nauc_recall_at_3_std": -0.006208308240194649,
        "nauc_recall_at_5_diff1": 0.2798181002859983,
        "nauc_recall_at_5_max": 0.06627234954224373,
        "nauc_recall_at_5_std": 0.025895868536272067,
        "ndcg_at_1": 0.83,
        "ndcg_at_10": 0.82308,
        "ndcg_at_100": 0.64027,
        "ndcg_at_1000": 0.5656,
        "ndcg_at_20": 0.78264,
        "ndcg_at_3": 0.86369,
        "ndcg_at_5": 0.84982,
        "precision_at_1": 0.88,
        "precision_at_10": 0.874,
        "precision_at_100": 0.6596,
        "precision_at_1000": 0.24874,
        "precision_at_20": 0.826,
        "precision_at_3": 0.93333,
        "precision_at_5": 0.908,
        "recall_at_1": 0.00228,
        "recall_at_10": 0.02325,
        "recall_at_100": 0.15876,
        "recall_at_1000": 0.53228,
        "recall_at_20": 0.04266,
        "recall_at_3": 0.00749,
        "recall_at_5": 0.01217
      }
    ]
  },
  "task_name": "TRECCOVID"
}