{
  "dataset_revision": "27a168819829fe9bcd655c2df245fb19452e8e06",
  "dev": {
    "evaluation_time": 27.68,
    "map_at_1": 0.25482,
    "map_at_10": 0.38582,
    "map_at_100": 0.40453,
    "map_at_1000": 0.4059,
    "map_at_20": 0.39618,
    "map_at_3": 0.34026,
    "map_at_5": 0.36718,
    "mrr_at_1": 0.464,
    "mrr_at_10": 0.54903,
    "mrr_at_100": 0.55589,
    "mrr_at_1000": 0.55619,
    "mrr_at_20": 0.55323,
    "mrr_at_3": 0.52833,
    "mrr_at_5": 0.54193,
    "ndcg_at_1": 0.458,
    "ndcg_at_10": 0.46565,
    "ndcg_at_100": 0.52765,
    "ndcg_at_1000": 0.55174,
    "ndcg_at_20": 0.48983,
    "ndcg_at_3": 0.42971,
    "ndcg_at_5": 0.44307,
    "precision_at_1": 0.458,
    "precision_at_10": 0.1204,
    "precision_at_100": 0.01858,
    "precision_at_1000": 0.00227,
    "precision_at_20": 0.0708,
    "precision_at_3": 0.27133,
    "precision_at_5": 0.1996,
    "recall_at_1": 0.25482,
    "recall_at_10": 0.53332,
    "recall_at_100": 0.76399,
    "recall_at_1000": 0.91586,
    "recall_at_20": 0.60812,
    "recall_at_3": 0.3889,
    "recall_at_5": 0.46053
  },
  "mteb_dataset_name": "FiQA2018",
  "mteb_version": "1.10.13",
  "test": {
    "evaluation_time": 27.98,
    "map_at_1": 0.21833,
    "map_at_10": 0.35755,
    "map_at_100": 0.37609,
    "map_at_1000": 0.37771,
    "map_at_20": 0.36777,
    "map_at_3": 0.30918,
    "map_at_5": 0.33715,
    "mrr_at_1": 0.4321,
    "mrr_at_10": 0.52117,
    "mrr_at_100": 0.52956,
    "mrr_at_1000": 0.52989,
    "mrr_at_20": 0.5268,
    "mrr_at_3": 0.4982,
    "mrr_at_5": 0.51294,
    "ndcg_at_1": 0.43519,
    "ndcg_at_10": 0.43809,
    "ndcg_at_100": 0.50545,
    "ndcg_at_1000": 0.53224,
    "ndcg_at_20": 0.46443,
    "ndcg_at_3": 0.39924,
    "ndcg_at_5": 0.41378,
    "precision_at_1": 0.43519,
    "precision_at_10": 0.12299,
    "precision_at_100": 0.01917,
    "precision_at_1000": 0.0024,
    "precision_at_20": 0.07238,
    "precision_at_3": 0.26698,
    "precision_at_5": 0.20031,
    "recall_at_1": 0.21833,
    "recall_at_10": 0.50485,
    "recall_at_100": 0.75804,
    "recall_at_1000": 0.91831,
    "recall_at_20": 0.58717,
    "recall_at_3": 0.35931,
    "recall_at_5": 0.42642
  },
  "train": {
    "evaluation_time": 38.08,
    "map_at_1": 0.22661,
    "map_at_10": 0.36252,
    "map_at_100": 0.38076,
    "map_at_1000": 0.3824,
    "map_at_20": 0.37279,
    "map_at_3": 0.31773,
    "map_at_5": 0.34316,
    "mrr_at_1": 0.42709,
    "mrr_at_10": 0.51294,
    "mrr_at_100": 0.5207,
    "mrr_at_1000": 0.52109,
    "mrr_at_20": 0.51768,
    "mrr_at_3": 0.48879,
    "mrr_at_5": 0.50253,
    "ndcg_at_1": 0.42655,
    "ndcg_at_10": 0.44046,
    "ndcg_at_100": 0.50407,
    "ndcg_at_1000": 0.53123,
    "ndcg_at_20": 0.46565,
    "ndcg_at_3": 0.40018,
    "ndcg_at_5": 0.4143,
    "precision_at_1": 0.42655,
    "precision_at_10": 0.11873,
    "precision_at_100": 0.01848,
    "precision_at_1000": 0.00232,
    "precision_at_20": 0.07017,
    "precision_at_3": 0.26158,
    "precision_at_5": 0.19305,
    "recall_at_1": 0.22661,
    "recall_at_10": 0.512,
    "recall_at_100": 0.74952,
    "recall_at_1000": 0.91378,
    "recall_at_20": 0.59177,
    "recall_at_3": 0.36589,
    "recall_at_5": 0.43003
  }
}