{
  "dataset_revision": "ec0fa4fe99da2ff19ca1214b7966684033a58814",
  "mteb_dataset_name": "NFCorpus",
  "mteb_version": "1.10.13",
  "test": {
    "evaluation_time": 3.87,
    "map_at_1": 0.05388,
    "map_at_10": 0.12198,
    "map_at_100": 0.15018,
    "map_at_1000": 0.1635,
    "map_at_20": 0.13283,
    "map_at_3": 0.091,
    "map_at_5": 0.10598,
    "mrr_at_1": 0.4613,
    "mrr_at_10": 0.53482,
    "mrr_at_100": 0.54154,
    "mrr_at_1000": 0.54209,
    "mrr_at_20": 0.53883,
    "mrr_at_3": 0.52167,
    "mrr_at_5": 0.52848,
    "ndcg_at_1": 0.44118,
    "ndcg_at_10": 0.33357,
    "ndcg_at_100": 0.29785,
    "ndcg_at_1000": 0.38747,
    "ndcg_at_20": 0.30382,
    "ndcg_at_3": 0.39666,
    "ndcg_at_5": 0.37556,
    "precision_at_1": 0.4582,
    "precision_at_10": 0.2452,
    "precision_at_100": 0.07517,
    "precision_at_1000": 0.02047,
    "precision_at_20": 0.17508,
    "precision_at_3": 0.37255,
    "precision_at_5": 0.32693,
    "recall_at_1": 0.05388,
    "recall_at_10": 0.15523,
    "recall_at_100": 0.29391,
    "recall_at_1000": 0.61964,
    "recall_at_20": 0.18129,
    "recall_at_3": 0.10002,
    "recall_at_5": 0.12533
  }
}