{
  "dataset_revision": "0228b52cf27578f30900b9e5271d331663a030d7",
  "mteb_dataset_name": "SciFact",
  "mteb_version": "1.10.13",
  "test": {
    "evaluation_time": 4.77,
    "map_at_1": 0.54483,
    "map_at_10": 0.63557,
    "map_at_100": 0.64131,
    "map_at_1000": 0.64157,
    "map_at_20": 0.63926,
    "map_at_3": 0.60797,
    "map_at_5": 0.62337,
    "mrr_at_1": 0.57333,
    "mrr_at_10": 0.64884,
    "mrr_at_100": 0.6537,
    "mrr_at_1000": 0.65393,
    "mrr_at_20": 0.6517,
    "mrr_at_3": 0.63056,
    "mrr_at_5": 0.64106,
    "ndcg_at_1": 0.57,
    "ndcg_at_10": 0.67939,
    "ndcg_at_100": 0.70726,
    "ndcg_at_1000": 0.71401,
    "ndcg_at_20": 0.69188,
    "ndcg_at_3": 0.63204,
    "ndcg_at_5": 0.65443,
    "precision_at_1": 0.57,
    "precision_at_10": 0.091,
    "precision_at_100": 0.0106,
    "precision_at_1000": 0.00112,
    "precision_at_20": 0.04833,
    "precision_at_3": 0.24556,
    "precision_at_5": 0.16267,
    "recall_at_1": 0.54483,
    "recall_at_10": 0.80189,
    "recall_at_100": 0.93433,
    "recall_at_1000": 0.98667,
    "recall_at_20": 0.84967,
    "recall_at_3": 0.67478,
    "recall_at_5": 0.729
  },
  "train": {
    "evaluation_time": 5.5,
    "map_at_1": 0.58451,
    "map_at_10": 0.67567,
    "map_at_100": 0.68093,
    "map_at_1000": 0.68118,
    "map_at_20": 0.67896,
    "map_at_3": 0.65233,
    "map_at_5": 0.66557,
    "mrr_at_1": 0.61063,
    "mrr_at_10": 0.68687,
    "mrr_at_100": 0.6911,
    "mrr_at_1000": 0.69129,
    "mrr_at_20": 0.68949,
    "mrr_at_3": 0.67244,
    "mrr_at_5": 0.68066,
    "ndcg_at_1": 0.61063,
    "ndcg_at_10": 0.71522,
    "ndcg_at_100": 0.73955,
    "ndcg_at_1000": 0.74666,
    "ndcg_at_20": 0.72598,
    "ndcg_at_3": 0.67655,
    "ndcg_at_5": 0.69499,
    "precision_at_1": 0.61063,
    "precision_at_10": 0.09357,
    "precision_at_100": 0.01064,
    "precision_at_1000": 0.00113,
    "precision_at_20": 0.04926,
    "precision_at_3": 0.26288,
    "precision_at_5": 0.17058,
    "recall_at_1": 0.58451,
    "recall_at_10": 0.82178,
    "recall_at_100": 0.9349,
    "recall_at_1000": 0.99135,
    "recall_at_20": 0.86275,
    "recall_at_3": 0.72114,
    "recall_at_5": 0.7644
  }
}