{
  "dataset_revision": "47f2ac6acb640fc46020b02a5b59fdda04d39380",
  "mteb_dataset_name": "ClimateFEVER",
  "mteb_version": "1.5.5",
  "test": {
    "evaluation_time": 517.59,
    "map_at_1": 0.08131,
    "map_at_10": 0.14193,
    "map_at_100": 0.157,
    "map_at_1000": 0.15877,
    "map_at_3": 0.11677,
    "map_at_5": 0.1298,
    "mrr_at_1": 0.18371,
    "mrr_at_10": 0.28143,
    "mrr_at_100": 0.29236,
    "mrr_at_1000": 0.2929,
    "mrr_at_3": 0.24984,
    "mrr_at_5": 0.26756,
    "ndcg_at_1": 0.18371,
    "ndcg_at_10": 0.20865,
    "ndcg_at_100": 0.27494,
    "ndcg_at_1000": 0.3098,
    "ndcg_at_3": 0.16353,
    "ndcg_at_5": 0.18049,
    "precision_at_1": 0.18371,
    "precision_at_10": 0.06651,
    "precision_at_100": 0.01372,
    "precision_at_1000": 0.00201,
    "precision_at_3": 0.1203,
    "precision_at_5": 0.09655,
    "recall_at_1": 0.08131,
    "recall_at_10": 0.26251,
    "recall_at_100": 0.4949,
    "recall_at_1000": 0.69422,
    "recall_at_3": 0.15463,
    "recall_at_5": 0.19863
  }
}