{
  "dataset_revision": "90fceea13679c63fe563ded68f3b6f06e50061de",
  "mteb_dataset_name": "CQADupstackMathematicaRetrieval",
  "mteb_version": "1.5.5",
  "test": {
    "evaluation_time": 17.13,
    "map_at_1": 0.14473,
    "map_at_10": 0.21243,
    "map_at_100": 0.22221,
    "map_at_1000": 0.22343,
    "map_at_3": 0.18911,
    "map_at_5": 0.20251,
    "mrr_at_1": 0.18657,
    "mrr_at_10": 0.25888,
    "mrr_at_100": 0.26732,
    "mrr_at_1000": 0.2681,
    "mrr_at_3": 0.23445,
    "mrr_at_5": 0.24757,
    "ndcg_at_1": 0.18657,
    "ndcg_at_10": 0.25964,
    "ndcg_at_100": 0.30932,
    "ndcg_at_1000": 0.33943,
    "ndcg_at_3": 0.2161,
    "ndcg_at_5": 0.23664,
    "precision_at_1": 0.18657,
    "precision_at_10": 0.04925,
    "precision_at_100": 0.00852,
    "precision_at_1000": 0.00125,
    "precision_at_3": 0.10406,
    "precision_at_5": 0.07736,
    "recall_at_1": 0.14473,
    "recall_at_10": 0.36164,
    "recall_at_100": 0.58376,
    "recall_at_1000": 0.79912,
    "recall_at_3": 0.24001,
    "recall_at_5": 0.29359
  }
}