{
  "dataset_revision": "5003b3064772da1887988e05400cf3806fe491f2",
  "mteb_dataset_name": "CQADupstackGisRetrieval",
  "mteb_version": "1.5.5",
  "test": {
    "evaluation_time": 20.53,
    "map_at_1": 0.23186,
    "map_at_10": 0.30235,
    "map_at_100": 0.31224,
    "map_at_1000": 0.31308,
    "map_at_3": 0.28021,
    "map_at_5": 0.29225,
    "mrr_at_1": 0.25198,
    "mrr_at_10": 0.32213,
    "mrr_at_100": 0.33118,
    "mrr_at_1000": 0.33183,
    "mrr_at_3": 0.30019,
    "mrr_at_5": 0.31318,
    "ndcg_at_1": 0.25198,
    "ndcg_at_10": 0.34438,
    "ndcg_at_100": 0.39488,
    "ndcg_at_1000": 0.4173,
    "ndcg_at_3": 0.3005,
    "ndcg_at_5": 0.32173,
    "precision_at_1": 0.25198,
    "precision_at_10": 0.0522,
    "precision_at_100": 0.00817,
    "precision_at_1000": 0.00104,
    "precision_at_3": 0.1258,
    "precision_at_5": 0.08791,
    "recall_at_1": 0.23186,
    "recall_at_10": 0.45468,
    "recall_at_100": 0.6916,
    "recall_at_1000": 0.86303,
    "recall_at_3": 0.3368,
    "recall_at_5": 0.38816
  }
}