{
  "dataset_revision": "f46a197baaae43b4f621051089b82a364682dfeb",
  "mteb_dataset_name": "CQADupstackAndroidRetrieval",
  "mteb_version": "1.5.5",
  "test": {
    "evaluation_time": 12.46,
    "map_at_1": 0.31145,
    "map_at_10": 0.4094,
    "map_at_100": 0.4226,
    "map_at_1000": 0.42379,
    "map_at_3": 0.37793,
    "map_at_5": 0.39451,
    "mrr_at_1": 0.38484,
    "mrr_at_10": 0.47034,
    "mrr_at_100": 0.4781,
    "mrr_at_1000": 0.47858,
    "mrr_at_3": 0.44754,
    "mrr_at_5": 0.46106,
    "ndcg_at_1": 0.38627,
    "ndcg_at_10": 0.46731,
    "ndcg_at_100": 0.51736,
    "ndcg_at_1000": 0.53809,
    "ndcg_at_3": 0.42439,
    "ndcg_at_5": 0.44195,
    "precision_at_1": 0.38627,
    "precision_at_10": 0.08712,
    "precision_at_100": 0.01376,
    "precision_at_1000": 0.00184,
    "precision_at_3": 0.20124,
    "precision_at_5": 0.14163,
    "recall_at_1": 0.31145,
    "recall_at_10": 0.57205,
    "recall_at_100": 0.78631,
    "recall_at_1000": 0.9196,
    "recall_at_3": 0.43876,
    "recall_at_5": 0.49488
  }
}