{
  "dataset_revision": "4ffe81d471b1924886b33c7567bfb200e9eec5c4",
  "mteb_dataset_name": "CQADupstackWordpressRetrieval",
  "mteb_version": "1.5.5",
  "test": {
    "evaluation_time": 23.75,
    "map_at_1": 0.19045,
    "map_at_10": 0.25616,
    "map_at_100": 0.26572,
    "map_at_1000": 0.26683,
    "map_at_3": 0.23908,
    "map_at_5": 0.24834,
    "mrr_at_1": 0.20702,
    "mrr_at_10": 0.27698,
    "mrr_at_100": 0.2854,
    "mrr_at_1000": 0.28628,
    "mrr_at_3": 0.2597,
    "mrr_at_5": 0.26978,
    "ndcg_at_1": 0.20702,
    "ndcg_at_10": 0.29457,
    "ndcg_at_100": 0.34316,
    "ndcg_at_1000": 0.37128,
    "ndcg_at_3": 0.26031,
    "ndcg_at_5": 0.27651,
    "precision_at_1": 0.20702,
    "precision_at_10": 0.04529,
    "precision_at_100": 0.00747,
    "precision_at_1000": 0.0011,
    "precision_at_3": 0.11275,
    "precision_at_5": 0.07763,
    "recall_at_1": 0.19045,
    "recall_at_10": 0.39171,
    "recall_at_100": 0.61934,
    "recall_at_1000": 0.82826,
    "recall_at_3": 0.29932,
    "recall_at_5": 0.33774
  }
}