{
  "dataset_revision": "79531abbd1fb92d06c6d6315a0cbbbf5bb247ea4",
  "mteb_dataset_name": "CQADupstackPhysicsRetrieval",
  "mteb_version": "1.5.5",
  "test": {
    "evaluation_time": 17.71,
    "map_at_1": 0.2859,
    "map_at_10": 0.37763,
    "map_at_100": 0.39032,
    "map_at_1000": 0.39142,
    "map_at_3": 0.34945,
    "map_at_5": 0.36599,
    "mrr_at_1": 0.34745,
    "mrr_at_10": 0.43372,
    "mrr_at_100": 0.44185,
    "mrr_at_1000": 0.44234,
    "mrr_at_3": 0.40857,
    "mrr_at_5": 0.42271,
    "ndcg_at_1": 0.34745,
    "ndcg_at_10": 0.43214,
    "ndcg_at_100": 0.48583,
    "ndcg_at_1000": 0.50656,
    "ndcg_at_3": 0.38598,
    "ndcg_at_5": 0.40869,
    "precision_at_1": 0.34745,
    "precision_at_10": 0.07613,
    "precision_at_100": 0.01192,
    "precision_at_1000": 0.00155,
    "precision_at_3": 0.1787,
    "precision_at_5": 0.12705,
    "recall_at_1": 0.2859,
    "recall_at_10": 0.53995,
    "recall_at_100": 0.76696,
    "recall_at_1000": 0.90292,
    "recall_at_3": 0.41045,
    "recall_at_5": 0.46933
  }
}