{
  "dataset_revision": "6c6430d3a6d36f8d2a829195bc5dc94d7e063e53",
  "mteb_dataset_name": "CQADupstackUnixRetrieval",
  "mteb_version": "1.5.5",
  "test": {
    "evaluation_time": 24.2,
    "map_at_1": 0.24466,
    "map_at_10": 0.31262,
    "map_at_100": 0.32254,
    "map_at_1000": 0.3237,
    "map_at_3": 0.29029,
    "map_at_5": 0.30397,
    "mrr_at_1": 0.28731,
    "mrr_at_10": 0.35456,
    "mrr_at_100": 0.36248,
    "mrr_at_1000": 0.36326,
    "mrr_at_3": 0.33287,
    "mrr_at_5": 0.34607,
    "ndcg_at_1": 0.28731,
    "ndcg_at_10": 0.35697,
    "ndcg_at_100": 0.40453,
    "ndcg_at_1000": 0.43186,
    "ndcg_at_3": 0.31649,
    "ndcg_at_5": 0.33761,
    "precision_at_1": 0.28731,
    "precision_at_10": 0.05793,
    "precision_at_100": 0.00916,
    "precision_at_1000": 0.00126,
    "precision_at_3": 0.13961,
    "precision_at_5": 0.09888,
    "recall_at_1": 0.24466,
    "recall_at_10": 0.4508,
    "recall_at_100": 0.66112,
    "recall_at_1000": 0.85364,
    "recall_at_3": 0.34043,
    "recall_at_5": 0.39379
  }
}