{
  "dataset_revision": "46989137a86843e03a6195de44b09deda022eec7",
  "mteb_dataset_name": "CQADupstackTexRetrieval",
  "mteb_version": "1.5.5",
  "test": {
    "evaluation_time": 35.36,
    "map_at_1": 0.1677,
    "map_at_10": 0.22437,
    "map_at_100": 0.23293,
    "map_at_1000": 0.23411,
    "map_at_3": 0.20773,
    "map_at_5": 0.21618,
    "mrr_at_1": 0.20062,
    "mrr_at_10": 0.26062,
    "mrr_at_100": 0.26852,
    "mrr_at_1000": 0.2693,
    "mrr_at_3": 0.24432,
    "mrr_at_5": 0.25249,
    "ndcg_at_1": 0.20028,
    "ndcg_at_10": 0.262,
    "ndcg_at_100": 0.30634,
    "ndcg_at_1000": 0.33593,
    "ndcg_at_3": 0.23153,
    "ndcg_at_5": 0.24377,
    "precision_at_1": 0.20028,
    "precision_at_10": 0.04546,
    "precision_at_100": 0.00793,
    "precision_at_1000": 0.00121,
    "precision_at_3": 0.10656,
    "precision_at_5": 0.07398,
    "recall_at_1": 0.1677,
    "recall_at_10": 0.34,
    "recall_at_100": 0.54377,
    "recall_at_1000": 0.75789,
    "recall_at_3": 0.25206,
    "recall_at_5": 0.28504
  }
}