{
  "dataset_revision": "65ac3a16b8e91f9cee4c9828cc7c335575432a2a",
  "mteb_dataset_name": "CQADupstackStatsRetrieval",
  "mteb_version": "1.5.5",
  "test": {
    "evaluation_time": 20.05,
    "map_at_1": 0.2416,
    "map_at_10": 0.30753,
    "map_at_100": 0.31587,
    "map_at_1000": 0.31678,
    "map_at_3": 0.28998,
    "map_at_5": 0.29886,
    "mrr_at_1": 0.26994,
    "mrr_at_10": 0.33223,
    "mrr_at_100": 0.33967,
    "mrr_at_1000": 0.34038,
    "mrr_at_3": 0.31442,
    "mrr_at_5": 0.32293,
    "ndcg_at_1": 0.26994,
    "ndcg_at_10": 0.3461,
    "ndcg_at_100": 0.38703,
    "ndcg_at_1000": 0.4113,
    "ndcg_at_3": 0.31163,
    "ndcg_at_5": 0.32497,
    "precision_at_1": 0.26994,
    "precision_at_10": 0.05261,
    "precision_at_100": 0.00793,
    "precision_at_1000": 0.00108,
    "precision_at_3": 0.1319,
    "precision_at_5": 0.08834,
    "recall_at_1": 0.2416,
    "recall_at_10": 0.44146,
    "recall_at_100": 0.62531,
    "recall_at_1000": 0.80492,
    "recall_at_3": 0.34319,
    "recall_at_5": 0.37689
  }
}