{
  "dataset_revision": "c0f706b76e590d620bd6618b3ca8efdd34e2d659",
  "dev": {
    "evaluation_time": 399.77,
    "map_at_1": 0.09366,
    "map_at_10": 0.19835,
    "map_at_100": 0.28566,
    "map_at_1000": 0.29988,
    "map_at_3": 0.13713,
    "map_at_5": 0.16692,
    "mrr_at_1": 0.64179,
    "mrr_at_10": 0.72189,
    "mrr_at_100": 0.72728,
    "mrr_at_1000": 0.72731,
    "mrr_at_3": 0.70149,
    "mrr_at_5": 0.7194,
    "ndcg_at_1": 0.52985,
    "ndcg_at_10": 0.40532,
    "ndcg_at_100": 0.48013,
    "ndcg_at_1000": 0.54438,
    "ndcg_at_3": 0.44395,
    "ndcg_at_5": 0.4423,
    "precision_at_1": 0.64179,
    "precision_at_10": 0.30896,
    "precision_at_100": 0.09612,
    "precision_at_1000": 0.01548,
    "precision_at_3": 0.44279,
    "precision_at_5": 0.41194,
    "recall_at_1": 0.09366,
    "recall_at_10": 0.25043,
    "recall_at_100": 0.57527,
    "recall_at_1000": 0.76544,
    "recall_at_3": 0.1512,
    "recall_at_5": 0.19866
  },
  "mteb_dataset_name": "DBPedia",
  "mteb_version": "1.5.5",
  "test": {
    "evaluation_time": 403.6,
    "map_at_1": 0.07193,
    "map_at_10": 0.16435,
    "map_at_100": 0.23224,
    "map_at_1000": 0.24486,
    "map_at_3": 0.11754,
    "map_at_5": 0.13732,
    "mrr_at_1": 0.5625,
    "mrr_at_10": 0.65961,
    "mrr_at_100": 0.66395,
    "mrr_at_1000": 0.66407,
    "mrr_at_3": 0.63708,
    "mrr_at_5": 0.64908,
    "ndcg_at_1": 0.4375,
    "ndcg_at_10": 0.34594,
    "ndcg_at_100": 0.39577,
    "ndcg_at_1000": 0.46367,
    "ndcg_at_3": 0.37574,
    "ndcg_at_5": 0.35788,
    "precision_at_1": 0.5575,
    "precision_at_10": 0.2785,
    "precision_at_100": 0.08867,
    "precision_at_1000": 0.0164,
    "precision_at_3": 0.42167,
    "precision_at_5": 0.358,
    "recall_at_1": 0.07193,
    "recall_at_10": 0.22691,
    "recall_at_100": 0.47248,
    "recall_at_1000": 0.69053,
    "recall_at_3": 0.13313,
    "recall_at_5": 0.16633
  }
}