{
  "dataset_revision": "f46a197baaae43b4f621051089b82a364682dfeb",
  "mteb_dataset_name": "CQADupstackAndroidRetrieval",
  "mteb_version": "1.10.3",
  "test": {
    "evaluation_time": 244.06,
    "map_at_1": 0.35095,
    "map_at_10": 0.46357,
    "map_at_100": 0.47747,
    "map_at_1000": 0.47854,
    "map_at_20": 0.47063,
    "map_at_3": 0.43154,
    "map_at_5": 0.45012,
    "mrr_at_1": 0.43634,
    "mrr_at_10": 0.52587,
    "mrr_at_100": 0.53261,
    "mrr_at_1000": 0.53295,
    "mrr_at_20": 0.52954,
    "mrr_at_3": 0.50405,
    "mrr_at_5": 0.51621,
    "ndcg_at_1": 0.43491,
    "ndcg_at_10": 0.52297,
    "ndcg_at_100": 0.57397,
    "ndcg_at_1000": 0.59074,
    "ndcg_at_20": 0.5402,
    "ndcg_at_3": 0.48102,
    "ndcg_at_5": 0.50076,
    "precision_at_1": 0.43491,
    "precision_at_10": 0.09685,
    "precision_at_100": 0.01538,
    "precision_at_1000": 0.00196,
    "precision_at_20": 0.05615,
    "precision_at_3": 0.22794,
    "precision_at_5": 0.16137,
    "recall_at_1": 0.35095,
    "recall_at_10": 0.62881,
    "recall_at_100": 0.84318,
    "recall_at_1000": 0.9471,
    "recall_at_20": 0.68869,
    "recall_at_3": 0.50602,
    "recall_at_5": 0.56335
  }
}