{
  "dataset_revision": "79531abbd1fb92d06c6d6315a0cbbbf5bb247ea4",
  "mteb_dataset_name": "CQADupstackPhysicsRetrieval",
  "mteb_version": "1.10.3",
  "test": {
    "evaluation_time": 220.26,
    "map_at_1": 0.31244,
    "map_at_10": 0.41625,
    "map_at_100": 0.4299,
    "map_at_1000": 0.43091,
    "map_at_20": 0.42388,
    "map_at_3": 0.38524,
    "map_at_5": 0.40385,
    "mrr_at_1": 0.37921,
    "mrr_at_10": 0.47412,
    "mrr_at_100": 0.48211,
    "mrr_at_1000": 0.48256,
    "mrr_at_20": 0.47879,
    "mrr_at_3": 0.44995,
    "mrr_at_5": 0.46487,
    "ndcg_at_1": 0.37921,
    "ndcg_at_10": 0.47417,
    "ndcg_at_100": 0.52903,
    "ndcg_at_1000": 0.5471,
    "ndcg_at_20": 0.49655,
    "ndcg_at_3": 0.42641,
    "ndcg_at_5": 0.45122,
    "precision_at_1": 0.37921,
    "precision_at_10": 0.08412,
    "precision_at_100": 0.01296,
    "precision_at_1000": 0.0016,
    "precision_at_20": 0.04942,
    "precision_at_3": 0.20019,
    "precision_at_5": 0.14206,
    "recall_at_1": 0.31244,
    "recall_at_10": 0.58773,
    "recall_at_100": 0.81482,
    "recall_at_1000": 0.93156,
    "recall_at_20": 0.66534,
    "recall_at_3": 0.45499,
    "recall_at_5": 0.51907
  }
}