{
  "dataset_revision": "6c6430d3a6d36f8d2a829195bc5dc94d7e063e53",
  "mteb_dataset_name": "CQADupstackUnixRetrieval",
  "mteb_version": "1.10.3",
  "test": {
    "evaluation_time": 407.29,
    "map_at_1": 0.27839,
    "map_at_10": 0.36349,
    "map_at_100": 0.37495,
    "map_at_1000": 0.37588,
    "map_at_20": 0.37007,
    "map_at_3": 0.33603,
    "map_at_5": 0.35314,
    "mrr_at_1": 0.33116,
    "mrr_at_10": 0.40698,
    "mrr_at_100": 0.41584,
    "mrr_at_1000": 0.41639,
    "mrr_at_20": 0.41233,
    "mrr_at_3": 0.382,
    "mrr_at_5": 0.39743,
    "ndcg_at_1": 0.33022,
    "ndcg_at_10": 0.41355,
    "ndcg_at_100": 0.46605,
    "ndcg_at_1000": 0.48718,
    "ndcg_at_20": 0.43449,
    "ndcg_at_3": 0.3656,
    "ndcg_at_5": 0.39117,
    "precision_at_1": 0.33022,
    "precision_at_10": 0.06838,
    "precision_at_100": 0.01065,
    "precision_at_1000": 0.00135,
    "precision_at_20": 0.03997,
    "precision_at_3": 0.16418,
    "precision_at_5": 0.11791,
    "recall_at_1": 0.27839,
    "recall_at_10": 0.52248,
    "recall_at_100": 0.75117,
    "recall_at_1000": 0.89921,
    "recall_at_20": 0.59733,
    "recall_at_3": 0.39408,
    "recall_at_5": 0.45748
  }
}