{
  "dataset_revision": "160c094312a0e1facb97e55eeddb698c0abe3571",
  "mteb_dataset_name": "CQADupstackWebmastersRetrieval",
  "mteb_version": "1.10.3",
  "test": {
    "evaluation_time": 157.92,
    "map_at_1": 0.28032,
    "map_at_10": 0.35794,
    "map_at_100": 0.37434,
    "map_at_1000": 0.37649,
    "map_at_20": 0.36659,
    "map_at_3": 0.32889,
    "map_at_5": 0.34276,
    "mrr_at_1": 0.33202,
    "mrr_at_10": 0.40551,
    "mrr_at_100": 0.41561,
    "mrr_at_1000": 0.41613,
    "mrr_at_20": 0.41142,
    "mrr_at_3": 0.38175,
    "mrr_at_5": 0.39391,
    "ndcg_at_1": 0.33202,
    "ndcg_at_10": 0.4142,
    "ndcg_at_100": 0.47346,
    "ndcg_at_1000": 0.4967,
    "ndcg_at_20": 0.43642,
    "ndcg_at_3": 0.36712,
    "ndcg_at_5": 0.38403,
    "precision_at_1": 0.33202,
    "precision_at_10": 0.07866,
    "precision_at_100": 0.01553,
    "precision_at_1000": 0.00236,
    "precision_at_20": 0.0497,
    "precision_at_3": 0.16864,
    "precision_at_5": 0.11976,
    "recall_at_1": 0.28032,
    "recall_at_10": 0.51623,
    "recall_at_100": 0.7828,
    "recall_at_1000": 0.92632,
    "recall_at_20": 0.60064,
    "recall_at_3": 0.37634,
    "recall_at_5": 0.42588
  }
}