{
  "dataset_revision": "90fceea13679c63fe563ded68f3b6f06e50061de",
  "mteb_dataset_name": "CQADupstackMathematicaRetrieval",
  "mteb_version": "1.10.3",
  "test": {
    "evaluation_time": 468.2,
    "map_at_1": 0.1719,
    "map_at_10": 0.25168,
    "map_at_100": 0.26292,
    "map_at_1000": 0.26416,
    "map_at_20": 0.2578,
    "map_at_3": 0.22481,
    "map_at_5": 0.24145,
    "mrr_at_1": 0.21393,
    "mrr_at_10": 0.29917,
    "mrr_at_100": 0.30841,
    "mrr_at_1000": 0.30912,
    "mrr_at_20": 0.30464,
    "mrr_at_3": 0.27114,
    "mrr_at_5": 0.28924,
    "ndcg_at_1": 0.21393,
    "ndcg_at_10": 0.3035,
    "ndcg_at_100": 0.35749,
    "ndcg_at_1000": 0.38617,
    "ndcg_at_20": 0.3242,
    "ndcg_at_3": 0.25503,
    "ndcg_at_5": 0.2808,
    "precision_at_1": 0.21393,
    "precision_at_10": 0.05634,
    "precision_at_100": 0.00958,
    "precision_at_1000": 0.00133,
    "precision_at_20": 0.03389,
    "precision_at_3": 0.12396,
    "precision_at_5": 0.09328,
    "recall_at_1": 0.1719,
    "recall_at_10": 0.41656,
    "recall_at_100": 0.65147,
    "recall_at_1000": 0.85415,
    "recall_at_20": 0.49079,
    "recall_at_3": 0.28263,
    "recall_at_5": 0.34719
  }
}