{
  "dataset_revision": "160c094312a0e1facb97e55eeddb698c0abe3571",
  "mteb_dataset_name": "CQADupstackWebmastersRetrieval",
  "mteb_version": "1.10.3",
  "test": {
    "evaluation_time": 189.1,
    "map_at_1": 0.28635,
    "map_at_10": 0.36462,
    "map_at_100": 0.38099,
    "map_at_1000": 0.38301,
    "map_at_20": 0.37254,
    "map_at_3": 0.33671,
    "map_at_5": 0.35076,
    "mrr_at_1": 0.3419,
    "mrr_at_10": 0.41267,
    "mrr_at_100": 0.42278,
    "mrr_at_1000": 0.42319,
    "mrr_at_20": 0.41786,
    "mrr_at_3": 0.38966,
    "mrr_at_5": 0.40142,
    "ndcg_at_1": 0.33992,
    "ndcg_at_10": 0.419,
    "ndcg_at_100": 0.47934,
    "ndcg_at_1000": 0.50106,
    "ndcg_at_20": 0.43865,
    "ndcg_at_3": 0.3745,
    "ndcg_at_5": 0.39186,
    "precision_at_1": 0.33992,
    "precision_at_10": 0.07945,
    "precision_at_100": 0.01583,
    "precision_at_1000": 0.00237,
    "precision_at_20": 0.0496,
    "precision_at_3": 0.17128,
    "precision_at_5": 0.12095,
    "recall_at_1": 0.28635,
    "recall_at_10": 0.51356,
    "recall_at_100": 0.78787,
    "recall_at_1000": 0.92313,
    "recall_at_20": 0.58868,
    "recall_at_3": 0.38374,
    "recall_at_5": 0.43462
  }
}