{
  "dataset_revision": "27a168819829fe9bcd655c2df245fb19452e8e06",
  "mteb_dataset_name": "FiQA2018",
  "mteb_version": "1.10.3",
  "test": {
    "evaluation_time": 1526.35,
    "map_at_1": 0.19827,
    "map_at_10": 0.32615,
    "map_at_100": 0.34566,
    "map_at_1000": 0.34728,
    "map_at_20": 0.33727,
    "map_at_3": 0.28362,
    "map_at_5": 0.30761,
    "mrr_at_1": 0.39352,
    "mrr_at_10": 0.48606,
    "mrr_at_100": 0.49523,
    "mrr_at_1000": 0.49562,
    "mrr_at_20": 0.49252,
    "mrr_at_3": 0.46322,
    "mrr_at_5": 0.47549,
    "ndcg_at_1": 0.39198,
    "ndcg_at_10": 0.4054,
    "ndcg_at_100": 0.47471,
    "ndcg_at_1000": 0.50305,
    "ndcg_at_20": 0.43487,
    "ndcg_at_3": 0.36776,
    "ndcg_at_5": 0.37914,
    "precision_at_1": 0.39198,
    "precision_at_10": 0.11343,
    "precision_at_100": 0.01829,
    "precision_at_1000": 0.00234,
    "precision_at_20": 0.06829,
    "precision_at_3": 0.24486,
    "precision_at_5": 0.18086,
    "recall_at_1": 0.19827,
    "recall_at_10": 0.47582,
    "recall_at_100": 0.72964,
    "recall_at_1000": 0.90187,
    "recall_at_20": 0.56919,
    "recall_at_3": 0.33535,
    "recall_at_5": 0.39225
  }
}