{
  "dataset_revision": "bb9466bac8153a0349341eb1b22e06409e78ef4e",
  "mteb_dataset_name": "TRECCOVID",
  "mteb_version": "1.10.3",
  "test": {
    "evaluation_time": 4711.37,
    "map_at_1": 0.00252,
    "map_at_10": 0.01993,
    "map_at_100": 0.1191,
    "map_at_1000": 0.28662,
    "map_at_20": 0.03593,
    "map_at_3": 0.0068,
    "map_at_5": 0.01086,
    "mrr_at_1": 0.92,
    "mrr_at_10": 0.94833,
    "mrr_at_100": 0.94833,
    "mrr_at_1000": 0.94833,
    "mrr_at_20": 0.94833,
    "mrr_at_3": 0.94333,
    "mrr_at_5": 0.94833,
    "ndcg_at_1": 0.86,
    "ndcg_at_10": 0.77201,
    "ndcg_at_100": 0.59363,
    "ndcg_at_1000": 0.54097,
    "ndcg_at_20": 0.73308,
    "ndcg_at_3": 0.81693,
    "ndcg_at_5": 0.79953,
    "precision_at_1": 0.92,
    "precision_at_10": 0.816,
    "precision_at_100": 0.6102,
    "precision_at_1000": 0.23608,
    "precision_at_20": 0.771,
    "precision_at_3": 0.87333,
    "precision_at_5": 0.856,
    "recall_at_1": 0.00252,
    "recall_at_10": 0.02161,
    "recall_at_100": 0.15077,
    "recall_at_1000": 0.51164,
    "recall_at_20": 0.04029,
    "recall_at_3": 0.00702,
    "recall_at_5": 0.01147
  }
}