{
  "dataset_revision": "2000358ca161889fa9c082cb41daa8dcfb161a54",
  "evaluation_time": 50.34762406349182,
  "kg_co2_emissions": null,
  "mteb_version": "1.13.1",
  "scores": {
    "test": [
      {
        "hf_subset": "default",
        "languages": [
          "eng-Latn"
        ],
        "main_score": 0.6099943073554118,
        "map": 0.6099943073554118,
        "mrr": 0.7512729191399552,
        "nAUC_map_diff1": 0.05347419149690435,
        "nAUC_map_max": 0.24429527463964934,
        "nAUC_map_std": 0.1393102676350069,
        "nAUC_mrr_diff1": 0.16584159803949164,
        "nAUC_mrr_max": 0.36407318288276025,
        "nAUC_mrr_std": 0.21193417681208748
      }
    ]
  },
  "task_name": "AskUbuntuDupQuestions"
}