{
  "dataset_revision": "47f2ac6acb640fc46020b02a5b59fdda04d39380",
  "evaluation_time": 1562.20201253891,
  "kg_co2_emissions": null,
  "mteb_version": "1.13.1",
  "scores": {
    "test": [
      {
        "hf_subset": "default",
        "languages": [
          "eng-Latn"
        ],
        "main_score": 0.20306,
        "map_at_1": 0.07329,
        "map_at_10": 0.13691,
        "map_at_100": 0.15235,
        "map_at_1000": 0.1542,
        "map_at_20": 0.14481,
        "map_at_3": 0.11098,
        "map_at_5": 0.12577,
        "mrr_at_1": 0.1739413680781759,
        "mrr_at_10": 0.2746771108008893,
        "mrr_at_100": 0.2870580674032419,
        "mrr_at_1000": 0.28763086858931713,
        "mrr_at_20": 0.2827303570042903,
        "mrr_at_3": 0.24299674267100976,
        "mrr_at_5": 0.26192182410423454,
        "nauc_map_at_1000_diff1": 0.22315852069698403,
        "nauc_map_at_1000_max": 0.3560195562298051,
        "nauc_map_at_1000_std": 0.19768219049980548,
        "nauc_map_at_100_diff1": 0.22298970327239215,
        "nauc_map_at_100_max": 0.35528067199835195,
        "nauc_map_at_100_std": 0.1961808121958814,
        "nauc_map_at_10_diff1": 0.22346586715482952,
        "nauc_map_at_10_max": 0.34655879028089875,
        "nauc_map_at_10_std": 0.17513207231834452,
        "nauc_map_at_1_diff1": 0.2946893869628188,
        "nauc_map_at_1_max": 0.33924200582312963,
        "nauc_map_at_1_std": 0.0874140856762515,
        "nauc_map_at_20_diff1": 0.223070578475052,
        "nauc_map_at_20_max": 0.3477189489861917,
        "nauc_map_at_20_std": 0.1835937584987308,
        "nauc_map_at_3_diff1": 0.2362850953739925,
        "nauc_map_at_3_max": 0.33213488900992566,
        "nauc_map_at_3_std": 0.12703070762819363,
        "nauc_map_at_5_diff1": 0.23351621920142956,
        "nauc_map_at_5_max": 0.3445805488061811,
        "nauc_map_at_5_std": 0.1535871159743936,
        "nauc_mrr_at_1000_diff1": 0.23327103981599168,
        "nauc_mrr_at_1000_max": 0.336121510271931,
        "nauc_mrr_at_1000_std": 0.1831216928058752,
        "nauc_mrr_at_100_diff1": 0.23315664517686585,
        "nauc_mrr_at_100_max": 0.3363272809758959,
        "nauc_mrr_at_100_std": 0.18358334800793902,
        "nauc_mrr_at_10_diff1": 0.23309530227167882,
        "nauc_mrr_at_10_max": 0.3375265317222849,
        "nauc_mrr_at_10_std": 0.18360786187945174,
        "nauc_mrr_at_1_diff1": 0.2905668978403847,
        "nauc_mrr_at_1_max": 0.30238144765855296,
        "nauc_mrr_at_1_std": 0.0946296696404693,
        "nauc_mrr_at_20_diff1": 0.23307667946403085,
        "nauc_mrr_at_20_max": 0.3361614091079635,
        "nauc_mrr_at_20_std": 0.18336595611014914,
        "nauc_mrr_at_3_diff1": 0.23255574300699633,
        "nauc_mrr_at_3_max": 0.32241093501154555,
        "nauc_mrr_at_3_std": 0.1526668112751072,
        "nauc_mrr_at_5_diff1": 0.23379717461194371,
        "nauc_mrr_at_5_max": 0.3332171464944271,
        "nauc_mrr_at_5_std": 0.170078096725824,
        "nauc_ndcg_at_1000_diff1": 0.20774313033186656,
        "nauc_ndcg_at_1000_max": 0.3856985849867615,
        "nauc_ndcg_at_1000_std": 0.2905405957316179,
        "nauc_ndcg_at_100_diff1": 0.20465548018641824,
        "nauc_ndcg_at_100_max": 0.3809212713975944,
        "nauc_ndcg_at_100_std": 0.27903160018108336,
        "nauc_ndcg_at_10_diff1": 0.20616484280138056,
        "nauc_ndcg_at_10_max": 0.3551039090579603,
        "nauc_ndcg_at_10_std": 0.22139834001195424,
        "nauc_ndcg_at_1_diff1": 0.2872213182651504,
        "nauc_ndcg_at_1_max": 0.3029207290649682,
        "nauc_ndcg_at_1_std": 0.09478669554107487,
        "nauc_ndcg_at_20_diff1": 0.20454390777744463,
        "nauc_ndcg_at_20_max": 0.3544527953871912,
        "nauc_ndcg_at_20_std": 0.2347785713016921,
        "nauc_ndcg_at_3_diff1": 0.2188165376531063,
        "nauc_ndcg_at_3_max": 0.3267457153277631,
        "nauc_ndcg_at_3_std": 0.1501249026855871,
        "nauc_ndcg_at_5_diff1": 0.21896693501146042,
        "nauc_ndcg_at_5_max": 0.3493577601277989,
        "nauc_ndcg_at_5_std": 0.18520893873269323,
        "nauc_precision_at_1000_diff1": 0.040159845653893605,
        "nauc_precision_at_1000_max": 0.21034811018468277,
        "nauc_precision_at_1000_std": 0.34845542489446013,
        "nauc_precision_at_100_diff1": 0.08868582582533324,
        "nauc_precision_at_100_max": 0.3076140690577091,
        "nauc_precision_at_100_std": 0.39179637339054696,
        "nauc_precision_at_10_diff1": 0.14018132187117976,
        "nauc_precision_at_10_max": 0.3335306504961423,
        "nauc_precision_at_10_std": 0.32107734138998933,
        "nauc_precision_at_1_diff1": 0.2872213182651504,
        "nauc_precision_at_1_max": 0.3029207290649682,
        "nauc_precision_at_1_std": 0.09478669554107487,
        "nauc_precision_at_20_diff1": 0.12193979739287127,
        "nauc_precision_at_20_max": 0.29881369847742767,
        "nauc_precision_at_20_std": 0.3264075379726635,
        "nauc_precision_at_3_diff1": 0.1852884097601812,
        "nauc_precision_at_3_max": 0.31370990223829837,
        "nauc_precision_at_3_std": 0.19696547275500012,
        "nauc_precision_at_5_diff1": 0.1747397960897146,
        "nauc_precision_at_5_max": 0.3383003432572408,
        "nauc_precision_at_5_std": 0.25657774827654745,
        "nauc_recall_at_1000_diff1": 0.11497629420710397,
        "nauc_recall_at_1000_max": 0.3676681580831806,
        "nauc_recall_at_1000_std": 0.44355324154267184,
        "nauc_recall_at_100_diff1": 0.11073130547925843,
        "nauc_recall_at_100_max": 0.337023603569465,
        "nauc_recall_at_100_std": 0.35900854780552993,
        "nauc_recall_at_10_diff1": 0.13919823394935746,
        "nauc_recall_at_10_max": 0.32272995418781253,
        "nauc_recall_at_10_std": 0.2550301066235094,
        "nauc_recall_at_1_diff1": 0.2946893869628188,
        "nauc_recall_at_1_max": 0.33924200582312963,
        "nauc_recall_at_1_std": 0.0874140856762515,
        "nauc_recall_at_20_diff1": 0.1268940214969253,
        "nauc_recall_at_20_max": 0.2992786279949245,
        "nauc_recall_at_20_std": 0.2649669144326719,
        "nauc_recall_at_3_diff1": 0.1764486345166766,
        "nauc_recall_at_3_max": 0.3187566149991768,
        "nauc_recall_at_3_std": 0.16006117273768355,
        "nauc_recall_at_5_diff1": 0.1698005030905963,
        "nauc_recall_at_5_max": 0.33120894487177915,
        "nauc_recall_at_5_std": 0.20329626170427817,
        "ndcg_at_1": 0.17459,
        "ndcg_at_10": 0.20306,
        "ndcg_at_100": 0.27318,
        "ndcg_at_1000": 0.30951,
        "ndcg_at_20": 0.22936,
        "ndcg_at_3": 0.159,
        "ndcg_at_5": 0.17749,
        "precision_at_1": 0.17459,
        "precision_at_10": 0.06567,
        "precision_at_100": 0.01399,
        "precision_at_1000": 0.00206,
        "precision_at_20": 0.04388,
        "precision_at_3": 0.12182,
        "precision_at_5": 0.0985,
        "recall_at_1": 0.07329,
        "recall_at_10": 0.25655,
        "recall_at_100": 0.50465,
        "recall_at_1000": 0.71167,
        "recall_at_20": 0.33266,
        "recall_at_3": 0.14991,
        "recall_at_5": 0.19898
      }
    ]
  },
  "task_name": "ClimateFEVER"
}