{
  "dataset_revision": "4885aa143210c98657558c04aaf3dc47cfb54340",
  "evaluation_time": 56.786357164382935,
  "kg_co2_emissions": null,
  "mteb_version": "1.13.1",
  "scores": {
    "test": [
      {
        "hf_subset": "default",
        "languages": [
          "eng-Latn"
        ],
        "main_score": 0.6151,
        "map_at_1": 0.43968,
        "map_at_10": 0.56108,
        "map_at_100": 0.57094,
        "map_at_1000": 0.57144,
        "map_at_20": 0.56706,
        "map_at_3": 0.52872,
        "map_at_5": 0.54906,
        "mrr_at_1": 0.49968652037617556,
        "mrr_at_10": 0.593117878290292,
        "mrr_at_100": 0.5996748327045035,
        "mrr_at_1000": 0.5999140684935469,
        "mrr_at_20": 0.5972131186445947,
        "mrr_at_3": 0.5711598746081504,
        "mrr_at_5": 0.5854858934169279,
        "nauc_map_at_1000_diff1": 0.5608400091304073,
        "nauc_map_at_1000_max": 0.4782422527141454,
        "nauc_map_at_1000_std": -0.08379382666627277,
        "nauc_map_at_100_diff1": 0.5604832927839252,
        "nauc_map_at_100_max": 0.478113481566943,
        "nauc_map_at_100_std": -0.08371970036042073,
        "nauc_map_at_10_diff1": 0.5614654601293613,
        "nauc_map_at_10_max": 0.47228471492131113,
        "nauc_map_at_10_std": -0.09350629190214574,
        "nauc_map_at_1_diff1": 0.5935367046569806,
        "nauc_map_at_1_max": 0.394541002422502,
        "nauc_map_at_1_std": -0.12978960733174885,
        "nauc_map_at_20_diff1": 0.5599029030593697,
        "nauc_map_at_20_max": 0.47608034861951526,
        "nauc_map_at_20_std": -0.08704389193040313,
        "nauc_map_at_3_diff1": 0.5722418989876091,
        "nauc_map_at_3_max": 0.4547170452537308,
        "nauc_map_at_3_std": -0.11983385338177364,
        "nauc_map_at_5_diff1": 0.5662254890600431,
        "nauc_map_at_5_max": 0.4645052610354208,
        "nauc_map_at_5_std": -0.10677547412307091,
        "nauc_mrr_at_1000_diff1": 0.5583940776248334,
        "nauc_mrr_at_1000_max": 0.4929927481565746,
        "nauc_mrr_at_1000_std": -0.06364333285689543,
        "nauc_mrr_at_100_diff1": 0.5582616426416696,
        "nauc_mrr_at_100_max": 0.49309542408350354,
        "nauc_mrr_at_100_std": -0.06332062838930719,
        "nauc_mrr_at_10_diff1": 0.5577999236877584,
        "nauc_mrr_at_10_max": 0.49305725157776153,
        "nauc_mrr_at_10_std": -0.06607375531783406,
        "nauc_mrr_at_1_diff1": 0.5912918231536474,
        "nauc_mrr_at_1_max": 0.4688254311729413,
        "nauc_mrr_at_1_std": -0.08651461015034265,
        "nauc_mrr_at_20_diff1": 0.5572158187540706,
        "nauc_mrr_at_20_max": 0.4929606644373358,
        "nauc_mrr_at_20_std": -0.06410163953992615,
        "nauc_mrr_at_3_diff1": 0.5638684005534769,
        "nauc_mrr_at_3_max": 0.4937001662691044,
        "nauc_mrr_at_3_std": -0.07199392619296616,
        "nauc_mrr_at_5_diff1": 0.5606592702795492,
        "nauc_mrr_at_5_max": 0.4907490612345676,
        "nauc_mrr_at_5_std": -0.07015733999107593,
        "nauc_ndcg_at_1000_diff1": 0.5501274337411303,
        "nauc_ndcg_at_1000_max": 0.4985278719943533,
        "nauc_ndcg_at_1000_std": -0.05028361312050953,
        "nauc_ndcg_at_100_diff1": 0.5443268432268608,
        "nauc_ndcg_at_100_max": 0.5018274980908666,
        "nauc_ndcg_at_100_std": -0.039675260006223324,
        "nauc_ndcg_at_10_diff1": 0.5442286461543313,
        "nauc_ndcg_at_10_max": 0.4952129973224918,
        "nauc_ndcg_at_10_std": -0.06368667799066219,
        "nauc_ndcg_at_1_diff1": 0.5912918231536474,
        "nauc_ndcg_at_1_max": 0.4688254311729413,
        "nauc_ndcg_at_1_std": -0.08651461015034265,
        "nauc_ndcg_at_20_diff1": 0.5391515334588483,
        "nauc_ndcg_at_20_max": 0.4983327103847182,
        "nauc_ndcg_at_20_std": -0.050934665798224324,
        "nauc_ndcg_at_3_diff1": 0.5605607501618621,
        "nauc_ndcg_at_3_max": 0.47989460049039484,
        "nauc_ndcg_at_3_std": -0.09607262628005782,
        "nauc_ndcg_at_5_diff1": 0.5536890421283331,
        "nauc_ndcg_at_5_max": 0.48492749113397515,
        "nauc_ndcg_at_5_std": -0.08473415166027427,
        "nauc_precision_at_1000_diff1": -0.11286294860840432,
        "nauc_precision_at_1000_max": 0.1927949720543812,
        "nauc_precision_at_1000_std": 0.311557654364922,
        "nauc_precision_at_100_diff1": -0.08077970319391849,
        "nauc_precision_at_100_max": 0.2792907863899841,
        "nauc_precision_at_100_std": 0.35496243005874084,
        "nauc_precision_at_10_diff1": 0.10282169402725838,
        "nauc_precision_at_10_max": 0.39094874339663865,
        "nauc_precision_at_10_std": 0.20385018592998702,
        "nauc_precision_at_1_diff1": 0.5912918231536474,
        "nauc_precision_at_1_max": 0.4688254311729413,
        "nauc_precision_at_1_std": -0.08651461015034265,
        "nauc_precision_at_20_diff1": 0.015268124418043115,
        "nauc_precision_at_20_max": 0.36260960386181335,
        "nauc_precision_at_20_std": 0.2785270529541788,
        "nauc_precision_at_3_diff1": 0.3378200350912143,
        "nauc_precision_at_3_max": 0.4715326573231286,
        "nauc_precision_at_3_std": 0.020147628520027352,
        "nauc_precision_at_5_diff1": 0.21826654215056251,
        "nauc_precision_at_5_max": 0.42603785411570816,
        "nauc_precision_at_5_std": 0.10034021144034036,
        "nauc_recall_at_1000_diff1": 0.4073732898991026,
        "nauc_recall_at_1000_max": 0.6091292583754921,
        "nauc_recall_at_1000_std": 0.32311626924156633,
        "nauc_recall_at_100_diff1": 0.3817873992201854,
        "nauc_recall_at_100_max": 0.5999593494602049,
        "nauc_recall_at_100_std": 0.3119006087396028,
        "nauc_recall_at_10_diff1": 0.4570930173041234,
        "nauc_recall_at_10_max": 0.5110437422935263,
        "nauc_recall_at_10_std": -0.0031433761841756377,
        "nauc_recall_at_1_diff1": 0.5935367046569806,
        "nauc_recall_at_1_max": 0.394541002422502,
        "nauc_recall_at_1_std": -0.12978960733174885,
        "nauc_recall_at_20_diff1": 0.41245183701147353,
        "nauc_recall_at_20_max": 0.5411897425804217,
        "nauc_recall_at_20_std": 0.08689575232633627,
        "nauc_recall_at_3_diff1": 0.527971100264617,
        "nauc_recall_at_3_max": 0.467699993948405,
        "nauc_recall_at_3_std": -0.10611240144625717,
        "nauc_recall_at_5_diff1": 0.5008598787388862,
        "nauc_recall_at_5_max": 0.4750144906747467,
        "nauc_recall_at_5_std": -0.07588722306697435,
        "ndcg_at_1": 0.49969,
        "ndcg_at_10": 0.6151,
        "ndcg_at_100": 0.65322,
        "ndcg_at_1000": 0.66318,
        "ndcg_at_20": 0.63219,
        "ndcg_at_3": 0.56382,
        "ndcg_at_5": 0.59252,
        "precision_at_1": 0.49969,
        "precision_at_10": 0.09661,
        "precision_at_100": 0.01243,
        "precision_at_1000": 0.00137,
        "precision_at_20": 0.05351,
        "precision_at_3": 0.24598,
        "precision_at_5": 0.17003,
        "recall_at_1": 0.43968,
        "recall_at_10": 0.74032,
        "recall_at_100": 0.90371,
        "recall_at_1000": 0.97439,
        "recall_at_20": 0.80367,
        "recall_at_3": 0.60758,
        "recall_at_5": 0.67644
      }
    ]
  },
  "task_name": "CQADupstackGamingRetrieval"
}