{
  "dataset_revision": "4ffe81d471b1924886b33c7567bfb200e9eec5c4",
  "evaluation_time": 45.54854464530945,
  "kg_co2_emissions": null,
  "mteb_version": "1.13.1",
  "scores": {
    "test": [
      {
        "hf_subset": "default",
        "languages": [
          "eng-Latn"
        ],
        "main_score": 0.34726,
        "map_at_1": 0.23574,
        "map_at_10": 0.30222,
        "map_at_100": 0.31148,
        "map_at_1000": 0.31259,
        "map_at_20": 0.30665,
        "map_at_3": 0.27925,
        "map_at_5": 0.29013,
        "mrr_at_1": 0.2532347504621072,
        "mrr_at_10": 0.32241219963031426,
        "mrr_at_100": 0.33000037124343196,
        "mrr_at_1000": 0.33084466160162496,
        "mrr_at_20": 0.3262454757488178,
        "mrr_at_3": 0.30006161429451633,
        "mrr_at_5": 0.31096734442390633,
        "nauc_map_at_1000_diff1": 0.45621061593903145,
        "nauc_map_at_1000_max": 0.31749496442810654,
        "nauc_map_at_1000_std": 0.022729686293524343,
        "nauc_map_at_100_diff1": 0.456067787353297,
        "nauc_map_at_100_max": 0.31736868762527465,
        "nauc_map_at_100_std": 0.02237887210973211,
        "nauc_map_at_10_diff1": 0.458273896317611,
        "nauc_map_at_10_max": 0.3148964183558199,
        "nauc_map_at_10_std": 0.015635682847573502,
        "nauc_map_at_1_diff1": 0.5117403384205483,
        "nauc_map_at_1_max": 0.33875743717187295,
        "nauc_map_at_1_std": 0.028338962890208243,
        "nauc_map_at_20_diff1": 0.45743494824801023,
        "nauc_map_at_20_max": 0.31689346852155537,
        "nauc_map_at_20_std": 0.01930678153437925,
        "nauc_map_at_3_diff1": 0.4583475242321619,
        "nauc_map_at_3_max": 0.32005001290193597,
        "nauc_map_at_3_std": 0.018230127370993335,
        "nauc_map_at_5_diff1": 0.45388360551606616,
        "nauc_map_at_5_max": 0.3159050367275005,
        "nauc_map_at_5_std": 0.01876584030779878,
        "nauc_mrr_at_1000_diff1": 0.47482626431553204,
        "nauc_mrr_at_1000_max": 0.34602164599730945,
        "nauc_mrr_at_1000_std": 0.03423323770862817,
        "nauc_mrr_at_100_diff1": 0.47455189424270383,
        "nauc_mrr_at_100_max": 0.3456589826150725,
        "nauc_mrr_at_100_std": 0.034034996225161276,
        "nauc_mrr_at_10_diff1": 0.47692711520040415,
        "nauc_mrr_at_10_max": 0.3456805369380875,
        "nauc_mrr_at_10_std": 0.02943088068081771,
        "nauc_mrr_at_1_diff1": 0.5359484146970366,
        "nauc_mrr_at_1_max": 0.3824437842379348,
        "nauc_mrr_at_1_std": 0.03648492828333231,
        "nauc_mrr_at_20_diff1": 0.47614133414501203,
        "nauc_mrr_at_20_max": 0.3457107078940599,
        "nauc_mrr_at_20_std": 0.03267416764451615,
        "nauc_mrr_at_3_diff1": 0.47570868591755866,
        "nauc_mrr_at_3_max": 0.34983237668970013,
        "nauc_mrr_at_3_std": 0.030581710091284395,
        "nauc_mrr_at_5_diff1": 0.47316771766717164,
        "nauc_mrr_at_5_max": 0.3480314747405435,
        "nauc_mrr_at_5_std": 0.030678598998110037,
        "nauc_ndcg_at_1000_diff1": 0.44064870217119195,
        "nauc_ndcg_at_1000_max": 0.3204249852940059,
        "nauc_ndcg_at_1000_std": 0.04756503062980238,
        "nauc_ndcg_at_100_diff1": 0.4343440384285281,
        "nauc_ndcg_at_100_max": 0.31215286036261514,
        "nauc_ndcg_at_100_std": 0.040955647425527784,
        "nauc_ndcg_at_10_diff1": 0.44705576507748235,
        "nauc_ndcg_at_10_max": 0.3066456264672967,
        "nauc_ndcg_at_10_std": 0.011626027696193095,
        "nauc_ndcg_at_1_diff1": 0.5359484146970366,
        "nauc_ndcg_at_1_max": 0.3824437842379348,
        "nauc_ndcg_at_1_std": 0.03648492828333231,
        "nauc_ndcg_at_20_diff1": 0.4435653631274975,
        "nauc_ndcg_at_20_max": 0.3083560389026737,
        "nauc_ndcg_at_20_std": 0.023593249340034123,
        "nauc_ndcg_at_3_diff1": 0.44393478018965005,
        "nauc_ndcg_at_3_max": 0.31818620681038,
        "nauc_ndcg_at_3_std": 0.017224599948199033,
        "nauc_ndcg_at_5_diff1": 0.4379192771598293,
        "nauc_ndcg_at_5_max": 0.3105542458973609,
        "nauc_ndcg_at_5_std": 0.016203215072060805,
        "nauc_precision_at_1000_diff1": -0.02406305352484907,
        "nauc_precision_at_1000_max": -0.03205458368277554,
        "nauc_precision_at_1000_std": 0.13663383236176918,
        "nauc_precision_at_100_diff1": 0.15575025916468746,
        "nauc_precision_at_100_max": 0.2017871773308452,
        "nauc_precision_at_100_std": 0.17196251547520522,
        "nauc_precision_at_10_diff1": 0.36566215611536934,
        "nauc_precision_at_10_max": 0.29556733768909876,
        "nauc_precision_at_10_std": 0.028448100700615885,
        "nauc_precision_at_1_diff1": 0.5359484146970366,
        "nauc_precision_at_1_max": 0.3824437842379348,
        "nauc_precision_at_1_std": 0.03648492828333231,
        "nauc_precision_at_20_diff1": 0.3195629029417983,
        "nauc_precision_at_20_max": 0.28479426502041605,
        "nauc_precision_at_20_std": 0.08684956870808587,
        "nauc_precision_at_3_diff1": 0.3853684175916141,
        "nauc_precision_at_3_max": 0.3206474876281039,
        "nauc_precision_at_3_std": 0.02896437824688273,
        "nauc_precision_at_5_diff1": 0.36274847016608414,
        "nauc_precision_at_5_max": 0.3065355893321772,
        "nauc_precision_at_5_std": 0.03982426829218496,
        "nauc_recall_at_1000_diff1": 0.3272423595903127,
        "nauc_recall_at_1000_max": 0.38485215693796115,
        "nauc_recall_at_1000_std": 0.34113607872671736,
        "nauc_recall_at_100_diff1": 0.32082647467355885,
        "nauc_recall_at_100_max": 0.25544353388762076,
        "nauc_recall_at_100_std": 0.11776342532893741,
        "nauc_recall_at_10_diff1": 0.39362096251923157,
        "nauc_recall_at_10_max": 0.24441827103751151,
        "nauc_recall_at_10_std": -0.015376439150040475,
        "nauc_recall_at_1_diff1": 0.5117403384205483,
        "nauc_recall_at_1_max": 0.33875743717187295,
        "nauc_recall_at_1_std": 0.028338962890208243,
        "nauc_recall_at_20_diff1": 0.37787936969200936,
        "nauc_recall_at_20_max": 0.24123194511062862,
        "nauc_recall_at_20_std": 0.023671482554233087,
        "nauc_recall_at_3_diff1": 0.38888392748996375,
        "nauc_recall_at_3_max": 0.2780199199672276,
        "nauc_recall_at_3_std": -0.00685942834068797,
        "nauc_recall_at_5_diff1": 0.3742304683343923,
        "nauc_recall_at_5_max": 0.2642314772081284,
        "nauc_recall_at_5_std": -0.006851471217431925,
        "ndcg_at_1": 0.25323,
        "ndcg_at_10": 0.34726,
        "ndcg_at_100": 0.39204,
        "ndcg_at_1000": 0.42001,
        "ndcg_at_20": 0.36175,
        "ndcg_at_3": 0.30046,
        "ndcg_at_5": 0.31882,
        "precision_at_1": 0.25323,
        "precision_at_10": 0.0536,
        "precision_at_100": 0.00824,
        "precision_at_1000": 0.00118,
        "precision_at_20": 0.03041,
        "precision_at_3": 0.12569,
        "precision_at_5": 0.08651,
        "recall_at_1": 0.23574,
        "recall_at_10": 0.46781,
        "recall_at_100": 0.67204,
        "recall_at_1000": 0.88051,
        "recall_at_20": 0.52125,
        "recall_at_3": 0.33792,
        "recall_at_5": 0.3821
      }
    ]
  },
  "task_name": "CQADupstackWordpressRetrieval"
}