{
  "dataset_revision": "90fceea13679c63fe563ded68f3b6f06e50061de",
  "evaluation_time": 43.88101768493652,
  "kg_co2_emissions": null,
  "mteb_version": "1.13.1",
  "scores": {
    "test": [
      {
        "hf_subset": "default",
        "languages": [
          "eng-Latn"
        ],
        "main_score": 0.29229,
        "map_at_1": 0.16124,
        "map_at_10": 0.24014,
        "map_at_100": 0.25053,
        "map_at_1000": 0.2518,
        "map_at_20": 0.2456,
        "map_at_3": 0.21422,
        "map_at_5": 0.22778,
        "mrr_at_1": 0.2027363184079602,
        "mrr_at_10": 0.28606669035773513,
        "mrr_at_100": 0.29462139690950856,
        "mrr_at_1000": 0.29538215892708153,
        "mrr_at_20": 0.2910185965917852,
        "mrr_at_3": 0.25912106135986734,
        "mrr_at_5": 0.27292703150912107,
        "nauc_map_at_1000_diff1": 0.34581014705162694,
        "nauc_map_at_1000_max": 0.2619736419639904,
        "nauc_map_at_1000_std": -0.05738957279050395,
        "nauc_map_at_100_diff1": 0.3457709698165195,
        "nauc_map_at_100_max": 0.2620660275373718,
        "nauc_map_at_100_std": -0.057086587032454394,
        "nauc_map_at_10_diff1": 0.3490411466527131,
        "nauc_map_at_10_max": 0.2605689510176429,
        "nauc_map_at_10_std": -0.06408878738603505,
        "nauc_map_at_1_diff1": 0.41950792864527847,
        "nauc_map_at_1_max": 0.243988455421299,
        "nauc_map_at_1_std": -0.08895004658528191,
        "nauc_map_at_20_diff1": 0.3472118878736539,
        "nauc_map_at_20_max": 0.2614843641637034,
        "nauc_map_at_20_std": -0.06079582730330091,
        "nauc_map_at_3_diff1": 0.35017337782900054,
        "nauc_map_at_3_max": 0.25817779114548706,
        "nauc_map_at_3_std": -0.0714127729469236,
        "nauc_map_at_5_diff1": 0.351495310980469,
        "nauc_map_at_5_max": 0.25704698909423573,
        "nauc_map_at_5_std": -0.07502710333967762,
        "nauc_mrr_at_1000_diff1": 0.3430423998315094,
        "nauc_mrr_at_1000_max": 0.2763635180120136,
        "nauc_mrr_at_1000_std": -0.0630470508893265,
        "nauc_mrr_at_100_diff1": 0.34283824239285776,
        "nauc_mrr_at_100_max": 0.27643505401759627,
        "nauc_mrr_at_100_std": -0.06287585076608318,
        "nauc_mrr_at_10_diff1": 0.34238902274553995,
        "nauc_mrr_at_10_max": 0.27510124571696387,
        "nauc_mrr_at_10_std": -0.06547346157590447,
        "nauc_mrr_at_1_diff1": 0.4195450369485026,
        "nauc_mrr_at_1_max": 0.27008822315865993,
        "nauc_mrr_at_1_std": -0.09660820677552796,
        "nauc_mrr_at_20_diff1": 0.34249352222337565,
        "nauc_mrr_at_20_max": 0.2759219612078458,
        "nauc_mrr_at_20_std": -0.06425911665413232,
        "nauc_mrr_at_3_diff1": 0.3505169908399145,
        "nauc_mrr_at_3_max": 0.2752754033239944,
        "nauc_mrr_at_3_std": -0.07478494610938342,
        "nauc_mrr_at_5_diff1": 0.3468542480393267,
        "nauc_mrr_at_5_max": 0.27404648662256303,
        "nauc_mrr_at_5_std": -0.07373058883575023,
        "nauc_ndcg_at_1000_diff1": 0.31442559652051677,
        "nauc_ndcg_at_1000_max": 0.27374272401358407,
        "nauc_ndcg_at_1000_std": -0.024987150302557534,
        "nauc_ndcg_at_100_diff1": 0.31262675838856807,
        "nauc_ndcg_at_100_max": 0.27650070843855223,
        "nauc_ndcg_at_100_std": -0.020046499272576707,
        "nauc_ndcg_at_10_diff1": 0.32471202196937565,
        "nauc_ndcg_at_10_max": 0.2702415071750372,
        "nauc_ndcg_at_10_std": -0.04731785274531872,
        "nauc_ndcg_at_1_diff1": 0.4195450369485026,
        "nauc_ndcg_at_1_max": 0.27008822315865993,
        "nauc_ndcg_at_1_std": -0.09660820677552796,
        "nauc_ndcg_at_20_diff1": 0.32060000383587206,
        "nauc_ndcg_at_20_max": 0.27302480883018126,
        "nauc_ndcg_at_20_std": -0.03773155814362121,
        "nauc_ndcg_at_3_diff1": 0.33621897563773395,
        "nauc_ndcg_at_3_max": 0.2725531852821092,
        "nauc_ndcg_at_3_std": -0.06938634881629774,
        "nauc_ndcg_at_5_diff1": 0.3333372440221109,
        "nauc_ndcg_at_5_max": 0.26505322086474453,
        "nauc_ndcg_at_5_std": -0.07144783204294326,
        "nauc_precision_at_1000_diff1": -0.00663782436706727,
        "nauc_precision_at_1000_max": 0.04099355602362785,
        "nauc_precision_at_1000_std": 0.00448101068828786,
        "nauc_precision_at_100_diff1": 0.0554644923483575,
        "nauc_precision_at_100_max": 0.1722704332329505,
        "nauc_precision_at_100_std": 0.07901816952599611,
        "nauc_precision_at_10_diff1": 0.20489633286297856,
        "nauc_precision_at_10_max": 0.27420671775819705,
        "nauc_precision_at_10_std": 0.003923424859998979,
        "nauc_precision_at_1_diff1": 0.4195450369485026,
        "nauc_precision_at_1_max": 0.27008822315865993,
        "nauc_precision_at_1_std": -0.09660820677552796,
        "nauc_precision_at_20_diff1": 0.16562742465979066,
        "nauc_precision_at_20_max": 0.25458490095897474,
        "nauc_precision_at_20_std": 0.032103310698987746,
        "nauc_precision_at_3_diff1": 0.2663826567326705,
        "nauc_precision_at_3_max": 0.28883937886739725,
        "nauc_precision_at_3_std": -0.05536915576080793,
        "nauc_precision_at_5_diff1": 0.24333406683186795,
        "nauc_precision_at_5_max": 0.2688177571433308,
        "nauc_precision_at_5_std": -0.05591337871284849,
        "nauc_recall_at_1000_diff1": 0.11370693958126875,
        "nauc_recall_at_1000_max": 0.2916648910885457,
        "nauc_recall_at_1000_std": 0.22852848043991295,
        "nauc_recall_at_100_diff1": 0.1906358565617187,
        "nauc_recall_at_100_max": 0.28797931778825653,
        "nauc_recall_at_100_std": 0.124794428125647,
        "nauc_recall_at_10_diff1": 0.2557483832593432,
        "nauc_recall_at_10_max": 0.2625031401269721,
        "nauc_recall_at_10_std": -0.004021294022897771,
        "nauc_recall_at_1_diff1": 0.41950792864527847,
        "nauc_recall_at_1_max": 0.243988455421299,
        "nauc_recall_at_1_std": -0.08895004658528191,
        "nauc_recall_at_20_diff1": 0.23969225763029298,
        "nauc_recall_at_20_max": 0.26806032852960693,
        "nauc_recall_at_20_std": 0.029434853616899848,
        "nauc_recall_at_3_diff1": 0.2746436404842178,
        "nauc_recall_at_3_max": 0.26334932310821846,
        "nauc_recall_at_3_std": -0.05551866049479553,
        "nauc_recall_at_5_diff1": 0.27819560910392316,
        "nauc_recall_at_5_max": 0.25129110913853886,
        "nauc_recall_at_5_std": -0.06586628514425472,
        "ndcg_at_1": 0.20274,
        "ndcg_at_10": 0.29229,
        "ndcg_at_100": 0.34425,
        "ndcg_at_1000": 0.37406,
        "ndcg_at_20": 0.31127,
        "ndcg_at_3": 0.24398,
        "ndcg_at_5": 0.26395,
        "precision_at_1": 0.20274,
        "precision_at_10": 0.05572,
        "precision_at_100": 0.0094,
        "precision_at_1000": 0.00133,
        "precision_at_20": 0.03296,
        "precision_at_3": 0.12065,
        "precision_at_5": 0.08756,
        "recall_at_1": 0.16124,
        "recall_at_10": 0.40786,
        "recall_at_100": 0.63854,
        "recall_at_1000": 0.85077,
        "recall_at_20": 0.47783,
        "recall_at_3": 0.27315,
        "recall_at_5": 0.32349
      }
    ]
  },
  "task_name": "CQADupstackMathematicaRetrieval"
}