{
  "dataset_revision": "f46a197baaae43b4f621051089b82a364682dfeb",
  "evaluation_time": 43.718536376953125,
  "kg_co2_emissions": null,
  "mteb_version": "1.13.1",
  "scores": {
    "test": [
      {
        "hf_subset": "default",
        "languages": [
          "eng-Latn"
        ],
        "main_score": 0.50844,
        "map_at_1": 0.33173,
        "map_at_10": 0.44529,
        "map_at_100": 0.45904,
        "map_at_1000": 0.46024,
        "map_at_20": 0.45283,
        "map_at_3": 0.40833,
        "map_at_5": 0.43016,
        "mrr_at_1": 0.41201716738197425,
        "mrr_at_10": 0.5085780139428208,
        "mrr_at_100": 0.5148101300329221,
        "mrr_at_1000": 0.515281068343881,
        "mrr_at_20": 0.512087358942054,
        "mrr_at_3": 0.4816404387219838,
        "mrr_at_5": 0.49759179780639007,
        "nauc_map_at_1000_diff1": 0.5695814141373676,
        "nauc_map_at_1000_max": 0.4941559792518188,
        "nauc_map_at_1000_std": -0.04159407633406592,
        "nauc_map_at_100_diff1": 0.5695336602860104,
        "nauc_map_at_100_max": 0.49419575427358897,
        "nauc_map_at_100_std": -0.04156634664229344,
        "nauc_map_at_10_diff1": 0.5687881024925198,
        "nauc_map_at_10_max": 0.48863021711654825,
        "nauc_map_at_10_std": -0.05058256094328221,
        "nauc_map_at_1_diff1": 0.6219003718254686,
        "nauc_map_at_1_max": 0.4520279639762106,
        "nauc_map_at_1_std": -0.06461773858232812,
        "nauc_map_at_20_diff1": 0.5688454978034923,
        "nauc_map_at_20_max": 0.4920262132991983,
        "nauc_map_at_20_std": -0.04385181748313144,
        "nauc_map_at_3_diff1": 0.5850527321868512,
        "nauc_map_at_3_max": 0.48275963532668087,
        "nauc_map_at_3_std": -0.06529366828503566,
        "nauc_map_at_5_diff1": 0.5747560624841511,
        "nauc_map_at_5_max": 0.4850705563444716,
        "nauc_map_at_5_std": -0.05635681665898091,
        "nauc_mrr_at_1000_diff1": 0.5520782648499359,
        "nauc_mrr_at_1000_max": 0.4966414550123447,
        "nauc_mrr_at_1000_std": -0.03580017754126726,
        "nauc_mrr_at_100_diff1": 0.5519601791480647,
        "nauc_mrr_at_100_max": 0.49658523519956116,
        "nauc_mrr_at_100_std": -0.03584419593008353,
        "nauc_mrr_at_10_diff1": 0.5502890504240276,
        "nauc_mrr_at_10_max": 0.49583630683587493,
        "nauc_mrr_at_10_std": -0.03866030501085972,
        "nauc_mrr_at_1_diff1": 0.5918494862398949,
        "nauc_mrr_at_1_max": 0.4959481910457331,
        "nauc_mrr_at_1_std": -0.04312192419448492,
        "nauc_mrr_at_20_diff1": 0.5517435131378474,
        "nauc_mrr_at_20_max": 0.495676225051838,
        "nauc_mrr_at_20_std": -0.03642942429653593,
        "nauc_mrr_at_3_diff1": 0.5597164595962092,
        "nauc_mrr_at_3_max": 0.503114873012897,
        "nauc_mrr_at_3_std": -0.040807696605721186,
        "nauc_mrr_at_5_diff1": 0.5535783235685531,
        "nauc_mrr_at_5_max": 0.5004183241133026,
        "nauc_mrr_at_5_std": -0.037154805348925214,
        "nauc_ndcg_at_1000_diff1": 0.5504675242214216,
        "nauc_ndcg_at_1000_max": 0.500364855750448,
        "nauc_ndcg_at_1000_std": -0.018209667585343873,
        "nauc_ndcg_at_100_diff1": 0.5486097745975255,
        "nauc_ndcg_at_100_max": 0.5029328444838655,
        "nauc_ndcg_at_100_std": -0.01610042922141029,
        "nauc_ndcg_at_10_diff1": 0.543532295105315,
        "nauc_ndcg_at_10_max": 0.49139451781112803,
        "nauc_ndcg_at_10_std": -0.038327873132731075,
        "nauc_ndcg_at_1_diff1": 0.5955195695874536,
        "nauc_ndcg_at_1_max": 0.49790016674611826,
        "nauc_ndcg_at_1_std": -0.042618154189665115,
        "nauc_ndcg_at_20_diff1": 0.5470636944983364,
        "nauc_ndcg_at_20_max": 0.4940725891262087,
        "nauc_ndcg_at_20_std": -0.02621554649478251,
        "nauc_ndcg_at_3_diff1": 0.5639637584618266,
        "nauc_ndcg_at_3_max": 0.5025382496214067,
        "nauc_ndcg_at_3_std": -0.04485080039134465,
        "nauc_ndcg_at_5_diff1": 0.5517381841274831,
        "nauc_ndcg_at_5_max": 0.4958884834457942,
        "nauc_ndcg_at_5_std": -0.03884574291438055,
        "nauc_precision_at_1000_diff1": -0.13556252901461613,
        "nauc_precision_at_1000_max": -0.07902075413272351,
        "nauc_precision_at_1000_std": 0.03099644445925487,
        "nauc_precision_at_100_diff1": -0.06541491634434489,
        "nauc_precision_at_100_max": 0.05735863104823247,
        "nauc_precision_at_100_std": 0.08987626990071396,
        "nauc_precision_at_10_diff1": 0.10593714552640567,
        "nauc_precision_at_10_max": 0.2891445190000012,
        "nauc_precision_at_10_std": 0.08336748446618322,
        "nauc_precision_at_1_diff1": 0.5955195695874536,
        "nauc_precision_at_1_max": 0.49790016674611826,
        "nauc_precision_at_1_std": -0.042618154189665115,
        "nauc_precision_at_20_diff1": 0.04087268960843875,
        "nauc_precision_at_20_max": 0.22289999653671788,
        "nauc_precision_at_20_std": 0.12722434648839565,
        "nauc_precision_at_3_diff1": 0.3404491666557879,
        "nauc_precision_at_3_max": 0.43111173488155613,
        "nauc_precision_at_3_std": 0.01010425910630526,
        "nauc_precision_at_5_diff1": 0.22374360764701304,
        "nauc_precision_at_5_max": 0.360357336310059,
        "nauc_precision_at_5_std": 0.04707625114434884,
        "nauc_recall_at_1000_diff1": 0.30670807776696996,
        "nauc_recall_at_1000_max": 0.5521590302539251,
        "nauc_recall_at_1000_std": 0.4289712649633743,
        "nauc_recall_at_100_diff1": 0.4010172798587314,
        "nauc_recall_at_100_max": 0.512292912126164,
        "nauc_recall_at_100_std": 0.16206299142831,
        "nauc_recall_at_10_diff1": 0.43801509776802433,
        "nauc_recall_at_10_max": 0.43841553709965037,
        "nauc_recall_at_10_std": -0.020739129691528913,
        "nauc_recall_at_1_diff1": 0.6219003718254686,
        "nauc_recall_at_1_max": 0.4520279639762106,
        "nauc_recall_at_1_std": -0.06461773858232812,
        "nauc_recall_at_20_diff1": 0.43607783384613474,
        "nauc_recall_at_20_max": 0.44665465797725296,
        "nauc_recall_at_20_std": 0.03437409129600761,
        "nauc_recall_at_3_diff1": 0.5321623528650214,
        "nauc_recall_at_3_max": 0.47601753492519594,
        "nauc_recall_at_3_std": -0.061560523336358225,
        "nauc_recall_at_5_diff1": 0.48453882738513515,
        "nauc_recall_at_5_max": 0.4576599619000913,
        "nauc_recall_at_5_std": -0.03372738414351732,
        "ndcg_at_1": 0.41059,
        "ndcg_at_10": 0.50844,
        "ndcg_at_100": 0.5572,
        "ndcg_at_1000": 0.57703,
        "ndcg_at_20": 0.52685,
        "ndcg_at_3": 0.45811,
        "ndcg_at_5": 0.48311,
        "precision_at_1": 0.41059,
        "precision_at_10": 0.09614,
        "precision_at_100": 0.01511,
        "precision_at_1000": 0.00194,
        "precision_at_20": 0.05622,
        "precision_at_3": 0.21888,
        "precision_at_5": 0.1588,
        "recall_at_1": 0.33173,
        "recall_at_10": 0.6251,
        "recall_at_100": 0.82739,
        "recall_at_1000": 0.95529,
        "recall_at_20": 0.69094,
        "recall_at_3": 0.47644,
        "recall_at_5": 0.54608
      }
    ]
  },
  "task_name": "CQADupstackAndroidRetrieval"
}