{
  "dataset_revision": "65ac3a16b8e91f9cee4c9828cc7c335575432a2a",
  "evaluation_time": 49.31299710273743,
  "kg_co2_emissions": null,
  "mteb_version": "1.13.1",
  "scores": {
    "test": [
      {
        "hf_subset": "default",
        "languages": [
          "eng-Latn"
        ],
        "main_score": 0.38391,
        "map_at_1": 0.27707,
        "map_at_10": 0.34378,
        "map_at_100": 0.35164,
        "map_at_1000": 0.3527,
        "map_at_20": 0.34788,
        "map_at_3": 0.32362,
        "map_at_5": 0.33393,
        "mrr_at_1": 0.30828220858895705,
        "mrr_at_10": 0.3721199727334697,
        "mrr_at_100": 0.3788757587378342,
        "mrr_at_1000": 0.3795900235050516,
        "mrr_at_20": 0.3755931235714802,
        "mrr_at_3": 0.35327198364008183,
        "mrr_at_5": 0.36285787321063395,
        "nauc_map_at_1000_diff1": 0.5414010394182449,
        "nauc_map_at_1000_max": 0.4333515480345187,
        "nauc_map_at_1000_std": -0.015679264089764063,
        "nauc_map_at_100_diff1": 0.5413600572718147,
        "nauc_map_at_100_max": 0.4331995732211715,
        "nauc_map_at_100_std": -0.01554320851152515,
        "nauc_map_at_10_diff1": 0.5418815503841714,
        "nauc_map_at_10_max": 0.4335799411832511,
        "nauc_map_at_10_std": -0.022020598382966015,
        "nauc_map_at_1_diff1": 0.5784050805301467,
        "nauc_map_at_1_max": 0.39792673523341965,
        "nauc_map_at_1_std": -0.059144392902882606,
        "nauc_map_at_20_diff1": 0.5414701096096466,
        "nauc_map_at_20_max": 0.4323759431716021,
        "nauc_map_at_20_std": -0.01896843145736477,
        "nauc_map_at_3_diff1": 0.5492303034095246,
        "nauc_map_at_3_max": 0.42461778945568507,
        "nauc_map_at_3_std": -0.0391318607252527,
        "nauc_map_at_5_diff1": 0.5426453215623721,
        "nauc_map_at_5_max": 0.4279594923858605,
        "nauc_map_at_5_std": -0.027924728241271665,
        "nauc_mrr_at_1000_diff1": 0.5370883534341,
        "nauc_mrr_at_1000_max": 0.44949985501311573,
        "nauc_mrr_at_1000_std": 0.008410504912456476,
        "nauc_mrr_at_100_diff1": 0.5371287405669034,
        "nauc_mrr_at_100_max": 0.44953466863969976,
        "nauc_mrr_at_100_std": 0.00857898188154801,
        "nauc_mrr_at_10_diff1": 0.5372081418536085,
        "nauc_mrr_at_10_max": 0.45054796938712677,
        "nauc_mrr_at_10_std": 0.005000041667915564,
        "nauc_mrr_at_1_diff1": 0.5615836425484774,
        "nauc_mrr_at_1_max": 0.4278546104987029,
        "nauc_mrr_at_1_std": -0.02155973107705315,
        "nauc_mrr_at_20_diff1": 0.5378392627644321,
        "nauc_mrr_at_20_max": 0.45006582953566354,
        "nauc_mrr_at_20_std": 0.006701498187099152,
        "nauc_mrr_at_3_diff1": 0.541695319783654,
        "nauc_mrr_at_3_max": 0.447097458937005,
        "nauc_mrr_at_3_std": -0.006320330553812188,
        "nauc_mrr_at_5_diff1": 0.5382424191423849,
        "nauc_mrr_at_5_max": 0.44880704138105376,
        "nauc_mrr_at_5_std": 0.001211232467071632,
        "nauc_ndcg_at_1000_diff1": 0.5288443356525655,
        "nauc_ndcg_at_1000_max": 0.4522161613661549,
        "nauc_ndcg_at_1000_std": 0.02763293154317387,
        "nauc_ndcg_at_100_diff1": 0.527883544180785,
        "nauc_ndcg_at_100_max": 0.4490069520655318,
        "nauc_ndcg_at_100_std": 0.028662452145906164,
        "nauc_ndcg_at_10_diff1": 0.5291844616867706,
        "nauc_ndcg_at_10_max": 0.4469988535546149,
        "nauc_ndcg_at_10_std": -0.002000075880122088,
        "nauc_ndcg_at_1_diff1": 0.5615836425484774,
        "nauc_ndcg_at_1_max": 0.4278546104987029,
        "nauc_ndcg_at_1_std": -0.02155973107705315,
        "nauc_ndcg_at_20_diff1": 0.5295304665812373,
        "nauc_ndcg_at_20_max": 0.4437933186094071,
        "nauc_ndcg_at_20_std": 0.00813819314785103,
        "nauc_ndcg_at_3_diff1": 0.5348202549177091,
        "nauc_ndcg_at_3_max": 0.4355224489335423,
        "nauc_ndcg_at_3_std": -0.02202925473231235,
        "nauc_ndcg_at_5_diff1": 0.5295737564828783,
        "nauc_ndcg_at_5_max": 0.43931672383415515,
        "nauc_ndcg_at_5_std": -0.010131817205160352,
        "nauc_precision_at_1000_diff1": 0.02332901161400599,
        "nauc_precision_at_1000_max": 0.1829682521242331,
        "nauc_precision_at_1000_std": 0.19674966814811087,
        "nauc_precision_at_100_diff1": 0.225832571657819,
        "nauc_precision_at_100_max": 0.3608830189562293,
        "nauc_precision_at_100_std": 0.2545685264935342,
        "nauc_precision_at_10_diff1": 0.3582521802751412,
        "nauc_precision_at_10_max": 0.4496464430452148,
        "nauc_precision_at_10_std": 0.11631519503159071,
        "nauc_precision_at_1_diff1": 0.5615836425484774,
        "nauc_precision_at_1_max": 0.4278546104987029,
        "nauc_precision_at_1_std": -0.02155973107705315,
        "nauc_precision_at_20_diff1": 0.3211939658678376,
        "nauc_precision_at_20_max": 0.41685433515977727,
        "nauc_precision_at_20_std": 0.1685983811583079,
        "nauc_precision_at_3_diff1": 0.4442362476788116,
        "nauc_precision_at_3_max": 0.45255407315564655,
        "nauc_precision_at_3_std": 0.040094411872421645,
        "nauc_precision_at_5_diff1": 0.395711874692057,
        "nauc_precision_at_5_max": 0.44605137224733105,
        "nauc_precision_at_5_std": 0.08371240412149628,
        "nauc_recall_at_1000_diff1": 0.4156898355298019,
        "nauc_recall_at_1000_max": 0.5415705277854347,
        "nauc_recall_at_1000_std": 0.33698792549527695,
        "nauc_recall_at_100_diff1": 0.4429077398348448,
        "nauc_recall_at_100_max": 0.4542061832389081,
        "nauc_recall_at_100_std": 0.18961343346981455,
        "nauc_recall_at_10_diff1": 0.47970793387199573,
        "nauc_recall_at_10_max": 0.451828283385592,
        "nauc_recall_at_10_std": 0.028594284734876123,
        "nauc_recall_at_1_diff1": 0.5784050805301467,
        "nauc_recall_at_1_max": 0.39792673523341965,
        "nauc_recall_at_1_std": -0.059144392902882606,
        "nauc_recall_at_20_diff1": 0.4718803759249104,
        "nauc_recall_at_20_max": 0.428735327122948,
        "nauc_recall_at_20_std": 0.060004714739775325,
        "nauc_recall_at_3_diff1": 0.5136274934999537,
        "nauc_recall_at_3_max": 0.4304488379202901,
        "nauc_recall_at_3_std": -0.026118081017304267,
        "nauc_recall_at_5_diff1": 0.4932964255493119,
        "nauc_recall_at_5_max": 0.4391940831737275,
        "nauc_recall_at_5_std": 0.009322748473842195,
        "ndcg_at_1": 0.30828,
        "ndcg_at_10": 0.38391,
        "ndcg_at_100": 0.42301,
        "ndcg_at_1000": 0.44919,
        "ndcg_at_20": 0.39725,
        "ndcg_at_3": 0.34681,
        "ndcg_at_5": 0.36223,
        "precision_at_1": 0.30828,
        "precision_at_10": 0.05813,
        "precision_at_100": 0.0084,
        "precision_at_1000": 0.00116,
        "precision_at_20": 0.03252,
        "precision_at_3": 0.14571,
        "precision_at_5": 0.09877,
        "recall_at_1": 0.27707,
        "recall_at_10": 0.47907,
        "recall_at_100": 0.65859,
        "recall_at_1000": 0.8498,
        "recall_at_20": 0.52978,
        "recall_at_3": 0.37384,
        "recall_at_5": 0.41252
      }
    ]
  },
  "task_name": "CQADupstackStatsRetrieval"
}