{
  "dataset_revision": "160c094312a0e1facb97e55eeddb698c0abe3571",
  "evaluation_time": 45.8978796005249,
  "kg_co2_emissions": null,
  "mteb_version": "1.13.1",
  "scores": {
    "test": [
      {
        "hf_subset": "default",
        "languages": [
          "eng-Latn"
        ],
        "main_score": 0.40768,
        "map_at_1": 0.26981,
        "map_at_10": 0.35165,
        "map_at_100": 0.3673,
        "map_at_1000": 0.36949,
        "map_at_20": 0.35917,
        "map_at_3": 0.32321,
        "map_at_5": 0.33707,
        "mrr_at_1": 0.3221343873517787,
        "mrr_at_10": 0.39494557374992156,
        "mrr_at_100": 0.40485206228312753,
        "mrr_at_1000": 0.4053592866541435,
        "mrr_at_20": 0.40046571877388454,
        "mrr_at_3": 0.3708827404479578,
        "mrr_at_5": 0.3835309617918313,
        "nauc_map_at_1000_diff1": 0.5690764147341077,
        "nauc_map_at_1000_max": 0.44751435170213477,
        "nauc_map_at_1000_std": 0.012820486778086143,
        "nauc_map_at_100_diff1": 0.5692964137925768,
        "nauc_map_at_100_max": 0.448132558080801,
        "nauc_map_at_100_std": 0.01236497670490382,
        "nauc_map_at_10_diff1": 0.5758372838592486,
        "nauc_map_at_10_max": 0.4460742611267388,
        "nauc_map_at_10_std": -5.565279786846857e-05,
        "nauc_map_at_1_diff1": 0.6298248878577815,
        "nauc_map_at_1_max": 0.4341565716467329,
        "nauc_map_at_1_std": -0.035925042728075375,
        "nauc_map_at_20_diff1": 0.5708469400633849,
        "nauc_map_at_20_max": 0.44661501335053105,
        "nauc_map_at_20_std": 0.004545124050198222,
        "nauc_map_at_3_diff1": 0.5868306935296954,
        "nauc_map_at_3_max": 0.4466727368381201,
        "nauc_map_at_3_std": -0.018173477672126983,
        "nauc_map_at_5_diff1": 0.5799100254080889,
        "nauc_map_at_5_max": 0.44829822932673097,
        "nauc_map_at_5_std": -0.003208558835173955,
        "nauc_mrr_at_1000_diff1": 0.5570527351169519,
        "nauc_mrr_at_1000_max": 0.4573779663578474,
        "nauc_mrr_at_1000_std": 0.014715837601493597,
        "nauc_mrr_at_100_diff1": 0.5567482554516,
        "nauc_mrr_at_100_max": 0.45727563567089935,
        "nauc_mrr_at_100_std": 0.014967419044546827,
        "nauc_mrr_at_10_diff1": 0.5597143391193132,
        "nauc_mrr_at_10_max": 0.4578099830721184,
        "nauc_mrr_at_10_std": 0.012721692824895088,
        "nauc_mrr_at_1_diff1": 0.595825401186984,
        "nauc_mrr_at_1_max": 0.46056799450324765,
        "nauc_mrr_at_1_std": -0.00885290041627808,
        "nauc_mrr_at_20_diff1": 0.5564918608062629,
        "nauc_mrr_at_20_max": 0.45673699224930625,
        "nauc_mrr_at_20_std": 0.013453284332190289,
        "nauc_mrr_at_3_diff1": 0.566435434389037,
        "nauc_mrr_at_3_max": 0.46326744219263266,
        "nauc_mrr_at_3_std": -0.0009010626002563635,
        "nauc_mrr_at_5_diff1": 0.5605486018226369,
        "nauc_mrr_at_5_max": 0.460228920748203,
        "nauc_mrr_at_5_std": 0.01099841803596139,
        "nauc_ndcg_at_1000_diff1": 0.5436634735408442,
        "nauc_ndcg_at_1000_max": 0.4540962283501764,
        "nauc_ndcg_at_1000_std": 0.04601539549677445,
        "nauc_ndcg_at_100_diff1": 0.5349656868524347,
        "nauc_ndcg_at_100_max": 0.44737661990414257,
        "nauc_ndcg_at_100_std": 0.049747344029847575,
        "nauc_ndcg_at_10_diff1": 0.5464115292092443,
        "nauc_ndcg_at_10_max": 0.4393318943930835,
        "nauc_ndcg_at_10_std": 0.026158607779345935,
        "nauc_ndcg_at_1_diff1": 0.595825401186984,
        "nauc_ndcg_at_1_max": 0.46056799450324765,
        "nauc_ndcg_at_1_std": -0.00885290041627808,
        "nauc_ndcg_at_20_diff1": 0.5334042524762361,
        "nauc_ndcg_at_20_max": 0.4383163603622375,
        "nauc_ndcg_at_20_std": 0.02743772167445971,
        "nauc_ndcg_at_3_diff1": 0.5571767209810264,
        "nauc_ndcg_at_3_max": 0.448888715653097,
        "nauc_ndcg_at_3_std": -0.0011850766385744873,
        "nauc_ndcg_at_5_diff1": 0.5524244923765599,
        "nauc_ndcg_at_5_max": 0.4472227313547461,
        "nauc_ndcg_at_5_std": 0.023360508370868095,
        "nauc_precision_at_1000_diff1": -0.0683725717260967,
        "nauc_precision_at_1000_max": -0.05030737905321082,
        "nauc_precision_at_1000_std": 0.16033312142076248,
        "nauc_precision_at_100_diff1": -0.05174655474947528,
        "nauc_precision_at_100_max": 0.044076178496647245,
        "nauc_precision_at_100_std": 0.19666937570899423,
        "nauc_precision_at_10_diff1": 0.19535385793874507,
        "nauc_precision_at_10_max": 0.27846911165413596,
        "nauc_precision_at_10_std": 0.14351941703556786,
        "nauc_precision_at_1_diff1": 0.595825401186984,
        "nauc_precision_at_1_max": 0.46056799450324765,
        "nauc_precision_at_1_std": -0.00885290041627808,
        "nauc_precision_at_20_diff1": 0.0876267726836031,
        "nauc_precision_at_20_max": 0.204178715533295,
        "nauc_precision_at_20_std": 0.1676638807029125,
        "nauc_precision_at_3_diff1": 0.38837882533447393,
        "nauc_precision_at_3_max": 0.40607966684624935,
        "nauc_precision_at_3_std": 0.0539995478098198,
        "nauc_precision_at_5_diff1": 0.3058487850389571,
        "nauc_precision_at_5_max": 0.3742196771141523,
        "nauc_precision_at_5_std": 0.12538520834196867,
        "nauc_recall_at_1000_diff1": 0.32699811323541705,
        "nauc_recall_at_1000_max": 0.4889313622234079,
        "nauc_recall_at_1000_std": 0.43693018921973253,
        "nauc_recall_at_100_diff1": 0.31536328449022116,
        "nauc_recall_at_100_max": 0.36590119539220656,
        "nauc_recall_at_100_std": 0.24862879479545505,
        "nauc_recall_at_10_diff1": 0.46902400671534844,
        "nauc_recall_at_10_max": 0.39217805703337255,
        "nauc_recall_at_10_std": 0.06172855955296408,
        "nauc_recall_at_1_diff1": 0.6298248878577815,
        "nauc_recall_at_1_max": 0.4341565716467329,
        "nauc_recall_at_1_std": -0.035925042728075375,
        "nauc_recall_at_20_diff1": 0.3970325796505662,
        "nauc_recall_at_20_max": 0.36993419939568156,
        "nauc_recall_at_20_std": 0.07347640357213756,
        "nauc_recall_at_3_diff1": 0.5291590836155327,
        "nauc_recall_at_3_max": 0.4255493837063488,
        "nauc_recall_at_3_std": -0.0107124217864568,
        "nauc_recall_at_5_diff1": 0.5012227544388304,
        "nauc_recall_at_5_max": 0.41542792584284416,
        "nauc_recall_at_5_std": 0.03707361417566535,
        "ndcg_at_1": 0.32213,
        "ndcg_at_10": 0.40768,
        "ndcg_at_100": 0.46593,
        "ndcg_at_1000": 0.48914,
        "ndcg_at_20": 0.4268,
        "ndcg_at_3": 0.36205,
        "ndcg_at_5": 0.37919,
        "precision_at_1": 0.32213,
        "precision_at_10": 0.07747,
        "precision_at_100": 0.01571,
        "precision_at_1000": 0.00238,
        "precision_at_20": 0.04931,
        "precision_at_3": 0.16798,
        "precision_at_5": 0.11976,
        "recall_at_1": 0.26981,
        "recall_at_10": 0.51105,
        "recall_at_100": 0.77879,
        "recall_at_1000": 0.92374,
        "recall_at_20": 0.58291,
        "recall_at_3": 0.37741,
        "recall_at_5": 0.42514
      }
    ]
  },
  "task_name": "CQADupstackWebmastersRetrieval"
}