{
  "dataset_revision": "79531abbd1fb92d06c6d6315a0cbbbf5bb247ea4",
  "evaluation_time": 56.38079380989075,
  "kg_co2_emissions": null,
  "mteb_version": "1.13.1",
  "scores": {
    "test": [
      {
        "hf_subset": "default",
        "languages": [
          "eng-Latn"
        ],
        "main_score": 0.47962,
        "map_at_1": 0.31652,
        "map_at_10": 0.42206,
        "map_at_100": 0.43492,
        "map_at_1000": 0.43595,
        "map_at_20": 0.42901,
        "map_at_3": 0.39266,
        "map_at_5": 0.41007,
        "mrr_at_1": 0.3849855630413859,
        "mrr_at_10": 0.48087866843882243,
        "mrr_at_100": 0.48808070951924004,
        "mrr_at_1000": 0.48854805386326833,
        "mrr_at_20": 0.4846921213591282,
        "mrr_at_3": 0.45925569457812,
        "mrr_at_5": 0.47268206608918834,
        "nauc_map_at_1000_diff1": 0.5009033532780628,
        "nauc_map_at_1000_max": 0.3822647676930068,
        "nauc_map_at_1000_std": -0.04252964992302498,
        "nauc_map_at_100_diff1": 0.5006790994953204,
        "nauc_map_at_100_max": 0.3814945302570383,
        "nauc_map_at_100_std": -0.043328882154124705,
        "nauc_map_at_10_diff1": 0.4974349055485303,
        "nauc_map_at_10_max": 0.3773687203330505,
        "nauc_map_at_10_std": -0.05136589043261671,
        "nauc_map_at_1_diff1": 0.5575475897343454,
        "nauc_map_at_1_max": 0.3599292251522258,
        "nauc_map_at_1_std": -0.07864133717754095,
        "nauc_map_at_20_diff1": 0.49883031810067263,
        "nauc_map_at_20_max": 0.37879596954875067,
        "nauc_map_at_20_std": -0.04796355104920297,
        "nauc_map_at_3_diff1": 0.5095826416887069,
        "nauc_map_at_3_max": 0.3737110457959378,
        "nauc_map_at_3_std": -0.06376150673230706,
        "nauc_map_at_5_diff1": 0.502026878560223,
        "nauc_map_at_5_max": 0.3731336300596848,
        "nauc_map_at_5_std": -0.0611117723282857,
        "nauc_mrr_at_1000_diff1": 0.5199953156606747,
        "nauc_mrr_at_1000_max": 0.4018483773918766,
        "nauc_mrr_at_1000_std": -0.02563929208721426,
        "nauc_mrr_at_100_diff1": 0.5199246101043863,
        "nauc_mrr_at_100_max": 0.4017321315660981,
        "nauc_mrr_at_100_std": -0.025604796547230906,
        "nauc_mrr_at_10_diff1": 0.5181019565194994,
        "nauc_mrr_at_10_max": 0.4003762869802596,
        "nauc_mrr_at_10_std": -0.029030416251361744,
        "nauc_mrr_at_1_diff1": 0.5625921895110924,
        "nauc_mrr_at_1_max": 0.3899702015256327,
        "nauc_mrr_at_1_std": -0.047550820789315586,
        "nauc_mrr_at_20_diff1": 0.5187734165534428,
        "nauc_mrr_at_20_max": 0.40097964833846383,
        "nauc_mrr_at_20_std": -0.02709691874419235,
        "nauc_mrr_at_3_diff1": 0.5295935796269436,
        "nauc_mrr_at_3_max": 0.40173746869508364,
        "nauc_mrr_at_3_std": -0.037028270353606875,
        "nauc_mrr_at_5_diff1": 0.5217787860403833,
        "nauc_mrr_at_5_max": 0.4001942768543989,
        "nauc_mrr_at_5_std": -0.03539226552039239,
        "nauc_ndcg_at_1000_diff1": 0.49314846468340456,
        "nauc_ndcg_at_1000_max": 0.40453563457641223,
        "nauc_ndcg_at_1000_std": -0.0009609070324493308,
        "nauc_ndcg_at_100_diff1": 0.489826915707952,
        "nauc_ndcg_at_100_max": 0.39610554987678476,
        "nauc_ndcg_at_100_std": -0.005005424471580776,
        "nauc_ndcg_at_10_diff1": 0.4777022133000824,
        "nauc_ndcg_at_10_max": 0.3828912273422544,
        "nauc_ndcg_at_10_std": -0.03567899367614406,
        "nauc_ndcg_at_1_diff1": 0.5655237967644507,
        "nauc_ndcg_at_1_max": 0.39110573985142194,
        "nauc_ndcg_at_1_std": -0.04803121439151139,
        "nauc_ndcg_at_20_diff1": 0.480881673731532,
        "nauc_ndcg_at_20_max": 0.3853847012283032,
        "nauc_ndcg_at_20_std": -0.02627539088818744,
        "nauc_ndcg_at_3_diff1": 0.5022583399186693,
        "nauc_ndcg_at_3_max": 0.38533899699845586,
        "nauc_ndcg_at_3_std": -0.05441056876670705,
        "nauc_ndcg_at_5_diff1": 0.4885651747962704,
        "nauc_ndcg_at_5_max": 0.3801360406265033,
        "nauc_ndcg_at_5_std": -0.05196763858002765,
        "nauc_precision_at_1000_diff1": -0.07010214566187968,
        "nauc_precision_at_1000_max": 0.08948786944491047,
        "nauc_precision_at_1000_std": 0.22754061467344602,
        "nauc_precision_at_100_diff1": 0.028624729343506232,
        "nauc_precision_at_100_max": 0.16612110008373204,
        "nauc_precision_at_100_std": 0.22992710736277808,
        "nauc_precision_at_10_diff1": 0.17646522606105158,
        "nauc_precision_at_10_max": 0.2869847082632646,
        "nauc_precision_at_10_std": 0.12021719032435915,
        "nauc_precision_at_1_diff1": 0.5655237967644507,
        "nauc_precision_at_1_max": 0.39110573985142194,
        "nauc_precision_at_1_std": -0.04803121439151139,
        "nauc_precision_at_20_diff1": 0.1199953656486234,
        "nauc_precision_at_20_max": 0.24339162239384188,
        "nauc_precision_at_20_std": 0.16217007476451717,
        "nauc_precision_at_3_diff1": 0.3742407876693809,
        "nauc_precision_at_3_max": 0.3730898283004347,
        "nauc_precision_at_3_std": 0.004050023203026541,
        "nauc_precision_at_5_diff1": 0.2772318196790835,
        "nauc_precision_at_5_max": 0.3271141721205848,
        "nauc_precision_at_5_std": 0.03840455989482915,
        "nauc_recall_at_1000_diff1": 0.33347128862635406,
        "nauc_recall_at_1000_max": 0.5739133479367212,
        "nauc_recall_at_1000_std": 0.4772142020550819,
        "nauc_recall_at_100_diff1": 0.3794668892390391,
        "nauc_recall_at_100_max": 0.3875138591593641,
        "nauc_recall_at_100_std": 0.17881670178394393,
        "nauc_recall_at_10_diff1": 0.36837931108396055,
        "nauc_recall_at_10_max": 0.347274257434671,
        "nauc_recall_at_10_std": -0.012288873381921982,
        "nauc_recall_at_1_diff1": 0.5575475897343454,
        "nauc_recall_at_1_max": 0.3599292251522258,
        "nauc_recall_at_1_std": -0.07864133717754095,
        "nauc_recall_at_20_diff1": 0.37089729342586236,
        "nauc_recall_at_20_max": 0.34800577580186215,
        "nauc_recall_at_20_std": 0.020600899949228473,
        "nauc_recall_at_3_diff1": 0.44327982762622625,
        "nauc_recall_at_3_max": 0.35533082611301586,
        "nauc_recall_at_3_std": -0.06813157112532363,
        "nauc_recall_at_5_diff1": 0.4072458612737695,
        "nauc_recall_at_5_max": 0.34128624376733985,
        "nauc_recall_at_5_std": -0.06442066158946524,
        "ndcg_at_1": 0.38402,
        "ndcg_at_10": 0.47962,
        "ndcg_at_100": 0.53195,
        "ndcg_at_1000": 0.55125,
        "ndcg_at_20": 0.49927,
        "ndcg_at_3": 0.43452,
        "ndcg_at_5": 0.45787,
        "precision_at_1": 0.38402,
        "precision_at_10": 0.08412,
        "precision_at_100": 0.0129,
        "precision_at_1000": 0.00162,
        "precision_at_20": 0.04885,
        "precision_at_3": 0.20244,
        "precision_at_5": 0.14244,
        "recall_at_1": 0.31652,
        "recall_at_10": 0.59223,
        "recall_at_100": 0.81038,
        "recall_at_1000": 0.93703,
        "recall_at_20": 0.65924,
        "recall_at_3": 0.4683,
        "recall_at_5": 0.52862
      }
    ]
  },
  "task_name": "CQADupstackPhysicsRetrieval"
}