{
  "dataset_revision": "5003b3064772da1887988e05400cf3806fe491f2",
  "evaluation_time": 54.978089809417725,
  "kg_co2_emissions": null,
  "mteb_version": "1.13.1",
  "scores": {
    "test": [
      {
        "hf_subset": "default",
        "languages": [
          "eng-Latn"
        ],
        "main_score": 0.39365,
        "map_at_1": 0.26536,
        "map_at_10": 0.34785,
        "map_at_100": 0.35767,
        "map_at_1000": 0.35846,
        "map_at_20": 0.35331,
        "map_at_3": 0.32323,
        "map_at_5": 0.33657,
        "mrr_at_1": 0.28700564971751413,
        "mrr_at_10": 0.36770603533315394,
        "mrr_at_100": 0.37631061555567524,
        "mrr_at_1000": 0.37692743468816464,
        "mrr_at_20": 0.3724370922097479,
        "mrr_at_3": 0.344256120527307,
        "mrr_at_5": 0.3570244821092278,
        "nauc_map_at_1000_diff1": 0.4578957020395455,
        "nauc_map_at_1000_max": 0.3887725643194617,
        "nauc_map_at_1000_std": -0.026815063289786167,
        "nauc_map_at_100_diff1": 0.45762010318570046,
        "nauc_map_at_100_max": 0.38841309202282337,
        "nauc_map_at_100_std": -0.02707930324668977,
        "nauc_map_at_10_diff1": 0.4604753317445865,
        "nauc_map_at_10_max": 0.38829791416338605,
        "nauc_map_at_10_std": -0.029840565221974546,
        "nauc_map_at_1_diff1": 0.5137770484178605,
        "nauc_map_at_1_max": 0.36988234511547136,
        "nauc_map_at_1_std": -0.09325110839409541,
        "nauc_map_at_20_diff1": 0.4584519703696142,
        "nauc_map_at_20_max": 0.3893689488623644,
        "nauc_map_at_20_std": -0.02603464809642371,
        "nauc_map_at_3_diff1": 0.4750691644335434,
        "nauc_map_at_3_max": 0.38461075491401864,
        "nauc_map_at_3_std": -0.046362707934159184,
        "nauc_map_at_5_diff1": 0.4665056880226455,
        "nauc_map_at_5_max": 0.3903989367556222,
        "nauc_map_at_5_std": -0.0311098191247352,
        "nauc_mrr_at_1000_diff1": 0.45267060521174113,
        "nauc_mrr_at_1000_max": 0.4029065654137216,
        "nauc_mrr_at_1000_std": -0.009150555805365279,
        "nauc_mrr_at_100_diff1": 0.4523913554860718,
        "nauc_mrr_at_100_max": 0.4026508532055609,
        "nauc_mrr_at_100_std": -0.009311831850083335,
        "nauc_mrr_at_10_diff1": 0.4548990518191378,
        "nauc_mrr_at_10_max": 0.4039024023819583,
        "nauc_mrr_at_10_std": -0.010540225288385607,
        "nauc_mrr_at_1_diff1": 0.5021784724359045,
        "nauc_mrr_at_1_max": 0.39709321130115227,
        "nauc_mrr_at_1_std": -0.0661580133372752,
        "nauc_mrr_at_20_diff1": 0.4528099462225356,
        "nauc_mrr_at_20_max": 0.4042472641985087,
        "nauc_mrr_at_20_std": -0.007550538622616104,
        "nauc_mrr_at_3_diff1": 0.4668520129271063,
        "nauc_mrr_at_3_max": 0.40289220960743394,
        "nauc_mrr_at_3_std": -0.024016555183889555,
        "nauc_mrr_at_5_diff1": 0.4608297593706557,
        "nauc_mrr_at_5_max": 0.40798570914317095,
        "nauc_mrr_at_5_std": -0.009454534356380518,
        "nauc_ndcg_at_1000_diff1": 0.4308097689584411,
        "nauc_ndcg_at_1000_max": 0.39569809927054816,
        "nauc_ndcg_at_1000_std": 0.008953802722159416,
        "nauc_ndcg_at_100_diff1": 0.4230384054102454,
        "nauc_ndcg_at_100_max": 0.3861267918995759,
        "nauc_ndcg_at_100_std": 0.005863900984943048,
        "nauc_ndcg_at_10_diff1": 0.4336395758989029,
        "nauc_ndcg_at_10_max": 0.3911293702316952,
        "nauc_ndcg_at_10_std": 5.388496444395135e-05,
        "nauc_ndcg_at_1_diff1": 0.5021784724359045,
        "nauc_ndcg_at_1_max": 0.39709321130115227,
        "nauc_ndcg_at_1_std": -0.0661580133372752,
        "nauc_ndcg_at_20_diff1": 0.42608723483524896,
        "nauc_ndcg_at_20_max": 0.3936190531434787,
        "nauc_ndcg_at_20_std": 0.012619380710254282,
        "nauc_ndcg_at_3_diff1": 0.4625852905524133,
        "nauc_ndcg_at_3_max": 0.3913586809446753,
        "nauc_ndcg_at_3_std": -0.02880786078834303,
        "nauc_ndcg_at_5_diff1": 0.4485169784685943,
        "nauc_ndcg_at_5_max": 0.3991522264835077,
        "nauc_ndcg_at_5_std": -0.0023556795483663092,
        "nauc_precision_at_1000_diff1": 0.022685137763775922,
        "nauc_precision_at_1000_max": 0.20986279859235246,
        "nauc_precision_at_1000_std": 0.13174839506070393,
        "nauc_precision_at_100_diff1": 0.137306470885592,
        "nauc_precision_at_100_max": 0.29385947536918616,
        "nauc_precision_at_100_std": 0.12021503723493403,
        "nauc_precision_at_10_diff1": 0.3090629062881701,
        "nauc_precision_at_10_max": 0.41434442006334116,
        "nauc_precision_at_10_std": 0.09469292760556257,
        "nauc_precision_at_1_diff1": 0.5021784724359045,
        "nauc_precision_at_1_max": 0.39709321130115227,
        "nauc_precision_at_1_std": -0.0661580133372752,
        "nauc_precision_at_20_diff1": 0.2521045725922568,
        "nauc_precision_at_20_max": 0.40556423273201697,
        "nauc_precision_at_20_std": 0.1410710192548892,
        "nauc_precision_at_3_diff1": 0.4050280960219563,
        "nauc_precision_at_3_max": 0.4306120643452736,
        "nauc_precision_at_3_std": 0.028298694206383337,
        "nauc_precision_at_5_diff1": 0.3636870760555833,
        "nauc_precision_at_5_max": 0.443295057599535,
        "nauc_precision_at_5_std": 0.08565029871324636,
        "nauc_recall_at_1000_diff1": 0.204402801204666,
        "nauc_recall_at_1000_max": 0.44059755720951443,
        "nauc_recall_at_1000_std": 0.316822557858101,
        "nauc_recall_at_100_diff1": 0.24104373164382345,
        "nauc_recall_at_100_max": 0.3078249337260596,
        "nauc_recall_at_100_std": 0.1210147173618418,
        "nauc_recall_at_10_diff1": 0.33937784111667285,
        "nauc_recall_at_10_max": 0.3633890540546088,
        "nauc_recall_at_10_std": 0.06937852618805491,
        "nauc_recall_at_1_diff1": 0.5137770484178605,
        "nauc_recall_at_1_max": 0.36988234511547136,
        "nauc_recall_at_1_std": -0.09325110839409541,
        "nauc_recall_at_20_diff1": 0.30339294336949457,
        "nauc_recall_at_20_max": 0.3691143020016114,
        "nauc_recall_at_20_std": 0.12235959906961441,
        "nauc_recall_at_3_diff1": 0.4259148290421091,
        "nauc_recall_at_3_max": 0.37953652811216765,
        "nauc_recall_at_3_std": 0.0026129663922165505,
        "nauc_recall_at_5_diff1": 0.38961541040283365,
        "nauc_recall_at_5_max": 0.3939461304629574,
        "nauc_recall_at_5_std": 0.06027162480914685,
        "ndcg_at_1": 0.28701,
        "ndcg_at_10": 0.39365,
        "ndcg_at_100": 0.44296,
        "ndcg_at_1000": 0.46388,
        "ndcg_at_20": 0.41204,
        "ndcg_at_3": 0.34566,
        "ndcg_at_5": 0.36826,
        "precision_at_1": 0.28701,
        "precision_at_10": 0.05876,
        "precision_at_100": 0.00873,
        "precision_at_1000": 0.0011,
        "precision_at_20": 0.03356,
        "precision_at_3": 0.14313,
        "precision_at_5": 0.09921,
        "recall_at_1": 0.26536,
        "recall_at_10": 0.51542,
        "recall_at_100": 0.74596,
        "recall_at_1000": 0.90325,
        "recall_at_20": 0.58472,
        "recall_at_3": 0.38722,
        "recall_at_5": 0.44138
      }
    ]
  },
  "task_name": "CQADupstackGisRetrieval"
}