{
  "dataset_revision": "6c6430d3a6d36f8d2a829195bc5dc94d7e063e53",
  "evaluation_time": 33.94415044784546,
  "kg_co2_emissions": null,
  "mteb_version": "1.13.1",
  "scores": {
    "test": [
      {
        "hf_subset": "default",
        "languages": [
          "eng-Latn"
        ],
        "main_score": 0.4151,
        "map_at_1": 0.28049,
        "map_at_10": 0.36366,
        "map_at_100": 0.37478,
        "map_at_1000": 0.37576,
        "map_at_20": 0.3699,
        "map_at_3": 0.33662,
        "map_at_5": 0.35224,
        "mrr_at_1": 0.33488805970149255,
        "mrr_at_10": 0.4101445895522388,
        "mrr_at_100": 0.4183804814350234,
        "mrr_at_1000": 0.4189257574769509,
        "mrr_at_20": 0.4148397362414231,
        "mrr_at_3": 0.38526119402985076,
        "mrr_at_5": 0.39967350746268654,
        "nauc_map_at_1000_diff1": 0.4811312751881446,
        "nauc_map_at_1000_max": 0.47821714789369646,
        "nauc_map_at_1000_std": 0.02422716711773268,
        "nauc_map_at_100_diff1": 0.4811530839291941,
        "nauc_map_at_100_max": 0.4780752132270448,
        "nauc_map_at_100_std": 0.02423669141718615,
        "nauc_map_at_10_diff1": 0.48067174860539186,
        "nauc_map_at_10_max": 0.47421209987920404,
        "nauc_map_at_10_std": 0.018685971582242302,
        "nauc_map_at_1_diff1": 0.5307990572318461,
        "nauc_map_at_1_max": 0.4778640220565434,
        "nauc_map_at_1_std": -0.0019161159518393965,
        "nauc_map_at_20_diff1": 0.48126620694312305,
        "nauc_map_at_20_max": 0.47682292931630044,
        "nauc_map_at_20_std": 0.02157014317780828,
        "nauc_map_at_3_diff1": 0.4906227185782168,
        "nauc_map_at_3_max": 0.4806853699995329,
        "nauc_map_at_3_std": 0.012445653913979166,
        "nauc_map_at_5_diff1": 0.4856074946745839,
        "nauc_map_at_5_max": 0.477996442323543,
        "nauc_map_at_5_std": 0.0165221367622103,
        "nauc_mrr_at_1000_diff1": 0.48784306860500554,
        "nauc_mrr_at_1000_max": 0.4925006614039468,
        "nauc_mrr_at_1000_std": 0.023092455052416107,
        "nauc_mrr_at_100_diff1": 0.48770015355545154,
        "nauc_mrr_at_100_max": 0.4924375305653752,
        "nauc_mrr_at_100_std": 0.0233606065052823,
        "nauc_mrr_at_10_diff1": 0.4860175662249231,
        "nauc_mrr_at_10_max": 0.49106598766024523,
        "nauc_mrr_at_10_std": 0.020328675104342317,
        "nauc_mrr_at_1_diff1": 0.5340430446372793,
        "nauc_mrr_at_1_max": 0.5053560929093165,
        "nauc_mrr_at_1_std": 0.0022989799711157824,
        "nauc_mrr_at_20_diff1": 0.48776556742625865,
        "nauc_mrr_at_20_max": 0.49231011777064154,
        "nauc_mrr_at_20_std": 0.021750769066042928,
        "nauc_mrr_at_3_diff1": 0.49703173863052247,
        "nauc_mrr_at_3_max": 0.5006025342783788,
        "nauc_mrr_at_3_std": 0.017633795875247597,
        "nauc_mrr_at_5_diff1": 0.4915495299986346,
        "nauc_mrr_at_5_max": 0.49633328185692593,
        "nauc_mrr_at_5_std": 0.018433329759764958,
        "nauc_ndcg_at_1000_diff1": 0.4640483272292028,
        "nauc_ndcg_at_1000_max": 0.48420295148019415,
        "nauc_ndcg_at_1000_std": 0.05196418167850195,
        "nauc_ndcg_at_100_diff1": 0.46046411491029604,
        "nauc_ndcg_at_100_max": 0.4788483471384723,
        "nauc_ndcg_at_100_std": 0.05380398645835172,
        "nauc_ndcg_at_10_diff1": 0.4593098460167905,
        "nauc_ndcg_at_10_max": 0.4674637643213575,
        "nauc_ndcg_at_10_std": 0.026847268712156775,
        "nauc_ndcg_at_1_diff1": 0.5311475137972668,
        "nauc_ndcg_at_1_max": 0.5036563637302879,
        "nauc_ndcg_at_1_std": 0.005354765811836365,
        "nauc_ndcg_at_20_diff1": 0.46204422362890946,
        "nauc_ndcg_at_20_max": 0.474128971131966,
        "nauc_ndcg_at_20_std": 0.035705505725916034,
        "nauc_ndcg_at_3_diff1": 0.47481380791378214,
        "nauc_ndcg_at_3_max": 0.4861616361779167,
        "nauc_ndcg_at_3_std": 0.019148415498531964,
        "nauc_ndcg_at_5_diff1": 0.4691356687312368,
        "nauc_ndcg_at_5_max": 0.4772501258738319,
        "nauc_ndcg_at_5_std": 0.02232494603303768,
        "nauc_precision_at_1000_diff1": -0.09462947875171082,
        "nauc_precision_at_1000_max": 0.030777403736868186,
        "nauc_precision_at_1000_std": 0.07130876558277913,
        "nauc_precision_at_100_diff1": 0.04219858520554452,
        "nauc_precision_at_100_max": 0.18043937320018774,
        "nauc_precision_at_100_std": 0.13019401553226728,
        "nauc_precision_at_10_diff1": 0.2277152694702074,
        "nauc_precision_at_10_max": 0.3320902655787259,
        "nauc_precision_at_10_std": 0.042208363345284806,
        "nauc_precision_at_1_diff1": 0.5311475137972668,
        "nauc_precision_at_1_max": 0.5036563637302879,
        "nauc_precision_at_1_std": 0.005354765811836365,
        "nauc_precision_at_20_diff1": 0.1813330471908067,
        "nauc_precision_at_20_max": 0.30101954640680667,
        "nauc_precision_at_20_std": 0.07546354427087008,
        "nauc_precision_at_3_diff1": 0.3559769379926699,
        "nauc_precision_at_3_max": 0.44280620872679927,
        "nauc_precision_at_3_std": 0.030981276069706624,
        "nauc_precision_at_5_diff1": 0.3052025651341922,
        "nauc_precision_at_5_max": 0.4032459010836069,
        "nauc_precision_at_5_std": 0.04461233930325025,
        "nauc_recall_at_1000_diff1": 0.35262348570626423,
        "nauc_recall_at_1000_max": 0.5568510146448704,
        "nauc_recall_at_1000_std": 0.4039733112275502,
        "nauc_recall_at_100_diff1": 0.33771295981160615,
        "nauc_recall_at_100_max": 0.42822027793452516,
        "nauc_recall_at_100_std": 0.22183741575352509,
        "nauc_recall_at_10_diff1": 0.37458107563138227,
        "nauc_recall_at_10_max": 0.4026740540989564,
        "nauc_recall_at_10_std": 0.04611139752511535,
        "nauc_recall_at_1_diff1": 0.5307990572318461,
        "nauc_recall_at_1_max": 0.4778640220565434,
        "nauc_recall_at_1_std": -0.0019161159518393965,
        "nauc_recall_at_20_diff1": 0.37575580666877945,
        "nauc_recall_at_20_max": 0.4180838433296749,
        "nauc_recall_at_20_std": 0.07894124371503813,
        "nauc_recall_at_3_diff1": 0.4330213676452208,
        "nauc_recall_at_3_max": 0.4647811453447337,
        "nauc_recall_at_3_std": 0.029129195362642545,
        "nauc_recall_at_5_diff1": 0.4068968175415856,
        "nauc_recall_at_5_max": 0.4379197528304771,
        "nauc_recall_at_5_std": 0.03333359090534803,
        "ndcg_at_1": 0.33582,
        "ndcg_at_10": 0.4151,
        "ndcg_at_100": 0.46613,
        "ndcg_at_1000": 0.4877,
        "ndcg_at_20": 0.43485,
        "ndcg_at_3": 0.36691,
        "ndcg_at_5": 0.38962,
        "precision_at_1": 0.33582,
        "precision_at_10": 0.06884,
        "precision_at_100": 0.01058,
        "precision_at_1000": 0.00135,
        "precision_at_20": 0.03993,
        "precision_at_3": 0.16511,
        "precision_at_5": 0.11511,
        "recall_at_1": 0.28049,
        "recall_at_10": 0.52676,
        "recall_at_100": 0.75071,
        "recall_at_1000": 0.90112,
        "recall_at_20": 0.5982,
        "recall_at_3": 0.39263,
        "recall_at_5": 0.45249
      }
    ]
  },
  "task_name": "CQADupstackUnixRetrieval"
}