{
  "dataset_revision": "ab518f4d6fcca38d87c25209f94beba119d02014",
  "evaluation_time": 1624.7887935638428,
  "kg_co2_emissions": null,
  "mteb_version": "1.13.1",
  "scores": {
    "test": [
      {
        "hf_subset": "default",
        "languages": [
          "eng-Latn"
        ],
        "main_score": 0.61665,
        "map_at_1": 0.3657,
        "map_at_10": 0.51919,
        "map_at_100": 0.52828,
        "map_at_1000": 0.52897,
        "map_at_20": 0.52451,
        "map_at_3": 0.48717,
        "map_at_5": 0.50684,
        "mrr_at_1": 0.7313977042538825,
        "mrr_at_10": 0.7994365132953924,
        "mrr_at_100": 0.80145599625385,
        "mrr_at_1000": 0.8015503096837012,
        "mrr_at_20": 0.8007055821057426,
        "mrr_at_3": 0.7869907720009003,
        "mrr_at_5": 0.7949448570785506,
        "nauc_map_at_1000_diff1": 0.259974643348146,
        "nauc_map_at_1000_max": 0.2596132390521179,
        "nauc_map_at_1000_std": 0.03762921400826962,
        "nauc_map_at_100_diff1": 0.25980370620204696,
        "nauc_map_at_100_max": 0.2593963600757581,
        "nauc_map_at_100_std": 0.037414108189886434,
        "nauc_map_at_10_diff1": 0.2645469201105004,
        "nauc_map_at_10_max": 0.2634256123556205,
        "nauc_map_at_10_std": 0.03359062066759879,
        "nauc_map_at_1_diff1": 0.7390060801645943,
        "nauc_map_at_1_max": 0.5094089105100555,
        "nauc_map_at_1_std": -0.028466511455423456,
        "nauc_map_at_20_diff1": 0.2608777058862748,
        "nauc_map_at_20_max": 0.2606329772494878,
        "nauc_map_at_20_std": 0.03595783290217904,
        "nauc_map_at_3_diff1": 0.29542359539946517,
        "nauc_map_at_3_max": 0.2834907897664224,
        "nauc_map_at_3_std": 0.018463486372747154,
        "nauc_map_at_5_diff1": 0.2740400040964393,
        "nauc_map_at_5_max": 0.27037110927484914,
        "nauc_map_at_5_std": 0.02661499377762379,
        "nauc_mrr_at_1000_diff1": 0.7243171650601764,
        "nauc_mrr_at_1000_max": 0.5285303399749286,
        "nauc_mrr_at_1000_std": -0.015403231178189704,
        "nauc_mrr_at_100_diff1": 0.7242845255794721,
        "nauc_mrr_at_100_max": 0.528550310726632,
        "nauc_mrr_at_100_std": -0.015329355898113356,
        "nauc_mrr_at_10_diff1": 0.7236754082412256,
        "nauc_mrr_at_10_max": 0.5290710381676946,
        "nauc_mrr_at_10_std": -0.015445056230954058,
        "nauc_mrr_at_1_diff1": 0.7390060801645943,
        "nauc_mrr_at_1_max": 0.5090665855095079,
        "nauc_mrr_at_1_std": -0.028976804016483112,
        "nauc_mrr_at_20_diff1": 0.7243307564358775,
        "nauc_mrr_at_20_max": 0.5286400938600552,
        "nauc_mrr_at_20_std": -0.015469288342995371,
        "nauc_mrr_at_3_diff1": 0.7269039038748001,
        "nauc_mrr_at_3_max": 0.5342849848044054,
        "nauc_mrr_at_3_std": -0.018536411218977318,
        "nauc_mrr_at_5_diff1": 0.7242278004070669,
        "nauc_mrr_at_5_max": 0.5305634208660178,
        "nauc_mrr_at_5_std": -0.016951591885741246,
        "nauc_ndcg_at_1000_diff1": 0.29323363022712556,
        "nauc_ndcg_at_1000_max": 0.28187157538491353,
        "nauc_ndcg_at_1000_std": 0.05946480288683091,
        "nauc_ndcg_at_100_diff1": 0.28710606778678854,
        "nauc_ndcg_at_100_max": 0.27556692545219924,
        "nauc_ndcg_at_100_std": 0.056040903743698356,
        "nauc_ndcg_at_10_diff1": 0.3037606970937715,
        "nauc_ndcg_at_10_max": 0.2901085931998545,
        "nauc_ndcg_at_10_std": 0.04047356753688259,
        "nauc_ndcg_at_1_diff1": 0.7390060801645943,
        "nauc_ndcg_at_1_max": 0.5094089105100555,
        "nauc_ndcg_at_1_std": -0.028466511455423456,
        "nauc_ndcg_at_20_diff1": 0.2930158917040064,
        "nauc_ndcg_at_20_max": 0.2815202540843689,
        "nauc_ndcg_at_20_std": 0.047129539470168035,
        "nauc_ndcg_at_3_diff1": 0.3598449897683974,
        "nauc_ndcg_at_3_max": 0.3276447600473469,
        "nauc_ndcg_at_3_std": 0.01630036809298822,
        "nauc_ndcg_at_5_diff1": 0.3254279556362987,
        "nauc_ndcg_at_5_max": 0.3057621136184639,
        "nauc_ndcg_at_5_std": 0.02797712487607877,
        "nauc_precision_at_1000_diff1": -0.1360534165263714,
        "nauc_precision_at_1000_max": 0.020275976691581897,
        "nauc_precision_at_1000_std": 0.22913271979503105,
        "nauc_precision_at_100_diff1": -0.06592303624063672,
        "nauc_precision_at_100_max": 0.0424137125572616,
        "nauc_precision_at_100_std": 0.15754737625717585,
        "nauc_precision_at_10_diff1": 0.06182523949526967,
        "nauc_precision_at_10_max": 0.14384310989985347,
        "nauc_precision_at_10_std": 0.08537546264250062,
        "nauc_precision_at_1_diff1": 0.7390060801645943,
        "nauc_precision_at_1_max": 0.5094089105100555,
        "nauc_precision_at_1_std": -0.028466511455423456,
        "nauc_precision_at_20_diff1": 0.010466242135881664,
        "nauc_precision_at_20_max": 0.10237882478599009,
        "nauc_precision_at_20_std": 0.10610607407323694,
        "nauc_precision_at_3_diff1": 0.21132870769082182,
        "nauc_precision_at_3_max": 0.2519815752226667,
        "nauc_precision_at_3_std": 0.034837299235672574,
        "nauc_precision_at_5_diff1": 0.13035087222142255,
        "nauc_precision_at_5_max": 0.1952482173028396,
        "nauc_precision_at_5_std": 0.056593679581539096,
        "nauc_recall_at_1000_diff1": -0.13605341652637043,
        "nauc_recall_at_1000_max": 0.020275976691583625,
        "nauc_recall_at_1000_std": 0.22913271979503136,
        "nauc_recall_at_100_diff1": -0.06592303624063733,
        "nauc_recall_at_100_max": 0.04241371255726074,
        "nauc_recall_at_100_std": 0.1575473762571748,
        "nauc_recall_at_10_diff1": 0.06182523949526986,
        "nauc_recall_at_10_max": 0.14384310989985322,
        "nauc_recall_at_10_std": 0.08537546264250079,
        "nauc_recall_at_1_diff1": 0.7390060801645943,
        "nauc_recall_at_1_max": 0.5094089105100555,
        "nauc_recall_at_1_std": -0.028466511455423456,
        "nauc_recall_at_20_diff1": 0.010466242135882046,
        "nauc_recall_at_20_max": 0.10237882478598993,
        "nauc_recall_at_20_std": 0.1061060740732371,
        "nauc_recall_at_3_diff1": 0.21132870769082127,
        "nauc_recall_at_3_max": 0.2519815752226672,
        "nauc_recall_at_3_std": 0.03483729923567271,
        "nauc_recall_at_5_diff1": 0.13035087222142183,
        "nauc_recall_at_5_max": 0.1952482173028394,
        "nauc_recall_at_5_std": 0.05659367958153925,
        "ndcg_at_1": 0.7314,
        "ndcg_at_10": 0.61665,
        "ndcg_at_100": 0.64865,
        "ndcg_at_1000": 0.66226,
        "ndcg_at_20": 0.62987,
        "ndcg_at_3": 0.5689,
        "ndcg_at_5": 0.59509,
        "precision_at_1": 0.7314,
        "precision_at_10": 0.12762,
        "precision_at_100": 0.01527,
        "precision_at_1000": 0.00171,
        "precision_at_20": 0.06806,
        "precision_at_3": 0.35467,
        "precision_at_5": 0.23357,
        "recall_at_1": 0.3657,
        "recall_at_10": 0.63808,
        "recall_at_100": 0.76374,
        "recall_at_1000": 0.85402,
        "recall_at_20": 0.68055,
        "recall_at_3": 0.53201,
        "recall_at_5": 0.58393
      }
    ]
  },
  "task_name": "HotpotQA"
}