{
  "dataset_revision": "59042f120c80e8afa9cdbb224f67076cec0fc9a7",
  "evaluation_time": 146.01529788970947,
  "kg_co2_emissions": null,
  "mteb_version": "1.13.1",
  "scores": {
    "test": [
      {
        "hf_subset": "default",
        "languages": [
          "eng-Latn"
        ],
        "main_score": 0.3036896681484953,
        "map": 0.3036896681484953,
        "mrr": 0.3133532657849667,
        "nAUC_map_diff1": 0.10278128200905612,
        "nAUC_map_max": -0.22186072195800446,
        "nAUC_map_std": -0.05422787790186003,
        "nAUC_mrr_diff1": 0.10132506164822465,
        "nAUC_mrr_max": -0.16568132698203683,
        "nAUC_mrr_std": -0.03012916100345866
      }
    ]
  },
  "task_name": "MindSmallReranking"
}