{
  "dataset_revision": "ec0fa4fe99da2ff19ca1214b7966684033a58814",
  "evaluation_time": 39.6178879737854,
  "kg_co2_emissions": null,
  "mteb_version": "1.13.1",
  "scores": {
    "test": [
      {
        "hf_subset": "default",
        "languages": [
          "eng-Latn"
        ],
        "main_score": 0.36611,
        "map_at_1": 0.06456,
        "map_at_10": 0.14146,
        "map_at_100": 0.17906,
        "map_at_1000": 0.19389,
        "map_at_20": 0.1584,
        "map_at_3": 0.1048,
        "map_at_5": 0.12019,
        "mrr_at_1": 0.48606811145510836,
        "mrr_at_10": 0.5630976952184382,
        "mrr_at_100": 0.568618172252647,
        "mrr_at_1000": 0.5690511809476542,
        "mrr_at_20": 0.5666007959064061,
        "mrr_at_3": 0.5485036119711042,
        "mrr_at_5": 0.5545407636738906,
        "nauc_map_at_1000_diff1": 0.24285641279468193,
        "nauc_map_at_1000_max": 0.4078852898048594,
        "nauc_map_at_1000_std": 0.18457741130773303,
        "nauc_map_at_100_diff1": 0.24750109230439352,
        "nauc_map_at_100_max": 0.3893107297840942,
        "nauc_map_at_100_std": 0.14060754456696783,
        "nauc_map_at_10_diff1": 0.27825758802521455,
        "nauc_map_at_10_max": 0.3293897735066931,
        "nauc_map_at_10_std": 0.01417777505092205,
        "nauc_map_at_1_diff1": 0.3880307978976688,
        "nauc_map_at_1_max": 0.17010894213578368,
        "nauc_map_at_1_std": -0.12433593706282167,
        "nauc_map_at_20_diff1": 0.26129368148001547,
        "nauc_map_at_20_max": 0.35431298740237466,
        "nauc_map_at_20_std": 0.06237813136591739,
        "nauc_map_at_3_diff1": 0.33897379463852134,
        "nauc_map_at_3_max": 0.2455534524844682,
        "nauc_map_at_3_std": -0.09522624247847149,
        "nauc_map_at_5_diff1": 0.3097457808793865,
        "nauc_map_at_5_max": 0.28648990766199645,
        "nauc_map_at_5_std": -0.05232509616516223,
        "nauc_mrr_at_1000_diff1": 0.2990905058538817,
        "nauc_mrr_at_1000_max": 0.6268365487238828,
        "nauc_mrr_at_1000_std": 0.310339307632267,
        "nauc_mrr_at_100_diff1": 0.298903313838875,
        "nauc_mrr_at_100_max": 0.6270550462511899,
        "nauc_mrr_at_100_std": 0.310853247295849,
        "nauc_mrr_at_10_diff1": 0.30138622682170746,
        "nauc_mrr_at_10_max": 0.6285364238018638,
        "nauc_mrr_at_10_std": 0.312039809771087,
        "nauc_mrr_at_1_diff1": 0.308170063722801,
        "nauc_mrr_at_1_max": 0.56611037959854,
        "nauc_mrr_at_1_std": 0.19355058726960367,
        "nauc_mrr_at_20_diff1": 0.29956536034313686,
        "nauc_mrr_at_20_max": 0.6284011818857062,
        "nauc_mrr_at_20_std": 0.31183936271944135,
        "nauc_mrr_at_3_diff1": 0.30664844538117175,
        "nauc_mrr_at_3_max": 0.6172490893718866,
        "nauc_mrr_at_3_std": 0.29795238307775135,
        "nauc_mrr_at_5_diff1": 0.30763277171436676,
        "nauc_mrr_at_5_max": 0.6259363063369667,
        "nauc_mrr_at_5_std": 0.3046586546326988,
        "nauc_ndcg_at_1000_diff1": 0.21552530998365116,
        "nauc_ndcg_at_1000_max": 0.5427761874458678,
        "nauc_ndcg_at_1000_std": 0.3532343357420325,
        "nauc_ndcg_at_100_diff1": 0.21632087112628462,
        "nauc_ndcg_at_100_max": 0.49723566513513046,
        "nauc_ndcg_at_100_std": 0.3174988171321688,
        "nauc_ndcg_at_10_diff1": 0.21677799776967666,
        "nauc_ndcg_at_10_max": 0.5630115120556053,
        "nauc_ndcg_at_10_std": 0.3672466814506807,
        "nauc_ndcg_at_1_diff1": 0.31185920887105073,
        "nauc_ndcg_at_1_max": 0.5578194990646076,
        "nauc_ndcg_at_1_std": 0.21699635238179832,
        "nauc_ndcg_at_20_diff1": 0.2148806953727085,
        "nauc_ndcg_at_20_max": 0.5306468784230516,
        "nauc_ndcg_at_20_std": 0.3499931818162877,
        "nauc_ndcg_at_3_diff1": 0.24214360404174345,
        "nauc_ndcg_at_3_max": 0.5659629625367308,
        "nauc_ndcg_at_3_std": 0.29289202670453157,
        "nauc_ndcg_at_5_diff1": 0.2239159888962668,
        "nauc_ndcg_at_5_max": 0.5678354933797548,
        "nauc_ndcg_at_5_std": 0.3322960677456031,
        "nauc_precision_at_1000_diff1": -0.033947125350370894,
        "nauc_precision_at_1000_max": 0.21079121218336497,
        "nauc_precision_at_1000_std": 0.5231580045804602,
        "nauc_precision_at_100_diff1": -0.01910568783006192,
        "nauc_precision_at_100_max": 0.35152169821678303,
        "nauc_precision_at_100_std": 0.6095847192557059,
        "nauc_precision_at_10_diff1": 0.05164566819480723,
        "nauc_precision_at_10_max": 0.5437852925214166,
        "nauc_precision_at_10_std": 0.5267080743657283,
        "nauc_precision_at_1_diff1": 0.31661533180930534,
        "nauc_precision_at_1_max": 0.5639902211989197,
        "nauc_precision_at_1_std": 0.19820470205402727,
        "nauc_precision_at_20_diff1": 0.02620521187339313,
        "nauc_precision_at_20_max": 0.47309744721373354,
        "nauc_precision_at_20_std": 0.5570716933086237,
        "nauc_precision_at_3_diff1": 0.15512353974397688,
        "nauc_precision_at_3_max": 0.5707080407335229,
        "nauc_precision_at_3_std": 0.3436428814413675,
        "nauc_precision_at_5_diff1": 0.09190798078675487,
        "nauc_precision_at_5_max": 0.5510837391657023,
        "nauc_precision_at_5_std": 0.4158525499659901,
        "nauc_recall_at_1000_diff1": 0.055670805590343535,
        "nauc_recall_at_1000_max": 0.22141484926608312,
        "nauc_recall_at_1000_std": 0.1763963083461268,
        "nauc_recall_at_100_diff1": 0.11991001539653386,
        "nauc_recall_at_100_max": 0.2576475605893889,
        "nauc_recall_at_100_std": 0.14966033839805917,
        "nauc_recall_at_10_diff1": 0.22231674725360825,
        "nauc_recall_at_10_max": 0.3074415698139707,
        "nauc_recall_at_10_std": 0.025601373304816818,
        "nauc_recall_at_1_diff1": 0.3880307978976688,
        "nauc_recall_at_1_max": 0.17010894213578368,
        "nauc_recall_at_1_std": -0.12433593706282167,
        "nauc_recall_at_20_diff1": 0.16595332813739652,
        "nauc_recall_at_20_max": 0.2713933712161487,
        "nauc_recall_at_20_std": 0.034963910647629305,
        "nauc_recall_at_3_diff1": 0.3263816803929388,
        "nauc_recall_at_3_max": 0.2512252186912055,
        "nauc_recall_at_3_std": -0.0807397178984911,
        "nauc_recall_at_5_diff1": 0.29000764085002534,
        "nauc_recall_at_5_max": 0.29656872087928454,
        "nauc_recall_at_5_std": -0.031264591904797745,
        "ndcg_at_1": 0.46594,
        "ndcg_at_10": 0.36611,
        "ndcg_at_100": 0.33672,
        "ndcg_at_1000": 0.42201,
        "ndcg_at_20": 0.34415,
        "ndcg_at_3": 0.42084,
        "ndcg_at_5": 0.39536,
        "precision_at_1": 0.48297,
        "precision_at_10": 0.27214,
        "precision_at_100": 0.0852,
        "precision_at_1000": 0.02114,
        "precision_at_20": 0.20279,
        "precision_at_3": 0.39009,
        "precision_at_5": 0.33932,
        "recall_at_1": 0.06456,
        "recall_at_10": 0.17447,
        "recall_at_100": 0.33407,
        "recall_at_1000": 0.64678,
        "recall_at_20": 0.22122,
        "recall_at_3": 0.11113,
        "recall_at_5": 0.13331
      }
    ]
  },
  "task_name": "NFCorpus"
}