{
  "dataset_revision": "b774495ed302d8c44a3a7ea25c90dbce03968f31",
  "evaluation_time": 749.9004337787628,
  "kg_co2_emissions": null,
  "mteb_version": "1.13.1",
  "scores": {
    "test": [
      {
        "hf_subset": "default",
        "languages": [
          "eng-Latn"
        ],
        "main_score": 0.52205,
        "map_at_1": 0.27815,
        "map_at_10": 0.43961,
        "map_at_100": 0.45062,
        "map_at_1000": 0.45086,
        "map_at_20": 0.44701,
        "map_at_3": 0.39135,
        "map_at_5": 0.4206,
        "mrr_at_1": 0.3163383545770568,
        "mrr_at_10": 0.46354022972649855,
        "mrr_at_100": 0.47170641342189185,
        "mrr_at_1000": 0.47188010460801205,
        "mrr_at_20": 0.4690852135052047,
        "mrr_at_3": 0.423474314407107,
        "mrr_at_5": 0.4479963306295867,
        "nauc_map_at_1000_diff1": 0.2694556736307519,
        "nauc_map_at_1000_max": 0.1579550119009477,
        "nauc_map_at_1000_std": -0.07394469360251085,
        "nauc_map_at_100_diff1": 0.26941337047224717,
        "nauc_map_at_100_max": 0.15812953247034053,
        "nauc_map_at_100_std": -0.07371796375029492,
        "nauc_map_at_10_diff1": 0.2677607956479817,
        "nauc_map_at_10_max": 0.15681969728216635,
        "nauc_map_at_10_std": -0.07800363534751764,
        "nauc_map_at_1_diff1": 0.3087085284287102,
        "nauc_map_at_1_max": 0.10614557051078817,
        "nauc_map_at_1_std": -0.09573412361989421,
        "nauc_map_at_20_diff1": 0.2687819395939972,
        "nauc_map_at_20_max": 0.15841999155015063,
        "nauc_map_at_20_std": -0.07479653254906285,
        "nauc_map_at_3_diff1": 0.26823894157497224,
        "nauc_map_at_3_max": 0.14022714188998225,
        "nauc_map_at_3_std": -0.09194023823020046,
        "nauc_map_at_5_diff1": 0.26880593800148883,
        "nauc_map_at_5_max": 0.14856734079751702,
        "nauc_map_at_5_std": -0.09099982321242306,
        "nauc_mrr_at_1000_diff1": 0.26429207014520334,
        "nauc_mrr_at_1000_max": 0.1582939133845553,
        "nauc_mrr_at_1000_std": -0.06206184173593643,
        "nauc_mrr_at_100_diff1": 0.26425841381046766,
        "nauc_mrr_at_100_max": 0.15846113664233055,
        "nauc_mrr_at_100_std": -0.06187686525335462,
        "nauc_mrr_at_10_diff1": 0.2616720938956367,
        "nauc_mrr_at_10_max": 0.15898838214477995,
        "nauc_mrr_at_10_std": -0.06296143416127047,
        "nauc_mrr_at_1_diff1": 0.30576772449244743,
        "nauc_mrr_at_1_max": 0.11644097051023898,
        "nauc_mrr_at_1_std": -0.083977497826598,
        "nauc_mrr_at_20_diff1": 0.26323206616595873,
        "nauc_mrr_at_20_max": 0.15895026248355473,
        "nauc_mrr_at_20_std": -0.06174108882574225,
        "nauc_mrr_at_3_diff1": 0.2627167518548935,
        "nauc_mrr_at_3_max": 0.1490616817826552,
        "nauc_mrr_at_3_std": -0.07277370128607714,
        "nauc_mrr_at_5_diff1": 0.26289547862956814,
        "nauc_mrr_at_5_max": 0.15378515877347726,
        "nauc_mrr_at_5_std": -0.07251472642475963,
        "nauc_ndcg_at_1000_diff1": 0.26107987388964626,
        "nauc_ndcg_at_1000_max": 0.17834975543316883,
        "nauc_ndcg_at_1000_std": -0.048895499608970036,
        "nauc_ndcg_at_100_diff1": 0.2592041953066069,
        "nauc_ndcg_at_100_max": 0.18445866693417262,
        "nauc_ndcg_at_100_std": -0.04052497929393177,
        "nauc_ndcg_at_10_diff1": 0.2483817197172713,
        "nauc_ndcg_at_10_max": 0.18273317640048697,
        "nauc_ndcg_at_10_std": -0.05533992393662689,
        "nauc_ndcg_at_1_diff1": 0.3066431088990177,
        "nauc_ndcg_at_1_max": 0.11500981901202437,
        "nauc_ndcg_at_1_std": -0.08369162578092981,
        "nauc_ndcg_at_20_diff1": 0.25302168457235547,
        "nauc_ndcg_at_20_max": 0.1882774553669417,
        "nauc_ndcg_at_20_std": -0.04491195624949665,
        "nauc_ndcg_at_3_diff1": 0.2533544608871067,
        "nauc_ndcg_at_3_max": 0.15189723596088872,
        "nauc_ndcg_at_3_std": -0.08523172736075234,
        "nauc_ndcg_at_5_diff1": 0.25354257918763995,
        "nauc_ndcg_at_5_max": 0.16425845874805176,
        "nauc_ndcg_at_5_std": -0.08441557596470191,
        "nauc_precision_at_1000_diff1": -0.033083064364285576,
        "nauc_precision_at_1000_max": 0.10740127806018214,
        "nauc_precision_at_1000_std": 0.15069112275046792,
        "nauc_precision_at_100_diff1": -0.0073612844623955585,
        "nauc_precision_at_100_max": 0.17149691820505444,
        "nauc_precision_at_100_std": 0.19787039904531623,
        "nauc_precision_at_10_diff1": 0.08329171404788831,
        "nauc_precision_at_10_max": 0.22768774733892258,
        "nauc_precision_at_10_std": 0.08159719094832124,
        "nauc_precision_at_1_diff1": 0.3066431088990177,
        "nauc_precision_at_1_max": 0.11500981901202437,
        "nauc_precision_at_1_std": -0.08369162578092981,
        "nauc_precision_at_20_diff1": 0.04918186560597174,
        "nauc_precision_at_20_max": 0.23013931951281702,
        "nauc_precision_at_20_std": 0.14256403963076414,
        "nauc_precision_at_3_diff1": 0.17849009944126593,
        "nauc_precision_at_3_max": 0.18442080623167964,
        "nauc_precision_at_3_std": -0.038625340163686496,
        "nauc_precision_at_5_diff1": 0.14758548621903983,
        "nauc_precision_at_5_max": 0.20111906323261736,
        "nauc_precision_at_5_std": -0.02067690256381028,
        "nauc_recall_at_1000_diff1": 0.3201893743188801,
        "nauc_recall_at_1000_max": 0.8110679224765573,
        "nauc_recall_at_1000_std": 0.7975265471929418,
        "nauc_recall_at_100_diff1": 0.19850969860628812,
        "nauc_recall_at_100_max": 0.547393973515262,
        "nauc_recall_at_100_std": 0.4602494455836738,
        "nauc_recall_at_10_diff1": 0.16443614585591032,
        "nauc_recall_at_10_max": 0.27782429735852754,
        "nauc_recall_at_10_std": 0.02216916154167657,
        "nauc_recall_at_1_diff1": 0.3087085284287102,
        "nauc_recall_at_1_max": 0.10614557051078817,
        "nauc_recall_at_1_std": -0.09573412361989421,
        "nauc_recall_at_20_diff1": 0.1684010836065827,
        "nauc_recall_at_20_max": 0.35672275265080244,
        "nauc_recall_at_20_std": 0.11701354427673863,
        "nauc_recall_at_3_diff1": 0.20758389796535037,
        "nauc_recall_at_3_max": 0.16967025045640824,
        "nauc_recall_at_3_std": -0.08298381424852941,
        "nauc_recall_at_5_diff1": 0.19942664280206543,
        "nauc_recall_at_5_max": 0.1975972969616627,
        "nauc_recall_at_5_std": -0.08302940248341878,
        "ndcg_at_1": 0.31605,
        "ndcg_at_10": 0.52205,
        "ndcg_at_100": 0.56735,
        "ndcg_at_1000": 0.57312,
        "ndcg_at_20": 0.54573,
        "ndcg_at_3": 0.43217,
        "ndcg_at_5": 0.48091,
        "precision_at_1": 0.31605,
        "precision_at_10": 0.0894,
        "precision_at_100": 0.01145,
        "precision_at_1000": 0.0012,
        "precision_at_20": 0.0503,
        "precision_at_3": 0.20153,
        "precision_at_5": 0.14849,
        "recall_at_1": 0.27815,
        "recall_at_10": 0.74899,
        "recall_at_100": 0.94363,
        "recall_at_1000": 0.98653,
        "recall_at_20": 0.83671,
        "recall_at_3": 0.51774,
        "recall_at_5": 0.63089
      }
    ]
  },
  "task_name": "NQ"
}