{
  "dataset_revision": "e4e08e0b7dbe3c8700f0daef558ff32256715259",
  "evaluation_time": 173.4008755683899,
  "kg_co2_emissions": null,
  "mteb_version": "1.13.1",
  "scores": {
    "test": [
      {
        "hf_subset": "default",
        "languages": [
          "eng-Latn"
        ],
        "main_score": 0.88128,
        "map_at_1": 0.70515,
        "map_at_10": 0.84278,
        "map_at_100": 0.84916,
        "map_at_1000": 0.84934,
        "map_at_20": 0.84691,
        "map_at_3": 0.81364,
        "map_at_5": 0.83255,
        "mrr_at_1": 0.8113,
        "mrr_at_10": 0.8747637301587301,
        "mrr_at_100": 0.8757290652341652,
        "mrr_at_1000": 0.8757373814925024,
        "mrr_at_20": 0.875492233213553,
        "mrr_at_3": 0.86495,
        "mrr_at_5": 0.87203,
        "nauc_map_at_1000_diff1": 0.7595550341622873,
        "nauc_map_at_1000_max": 0.3748064433613601,
        "nauc_map_at_1000_std": -0.5121580341325164,
        "nauc_map_at_100_diff1": 0.7596048570532682,
        "nauc_map_at_100_max": 0.3746917139446039,
        "nauc_map_at_100_std": -0.5129104887917951,
        "nauc_map_at_10_diff1": 0.7616625004710493,
        "nauc_map_at_10_max": 0.3707049948635792,
        "nauc_map_at_10_std": -0.5293094672705105,
        "nauc_map_at_1_diff1": 0.7892044679022785,
        "nauc_map_at_1_max": 0.28616583168863424,
        "nauc_map_at_1_std": -0.456865341659873,
        "nauc_map_at_20_diff1": 0.760070241467183,
        "nauc_map_at_20_max": 0.3745389710278334,
        "nauc_map_at_20_std": -0.519807622290209,
        "nauc_map_at_3_diff1": 0.7626214620295553,
        "nauc_map_at_3_max": 0.3473836762216913,
        "nauc_map_at_3_std": -0.5423487612963489,
        "nauc_map_at_5_diff1": 0.7621901876412505,
        "nauc_map_at_5_max": 0.3623030627506574,
        "nauc_map_at_5_std": -0.5398949550547251,
        "nauc_mrr_at_1000_diff1": 0.7689739466560164,
        "nauc_mrr_at_1000_max": 0.39883936709498535,
        "nauc_mrr_at_1000_std": -0.4753180156143245,
        "nauc_mrr_at_100_diff1": 0.7689740703600537,
        "nauc_mrr_at_100_max": 0.3988429175911563,
        "nauc_mrr_at_100_std": -0.47532987101764756,
        "nauc_mrr_at_10_diff1": 0.768864700216914,
        "nauc_mrr_at_10_max": 0.3991032407096055,
        "nauc_mrr_at_10_std": -0.47672757232737245,
        "nauc_mrr_at_1_diff1": 0.777608779431853,
        "nauc_mrr_at_1_max": 0.39384762839671306,
        "nauc_mrr_at_1_std": -0.4501427933511071,
        "nauc_mrr_at_20_diff1": 0.7688701287766656,
        "nauc_mrr_at_20_max": 0.3991510483784858,
        "nauc_mrr_at_20_std": -0.47541205847120044,
        "nauc_mrr_at_3_diff1": 0.766689902346294,
        "nauc_mrr_at_3_max": 0.3980037595538462,
        "nauc_mrr_at_3_std": -0.4822305481399616,
        "nauc_mrr_at_5_diff1": 0.7678239550094771,
        "nauc_mrr_at_5_max": 0.3999702721009659,
        "nauc_mrr_at_5_std": -0.47693095660715856,
        "nauc_ndcg_at_1000_diff1": 0.7591972079251387,
        "nauc_ndcg_at_1000_max": 0.38721101327798774,
        "nauc_ndcg_at_1000_std": -0.49233672340579676,
        "nauc_ndcg_at_100_diff1": 0.7594371354304295,
        "nauc_ndcg_at_100_max": 0.38677739296070285,
        "nauc_ndcg_at_100_std": -0.49576947967729795,
        "nauc_ndcg_at_10_diff1": 0.7598465247347997,
        "nauc_ndcg_at_10_max": 0.38064695386521363,
        "nauc_ndcg_at_10_std": -0.5243302456670647,
        "nauc_ndcg_at_1_diff1": 0.777425725235855,
        "nauc_ndcg_at_1_max": 0.39360534974518196,
        "nauc_ndcg_at_1_std": -0.44987936911153026,
        "nauc_ndcg_at_20_diff1": 0.7589030864872371,
        "nauc_ndcg_at_20_max": 0.3865178558084393,
        "nauc_ndcg_at_20_std": -0.512086650209691,
        "nauc_ndcg_at_3_diff1": 0.751519315154456,
        "nauc_ndcg_at_3_max": 0.37108522677927736,
        "nauc_ndcg_at_3_std": -0.5245269131092712,
        "nauc_ndcg_at_5_diff1": 0.7562731069299136,
        "nauc_ndcg_at_5_max": 0.3766405328520008,
        "nauc_ndcg_at_5_std": -0.5278530503173674,
        "nauc_precision_at_1000_diff1": -0.42686511867444105,
        "nauc_precision_at_1000_max": -0.0800229650085792,
        "nauc_precision_at_1000_std": 0.4205802211892931,
        "nauc_precision_at_100_diff1": -0.42330323403949327,
        "nauc_precision_at_100_max": -0.07333130279531612,
        "nauc_precision_at_100_std": 0.4008517564646888,
        "nauc_precision_at_10_diff1": -0.36696317522540095,
        "nauc_precision_at_10_max": -0.01643312071443815,
        "nauc_precision_at_10_std": 0.26680327189479347,
        "nauc_precision_at_1_diff1": 0.777425725235855,
        "nauc_precision_at_1_max": 0.39360534974518196,
        "nauc_precision_at_1_std": -0.44987936911153026,
        "nauc_precision_at_20_diff1": -0.401770847887798,
        "nauc_precision_at_20_max": -0.03927305464136959,
        "nauc_precision_at_20_std": 0.33232922372281115,
        "nauc_precision_at_3_diff1": -0.160546040558858,
        "nauc_precision_at_3_max": 0.09071423746798768,
        "nauc_precision_at_3_std": 0.029447220427615967,
        "nauc_precision_at_5_diff1": -0.29642885408514147,
        "nauc_precision_at_5_max": 0.02725879363062854,
        "nauc_precision_at_5_std": 0.1641722563081012,
        "nauc_recall_at_1000_diff1": 0.5813333025110088,
        "nauc_recall_at_1000_max": 0.24351552121538325,
        "nauc_recall_at_1000_std": -0.06271933332586785,
        "nauc_recall_at_100_diff1": 0.71550857500395,
        "nauc_recall_at_100_max": 0.3722910997777003,
        "nauc_recall_at_100_std": -0.5420009464326688,
        "nauc_recall_at_10_diff1": 0.7107832290739883,
        "nauc_recall_at_10_max": 0.34639808801208805,
        "nauc_recall_at_10_std": -0.6873049648417668,
        "nauc_recall_at_1_diff1": 0.7892044679022785,
        "nauc_recall_at_1_max": 0.28616583168863424,
        "nauc_recall_at_1_std": -0.456865341659873,
        "nauc_recall_at_20_diff1": 0.700347578204274,
        "nauc_recall_at_20_max": 0.39094128092993136,
        "nauc_recall_at_20_std": -0.662815860903637,
        "nauc_recall_at_3_diff1": 0.7157581172283118,
        "nauc_recall_at_3_max": 0.30952228785033536,
        "nauc_recall_at_3_std": -0.6130307260520936,
        "nauc_recall_at_5_diff1": 0.7051107145805067,
        "nauc_recall_at_5_max": 0.3297692863090786,
        "nauc_recall_at_5_std": -0.6425660253102496,
        "ndcg_at_1": 0.8114,
        "ndcg_at_10": 0.88128,
        "ndcg_at_100": 0.89363,
        "ndcg_at_1000": 0.89475,
        "ndcg_at_20": 0.88774,
        "ndcg_at_3": 0.85272,
        "ndcg_at_5": 0.86951,
        "precision_at_1": 0.8114,
        "precision_at_10": 0.13334,
        "precision_at_100": 0.01523,
        "precision_at_1000": 0.00156,
        "precision_at_20": 0.07061,
        "precision_at_3": 0.37207,
        "precision_at_5": 0.24542,
        "recall_at_1": 0.70515,
        "recall_at_10": 0.95291,
        "recall_at_100": 0.9949,
        "recall_at_1000": 0.99973,
        "recall_at_20": 0.97355,
        "recall_at_3": 0.87116,
        "recall_at_5": 0.91824
      }
    ]
  },
  "task_name": "QuoraRetrieval"
}