{
  "dataset_revision": "d3c5e1fc0b855ab6097bf1cda04dd73947d7caab",
  "evaluation_time": 43.264798402786255,
  "kg_co2_emissions": null,
  "mteb_version": "1.13.1",
  "scores": {
    "test": [
      {
        "hf_subset": "default",
        "languages": [
          "eng-Latn"
        ],
        "main_score": 0.8309616191437418,
        "map": 0.8309616191437418,
        "mrr": 0.955494305984502,
        "nAUC_map_diff1": 0.04654054654422244,
        "nAUC_map_max": 0.5880552945458678,
        "nAUC_map_std": 0.7316641134365485,
        "nAUC_mrr_diff1": 0.5272586348860956,
        "nAUC_mrr_max": 0.8917131802248169,
        "nAUC_mrr_std": 0.8522002955441738
      }
    ]
  },
  "task_name": "SciDocsRR"
}