{
  "dataset_revision": "f8c2fcf00f625baaa80f62ec5bd9e1fff3b8ae88",
  "evaluation_time": 48.60984516143799,
  "kg_co2_emissions": null,
  "mteb_version": "1.13.1",
  "scores": {
    "test": [
      {
        "hf_subset": "default",
        "languages": [
          "eng-Latn"
        ],
        "main_score": 0.20997,
        "map_at_1": 0.04758,
        "map_at_10": 0.12764,
        "map_at_100": 0.14895,
        "map_at_1000": 0.15179,
        "map_at_20": 0.13913,
        "map_at_3": 0.09073,
        "map_at_5": 0.10872,
        "mrr_at_1": 0.235,
        "mrr_at_10": 0.3499575396825397,
        "mrr_at_100": 0.3610688667622673,
        "mrr_at_1000": 0.3616583843675378,
        "mrr_at_20": 0.35721654939487757,
        "mrr_at_3": 0.319,
        "mrr_at_5": 0.3373,
        "nauc_map_at_1000_diff1": 0.16641421343213478,
        "nauc_map_at_1000_max": 0.34503732028522227,
        "nauc_map_at_1000_std": 0.18987934828260766,
        "nauc_map_at_100_diff1": 0.16619657482331765,
        "nauc_map_at_100_max": 0.3445061557324144,
        "nauc_map_at_100_std": 0.18811570799503616,
        "nauc_map_at_10_diff1": 0.1653283763994552,
        "nauc_map_at_10_max": 0.3235517295830554,
        "nauc_map_at_10_std": 0.14972272827850416,
        "nauc_map_at_1_diff1": 0.2665103374205673,
        "nauc_map_at_1_max": 0.24167201103645788,
        "nauc_map_at_1_std": 0.08954110432477305,
        "nauc_map_at_20_diff1": 0.16550622866867215,
        "nauc_map_at_20_max": 0.3337594787898301,
        "nauc_map_at_20_std": 0.16853738623911158,
        "nauc_map_at_3_diff1": 0.1927704463901904,
        "nauc_map_at_3_max": 0.2916050702783199,
        "nauc_map_at_3_std": 0.10298575249169639,
        "nauc_map_at_5_diff1": 0.17208765681950533,
        "nauc_map_at_5_max": 0.2979512795225645,
        "nauc_map_at_5_std": 0.11715931060317962,
        "nauc_mrr_at_1000_diff1": 0.2286501883740306,
        "nauc_mrr_at_1000_max": 0.30318903841265266,
        "nauc_mrr_at_1000_std": 0.13716083781948799,
        "nauc_mrr_at_100_diff1": 0.22852523936504138,
        "nauc_mrr_at_100_max": 0.30348168727939384,
        "nauc_mrr_at_100_std": 0.1375667271361407,
        "nauc_mrr_at_10_diff1": 0.2293500562683305,
        "nauc_mrr_at_10_max": 0.3026915535547959,
        "nauc_mrr_at_10_std": 0.13168582742955123,
        "nauc_mrr_at_1_diff1": 0.263945166970203,
        "nauc_mrr_at_1_max": 0.24760710048439868,
        "nauc_mrr_at_1_std": 0.09420761888928364,
        "nauc_mrr_at_20_diff1": 0.22866090423487245,
        "nauc_mrr_at_20_max": 0.30426155355897694,
        "nauc_mrr_at_20_std": 0.1376734691403079,
        "nauc_mrr_at_3_diff1": 0.22324713862597106,
        "nauc_mrr_at_3_max": 0.29317843391715764,
        "nauc_mrr_at_3_std": 0.12226409617819278,
        "nauc_mrr_at_5_diff1": 0.22531047015452568,
        "nauc_mrr_at_5_max": 0.29461405184470374,
        "nauc_mrr_at_5_std": 0.12789403926550708,
        "nauc_ndcg_at_1000_diff1": 0.16891002664583196,
        "nauc_ndcg_at_1000_max": 0.3657009033982661,
        "nauc_ndcg_at_1000_std": 0.2545727284443445,
        "nauc_ndcg_at_100_diff1": 0.17328152509209183,
        "nauc_ndcg_at_100_max": 0.3757706868418844,
        "nauc_ndcg_at_100_std": 0.2549538656222086,
        "nauc_ndcg_at_10_diff1": 0.17640517205008646,
        "nauc_ndcg_at_10_max": 0.3384478797347674,
        "nauc_ndcg_at_10_std": 0.16770719968953499,
        "nauc_ndcg_at_1_diff1": 0.26767084873977565,
        "nauc_ndcg_at_1_max": 0.24432422119865913,
        "nauc_ndcg_at_1_std": 0.08873656573364958,
        "nauc_ndcg_at_20_diff1": 0.175320657189616,
        "nauc_ndcg_at_20_max": 0.3531455408681092,
        "nauc_ndcg_at_20_std": 0.20368099844496837,
        "nauc_ndcg_at_3_diff1": 0.192597441802051,
        "nauc_ndcg_at_3_max": 0.3014581690895481,
        "nauc_ndcg_at_3_std": 0.11713165444613258,
        "nauc_ndcg_at_5_diff1": 0.17922339235622126,
        "nauc_ndcg_at_5_max": 0.3061314549506713,
        "nauc_ndcg_at_5_std": 0.13373702582968533,
        "nauc_precision_at_1000_diff1": 0.041673339983234206,
        "nauc_precision_at_1000_max": 0.2803898153481599,
        "nauc_precision_at_1000_std": 0.34579393735043507,
        "nauc_precision_at_100_diff1": 0.10543015847318052,
        "nauc_precision_at_100_max": 0.37239065320325765,
        "nauc_precision_at_100_std": 0.36143002865446283,
        "nauc_precision_at_10_diff1": 0.13380173161924444,
        "nauc_precision_at_10_max": 0.3545297283135836,
        "nauc_precision_at_10_std": 0.2026971188159726,
        "nauc_precision_at_1_diff1": 0.26767084873977565,
        "nauc_precision_at_1_max": 0.24432422119865913,
        "nauc_precision_at_1_std": 0.08873656573364958,
        "nauc_precision_at_20_diff1": 0.12456727059536338,
        "nauc_precision_at_20_max": 0.36300697778162216,
        "nauc_precision_at_20_std": 0.26570448240556893,
        "nauc_precision_at_3_diff1": 0.16368056865928843,
        "nauc_precision_at_3_max": 0.3172182658656115,
        "nauc_precision_at_3_std": 0.12913796463894672,
        "nauc_precision_at_5_diff1": 0.13794153285215993,
        "nauc_precision_at_5_max": 0.3097005481371531,
        "nauc_precision_at_5_std": 0.1496421763600418,
        "nauc_recall_at_1000_diff1": 0.0435790715978121,
        "nauc_recall_at_1000_max": 0.2805143499312151,
        "nauc_recall_at_1000_std": 0.35558863008959113,
        "nauc_recall_at_100_diff1": 0.10424448564717374,
        "nauc_recall_at_100_max": 0.3722418237462585,
        "nauc_recall_at_100_std": 0.3661993458717982,
        "nauc_recall_at_10_diff1": 0.13382470949953323,
        "nauc_recall_at_10_max": 0.3527066595122131,
        "nauc_recall_at_10_std": 0.20258129944913164,
        "nauc_recall_at_1_diff1": 0.2665103374205673,
        "nauc_recall_at_1_max": 0.24167201103645788,
        "nauc_recall_at_1_std": 0.08954110432477305,
        "nauc_recall_at_20_diff1": 0.12415222388461432,
        "nauc_recall_at_20_max": 0.3609704279826548,
        "nauc_recall_at_20_std": 0.2668749126940867,
        "nauc_recall_at_3_diff1": 0.1641004692681467,
        "nauc_recall_at_3_max": 0.3149043833052277,
        "nauc_recall_at_3_std": 0.12768054688874675,
        "nauc_recall_at_5_diff1": 0.13867057442468525,
        "nauc_recall_at_5_max": 0.3079484325556006,
        "nauc_recall_at_5_std": 0.14853550076389105,
        "ndcg_at_1": 0.234,
        "ndcg_at_10": 0.20997,
        "ndcg_at_100": 0.29017,
        "ndcg_at_1000": 0.34132,
        "ndcg_at_20": 0.24139,
        "ndcg_at_3": 0.20115,
        "ndcg_at_5": 0.17513,
        "precision_at_1": 0.234,
        "precision_at_10": 0.1092,
        "precision_at_100": 0.02235,
        "precision_at_1000": 0.00347,
        "precision_at_20": 0.07265,
        "precision_at_3": 0.191,
        "precision_at_5": 0.1552,
        "recall_at_1": 0.04758,
        "recall_at_10": 0.22103,
        "recall_at_100": 0.45375,
        "recall_at_1000": 0.704,
        "recall_at_20": 0.29422,
        "recall_at_3": 0.11628,
        "recall_at_5": 0.15728
      }
    ]
  },
  "task_name": "SCIDOCS"
}