{
  "dataset_revision": "0228b52cf27578f30900b9e5271d331663a030d7",
  "evaluation_time": 40.66080617904663,
  "kg_co2_emissions": null,
  "mteb_version": "1.13.1",
  "scores": {
    "test": [
      {
        "hf_subset": "default",
        "languages": [
          "eng-Latn"
        ],
        "main_score": 0.73175,
        "map_at_1": 0.59217,
        "map_at_10": 0.68808,
        "map_at_100": 0.6944,
        "map_at_1000": 0.69454,
        "map_at_20": 0.69226,
        "map_at_3": 0.6633,
        "map_at_5": 0.6755,
        "mrr_at_1": 0.6233333333333333,
        "mrr_at_10": 0.7014021164021164,
        "mrr_at_100": 0.7065829406999046,
        "mrr_at_1000": 0.7066999644549474,
        "mrr_at_20": 0.704506771006771,
        "mrr_at_3": 0.6861111111111111,
        "mrr_at_5": 0.6931111111111111,
        "nauc_map_at_1000_diff1": 0.7501676126735439,
        "nauc_map_at_1000_max": 0.6517171687091823,
        "nauc_map_at_1000_std": -0.018496239714757712,
        "nauc_map_at_100_diff1": 0.750157256026643,
        "nauc_map_at_100_max": 0.6517811619373458,
        "nauc_map_at_100_std": -0.018655142949713932,
        "nauc_map_at_10_diff1": 0.7497870763391379,
        "nauc_map_at_10_max": 0.6522903803256573,
        "nauc_map_at_10_std": -0.020638868562154137,
        "nauc_map_at_1_diff1": 0.8018422466773418,
        "nauc_map_at_1_max": 0.5832368873919087,
        "nauc_map_at_1_std": -0.09725122299523878,
        "nauc_map_at_20_diff1": 0.7487470219322528,
        "nauc_map_at_20_max": 0.6524481336242401,
        "nauc_map_at_20_std": -0.01733098442254125,
        "nauc_map_at_3_diff1": 0.7572031943080226,
        "nauc_map_at_3_max": 0.6291055596294106,
        "nauc_map_at_3_std": -0.060157675500548034,
        "nauc_map_at_5_diff1": 0.7504245153841775,
        "nauc_map_at_5_max": 0.6388132128233138,
        "nauc_map_at_5_std": -0.040406710672520336,
        "nauc_mrr_at_1000_diff1": 0.7441416355807623,
        "nauc_mrr_at_1000_max": 0.6695843230995685,
        "nauc_mrr_at_1000_std": 0.029559300414976925,
        "nauc_mrr_at_100_diff1": 0.744115448157376,
        "nauc_mrr_at_100_max": 0.6696248980725436,
        "nauc_mrr_at_100_std": 0.029318053571662967,
        "nauc_mrr_at_10_diff1": 0.742769402125288,
        "nauc_mrr_at_10_max": 0.6721195839137327,
        "nauc_mrr_at_10_std": 0.030567855551940734,
        "nauc_mrr_at_1_diff1": 0.7806903952412153,
        "nauc_mrr_at_1_max": 0.6365906382364016,
        "nauc_mrr_at_1_std": -0.0013568521031204314,
        "nauc_mrr_at_20_diff1": 0.7426333900215636,
        "nauc_mrr_at_20_max": 0.6700308955743034,
        "nauc_mrr_at_20_std": 0.030346098656059268,
        "nauc_mrr_at_3_diff1": 0.7446345809292068,
        "nauc_mrr_at_3_max": 0.670666278386796,
        "nauc_mrr_at_3_std": 0.028801152993786137,
        "nauc_mrr_at_5_diff1": 0.7397498074528337,
        "nauc_mrr_at_5_max": 0.6687464042093448,
        "nauc_mrr_at_5_std": 0.030125025817222987,
        "nauc_ndcg_at_1000_diff1": 0.7422552139660323,
        "nauc_ndcg_at_1000_max": 0.6674648938711428,
        "nauc_ndcg_at_1000_std": 0.012702479981257586,
        "nauc_ndcg_at_100_diff1": 0.7418251244184104,
        "nauc_ndcg_at_100_max": 0.6696820745022432,
        "nauc_ndcg_at_100_std": 0.009926441870028904,
        "nauc_ndcg_at_10_diff1": 0.7342115468098512,
        "nauc_ndcg_at_10_max": 0.6770234076280521,
        "nauc_ndcg_at_10_std": 0.01470556016333326,
        "nauc_ndcg_at_1_diff1": 0.7806903952412153,
        "nauc_ndcg_at_1_max": 0.6365906382364016,
        "nauc_ndcg_at_1_std": -0.0013568521031204314,
        "nauc_ndcg_at_20_diff1": 0.7306965472207492,
        "nauc_ndcg_at_20_max": 0.6742280032260222,
        "nauc_ndcg_at_20_std": 0.02241167501006549,
        "nauc_ndcg_at_3_diff1": 0.7391546916852969,
        "nauc_ndcg_at_3_max": 0.6545552778408456,
        "nauc_ndcg_at_3_std": -0.02275255913065858,
        "nauc_ndcg_at_5_diff1": 0.7328390578252053,
        "nauc_ndcg_at_5_max": 0.6566086885306469,
        "nauc_ndcg_at_5_std": -0.012375138773220705,
        "nauc_precision_at_1000_diff1": -0.35234601067917576,
        "nauc_precision_at_1000_max": 0.10655118720637337,
        "nauc_precision_at_1000_std": 0.538596737437934,
        "nauc_precision_at_100_diff1": -0.24988191716799957,
        "nauc_precision_at_100_max": 0.18588723711032681,
        "nauc_precision_at_100_std": 0.493176055287624,
        "nauc_precision_at_10_diff1": 0.06534052963030677,
        "nauc_precision_at_10_max": 0.4280230136389946,
        "nauc_precision_at_10_std": 0.39914712997363216,
        "nauc_precision_at_1_diff1": 0.7806903952412153,
        "nauc_precision_at_1_max": 0.6365906382364016,
        "nauc_precision_at_1_std": -0.0013568521031204314,
        "nauc_precision_at_20_diff1": -0.06194565392678629,
        "nauc_precision_at_20_max": 0.33534409772617385,
        "nauc_precision_at_20_std": 0.44893968714723426,
        "nauc_precision_at_3_diff1": 0.41589671351087465,
        "nauc_precision_at_3_max": 0.5865656576860356,
        "nauc_precision_at_3_std": 0.17248244728640022,
        "nauc_precision_at_5_diff1": 0.25189812638170567,
        "nauc_precision_at_5_max": 0.4991447177568597,
        "nauc_precision_at_5_std": 0.25573939400001955,
        "nauc_recall_at_1000_diff1": 1.0,
        "nauc_recall_at_1000_max": 0.6790382819794685,
        "nauc_recall_at_1000_std": 0.5613912231559137,
        "nauc_recall_at_100_diff1": 0.7730109587694726,
        "nauc_recall_at_100_max": 0.7835274460661432,
        "nauc_recall_at_100_std": 0.019239274657230646,
        "nauc_recall_at_10_diff1": 0.6655451298185913,
        "nauc_recall_at_10_max": 0.7504050773103305,
        "nauc_recall_at_10_std": 0.08803399796492084,
        "nauc_recall_at_1_diff1": 0.8018422466773418,
        "nauc_recall_at_1_max": 0.5832368873919087,
        "nauc_recall_at_1_std": -0.09725122299523878,
        "nauc_recall_at_20_diff1": 0.6185371716536971,
        "nauc_recall_at_20_max": 0.7508060899831304,
        "nauc_recall_at_20_std": 0.16088396879966582,
        "nauc_recall_at_3_diff1": 0.6993768406069092,
        "nauc_recall_at_3_max": 0.6551014705912197,
        "nauc_recall_at_3_std": -0.037110153283274175,
        "nauc_recall_at_5_diff1": 0.6759974925692608,
        "nauc_recall_at_5_max": 0.6696364033493327,
        "nauc_recall_at_5_std": -0.00461295088744748,
        "ndcg_at_1": 0.62333,
        "ndcg_at_10": 0.73175,
        "ndcg_at_100": 0.75815,
        "ndcg_at_1000": 0.76146,
        "ndcg_at_20": 0.74428,
        "ndcg_at_3": 0.69124,
        "ndcg_at_5": 0.70639,
        "precision_at_1": 0.62333,
        "precision_at_10": 0.09633,
        "precision_at_100": 0.01097,
        "precision_at_1000": 0.00112,
        "precision_at_20": 0.051,
        "precision_at_3": 0.26889,
        "precision_at_5": 0.17333,
        "recall_at_1": 0.59217,
        "recall_at_10": 0.85189,
        "recall_at_100": 0.96833,
        "recall_at_1000": 0.99333,
        "recall_at_20": 0.89767,
        "recall_at_3": 0.74033,
        "recall_at_5": 0.77817
      }
    ]
  },
  "task_name": "SciFact"
}