{
  "dataset_revision": "e185fbe320c72810689fc5848eb6114e1ef5ec69",
  "evaluation_time": 53.54243874549866,
  "kg_co2_emissions": null,
  "mteb_version": "1.13.1",
  "scores": {
    "test": [
      {
        "hf_subset": "default",
        "languages": [
          "eng-Latn"
        ],
        "main_score": 0.5124249879258185,
        "map": 0.5124249879258185,
        "mrr": 0.5204557391138274,
        "nAUC_map_diff1": 0.3707818899941607,
        "nAUC_map_max": 0.1343137634169365,
        "nAUC_map_std": 0.09448055803135709,
        "nAUC_mrr_diff1": 0.36917206360003757,
        "nAUC_mrr_max": 0.1370043345593585,
        "nAUC_mrr_std": 0.10072184003776048
      }
    ]
  },
  "task_name": "StackOverflowDupQuestions"
}