{
  "dataset_revision": "a0d554a64d88156834ff5ae9920b964011b16384",
  "evaluation_time": 50.410996198654175,
  "kg_co2_emissions": null,
  "mteb_version": "1.13.1",
  "scores": {
    "test": [
      {
        "cosine_pearson": 0.8285032165471949,
        "cosine_spearman": 0.7463037317044946,
        "euclidean_pearson": 0.8054408606154702,
        "euclidean_spearman": 0.7504773065910912,
        "hf_subset": "default",
        "languages": [
          "eng-Latn"
        ],
        "main_score": 0.7463037317044946,
        "manhattan_pearson": 0.8045916739382399,
        "manhattan_spearman": 0.7496883004002587,
        "pearson": 0.8285032165471949,
        "spearman": 0.7463037317044946
      }
    ]
  },
  "task_name": "STS12"
}