{
  "dataset_revision": "7e90230a92c190f1bf69ae9002b8cea547a64cca",
  "evaluation_time": 48.75255084037781,
  "kg_co2_emissions": null,
  "mteb_version": "1.13.1",
  "scores": {
    "test": [
      {
        "cosine_pearson": 0.8626468699177687,
        "cosine_spearman": 0.8664632438709106,
        "euclidean_pearson": 0.8607585880471231,
        "euclidean_spearman": 0.8767398282771219,
        "hf_subset": "default",
        "languages": [
          "eng-Latn"
        ],
        "main_score": 0.8664632438709106,
        "manhattan_pearson": 0.8600424130315403,
        "manhattan_spearman": 0.8760329618322651,
        "pearson": 0.8626468699177687,
        "spearman": 0.8664632438709106
      }
    ]
  },
  "task_name": "STS13"
}