{
  "dataset_revision": "4d8694f8f0e0100860b497b999b3dbed754a0513",
  "evaluation_time": 41.322123765945435,
  "kg_co2_emissions": null,
  "mteb_version": "1.13.1",
  "scores": {
    "test": [
      {
        "cosine_pearson": 0.8069281212948173,
        "cosine_spearman": 0.816659860606378,
        "euclidean_pearson": 0.807972129569279,
        "euclidean_spearman": 0.8172254947155763,
        "hf_subset": "default",
        "languages": [
          "eng-Latn"
        ],
        "main_score": 0.816659860606378,
        "manhattan_pearson": 0.8078020843958216,
        "manhattan_spearman": 0.8174583979421102,
        "pearson": 0.8069281212948173,
        "spearman": 0.816659860606378
      }
    ]
  },
  "task_name": "STS16"
}