{
  "dataset_revision": "bb9466bac8153a0349341eb1b22e06409e78ef4e",
  "evaluation_time": 77.2603759765625,
  "kg_co2_emissions": null,
  "mteb_version": "1.13.1",
  "scores": {
    "test": [
      {
        "hf_subset": "default",
        "languages": [
          "eng-Latn"
        ],
        "main_score": 0.75673,
        "map_at_1": 0.00237,
        "map_at_10": 0.02009,
        "map_at_100": 0.12035,
        "map_at_1000": 0.30246,
        "map_at_20": 0.03549,
        "map_at_3": 0.0066,
        "map_at_5": 0.01054,
        "mrr_at_1": 0.88,
        "mrr_at_10": 0.9366666666666668,
        "mrr_at_100": 0.9366666666666668,
        "mrr_at_1000": 0.9366666666666668,
        "mrr_at_20": 0.9366666666666668,
        "mrr_at_3": 0.9366666666666668,
        "mrr_at_5": 0.9366666666666668,
        "nauc_map_at_1000_diff1": -0.025134550829299315,
        "nauc_map_at_1000_max": 0.40629393178651235,
        "nauc_map_at_1000_std": 0.765192591995419,
        "nauc_map_at_100_diff1": -0.010636220666317699,
        "nauc_map_at_100_max": 0.24180159490620773,
        "nauc_map_at_100_std": 0.5683651544720101,
        "nauc_map_at_10_diff1": -0.02791045013260763,
        "nauc_map_at_10_max": 0.12046468336054142,
        "nauc_map_at_10_std": 0.13261041441767668,
        "nauc_map_at_1_diff1": -0.01590627939575897,
        "nauc_map_at_1_max": 0.053826998778552196,
        "nauc_map_at_1_std": 0.031065204349173637,
        "nauc_map_at_20_diff1": 0.012389177219404779,
        "nauc_map_at_20_max": 0.1452067022877557,
        "nauc_map_at_20_std": 0.24612516588063166,
        "nauc_map_at_3_diff1": -0.03912378846558603,
        "nauc_map_at_3_max": 0.11283025750194052,
        "nauc_map_at_3_std": 0.09117969478104444,
        "nauc_map_at_5_diff1": -0.04931206195652821,
        "nauc_map_at_5_max": 0.14704675666230105,
        "nauc_map_at_5_std": 0.09672587470430985,
        "nauc_mrr_at_1000_diff1": -0.09147473531034976,
        "nauc_mrr_at_1000_max": 0.43539565457373786,
        "nauc_mrr_at_1000_std": 0.24120628230217153,
        "nauc_mrr_at_100_diff1": -0.09147473531034976,
        "nauc_mrr_at_100_max": 0.43539565457373786,
        "nauc_mrr_at_100_std": 0.24120628230217153,
        "nauc_mrr_at_10_diff1": -0.09147473531034976,
        "nauc_mrr_at_10_max": 0.43539565457373786,
        "nauc_mrr_at_10_std": 0.24120628230217153,
        "nauc_mrr_at_1_diff1": -0.13768692332166813,
        "nauc_mrr_at_1_max": 0.4107540566337898,
        "nauc_mrr_at_1_std": 0.22343302577155663,
        "nauc_mrr_at_20_diff1": -0.09147473531034976,
        "nauc_mrr_at_20_max": 0.43539565457373786,
        "nauc_mrr_at_20_std": 0.24120628230217153,
        "nauc_mrr_at_3_diff1": -0.09147473531034976,
        "nauc_mrr_at_3_max": 0.43539565457373786,
        "nauc_mrr_at_3_std": 0.24120628230217153,
        "nauc_mrr_at_5_diff1": -0.09147473531034976,
        "nauc_mrr_at_5_max": 0.43539565457373786,
        "nauc_mrr_at_5_std": 0.24120628230217153,
        "nauc_ndcg_at_1000_diff1": -0.005997230062905445,
        "nauc_ndcg_at_1000_max": 0.3990537748860701,
        "nauc_ndcg_at_1000_std": 0.7504993773678751,
        "nauc_ndcg_at_100_diff1": -0.05108825277670394,
        "nauc_ndcg_at_100_max": 0.38826306727101173,
        "nauc_ndcg_at_100_std": 0.7745483837575952,
        "nauc_ndcg_at_10_diff1": -0.035328900877449144,
        "nauc_ndcg_at_10_max": 0.30601868854276437,
        "nauc_ndcg_at_10_std": 0.5549640574287525,
        "nauc_ndcg_at_1_diff1": -0.09713769984528142,
        "nauc_ndcg_at_1_max": 0.17723053120165055,
        "nauc_ndcg_at_1_std": 0.35304280556988143,
        "nauc_ndcg_at_20_diff1": -0.006183854909813659,
        "nauc_ndcg_at_20_max": 0.332666615317467,
        "nauc_ndcg_at_20_std": 0.6636493735619007,
        "nauc_ndcg_at_3_diff1": -0.11484919600272757,
        "nauc_ndcg_at_3_max": 0.37935468846505704,
        "nauc_ndcg_at_3_std": 0.4563358796217243,
        "nauc_ndcg_at_5_diff1": -0.09083206849464866,
        "nauc_ndcg_at_5_max": 0.4153467355303118,
        "nauc_ndcg_at_5_std": 0.48742547182926893,
        "nauc_precision_at_1000_diff1": -0.037625541714662994,
        "nauc_precision_at_1000_max": 0.36771215995319967,
        "nauc_precision_at_1000_std": 0.4412171375827416,
        "nauc_precision_at_100_diff1": -0.037603629242287565,
        "nauc_precision_at_100_max": 0.39684158147899273,
        "nauc_precision_at_100_std": 0.776155016833841,
        "nauc_precision_at_10_diff1": 0.07562830304335609,
        "nauc_precision_at_10_max": 0.3667682775301934,
        "nauc_precision_at_10_std": 0.533945759679263,
        "nauc_precision_at_1_diff1": -0.13768692332166813,
        "nauc_precision_at_1_max": 0.4107540566337898,
        "nauc_precision_at_1_std": 0.22343302577155663,
        "nauc_precision_at_20_diff1": 0.09803921568627437,
        "nauc_precision_at_20_max": 0.37194516123369603,
        "nauc_precision_at_20_std": 0.6709358049397022,
        "nauc_precision_at_3_diff1": -0.09003610470364122,
        "nauc_precision_at_3_max": 0.5273794002607561,
        "nauc_precision_at_3_std": 0.3984053755892095,
        "nauc_precision_at_5_diff1": -0.0712983169411976,
        "nauc_precision_at_5_max": 0.559744103315298,
        "nauc_precision_at_5_std": 0.44192998714537635,
        "nauc_recall_at_1000_diff1": 0.014372521431878858,
        "nauc_recall_at_1000_max": 0.34437728081604,
        "nauc_recall_at_1000_std": 0.621692195908084,
        "nauc_recall_at_100_diff1": -0.006120684890025749,
        "nauc_recall_at_100_max": 0.16367619930446534,
        "nauc_recall_at_100_std": 0.44458248424580976,
        "nauc_recall_at_10_diff1": -0.028183370397283927,
        "nauc_recall_at_10_max": 0.05581849564710613,
        "nauc_recall_at_10_std": 0.09059676840606912,
        "nauc_recall_at_1_diff1": -0.01590627939575897,
        "nauc_recall_at_1_max": 0.053826998778552196,
        "nauc_recall_at_1_std": 0.031065204349173637,
        "nauc_recall_at_20_diff1": 0.0068440500767128175,
        "nauc_recall_at_20_max": 0.08020813912184258,
        "nauc_recall_at_20_std": 0.18997594738207044,
        "nauc_recall_at_3_diff1": -0.059414303584096335,
        "nauc_recall_at_3_max": 0.07567285776657526,
        "nauc_recall_at_3_std": 0.05359629359117207,
        "nauc_recall_at_5_diff1": -0.06018515777303152,
        "nauc_recall_at_5_max": 0.09579854445762306,
        "nauc_recall_at_5_std": 0.05532090207516063,
        "ndcg_at_1": 0.8,
        "ndcg_at_10": 0.75673,
        "ndcg_at_100": 0.60125,
        "ndcg_at_1000": 0.56185,
        "ndcg_at_20": 0.72077,
        "ndcg_at_3": 0.8,
        "ndcg_at_5": 0.77782,
        "precision_at_1": 0.88,
        "precision_at_10": 0.818,
        "precision_at_100": 0.624,
        "precision_at_1000": 0.24686,
        "precision_at_20": 0.769,
        "precision_at_3": 0.85333,
        "precision_at_5": 0.832,
        "recall_at_1": 0.00237,
        "recall_at_10": 0.02223,
        "recall_at_100": 0.15517,
        "recall_at_1000": 0.53805,
        "recall_at_20": 0.04053,
        "recall_at_3": 0.00693,
        "recall_at_5": 0.01132
      }
    ]
  },
  "task_name": "TRECCOVID"
}