{
  "dataset_revision": "c22ab2a51041ffd869aaddef7af8d8215647e41a",
  "mteb_dataset_name": "ArguAna",
  "mteb_version": "1.10.3",
  "test": {
    "evaluation_time": 134.03,
    "map_at_1": 0.28947,
    "map_at_10": 0.4509,
    "map_at_100": 0.4596,
    "map_at_1000": 0.45966,
    "map_at_20": 0.45774,
    "map_at_3": 0.40149,
    "map_at_5": 0.43218,
    "mrr_at_1": 0.29445,
    "mrr_at_10": 0.45282,
    "mrr_at_100": 0.46165,
    "mrr_at_1000": 0.46171,
    "mrr_at_20": 0.45976,
    "mrr_at_3": 0.40469,
    "mrr_at_5": 0.434,
    "ndcg_at_1": 0.28947,
    "ndcg_at_10": 0.53992,
    "ndcg_at_100": 0.57684,
    "ndcg_at_1000": 0.57837,
    "ndcg_at_20": 0.56454,
    "ndcg_at_3": 0.4398,
    "ndcg_at_5": 0.49499,
    "precision_at_1": 0.28947,
    "precision_at_10": 0.08229,
    "precision_at_100": 0.00984,
    "precision_at_1000": 0.001,
    "precision_at_20": 0.04598,
    "precision_at_3": 0.18374,
    "precision_at_5": 0.13698,
    "recall_at_1": 0.28947,
    "recall_at_10": 0.8229,
    "recall_at_100": 0.98364,
    "recall_at_1000": 0.99573,
    "recall_at_20": 0.91963,
    "recall_at_3": 0.55121,
    "recall_at_5": 0.68492
  }
}