{
  "dataset_revision": "79531abbd1fb92d06c6d6315a0cbbbf5bb247ea4",
  "mteb_dataset_name": "CQADupstackPhysicsRetrieval",
  "mteb_version": "1.10.3",
  "test": {
    "evaluation_time": 450.82,
    "map_at_1": 0.30975,
    "map_at_10": 0.4139,
    "map_at_100": 0.4264,
    "map_at_1000": 0.42743,
    "map_at_20": 0.42024,
    "map_at_3": 0.38245,
    "map_at_5": 0.40073,
    "mrr_at_1": 0.37536,
    "mrr_at_10": 0.46978,
    "mrr_at_100": 0.47725,
    "mrr_at_1000": 0.47769,
    "mrr_at_20": 0.47377,
    "mrr_at_3": 0.44642,
    "mrr_at_5": 0.45999,
    "ndcg_at_1": 0.37632,
    "ndcg_at_10": 0.47248,
    "ndcg_at_100": 0.52435,
    "ndcg_at_1000": 0.54341,
    "ndcg_at_20": 0.49134,
    "ndcg_at_3": 0.42407,
    "ndcg_at_5": 0.44771,
    "precision_at_1": 0.37632,
    "precision_at_10": 0.08431,
    "precision_at_100": 0.01272,
    "precision_at_1000": 0.00159,
    "precision_at_20": 0.04875,
    "precision_at_3": 0.19923,
    "precision_at_5": 0.14013,
    "recall_at_1": 0.30975,
    "recall_at_10": 0.58895,
    "recall_at_100": 0.80655,
    "recall_at_1000": 0.93139,
    "recall_at_20": 0.65465,
    "recall_at_3": 0.45512,
    "recall_at_5": 0.51718
  }
}