{
  "dataset_revision": "ad9991cb51e31e31e430383c75ffb2885547b5f0",
  "mteb_dataset_name": "CQADupstackEnglishRetrieval",
  "mteb_version": "1.10.3",
  "test": {
    "evaluation_time": 272.06,
    "map_at_1": 0.33122,
    "map_at_10": 0.43505,
    "map_at_100": 0.44745,
    "map_at_1000": 0.44865,
    "map_at_20": 0.44139,
    "map_at_3": 0.40552,
    "map_at_5": 0.42113,
    "mrr_at_1": 0.41656,
    "mrr_at_10": 0.49667,
    "mrr_at_100": 0.50296,
    "mrr_at_1000": 0.50337,
    "mrr_at_20": 0.50029,
    "mrr_at_3": 0.47601,
    "mrr_at_5": 0.48805,
    "ndcg_at_1": 0.41656,
    "ndcg_at_10": 0.49109,
    "ndcg_at_100": 0.5334,
    "ndcg_at_1000": 0.55175,
    "ndcg_at_20": 0.50609,
    "ndcg_at_3": 0.45259,
    "ndcg_at_5": 0.46908,
    "precision_at_1": 0.41656,
    "precision_at_10": 0.09197,
    "precision_at_100": 0.01461,
    "precision_at_1000": 0.00189,
    "precision_at_20": 0.05344,
    "precision_at_3": 0.2189,
    "precision_at_5": 0.15261,
    "recall_at_1": 0.33122,
    "recall_at_10": 0.5844,
    "recall_at_100": 0.76435,
    "recall_at_1000": 0.87958,
    "recall_at_20": 0.63864,
    "recall_at_3": 0.46488,
    "recall_at_5": 0.51454
  }
}