{
  "dataset_revision": "6c6430d3a6d36f8d2a829195bc5dc94d7e063e53",
  "mteb_dataset_name": "CQADupstackUnixRetrieval",
  "mteb_version": "1.10.3",
  "test": {
    "evaluation_time": 497.94,
    "map_at_1": 0.28028,
    "map_at_10": 0.36541,
    "map_at_100": 0.37546,
    "map_at_1000": 0.37648,
    "map_at_20": 0.37063,
    "map_at_3": 0.33853,
    "map_at_5": 0.35456,
    "mrr_at_1": 0.32836,
    "mrr_at_10": 0.40782,
    "mrr_at_100": 0.41535,
    "mrr_at_1000": 0.41597,
    "mrr_at_20": 0.41192,
    "mrr_at_3": 0.38448,
    "mrr_at_5": 0.39824,
    "ndcg_at_1": 0.32836,
    "ndcg_at_10": 0.416,
    "ndcg_at_100": 0.4632,
    "ndcg_at_1000": 0.48554,
    "ndcg_at_20": 0.43283,
    "ndcg_at_3": 0.36927,
    "ndcg_at_5": 0.39222,
    "precision_at_1": 0.32836,
    "precision_at_10": 0.06912,
    "precision_at_100": 0.01044,
    "precision_at_1000": 0.00133,
    "precision_at_20": 0.03937,
    "precision_at_3": 0.16573,
    "precision_at_5": 0.11754,
    "recall_at_1": 0.28028,
    "recall_at_10": 0.52729,
    "recall_at_100": 0.73367,
    "recall_at_1000": 0.89079,
    "recall_at_20": 0.58795,
    "recall_at_3": 0.39955,
    "recall_at_5": 0.45702
  }
}