{
  "dataset_revision": "90fceea13679c63fe563ded68f3b6f06e50061de",
  "mteb_dataset_name": "CQADupstackMathematicaRetrieval",
  "mteb_version": "1.10.3",
  "test": {
    "evaluation_time": 189.4,
    "map_at_1": 0.16269,
    "map_at_10": 0.24071,
    "map_at_100": 0.25211,
    "map_at_1000": 0.25353,
    "map_at_20": 0.24764,
    "map_at_3": 0.21535,
    "map_at_5": 0.22923,
    "mrr_at_1": 0.20398,
    "mrr_at_10": 0.28743,
    "mrr_at_100": 0.2972,
    "mrr_at_1000": 0.29807,
    "mrr_at_20": 0.29378,
    "mrr_at_3": 0.26161,
    "mrr_at_5": 0.27666,
    "ndcg_at_1": 0.20522,
    "ndcg_at_10": 0.29258,
    "ndcg_at_100": 0.34509,
    "ndcg_at_1000": 0.37716,
    "ndcg_at_20": 0.316,
    "ndcg_at_3": 0.24618,
    "ndcg_at_5": 0.26752,
    "precision_at_1": 0.20522,
    "precision_at_10": 0.05522,
    "precision_at_100": 0.00927,
    "precision_at_1000": 0.00134,
    "precision_at_20": 0.03408,
    "precision_at_3": 0.12065,
    "precision_at_5": 0.08905,
    "recall_at_1": 0.16269,
    "recall_at_10": 0.40667,
    "recall_at_100": 0.6297,
    "recall_at_1000": 0.85569,
    "recall_at_20": 0.49048,
    "recall_at_3": 0.27484,
    "recall_at_5": 0.33047
  }
}