{
  "dataset_revision": "0228b52cf27578f30900b9e5271d331663a030d7",
  "mteb_dataset_name": "SciFact",
  "mteb_version": "1.10.3",
  "test": {
    "evaluation_time": 77.76,
    "map_at_1": 0.59983,
    "map_at_10": 0.68834,
    "map_at_100": 0.69525,
    "map_at_1000": 0.69544,
    "map_at_20": 0.69307,
    "map_at_3": 0.66431,
    "map_at_5": 0.67926,
    "mrr_at_1": 0.62667,
    "mrr_at_10": 0.69795,
    "mrr_at_100": 0.70348,
    "mrr_at_1000": 0.70366,
    "mrr_at_20": 0.70167,
    "mrr_at_3": 0.68111,
    "mrr_at_5": 0.69211,
    "ndcg_at_1": 0.62667,
    "ndcg_at_10": 0.72643,
    "ndcg_at_100": 0.75498,
    "ndcg_at_1000": 0.75976,
    "ndcg_at_20": 0.74173,
    "ndcg_at_3": 0.68792,
    "ndcg_at_5": 0.70839,
    "precision_at_1": 0.62667,
    "precision_at_10": 0.094,
    "precision_at_100": 0.01083,
    "precision_at_1000": 0.00112,
    "precision_at_20": 0.05033,
    "precision_at_3": 0.26556,
    "precision_at_5": 0.174,
    "recall_at_1": 0.59983,
    "recall_at_10": 0.83078,
    "recall_at_100": 0.95667,
    "recall_at_1000": 0.99333,
    "recall_at_20": 0.88922,
    "recall_at_3": 0.7295,
    "recall_at_5": 0.779
  }
}