{
  "dataset_revision": "160c094312a0e1facb97e55eeddb698c0abe3571",
  "mteb_dataset_name": "CQADupstackWebmastersRetrieval",
  "mteb_version": "1.10.3",
  "test": {
    "evaluation_time": 190.78,
    "map_at_1": 0.29068,
    "map_at_10": 0.36651,
    "map_at_100": 0.38253,
    "map_at_1000": 0.38466,
    "map_at_20": 0.37384,
    "map_at_3": 0.33781,
    "map_at_5": 0.35178,
    "mrr_at_1": 0.3419,
    "mrr_at_10": 0.41228,
    "mrr_at_100": 0.42223,
    "mrr_at_1000": 0.42264,
    "mrr_at_20": 0.41735,
    "mrr_at_3": 0.389,
    "mrr_at_5": 0.40036,
    "ndcg_at_1": 0.34387,
    "ndcg_at_10": 0.42088,
    "ndcg_at_100": 0.48092,
    "ndcg_at_1000": 0.50233,
    "ndcg_at_20": 0.43911,
    "ndcg_at_3": 0.37487,
    "ndcg_at_5": 0.3921,
    "precision_at_1": 0.34387,
    "precision_at_10": 0.07964,
    "precision_at_100": 0.01585,
    "precision_at_1000": 0.00237,
    "precision_at_20": 0.04911,
    "precision_at_3": 0.17062,
    "precision_at_5": 0.12134,
    "recall_at_1": 0.29068,
    "recall_at_10": 0.51465,
    "recall_at_100": 0.79153,
    "recall_at_1000": 0.92207,
    "recall_at_20": 0.58619,
    "recall_at_3": 0.38307,
    "recall_at_5": 0.43028
  }
}