{
  "dataset_revision": "27a168819829fe9bcd655c2df245fb19452e8e06",
  "mteb_dataset_name": "FiQA2018",
  "mteb_version": "1.10.3",
  "test": {
    "evaluation_time": 458.43,
    "map_at_1": 0.20553,
    "map_at_10": 0.33355,
    "map_at_100": 0.35233,
    "map_at_1000": 0.35397,
    "map_at_20": 0.3443,
    "map_at_3": 0.29007,
    "map_at_5": 0.31463,
    "mrr_at_1": 0.40123,
    "mrr_at_10": 0.49431,
    "mrr_at_100": 0.50242,
    "mrr_at_1000": 0.50279,
    "mrr_at_20": 0.49924,
    "mrr_at_3": 0.47016,
    "mrr_at_5": 0.48344,
    "ndcg_at_1": 0.40123,
    "ndcg_at_10": 0.41324,
    "ndcg_at_100": 0.47971,
    "ndcg_at_1000": 0.50821,
    "ndcg_at_20": 0.4407,
    "ndcg_at_3": 0.37491,
    "ndcg_at_5": 0.38786,
    "precision_at_1": 0.40123,
    "precision_at_10": 0.11497,
    "precision_at_100": 0.01832,
    "precision_at_1000": 0.00232,
    "precision_at_20": 0.06821,
    "precision_at_3": 0.25257,
    "precision_at_5": 0.18549,
    "recall_at_1": 0.20553,
    "recall_at_10": 0.48239,
    "recall_at_100": 0.7241,
    "recall_at_1000": 0.89858,
    "recall_at_20": 0.56994,
    "recall_at_3": 0.33994,
    "recall_at_5": 0.40255
  }
}