{
  "dataset_revision": "160c094312a0e1facb97e55eeddb698c0abe3571",
  "mteb_dataset_name": "CQADupstackWebmastersRetrieval",
  "mteb_version": "1.10.3",
  "test": {
    "evaluation_time": 224.19,
    "map_at_1": 0.27653,
    "map_at_10": 0.35571,
    "map_at_100": 0.3724,
    "map_at_1000": 0.37449,
    "map_at_20": 0.36383,
    "map_at_3": 0.32981,
    "map_at_5": 0.3409,
    "mrr_at_1": 0.33597,
    "mrr_at_10": 0.40461,
    "mrr_at_100": 0.41503,
    "mrr_at_1000": 0.41553,
    "mrr_at_20": 0.41014,
    "mrr_at_3": 0.38274,
    "mrr_at_5": 0.39262,
    "ndcg_at_1": 0.33597,
    "ndcg_at_10": 0.41074,
    "ndcg_at_100": 0.47213,
    "ndcg_at_1000": 0.49475,
    "ndcg_at_20": 0.43144,
    "ndcg_at_3": 0.36984,
    "ndcg_at_5": 0.38257,
    "precision_at_1": 0.33597,
    "precision_at_10": 0.07727,
    "precision_at_100": 0.01561,
    "precision_at_1000": 0.00234,
    "precision_at_20": 0.04901,
    "precision_at_3": 0.17128,
    "precision_at_5": 0.11858,
    "recall_at_1": 0.27653,
    "recall_at_10": 0.50903,
    "recall_at_100": 0.78373,
    "recall_at_1000": 0.92227,
    "recall_at_20": 0.58683,
    "recall_at_3": 0.38468,
    "recall_at_5": 0.42495
  }
}