{
  "dataset_revision": "c0f706b76e590d620bd6618b3ca8efdd34e2d659",
  "mteb_dataset_name": "DBPedia",
  "mteb_version": "1.10.3",
  "test": {
    "evaluation_time": 30149.6,
    "map_at_1": 0.07249,
    "map_at_10": 0.16374,
    "map_at_100": 0.22421,
    "map_at_1000": 0.23624,
    "map_at_20": 0.18711,
    "map_at_3": 0.11715,
    "map_at_5": 0.1375,
    "mrr_at_1": 0.5975,
    "mrr_at_10": 0.68475,
    "mrr_at_100": 0.68842,
    "mrr_at_1000": 0.68857,
    "mrr_at_20": 0.6874,
    "mrr_at_3": 0.65917,
    "mrr_at_5": 0.67729,
    "ndcg_at_1": 0.48625,
    "ndcg_at_10": 0.3552,
    "ndcg_at_100": 0.39269,
    "ndcg_at_1000": 0.46046,
    "ndcg_at_20": 0.34785,
    "ndcg_at_3": 0.38753,
    "ndcg_at_5": 0.37141,
    "precision_at_1": 0.5975,
    "precision_at_10": 0.28275,
    "precision_at_100": 0.08372,
    "precision_at_1000": 0.01609,
    "precision_at_20": 0.20512,
    "precision_at_3": 0.41583,
    "precision_at_5": 0.3655,
    "recall_at_1": 0.07249,
    "recall_at_10": 0.22544,
    "recall_at_100": 0.45641,
    "recall_at_1000": 0.6715,
    "recall_at_20": 0.28796,
    "recall_at_3": 0.13224,
    "recall_at_5": 0.1707
  }
}