{
  "dataset_revision": "b774495ed302d8c44a3a7ea25c90dbce03968f31",
  "mteb_dataset_name": "NQ",
  "mteb_version": "1.10.3",
  "test": {
    "evaluation_time": 16749.73,
    "map_at_1": 0.23762,
    "map_at_10": 0.38533,
    "map_at_100": 0.39666,
    "map_at_1000": 0.39706,
    "map_at_20": 0.39259,
    "map_at_3": 0.33637,
    "map_at_5": 0.36481,
    "mrr_at_1": 0.26883,
    "mrr_at_10": 0.40901,
    "mrr_at_100": 0.4178,
    "mrr_at_1000": 0.41809,
    "mrr_at_20": 0.41481,
    "mrr_at_3": 0.36737,
    "mrr_at_5": 0.39236,
    "ndcg_at_1": 0.26651,
    "ndcg_at_10": 0.46616,
    "ndcg_at_100": 0.5148,
    "ndcg_at_1000": 0.52395,
    "ndcg_at_20": 0.48976,
    "ndcg_at_3": 0.37328,
    "ndcg_at_5": 0.42097,
    "precision_at_1": 0.26651,
    "precision_at_10": 0.08224,
    "precision_at_100": 0.01095,
    "precision_at_1000": 0.00118,
    "precision_at_20": 0.04667,
    "precision_at_3": 0.17362,
    "precision_at_5": 0.13094,
    "recall_at_1": 0.23762,
    "recall_at_10": 0.69112,
    "recall_at_100": 0.90346,
    "recall_at_1000": 0.97171,
    "recall_at_20": 0.77832,
    "recall_at_3": 0.45015,
    "recall_at_5": 0.55997
  }
}