{
  "dataset_revision": "a34f9a33db75fa0cbb21bb5cfc3dae8dc8bec93f",
  "mteb_dataset_name": "Touche2020",
  "mteb_version": "1.10.3",
  "test": {
    "evaluation_time": 2515.36,
    "map_at_1": 0.01186,
    "map_at_10": 0.06185,
    "map_at_100": 0.11438,
    "map_at_1000": 0.12868,
    "map_at_20": 0.08476,
    "map_at_3": 0.02616,
    "map_at_5": 0.0362,
    "mrr_at_1": 0.12245,
    "mrr_at_10": 0.27443,
    "mrr_at_100": 0.28637,
    "mrr_at_1000": 0.28637,
    "mrr_at_20": 0.2786,
    "mrr_at_3": 0.21088,
    "mrr_at_5": 0.24048,
    "ndcg_at_1": 0.10204,
    "ndcg_at_10": 0.16712,
    "ndcg_at_100": 0.29293,
    "ndcg_at_1000": 0.40685,
    "ndcg_at_20": 0.19008,
    "ndcg_at_3": 0.11965,
    "ndcg_at_5": 0.13595,
    "precision_at_1": 0.12245,
    "precision_at_10": 0.17551,
    "precision_at_100": 0.06878,
    "precision_at_1000": 0.01429,
    "precision_at_20": 0.14082,
    "precision_at_3": 0.14286,
    "precision_at_5": 0.15918,
    "recall_at_1": 0.01186,
    "recall_at_10": 0.13224,
    "recall_at_100": 0.42627,
    "recall_at_1000": 0.77862,
    "recall_at_20": 0.20219,
    "recall_at_3": 0.03412,
    "recall_at_5": 0.05834
  }
}