{
  "dataset_revision": "ec0fa4fe99da2ff19ca1214b7966684033a58814",
  "mteb_dataset_name": "NFCorpus",
  "mteb_version": "1.6.34",
  "test": {
    "evaluation_time": 24.22,
    "map_at_1": 0.05613,
    "map_at_10": 0.12223,
    "map_at_100": 0.14917,
    "map_at_1000": 0.16177,
    "map_at_20": 0.13358,
    "map_at_3": 0.09149,
    "map_at_5": 0.10595,
    "mrr_at_1": 0.44892,
    "mrr_at_10": 0.5217,
    "mrr_at_100": 0.52777,
    "mrr_at_1000": 0.52824,
    "mrr_at_20": 0.52481,
    "mrr_at_3": 0.50103,
    "mrr_at_5": 0.51388,
    "ndcg_at_1": 0.42105,
    "ndcg_at_10": 0.32455,
    "ndcg_at_100": 0.29096,
    "ndcg_at_1000": 0.37824,
    "ndcg_at_20": 0.30124,
    "ndcg_at_3": 0.37468,
    "ndcg_at_5": 0.35685,
    "precision_at_1": 0.43963,
    "precision_at_10": 0.2387,
    "precision_at_100": 0.07142,
    "precision_at_1000": 0.01977,
    "precision_at_20": 0.17399,
    "precision_at_3": 0.34778,
    "precision_at_5": 0.30712,
    "recall_at_1": 0.05613,
    "recall_at_10": 0.15481,
    "recall_at_100": 0.28673,
    "recall_at_1000": 0.59722,
    "recall_at_20": 0.1902,
    "recall_at_3": 0.09913,
    "recall_at_5": 0.12373
  }
}