{
  "dataset_revision": "f8c2fcf00f625baaa80f62ec5bd9e1fff3b8ae88",
  "mteb_dataset_name": "SCIDOCS",
  "mteb_version": "1.6.34",
  "test": {
    "evaluation_time": 14.97,
    "map_at_1": 0.04338,
    "map_at_10": 0.10363,
    "map_at_100": 0.12082,
    "map_at_1000": 0.12335,
    "map_at_20": 0.11236,
    "map_at_3": 0.07782,
    "map_at_5": 0.0896,
    "mrr_at_1": 0.214,
    "mrr_at_10": 0.31676,
    "mrr_at_100": 0.32799,
    "mrr_at_1000": 0.32866,
    "mrr_at_20": 0.32406,
    "mrr_at_3": 0.28967,
    "mrr_at_5": 0.30472,
    "ndcg_at_1": 0.214,
    "ndcg_at_10": 0.17689,
    "ndcg_at_100": 0.24579,
    "ndcg_at_1000": 0.29466,
    "ndcg_at_20": 0.20263,
    "ndcg_at_3": 0.1763,
    "ndcg_at_5": 0.14883,
    "precision_at_1": 0.214,
    "precision_at_10": 0.0897,
    "precision_at_100": 0.01879,
    "precision_at_1000": 0.00306,
    "precision_at_20": 0.0597,
    "precision_at_3": 0.16533,
    "precision_at_5": 0.1284,
    "recall_at_1": 0.04338,
    "recall_at_10": 0.18153,
    "recall_at_100": 0.38093,
    "recall_at_1000": 0.62098,
    "recall_at_20": 0.24168,
    "recall_at_3": 0.10048,
    "recall_at_5": 0.13008
  }
}