{
  "dataset_revision": "0228b52cf27578f30900b9e5271d331663a030d7",
  "mteb_dataset_name": "SciFact",
  "mteb_version": "1.6.34",
  "test": {
    "evaluation_time": 7.61,
    "map_at_1": 0.49667,
    "map_at_10": 0.60167,
    "map_at_100": 0.6065,
    "map_at_1000": 0.60691,
    "map_at_20": 0.60443,
    "map_at_3": 0.57124,
    "map_at_5": 0.58643,
    "mrr_at_1": 0.52,
    "mrr_at_10": 0.61166,
    "mrr_at_100": 0.61535,
    "mrr_at_1000": 0.6157,
    "mrr_at_20": 0.61355,
    "mrr_at_3": 0.58778,
    "mrr_at_5": 0.59911,
    "ndcg_at_1": 0.52,
    "ndcg_at_10": 0.65446,
    "ndcg_at_100": 0.67632,
    "ndcg_at_1000": 0.68721,
    "ndcg_at_20": 0.66282,
    "ndcg_at_3": 0.59909,
    "ndcg_at_5": 0.62177,
    "precision_at_1": 0.52,
    "precision_at_10": 0.09067,
    "precision_at_100": 0.0103,
    "precision_at_1000": 0.00112,
    "precision_at_20": 0.0475,
    "precision_at_3": 0.23778,
    "precision_at_5": 0.158,
    "recall_at_1": 0.49667,
    "recall_at_10": 0.80639,
    "recall_at_100": 0.90767,
    "recall_at_1000": 0.99333,
    "recall_at_20": 0.83733,
    "recall_at_3": 0.65661,
    "recall_at_5": 0.711
  },
  "train": {
    "evaluation_time": 7.32,
    "map_at_1": 0.54038,
    "map_at_10": 0.6389,
    "map_at_100": 0.64518,
    "map_at_1000": 0.64549,
    "map_at_20": 0.64313,
    "map_at_3": 0.6147,
    "map_at_5": 0.63084,
    "mrr_at_1": 0.56489,
    "mrr_at_10": 0.65013,
    "mrr_at_100": 0.6544,
    "mrr_at_1000": 0.65469,
    "mrr_at_20": 0.6528,
    "mrr_at_3": 0.63267,
    "mrr_at_5": 0.64405,
    "ndcg_at_1": 0.56489,
    "ndcg_at_10": 0.68119,
    "ndcg_at_100": 0.70761,
    "ndcg_at_1000": 0.71669,
    "ndcg_at_20": 0.69352,
    "ndcg_at_3": 0.64025,
    "ndcg_at_5": 0.664,
    "precision_at_1": 0.56489,
    "precision_at_10": 0.08999,
    "precision_at_100": 0.01046,
    "precision_at_1000": 0.00112,
    "precision_at_20": 0.04796,
    "precision_at_3": 0.25175,
    "precision_at_5": 0.16663,
    "recall_at_1": 0.54038,
    "recall_at_10": 0.79607,
    "recall_at_100": 0.91574,
    "recall_at_1000": 0.98846,
    "recall_at_20": 0.84112,
    "recall_at_3": 0.69174,
    "recall_at_5": 0.74654
  }
}