{
  "dataset_revision": "a34f9a33db75fa0cbb21bb5cfc3dae8dc8bec93f",
  "mteb_dataset_name": "Touche2020",
  "mteb_version": "1.6.34",
  "test": {
    "evaluation_time": 66.39,
    "map_at_1": 0.02212,
    "map_at_10": 0.10815,
    "map_at_100": 0.16861,
    "map_at_1000": 0.18287,
    "map_at_20": 0.13421,
    "map_at_3": 0.05602,
    "map_at_5": 0.07199,
    "mrr_at_1": 0.30612,
    "mrr_at_10": 0.45302,
    "mrr_at_100": 0.46204,
    "mrr_at_1000": 0.46208,
    "mrr_at_20": 0.45989,
    "mrr_at_3": 0.40136,
    "mrr_at_5": 0.43197,
    "ndcg_at_1": 0.27551,
    "ndcg_at_10": 0.26439,
    "ndcg_at_100": 0.36889,
    "ndcg_at_1000": 0.48047,
    "ndcg_at_20": 0.27595,
    "ndcg_at_3": 0.27687,
    "ndcg_at_5": 0.25985,
    "precision_at_1": 0.30612,
    "precision_at_10": 0.2449,
    "precision_at_100": 0.07612,
    "precision_at_1000": 0.01502,
    "precision_at_20": 0.19082,
    "precision_at_3": 0.29932,
    "precision_at_5": 0.26122,
    "recall_at_1": 0.02212,
    "recall_at_10": 0.17287,
    "recall_at_100": 0.46632,
    "recall_at_1000": 0.80897,
    "recall_at_20": 0.25206,
    "recall_at_3": 0.06766,
    "recall_at_5": 0.09464
  }
}