{
  "dataset_revision": "bb9466bac8153a0349341eb1b22e06409e78ef4e",
  "mteb_dataset_name": "TRECCOVID",
  "mteb_version": "1.6.34",
  "test": {
    "evaluation_time": 27.25,
    "map_at_1": 0.00242,
    "map_at_10": 0.02025,
    "map_at_100": 0.10874,
    "map_at_1000": 0.24837,
    "map_at_20": 0.03595,
    "map_at_3": 0.00668,
    "map_at_5": 0.01093,
    "mrr_at_1": 0.92,
    "mrr_at_10": 0.95667,
    "mrr_at_100": 0.95667,
    "mrr_at_1000": 0.95667,
    "mrr_at_20": 0.95667,
    "mrr_at_3": 0.95667,
    "mrr_at_5": 0.95667,
    "ndcg_at_1": 0.83,
    "ndcg_at_10": 0.78464,
    "ndcg_at_100": 0.56908,
    "ndcg_at_1000": 0.49386,
    "ndcg_at_20": 0.74353,
    "ndcg_at_3": 0.82112,
    "ndcg_at_5": 0.80957,
    "precision_at_1": 0.92,
    "precision_at_10": 0.824,
    "precision_at_100": 0.5798,
    "precision_at_1000": 0.21646,
    "precision_at_20": 0.778,
    "precision_at_3": 0.87333,
    "precision_at_5": 0.864,
    "recall_at_1": 0.00242,
    "recall_at_10": 0.02196,
    "recall_at_100": 0.13852,
    "recall_at_1000": 0.45583,
    "recall_at_20": 0.04027,
    "recall_at_3": 0.00697,
    "recall_at_5": 0.01157
  }
}