{
  "dataset_revision": "c22ab2a51041ffd869aaddef7af8d8215647e41a",
  "evaluation_time": 38.35927128791809,
  "kg_co2_emissions": null,
  "mteb_version": "1.13.1",
  "scores": {
    "test": [
      {
        "hf_subset": "default",
        "languages": [
          "eng-Latn"
        ],
        "main_score": 0.5628,
        "map_at_1": 0.30512,
        "map_at_10": 0.47277,
        "map_at_100": 0.4813,
        "map_at_1000": 0.48134,
        "map_at_20": 0.47968,
        "map_at_3": 0.4233,
        "map_at_5": 0.45428,
        "mrr_at_1": 0.3108108108108108,
        "mrr_at_10": 0.4748865406760143,
        "mrr_at_100": 0.4833522465607781,
        "mrr_at_1000": 0.48339106324790165,
        "mrr_at_20": 0.4817411772723814,
        "mrr_at_3": 0.42567567567567566,
        "mrr_at_5": 0.45597439544807966,
        "nauc_map_at_1000_diff1": 0.12256782758277977,
        "nauc_map_at_1000_max": -0.08850195689078341,
        "nauc_map_at_1000_std": -0.187958994941204,
        "nauc_map_at_100_diff1": 0.12260336626812249,
        "nauc_map_at_100_max": -0.08842578572670569,
        "nauc_map_at_100_std": -0.18788883364900266,
        "nauc_map_at_10_diff1": 0.11997294686548479,
        "nauc_map_at_10_max": -0.08768693559296299,
        "nauc_map_at_10_std": -0.18876620614005685,
        "nauc_map_at_1_diff1": 0.16012681151814961,
        "nauc_map_at_1_max": -0.10655910401813244,
        "nauc_map_at_1_std": -0.18601313288564406,
        "nauc_map_at_20_diff1": 0.1220328483838181,
        "nauc_map_at_20_max": -0.08783611448003176,
        "nauc_map_at_20_std": -0.1877581936395968,
        "nauc_map_at_3_diff1": 0.12033042521423527,
        "nauc_map_at_3_max": -0.09011429687091439,
        "nauc_map_at_3_std": -0.1921492796894192,
        "nauc_map_at_5_diff1": 0.1207464752232994,
        "nauc_map_at_5_max": -0.08707937555970366,
        "nauc_map_at_5_std": -0.18909353525744094,
        "nauc_mrr_at_1000_diff1": 0.10517605585144152,
        "nauc_mrr_at_1000_max": -0.09610008122657336,
        "nauc_mrr_at_1000_std": -0.18490591685815586,
        "nauc_mrr_at_100_diff1": 0.10521384623037412,
        "nauc_mrr_at_100_max": -0.09602298836808922,
        "nauc_mrr_at_100_std": -0.18483623533698862,
        "nauc_mrr_at_10_diff1": 0.10282391736894472,
        "nauc_mrr_at_10_max": -0.09557829460869913,
        "nauc_mrr_at_10_std": -0.18637050264256944,
        "nauc_mrr_at_1_diff1": 0.14329956417675233,
        "nauc_mrr_at_1_max": -0.10856144415711048,
        "nauc_mrr_at_1_std": -0.181286174838083,
        "nauc_mrr_at_20_diff1": 0.10474831597090184,
        "nauc_mrr_at_20_max": -0.0953881635695856,
        "nauc_mrr_at_20_std": -0.18470765485614177,
        "nauc_mrr_at_3_diff1": 0.10411773963745784,
        "nauc_mrr_at_3_max": -0.09703341755777067,
        "nauc_mrr_at_3_std": -0.18911849802998923,
        "nauc_mrr_at_5_diff1": 0.1026331009058026,
        "nauc_mrr_at_5_max": -0.09589945708725653,
        "nauc_mrr_at_5_std": -0.1859838382553035,
        "nauc_ndcg_at_1000_diff1": 0.11870973549469582,
        "nauc_ndcg_at_1000_max": -0.08252281113619271,
        "nauc_ndcg_at_1000_std": -0.18437594182822198,
        "nauc_ndcg_at_100_diff1": 0.11991630344247176,
        "nauc_ndcg_at_100_max": -0.08047968028832204,
        "nauc_ndcg_at_100_std": -0.1828968042804208,
        "nauc_ndcg_at_10_diff1": 0.10828615219020545,
        "nauc_ndcg_at_10_max": -0.07505488589152827,
        "nauc_ndcg_at_10_std": -0.18677579556438928,
        "nauc_ndcg_at_1_diff1": 0.16012681151814961,
        "nauc_ndcg_at_1_max": -0.10655910401813244,
        "nauc_ndcg_at_1_std": -0.18601313288564406,
        "nauc_ndcg_at_20_diff1": 0.11737794294174807,
        "nauc_ndcg_at_20_max": -0.07362771786089743,
        "nauc_ndcg_at_20_std": -0.18042984686476538,
        "nauc_ndcg_at_3_diff1": 0.10944141752035827,
        "nauc_ndcg_at_3_max": -0.08288926470884612,
        "nauc_ndcg_at_3_std": -0.19475510887350808,
        "nauc_ndcg_at_5_diff1": 0.10890435682421627,
        "nauc_ndcg_at_5_max": -0.07703525527951072,
        "nauc_ndcg_at_5_std": -0.189366282311886,
        "nauc_precision_at_1000_diff1": -0.013032075438853288,
        "nauc_precision_at_1000_max": 0.2813719829218545,
        "nauc_precision_at_1000_std": 0.7693381427020541,
        "nauc_precision_at_100_diff1": 0.30785686766649023,
        "nauc_precision_at_100_max": 0.4458947919404233,
        "nauc_precision_at_100_std": 0.4438773720201857,
        "nauc_precision_at_10_diff1": 0.04230021824730349,
        "nauc_precision_at_10_max": 0.0118076545674422,
        "nauc_precision_at_10_std": -0.16755877458170318,
        "nauc_precision_at_1_diff1": 0.16012681151814961,
        "nauc_precision_at_1_max": -0.10655910401813244,
        "nauc_precision_at_1_std": -0.18601313288564406,
        "nauc_precision_at_20_diff1": 0.10778860688445299,
        "nauc_precision_at_20_max": 0.17611246917758247,
        "nauc_precision_at_20_std": -0.014519760102013269,
        "nauc_precision_at_3_diff1": 0.07706784467893217,
        "nauc_precision_at_3_max": -0.060345085704896134,
        "nauc_precision_at_3_std": -0.20286414650378135,
        "nauc_precision_at_5_diff1": 0.06531469800925928,
        "nauc_precision_at_5_max": -0.038209058183241267,
        "nauc_precision_at_5_std": -0.18974037353144774,
        "nauc_recall_at_1000_diff1": -0.013032075438883456,
        "nauc_recall_at_1000_max": 0.2813719829218014,
        "nauc_recall_at_1000_std": 0.7693381427020334,
        "nauc_recall_at_100_diff1": 0.30785686766650283,
        "nauc_recall_at_100_max": 0.4458947919404429,
        "nauc_recall_at_100_std": 0.4438773720201894,
        "nauc_recall_at_10_diff1": 0.04230021824730433,
        "nauc_recall_at_10_max": 0.011807654567442406,
        "nauc_recall_at_10_std": -0.16755877458170246,
        "nauc_recall_at_1_diff1": 0.16012681151814961,
        "nauc_recall_at_1_max": -0.10655910401813244,
        "nauc_recall_at_1_std": -0.18601313288564406,
        "nauc_recall_at_20_diff1": 0.10778860688445299,
        "nauc_recall_at_20_max": 0.17611246917758247,
        "nauc_recall_at_20_std": -0.014519760102011569,
        "nauc_recall_at_3_diff1": 0.07706784467893216,
        "nauc_recall_at_3_max": -0.060345085704895815,
        "nauc_recall_at_3_std": -0.20286414650378118,
        "nauc_recall_at_5_diff1": 0.06531469800925925,
        "nauc_recall_at_5_max": -0.038209058183241384,
        "nauc_recall_at_5_std": -0.18974037353144765,
        "ndcg_at_1": 0.30512,
        "ndcg_at_10": 0.5628,
        "ndcg_at_100": 0.59671,
        "ndcg_at_1000": 0.5975,
        "ndcg_at_20": 0.58704,
        "ndcg_at_3": 0.4625,
        "ndcg_at_5": 0.51838,
        "precision_at_1": 0.30512,
        "precision_at_10": 0.08485,
        "precision_at_100": 0.00991,
        "precision_at_1000": 0.001,
        "precision_at_20": 0.04712,
        "precision_at_3": 0.19203,
        "precision_at_5": 0.14239,
        "recall_at_1": 0.30512,
        "recall_at_10": 0.84851,
        "recall_at_100": 0.99075,
        "recall_at_1000": 0.99644,
        "recall_at_20": 0.94239,
        "recall_at_3": 0.5761,
        "recall_at_5": 0.71195
      }
    ]
  },
  "task_name": "ArguAna"
}