{
  "dataset_revision": "47f2ac6acb640fc46020b02a5b59fdda04d39380",
  "evaluation_time": 8904.196318149567,
  "kg_co2_emissions": null,
  "mteb_version": "1.13.1",
  "scores": {
    "test": [
      {
        "hf_subset": "default",
        "languages": [
          "eng-Latn"
        ],
        "main_score": 0.20231,
        "map_at_1": 0.07419,
        "map_at_10": 0.13643,
        "map_at_100": 0.1515,
        "map_at_1000": 0.15326,
        "map_at_20": 0.14365,
        "map_at_3": 0.11206,
        "map_at_5": 0.1248,
        "mrr_at_1": 0.1752442996742671,
        "mrr_at_10": 0.27355824414456337,
        "mrr_at_100": 0.28500954021400715,
        "mrr_at_1000": 0.2856182921257134,
        "mrr_at_20": 0.2805071902244178,
        "mrr_at_3": 0.2424538545059718,
        "mrr_at_5": 0.26017372421281215,
        "nauc_map_at_1000_diff1": 0.2263266905985752,
        "nauc_map_at_1000_max": 0.353429122444193,
        "nauc_map_at_1000_std": 0.19031783827500146,
        "nauc_map_at_100_diff1": 0.22575512381397445,
        "nauc_map_at_100_max": 0.35248495728965895,
        "nauc_map_at_100_std": 0.18894398657698186,
        "nauc_map_at_10_diff1": 0.2265862195171528,
        "nauc_map_at_10_max": 0.34240582756762705,
        "nauc_map_at_10_std": 0.16630249440672068,
        "nauc_map_at_1_diff1": 0.29099973536801427,
        "nauc_map_at_1_max": 0.32549289425561095,
        "nauc_map_at_1_std": 0.07950128016265427,
        "nauc_map_at_20_diff1": 0.22555145523155237,
        "nauc_map_at_20_max": 0.3451113030305209,
        "nauc_map_at_20_std": 0.17553841594124628,
        "nauc_map_at_3_diff1": 0.23931406966179367,
        "nauc_map_at_3_max": 0.3302434988588838,
        "nauc_map_at_3_std": 0.12288750714146512,
        "nauc_map_at_5_diff1": 0.23836660824524075,
        "nauc_map_at_5_max": 0.34287027341944276,
        "nauc_map_at_5_std": 0.14717382771416124,
        "nauc_mrr_at_1000_diff1": 0.23684918760562898,
        "nauc_mrr_at_1000_max": 0.3328983458696598,
        "nauc_mrr_at_1000_std": 0.17077168536461645,
        "nauc_mrr_at_100_diff1": 0.23677173869463053,
        "nauc_mrr_at_100_max": 0.33316712033913004,
        "nauc_mrr_at_100_std": 0.17129739876115113,
        "nauc_mrr_at_10_diff1": 0.23674631784868255,
        "nauc_mrr_at_10_max": 0.3344101830607089,
        "nauc_mrr_at_10_std": 0.1720227948257916,
        "nauc_mrr_at_1_diff1": 0.28736072163154047,
        "nauc_mrr_at_1_max": 0.2870333624678544,
        "nauc_mrr_at_1_std": 0.07711124147010909,
        "nauc_mrr_at_20_diff1": 0.2365391213602145,
        "nauc_mrr_at_20_max": 0.3328141314710796,
        "nauc_mrr_at_20_std": 0.17103064341268667,
        "nauc_mrr_at_3_diff1": 0.2354510198713218,
        "nauc_mrr_at_3_max": 0.31870625504897865,
        "nauc_mrr_at_3_std": 0.1394618330132022,
        "nauc_mrr_at_5_diff1": 0.23745048496393534,
        "nauc_mrr_at_5_max": 0.32936311698511317,
        "nauc_mrr_at_5_std": 0.1586032776819792,
        "nauc_ndcg_at_1000_diff1": 0.21498733248591423,
        "nauc_ndcg_at_1000_max": 0.3849149820293521,
        "nauc_ndcg_at_1000_std": 0.28153017355121757,
        "nauc_ndcg_at_100_diff1": 0.2070053029628815,
        "nauc_ndcg_at_100_max": 0.3784480195296402,
        "nauc_ndcg_at_100_std": 0.2712811883684111,
        "nauc_ndcg_at_10_diff1": 0.21028587485309283,
        "nauc_ndcg_at_10_max": 0.35152255963532486,
        "nauc_ndcg_at_10_std": 0.21136983014670674,
        "nauc_ndcg_at_1_diff1": 0.28736072163154047,
        "nauc_ndcg_at_1_max": 0.2870333624678544,
        "nauc_ndcg_at_1_std": 0.07711124147010909,
        "nauc_ndcg_at_20_diff1": 0.20638564364996043,
        "nauc_ndcg_at_20_max": 0.3528664898093979,
        "nauc_ndcg_at_20_std": 0.22469733552468887,
        "nauc_ndcg_at_3_diff1": 0.2245529246781567,
        "nauc_ndcg_at_3_max": 0.32476427845732386,
        "nauc_ndcg_at_3_std": 0.14298749872260683,
        "nauc_ndcg_at_5_diff1": 0.2249736932238744,
        "nauc_ndcg_at_5_max": 0.3481326354982312,
        "nauc_ndcg_at_5_std": 0.17733656946085938,
        "nauc_precision_at_1000_diff1": 0.06128427808924278,
        "nauc_precision_at_1000_max": 0.22208794844601765,
        "nauc_precision_at_1000_std": 0.34833960495719263,
        "nauc_precision_at_100_diff1": 0.08920785352956902,
        "nauc_precision_at_100_max": 0.3080173283137795,
        "nauc_precision_at_100_std": 0.39187184710317435,
        "nauc_precision_at_10_diff1": 0.1422502561183471,
        "nauc_precision_at_10_max": 0.3298785489770312,
        "nauc_precision_at_10_std": 0.31232916032913716,
        "nauc_precision_at_1_diff1": 0.28736072163154047,
        "nauc_precision_at_1_max": 0.2870333624678544,
        "nauc_precision_at_1_std": 0.07711124147010909,
        "nauc_precision_at_20_diff1": 0.12370686244512617,
        "nauc_precision_at_20_max": 0.3025516453449564,
        "nauc_precision_at_20_std": 0.31617926595730483,
        "nauc_precision_at_3_diff1": 0.19291823405713468,
        "nauc_precision_at_3_max": 0.316044686741387,
        "nauc_precision_at_3_std": 0.19041087207111956,
        "nauc_precision_at_5_diff1": 0.18451120766293486,
        "nauc_precision_at_5_max": 0.3431891101462723,
        "nauc_precision_at_5_std": 0.25612523682854604,
        "nauc_recall_at_1000_diff1": 0.13674662563991313,
        "nauc_recall_at_1000_max": 0.3738267596937877,
        "nauc_recall_at_1000_std": 0.4392575899178771,
        "nauc_recall_at_100_diff1": 0.10880648052459754,
        "nauc_recall_at_100_max": 0.3356291094860542,
        "nauc_recall_at_100_std": 0.35787038837671886,
        "nauc_recall_at_10_diff1": 0.14465881972330116,
        "nauc_recall_at_10_max": 0.3208391363834216,
        "nauc_recall_at_10_std": 0.24698616773346374,
        "nauc_recall_at_1_diff1": 0.29099973536801427,
        "nauc_recall_at_1_max": 0.32549289425561095,
        "nauc_recall_at_1_std": 0.07950128016265427,
        "nauc_recall_at_20_diff1": 0.12431953466207012,
        "nauc_recall_at_20_max": 0.30169140604121764,
        "nauc_recall_at_20_std": 0.2570559984201025,
        "nauc_recall_at_3_diff1": 0.1793043465511252,
        "nauc_recall_at_3_max": 0.317732856413232,
        "nauc_recall_at_3_std": 0.1544993922681101,
        "nauc_recall_at_5_diff1": 0.18039686804671487,
        "nauc_recall_at_5_max": 0.33675375107425304,
        "nauc_recall_at_5_std": 0.19882141180944746,
        "ndcg_at_1": 0.17524,
        "ndcg_at_10": 0.20231,
        "ndcg_at_100": 0.27126,
        "ndcg_at_1000": 0.30691,
        "ndcg_at_20": 0.22622,
        "ndcg_at_3": 0.15997,
        "ndcg_at_5": 0.17564,
        "precision_at_1": 0.17524,
        "precision_at_10": 0.06541,
        "precision_at_100": 0.01389,
        "precision_at_1000": 0.00204,
        "precision_at_20": 0.04277,
        "precision_at_3": 0.12248,
        "precision_at_5": 0.09694,
        "recall_at_1": 0.07419,
        "recall_at_10": 0.25596,
        "recall_at_100": 0.50165,
        "recall_at_1000": 0.70504,
        "recall_at_20": 0.32516,
        "recall_at_3": 0.15255,
        "recall_at_5": 0.1951
      }
    ]
  },
  "task_name": "ClimateFEVER"
}