{
  "dataset_revision": "160c094312a0e1facb97e55eeddb698c0abe3571",
  "evaluation_time": 64.09436249732971,
  "kg_co2_emissions": null,
  "mteb_version": "1.13.1",
  "scores": {
    "test": [
      {
        "hf_subset": "default",
        "languages": [
          "eng-Latn"
        ],
        "main_score": 0.4082,
        "map_at_1": 0.27541,
        "map_at_10": 0.35328,
        "map_at_100": 0.36869,
        "map_at_1000": 0.37086,
        "map_at_20": 0.36051,
        "map_at_3": 0.32456,
        "map_at_5": 0.33897,
        "mrr_at_1": 0.3300395256916996,
        "mrr_at_10": 0.3970387100821884,
        "mrr_at_100": 0.40688109860645877,
        "mrr_at_1000": 0.407414450891069,
        "mrr_at_20": 0.40210559194134005,
        "mrr_at_3": 0.3725296442687747,
        "mrr_at_5": 0.38636363636363635,
        "nauc_map_at_1000_diff1": 0.5679402087362868,
        "nauc_map_at_1000_max": 0.4543716928978171,
        "nauc_map_at_1000_std": -0.0009885209462626343,
        "nauc_map_at_100_diff1": 0.5679495877052766,
        "nauc_map_at_100_max": 0.4551253756473208,
        "nauc_map_at_100_std": -0.0015495208461320815,
        "nauc_map_at_10_diff1": 0.5743848284032192,
        "nauc_map_at_10_max": 0.454486306523389,
        "nauc_map_at_10_std": -0.01294910739903155,
        "nauc_map_at_1_diff1": 0.6180952113535061,
        "nauc_map_at_1_max": 0.4383011709889054,
        "nauc_map_at_1_std": -0.055378394617049846,
        "nauc_map_at_20_diff1": 0.5701281728518564,
        "nauc_map_at_20_max": 0.4559026365379018,
        "nauc_map_at_20_std": -0.007717288361477352,
        "nauc_map_at_3_diff1": 0.589546132361717,
        "nauc_map_at_3_max": 0.4540885906239143,
        "nauc_map_at_3_std": -0.034324871425423543,
        "nauc_map_at_5_diff1": 0.5791165627123758,
        "nauc_map_at_5_max": 0.45603932808703745,
        "nauc_map_at_5_std": -0.01933754075155093,
        "nauc_mrr_at_1000_diff1": 0.5558614446360379,
        "nauc_mrr_at_1000_max": 0.4651251935304384,
        "nauc_mrr_at_1000_std": 0.003063975386370018,
        "nauc_mrr_at_100_diff1": 0.5555631895537683,
        "nauc_mrr_at_100_max": 0.46494704005378085,
        "nauc_mrr_at_100_std": 0.003234010275038442,
        "nauc_mrr_at_10_diff1": 0.5586237512177731,
        "nauc_mrr_at_10_max": 0.46532176554806126,
        "nauc_mrr_at_10_std": 0.000960592006508927,
        "nauc_mrr_at_1_diff1": 0.5842327839514474,
        "nauc_mrr_at_1_max": 0.466249183384854,
        "nauc_mrr_at_1_std": -0.025844632798984322,
        "nauc_mrr_at_20_diff1": 0.5552251284917906,
        "nauc_mrr_at_20_max": 0.4650366520786506,
        "nauc_mrr_at_20_std": 0.002402122274353575,
        "nauc_mrr_at_3_diff1": 0.5672151651285052,
        "nauc_mrr_at_3_max": 0.4685244353741822,
        "nauc_mrr_at_3_std": -0.016276816257340412,
        "nauc_mrr_at_5_diff1": 0.5608238684793283,
        "nauc_mrr_at_5_max": 0.4673582403373196,
        "nauc_mrr_at_5_std": -0.0043752383650913634,
        "nauc_ndcg_at_1000_diff1": 0.5451464606813845,
        "nauc_ndcg_at_1000_max": 0.46000298924348587,
        "nauc_ndcg_at_1000_std": 0.03412491597809193,
        "nauc_ndcg_at_100_diff1": 0.5361536134495443,
        "nauc_ndcg_at_100_max": 0.45391014384802136,
        "nauc_ndcg_at_100_std": 0.036326621449424584,
        "nauc_ndcg_at_10_diff1": 0.546330378756882,
        "nauc_ndcg_at_10_max": 0.44765638816309644,
        "nauc_ndcg_at_10_std": 0.0160128403156228,
        "nauc_ndcg_at_1_diff1": 0.5842327839514474,
        "nauc_ndcg_at_1_max": 0.466249183384854,
        "nauc_ndcg_at_1_std": -0.025844632798984322,
        "nauc_ndcg_at_20_diff1": 0.5353038160726891,
        "nauc_ndcg_at_20_max": 0.45094271732496716,
        "nauc_ndcg_at_20_std": 0.02065130645941292,
        "nauc_ndcg_at_3_diff1": 0.5645213172376992,
        "nauc_ndcg_at_3_max": 0.45389397733439674,
        "nauc_ndcg_at_3_std": -0.01771025270225395,
        "nauc_ndcg_at_5_diff1": 0.554627365478209,
        "nauc_ndcg_at_5_max": 0.4537392181000619,
        "nauc_ndcg_at_5_std": 0.0057131696686544475,
        "nauc_precision_at_1000_diff1": -0.046491644062052195,
        "nauc_precision_at_1000_max": -0.07114654974946953,
        "nauc_precision_at_1000_std": 0.16172893496883495,
        "nauc_precision_at_100_diff1": -0.04230552261857131,
        "nauc_precision_at_100_max": 0.015686650061034136,
        "nauc_precision_at_100_std": 0.19006436648066713,
        "nauc_precision_at_10_diff1": 0.20384224002288384,
        "nauc_precision_at_10_max": 0.27197220057267074,
        "nauc_precision_at_10_std": 0.15085561771713882,
        "nauc_precision_at_1_diff1": 0.5842327839514474,
        "nauc_precision_at_1_max": 0.466249183384854,
        "nauc_precision_at_1_std": -0.025844632798984322,
        "nauc_precision_at_20_diff1": 0.09999427181283936,
        "nauc_precision_at_20_max": 0.19709764089457008,
        "nauc_precision_at_20_std": 0.17799816220231005,
        "nauc_precision_at_3_diff1": 0.4062470438093698,
        "nauc_precision_at_3_max": 0.4046101514601657,
        "nauc_precision_at_3_std": 0.035942186463214246,
        "nauc_precision_at_5_diff1": 0.3201729504727891,
        "nauc_precision_at_5_max": 0.37546600356389026,
        "nauc_precision_at_5_std": 0.10323249609436373,
        "nauc_recall_at_1000_diff1": 0.3507912102835579,
        "nauc_recall_at_1000_max": 0.4885174665029209,
        "nauc_recall_at_1000_std": 0.41450009178725017,
        "nauc_recall_at_100_diff1": 0.3312211258021769,
        "nauc_recall_at_100_max": 0.37358607013530687,
        "nauc_recall_at_100_std": 0.22682268830642074,
        "nauc_recall_at_10_diff1": 0.4728826554478051,
        "nauc_recall_at_10_max": 0.4088781390436692,
        "nauc_recall_at_10_std": 0.056515760661710296,
        "nauc_recall_at_1_diff1": 0.6180952113535061,
        "nauc_recall_at_1_max": 0.4383011709889054,
        "nauc_recall_at_1_std": -0.055378394617049846,
        "nauc_recall_at_20_diff1": 0.40790085760075523,
        "nauc_recall_at_20_max": 0.4020986336735767,
        "nauc_recall_at_20_std": 0.0852292324862115,
        "nauc_recall_at_3_diff1": 0.5458580303831443,
        "nauc_recall_at_3_max": 0.43489608040071515,
        "nauc_recall_at_3_std": -0.030977826188732367,
        "nauc_recall_at_5_diff1": 0.5078802671036002,
        "nauc_recall_at_5_max": 0.42603722138287164,
        "nauc_recall_at_5_std": 0.019237216691345583,
        "ndcg_at_1": 0.33004,
        "ndcg_at_10": 0.4082,
        "ndcg_at_100": 0.4662,
        "ndcg_at_1000": 0.48946,
        "ndcg_at_20": 0.42638,
        "ndcg_at_3": 0.36232,
        "ndcg_at_5": 0.38071,
        "precision_at_1": 0.33004,
        "precision_at_10": 0.07727,
        "precision_at_100": 0.01569,
        "precision_at_1000": 0.00237,
        "precision_at_20": 0.04901,
        "precision_at_3": 0.16667,
        "precision_at_5": 0.11937,
        "recall_at_1": 0.27541,
        "recall_at_10": 0.50784,
        "recall_at_100": 0.77476,
        "recall_at_1000": 0.91961,
        "recall_at_20": 0.57648,
        "recall_at_3": 0.37445,
        "recall_at_5": 0.4264
      }
    ]
  },
  "task_name": "CQADupstackWebmastersRetrieval"
}