{
  "dataset_revision": "65ac3a16b8e91f9cee4c9828cc7c335575432a2a",
  "evaluation_time": 79.11407661437988,
  "kg_co2_emissions": null,
  "mteb_version": "1.13.1",
  "scores": {
    "test": [
      {
        "hf_subset": "default",
        "languages": [
          "eng-Latn"
        ],
        "main_score": 0.38271,
        "map_at_1": 0.27477,
        "map_at_10": 0.34298,
        "map_at_100": 0.35103,
        "map_at_1000": 0.35208,
        "map_at_20": 0.34714,
        "map_at_3": 0.32351,
        "map_at_5": 0.33344,
        "mrr_at_1": 0.3067484662576687,
        "mrr_at_10": 0.37176270815074497,
        "mrr_at_100": 0.3788366820900369,
        "mrr_at_1000": 0.3795631555115192,
        "mrr_at_20": 0.37563806825016677,
        "mrr_at_3": 0.354038854805726,
        "mrr_at_5": 0.36293456032719834,
        "nauc_map_at_1000_diff1": 0.5425522525067957,
        "nauc_map_at_1000_max": 0.43350841612373114,
        "nauc_map_at_1000_std": -0.014090907688148765,
        "nauc_map_at_100_diff1": 0.542546854676094,
        "nauc_map_at_100_max": 0.4333655196262853,
        "nauc_map_at_100_std": -0.013939709757737739,
        "nauc_map_at_10_diff1": 0.5420325274825802,
        "nauc_map_at_10_max": 0.43407119672527317,
        "nauc_map_at_10_std": -0.01981216454442683,
        "nauc_map_at_1_diff1": 0.5789658724736322,
        "nauc_map_at_1_max": 0.39720998323858475,
        "nauc_map_at_1_std": -0.06779387627972001,
        "nauc_map_at_20_diff1": 0.5416804976441398,
        "nauc_map_at_20_max": 0.432460166126133,
        "nauc_map_at_20_std": -0.016789698661968486,
        "nauc_map_at_3_diff1": 0.5506847594891339,
        "nauc_map_at_3_max": 0.42431407839899665,
        "nauc_map_at_3_std": -0.03955378414961938,
        "nauc_map_at_5_diff1": 0.542377028976091,
        "nauc_map_at_5_max": 0.43083578480602613,
        "nauc_map_at_5_std": -0.022603634546526395,
        "nauc_mrr_at_1000_diff1": 0.537479380057637,
        "nauc_mrr_at_1000_max": 0.4471318018754688,
        "nauc_mrr_at_1000_std": 0.006933158570741621,
        "nauc_mrr_at_100_diff1": 0.537559023501065,
        "nauc_mrr_at_100_max": 0.44720876521514996,
        "nauc_mrr_at_100_std": 0.007107646135581496,
        "nauc_mrr_at_10_diff1": 0.5371748770892134,
        "nauc_mrr_at_10_max": 0.4488128290921805,
        "nauc_mrr_at_10_std": 0.003980256466050564,
        "nauc_mrr_at_1_diff1": 0.5626173564870055,
        "nauc_mrr_at_1_max": 0.4241061888504892,
        "nauc_mrr_at_1_std": -0.03227631545868647,
        "nauc_mrr_at_20_diff1": 0.5374232667247693,
        "nauc_mrr_at_20_max": 0.4475818336772984,
        "nauc_mrr_at_20_std": 0.005772630465663479,
        "nauc_mrr_at_3_diff1": 0.5435739081985197,
        "nauc_mrr_at_3_max": 0.44473373615253364,
        "nauc_mrr_at_3_std": -0.011742600440701597,
        "nauc_mrr_at_5_diff1": 0.5369919902966174,
        "nauc_mrr_at_5_max": 0.44859494728636307,
        "nauc_mrr_at_5_std": 0.0028312062983346462,
        "nauc_ndcg_at_1000_diff1": 0.5312488175163285,
        "nauc_ndcg_at_1000_max": 0.4517684558160318,
        "nauc_ndcg_at_1000_std": 0.02911589482069915,
        "nauc_ndcg_at_100_diff1": 0.5315611565803618,
        "nauc_ndcg_at_100_max": 0.4489198857647014,
        "nauc_ndcg_at_100_std": 0.031615470317333305,
        "nauc_ndcg_at_10_diff1": 0.5293623936163687,
        "nauc_ndcg_at_10_max": 0.4486049815698322,
        "nauc_ndcg_at_10_std": 0.0035372908593407993,
        "nauc_ndcg_at_1_diff1": 0.5626173564870055,
        "nauc_ndcg_at_1_max": 0.4241061888504892,
        "nauc_ndcg_at_1_std": -0.03227631545868647,
        "nauc_ndcg_at_20_diff1": 0.5282420235295295,
        "nauc_ndcg_at_20_max": 0.4435670164669032,
        "nauc_ndcg_at_20_std": 0.013947641143442114,
        "nauc_ndcg_at_3_diff1": 0.538117630879315,
        "nauc_ndcg_at_3_max": 0.4361024351620887,
        "nauc_ndcg_at_3_std": -0.020915237734854594,
        "nauc_ndcg_at_5_diff1": 0.5277910415893713,
        "nauc_ndcg_at_5_max": 0.4437897702521756,
        "nauc_ndcg_at_5_std": 0.0008583968185749509,
        "nauc_precision_at_1000_diff1": 0.01702851963054856,
        "nauc_precision_at_1000_max": 0.18181576696259036,
        "nauc_precision_at_1000_std": 0.18791776602516555,
        "nauc_precision_at_100_diff1": 0.23117874369340524,
        "nauc_precision_at_100_max": 0.3574543016440586,
        "nauc_precision_at_100_std": 0.25542796370063986,
        "nauc_precision_at_10_diff1": 0.35604788728326126,
        "nauc_precision_at_10_max": 0.45059810858814336,
        "nauc_precision_at_10_std": 0.13324173112738424,
        "nauc_precision_at_1_diff1": 0.5626173564870055,
        "nauc_precision_at_1_max": 0.4241061888504892,
        "nauc_precision_at_1_std": -0.03227631545868647,
        "nauc_precision_at_20_diff1": 0.3178129179427656,
        "nauc_precision_at_20_max": 0.4168758433410911,
        "nauc_precision_at_20_std": 0.18462109838343316,
        "nauc_precision_at_3_diff1": 0.46123675243736717,
        "nauc_precision_at_3_max": 0.4585527402272284,
        "nauc_precision_at_3_std": 0.04416725287578934,
        "nauc_precision_at_5_diff1": 0.39150093936782093,
        "nauc_precision_at_5_max": 0.4557682131804294,
        "nauc_precision_at_5_std": 0.11054410604888565,
        "nauc_recall_at_1000_diff1": 0.43093075542396636,
        "nauc_recall_at_1000_max": 0.5344155985990541,
        "nauc_recall_at_1000_std": 0.3241081098872749,
        "nauc_recall_at_100_diff1": 0.4633779694578222,
        "nauc_recall_at_100_max": 0.4532620608339961,
        "nauc_recall_at_100_std": 0.1957028579871765,
        "nauc_recall_at_10_diff1": 0.48107632962073654,
        "nauc_recall_at_10_max": 0.4584448070630326,
        "nauc_recall_at_10_std": 0.04426283033104708,
        "nauc_recall_at_1_diff1": 0.5789658724736322,
        "nauc_recall_at_1_max": 0.39720998323858475,
        "nauc_recall_at_1_std": -0.06779387627972001,
        "nauc_recall_at_20_diff1": 0.46411608313171654,
        "nauc_recall_at_20_max": 0.42728072240405257,
        "nauc_recall_at_20_std": 0.07862000721661717,
        "nauc_recall_at_3_diff1": 0.5162919969353268,
        "nauc_recall_at_3_max": 0.431336842619614,
        "nauc_recall_at_3_std": -0.017424748430185853,
        "nauc_recall_at_5_diff1": 0.48708070554322186,
        "nauc_recall_at_5_max": 0.44846777489098133,
        "nauc_recall_at_5_std": 0.038944840955649804,
        "ndcg_at_1": 0.30675,
        "ndcg_at_10": 0.38271,
        "ndcg_at_100": 0.42274,
        "ndcg_at_1000": 0.44911,
        "ndcg_at_20": 0.39671,
        "ndcg_at_3": 0.34711,
        "ndcg_at_5": 0.36211,
        "precision_at_1": 0.30675,
        "precision_at_10": 0.05782,
        "precision_at_100": 0.0084,
        "precision_at_1000": 0.00116,
        "precision_at_20": 0.03244,
        "precision_at_3": 0.14622,
        "precision_at_5": 0.09877,
        "recall_at_1": 0.27477,
        "recall_at_10": 0.4754,
        "recall_at_100": 0.65859,
        "recall_at_1000": 0.8521,
        "recall_at_20": 0.52902,
        "recall_at_3": 0.37643,
        "recall_at_5": 0.41291
      }
    ]
  },
  "task_name": "CQADupstackStatsRetrieval"
}