{
  "dataset_revision": "46989137a86843e03a6195de44b09deda022eec7",
  "evaluation_time": 250.41729259490967,
  "kg_co2_emissions": null,
  "mteb_version": "1.13.1",
  "scores": {
    "test": [
      {
        "hf_subset": "default",
        "languages": [
          "eng-Latn"
        ],
        "main_score": 0.29256,
        "map_at_1": 0.17599,
        "map_at_10": 0.24845,
        "map_at_100": 0.25838,
        "map_at_1000": 0.25963,
        "map_at_20": 0.25362,
        "map_at_3": 0.22778,
        "map_at_5": 0.2398,
        "mrr_at_1": 0.2126634549208534,
        "mrr_at_10": 0.28625722369700346,
        "mrr_at_100": 0.29454007459696807,
        "mrr_at_1000": 0.2953632754268799,
        "mrr_at_20": 0.29062713649933375,
        "mrr_at_3": 0.2664028446891489,
        "mrr_at_5": 0.2781715989905942,
        "nauc_map_at_1000_diff1": 0.3883036078103696,
        "nauc_map_at_1000_max": 0.29893080613485834,
        "nauc_map_at_1000_std": -0.02357606952324156,
        "nauc_map_at_100_diff1": 0.3881371984524558,
        "nauc_map_at_100_max": 0.2985972245315098,
        "nauc_map_at_100_std": -0.023917025376427096,
        "nauc_map_at_10_diff1": 0.39201379758055144,
        "nauc_map_at_10_max": 0.29745929190875514,
        "nauc_map_at_10_std": -0.029000639127675462,
        "nauc_map_at_1_diff1": 0.4574922284280106,
        "nauc_map_at_1_max": 0.305776896578957,
        "nauc_map_at_1_std": -0.03247802603221708,
        "nauc_map_at_20_diff1": 0.38945800784909745,
        "nauc_map_at_20_max": 0.29667961543294624,
        "nauc_map_at_20_std": -0.026687280028706514,
        "nauc_map_at_3_diff1": 0.4074410053299474,
        "nauc_map_at_3_max": 0.2950046230760662,
        "nauc_map_at_3_std": -0.03898398185294587,
        "nauc_map_at_5_diff1": 0.39571907283224,
        "nauc_map_at_5_max": 0.2946026514743278,
        "nauc_map_at_5_std": -0.035139135855991224,
        "nauc_mrr_at_1000_diff1": 0.3795423890898785,
        "nauc_mrr_at_1000_max": 0.3124853274036533,
        "nauc_mrr_at_1000_std": -0.017858536644783086,
        "nauc_mrr_at_100_diff1": 0.37938072378694027,
        "nauc_mrr_at_100_max": 0.31249572392621905,
        "nauc_mrr_at_100_std": -0.017916835705435456,
        "nauc_mrr_at_10_diff1": 0.38195677246808335,
        "nauc_mrr_at_10_max": 0.31252112883270206,
        "nauc_mrr_at_10_std": -0.021547634775745273,
        "nauc_mrr_at_1_diff1": 0.4386066621255833,
        "nauc_mrr_at_1_max": 0.32290705397011915,
        "nauc_mrr_at_1_std": -0.030438140295385115,
        "nauc_mrr_at_20_diff1": 0.3800482307411596,
        "nauc_mrr_at_20_max": 0.31150550077276123,
        "nauc_mrr_at_20_std": -0.019796991090367103,
        "nauc_mrr_at_3_diff1": 0.3949577293207858,
        "nauc_mrr_at_3_max": 0.3131487003027778,
        "nauc_mrr_at_3_std": -0.0298248364226877,
        "nauc_mrr_at_5_diff1": 0.38504062003493095,
        "nauc_mrr_at_5_max": 0.3108019181152885,
        "nauc_mrr_at_5_std": -0.02555651594313052,
        "nauc_ndcg_at_1000_diff1": 0.35337119169733655,
        "nauc_ndcg_at_1000_max": 0.3087615039867686,
        "nauc_ndcg_at_1000_std": 0.011959043038967367,
        "nauc_ndcg_at_100_diff1": 0.34919743204475484,
        "nauc_ndcg_at_100_max": 0.3030813490970828,
        "nauc_ndcg_at_100_std": 0.006784590038933726,
        "nauc_ndcg_at_10_diff1": 0.3652512999606811,
        "nauc_ndcg_at_10_max": 0.29933896382258396,
        "nauc_ndcg_at_10_std": -0.018368461543037482,
        "nauc_ndcg_at_1_diff1": 0.4386066621255833,
        "nauc_ndcg_at_1_max": 0.32290705397011915,
        "nauc_ndcg_at_1_std": -0.030438140295385115,
        "nauc_ndcg_at_20_diff1": 0.35803710772215946,
        "nauc_ndcg_at_20_max": 0.29534277579854523,
        "nauc_ndcg_at_20_std": -0.01098440955574656,
        "nauc_ndcg_at_3_diff1": 0.3908120530114841,
        "nauc_ndcg_at_3_max": 0.29937054520794804,
        "nauc_ndcg_at_3_std": -0.0379190581110777,
        "nauc_ndcg_at_5_diff1": 0.372162574722979,
        "nauc_ndcg_at_5_max": 0.2955020269381511,
        "nauc_ndcg_at_5_std": -0.030987426337365277,
        "nauc_precision_at_1000_diff1": 0.036227269362442964,
        "nauc_precision_at_1000_max": 0.21965110982742655,
        "nauc_precision_at_1000_std": 0.10860014022417468,
        "nauc_precision_at_100_diff1": 0.0965257368142679,
        "nauc_precision_at_100_max": 0.2539201729707039,
        "nauc_precision_at_100_std": 0.10256043550318726,
        "nauc_precision_at_10_diff1": 0.23220086178449934,
        "nauc_precision_at_10_max": 0.2914690038635929,
        "nauc_precision_at_10_std": 0.019045916587877475,
        "nauc_precision_at_1_diff1": 0.4386066621255833,
        "nauc_precision_at_1_max": 0.32290705397011915,
        "nauc_precision_at_1_std": -0.030438140295385115,
        "nauc_precision_at_20_diff1": 0.18641682940792345,
        "nauc_precision_at_20_max": 0.2679728754063097,
        "nauc_precision_at_20_std": 0.042791661024170445,
        "nauc_precision_at_3_diff1": 0.32633475044205934,
        "nauc_precision_at_3_max": 0.30285575322790104,
        "nauc_precision_at_3_std": -0.029782002178340018,
        "nauc_precision_at_5_diff1": 0.26600430677831893,
        "nauc_precision_at_5_max": 0.2932116292813105,
        "nauc_precision_at_5_std": -0.01030974815059575,
        "nauc_recall_at_1000_diff1": 0.1536319575071737,
        "nauc_recall_at_1000_max": 0.33746859050969835,
        "nauc_recall_at_1000_std": 0.26196314685362326,
        "nauc_recall_at_100_diff1": 0.20218731379117685,
        "nauc_recall_at_100_max": 0.27834114780777874,
        "nauc_recall_at_100_std": 0.11859646417558561,
        "nauc_recall_at_10_diff1": 0.2850423963532841,
        "nauc_recall_at_10_max": 0.2672267587807611,
        "nauc_recall_at_10_std": 0.0033159022229386037,
        "nauc_recall_at_1_diff1": 0.4574922284280106,
        "nauc_recall_at_1_max": 0.305776896578957,
        "nauc_recall_at_1_std": -0.03247802603221708,
        "nauc_recall_at_20_diff1": 0.25664655919205254,
        "nauc_recall_at_20_max": 0.2487832640194792,
        "nauc_recall_at_20_std": 0.02706560990090986,
        "nauc_recall_at_3_diff1": 0.3475143025540653,
        "nauc_recall_at_3_max": 0.26751877726133333,
        "nauc_recall_at_3_std": -0.0407811266398671,
        "nauc_recall_at_5_diff1": 0.3057504507815814,
        "nauc_recall_at_5_max": 0.2579957748316384,
        "nauc_recall_at_5_std": -0.028536774551151705,
        "ndcg_at_1": 0.21266,
        "ndcg_at_10": 0.29256,
        "ndcg_at_100": 0.34024,
        "ndcg_at_1000": 0.37046,
        "ndcg_at_20": 0.30929,
        "ndcg_at_3": 0.25591,
        "ndcg_at_5": 0.27401,
        "precision_at_1": 0.21266,
        "precision_at_10": 0.05193,
        "precision_at_100": 0.00897,
        "precision_at_1000": 0.00133,
        "precision_at_20": 0.03111,
        "precision_at_3": 0.12067,
        "precision_at_5": 0.08644,
        "recall_at_1": 0.17599,
        "recall_at_10": 0.38675,
        "recall_at_100": 0.60136,
        "recall_at_1000": 0.81854,
        "recall_at_20": 0.44839,
        "recall_at_3": 0.2842,
        "recall_at_5": 0.33105
      }
    ]
  },
  "task_name": "CQADupstackTexRetrieval"
}