{
  "dataset_revision": "4ffe81d471b1924886b33c7567bfb200e9eec5c4",
  "evaluation_time": 84.32853841781616,
  "kg_co2_emissions": null,
  "mteb_version": "1.13.1",
  "scores": {
    "test": [
      {
        "hf_subset": "default",
        "languages": [
          "eng-Latn"
        ],
        "main_score": 0.34617,
        "map_at_1": 0.23487,
        "map_at_10": 0.30151,
        "map_at_100": 0.31112,
        "map_at_1000": 0.31218,
        "map_at_20": 0.30648,
        "map_at_3": 0.27783,
        "map_at_5": 0.28988,
        "mrr_at_1": 0.25693160813308685,
        "mrr_at_10": 0.3242877680955315,
        "mrr_at_100": 0.33211034313034676,
        "mrr_at_1000": 0.3329289998504411,
        "mrr_at_20": 0.3285912556766754,
        "mrr_at_3": 0.30098582871226126,
        "mrr_at_5": 0.31263093037584716,
        "nauc_map_at_1000_diff1": 0.46733086609390795,
        "nauc_map_at_1000_max": 0.3084997805783995,
        "nauc_map_at_1000_std": 0.011135202040992564,
        "nauc_map_at_100_diff1": 0.4670432364865767,
        "nauc_map_at_100_max": 0.3083225413061888,
        "nauc_map_at_100_std": 0.010763211721147706,
        "nauc_map_at_10_diff1": 0.4683002167821592,
        "nauc_map_at_10_max": 0.3063779593022697,
        "nauc_map_at_10_std": 0.0036920597016964498,
        "nauc_map_at_1_diff1": 0.5243327577122904,
        "nauc_map_at_1_max": 0.3302488799608815,
        "nauc_map_at_1_std": 0.010421556957879548,
        "nauc_map_at_20_diff1": 0.46850194647391596,
        "nauc_map_at_20_max": 0.3079863020588216,
        "nauc_map_at_20_std": 0.007800738759615093,
        "nauc_map_at_3_diff1": 0.4702653101084713,
        "nauc_map_at_3_max": 0.3124114365332588,
        "nauc_map_at_3_std": 0.005219802341597256,
        "nauc_map_at_5_diff1": 0.4656554529040013,
        "nauc_map_at_5_max": 0.3057516517839937,
        "nauc_map_at_5_std": 0.008566453189172261,
        "nauc_mrr_at_1000_diff1": 0.4813896346680606,
        "nauc_mrr_at_1000_max": 0.33802409627697166,
        "nauc_mrr_at_1000_std": 0.02361386220518479,
        "nauc_mrr_at_100_diff1": 0.4810866204823763,
        "nauc_mrr_at_100_max": 0.33763774658145734,
        "nauc_mrr_at_100_std": 0.023396883465392797,
        "nauc_mrr_at_10_diff1": 0.4830171069369879,
        "nauc_mrr_at_10_max": 0.33792180012022904,
        "nauc_mrr_at_10_std": 0.018011768305568488,
        "nauc_mrr_at_1_diff1": 0.5371158815299439,
        "nauc_mrr_at_1_max": 0.37325549434266797,
        "nauc_mrr_at_1_std": 0.02914607789233605,
        "nauc_mrr_at_20_diff1": 0.4818452062904302,
        "nauc_mrr_at_20_max": 0.33786817653423185,
        "nauc_mrr_at_20_std": 0.02251546947611641,
        "nauc_mrr_at_3_diff1": 0.48739006273115426,
        "nauc_mrr_at_3_max": 0.3456396007610348,
        "nauc_mrr_at_3_std": 0.01797641848276064,
        "nauc_mrr_at_5_diff1": 0.4825350264572783,
        "nauc_mrr_at_5_max": 0.3397495448597632,
        "nauc_mrr_at_5_std": 0.019202719987835286,
        "nauc_ndcg_at_1000_diff1": 0.450498715685518,
        "nauc_ndcg_at_1000_max": 0.3118195313200362,
        "nauc_ndcg_at_1000_std": 0.039478432996872884,
        "nauc_ndcg_at_100_diff1": 0.44169739152977555,
        "nauc_ndcg_at_100_max": 0.30396753279988575,
        "nauc_ndcg_at_100_std": 0.03323803606959819,
        "nauc_ndcg_at_10_diff1": 0.45199187834580734,
        "nauc_ndcg_at_10_max": 0.300041723739479,
        "nauc_ndcg_at_10_std": 0.0026026986433981126,
        "nauc_ndcg_at_1_diff1": 0.544634543480939,
        "nauc_ndcg_at_1_max": 0.3734833705018127,
        "nauc_ndcg_at_1_std": 0.019185075469235785,
        "nauc_ndcg_at_20_diff1": 0.4504232089646804,
        "nauc_ndcg_at_20_max": 0.3010779280679264,
        "nauc_ndcg_at_20_std": 0.016983210658081414,
        "nauc_ndcg_at_3_diff1": 0.45736819494136105,
        "nauc_ndcg_at_3_max": 0.3150645407800291,
        "nauc_ndcg_at_3_std": 0.007468691870686638,
        "nauc_ndcg_at_5_diff1": 0.44772138732112887,
        "nauc_ndcg_at_5_max": 0.30009520728427813,
        "nauc_ndcg_at_5_std": 0.01159436831812654,
        "nauc_precision_at_1000_diff1": 0.0048296531917930135,
        "nauc_precision_at_1000_max": -0.03432303140705755,
        "nauc_precision_at_1000_std": 0.14129794955510355,
        "nauc_precision_at_100_diff1": 0.1685867348477504,
        "nauc_precision_at_100_max": 0.19507089738861375,
        "nauc_precision_at_100_std": 0.17620796937957656,
        "nauc_precision_at_10_diff1": 0.3688905739648289,
        "nauc_precision_at_10_max": 0.29456493768102265,
        "nauc_precision_at_10_std": 0.029079065143787206,
        "nauc_precision_at_1_diff1": 0.544634543480939,
        "nauc_precision_at_1_max": 0.3734833705018127,
        "nauc_precision_at_1_std": 0.019185075469235785,
        "nauc_precision_at_20_diff1": 0.3290552113957504,
        "nauc_precision_at_20_max": 0.27903365609868164,
        "nauc_precision_at_20_std": 0.09086793497489641,
        "nauc_precision_at_3_diff1": 0.4100232239310346,
        "nauc_precision_at_3_max": 0.3299208071473142,
        "nauc_precision_at_3_std": 0.025979702386760613,
        "nauc_precision_at_5_diff1": 0.3764116185511048,
        "nauc_precision_at_5_max": 0.29522027416597646,
        "nauc_precision_at_5_std": 0.05259471348808098,
        "nauc_recall_at_1000_diff1": 0.33518791366867795,
        "nauc_recall_at_1000_max": 0.3620327221317975,
        "nauc_recall_at_1000_std": 0.3556140551461529,
        "nauc_recall_at_100_diff1": 0.3076842061190209,
        "nauc_recall_at_100_max": 0.2484934997157033,
        "nauc_recall_at_100_std": 0.1264039437742045,
        "nauc_recall_at_10_diff1": 0.3788680919415166,
        "nauc_recall_at_10_max": 0.24225592622982808,
        "nauc_recall_at_10_std": -0.014471447778134446,
        "nauc_recall_at_1_diff1": 0.5243327577122904,
        "nauc_recall_at_1_max": 0.3302488799608815,
        "nauc_recall_at_1_std": 0.010421556957879548,
        "nauc_recall_at_20_diff1": 0.37029013441573205,
        "nauc_recall_at_20_max": 0.2374733903149225,
        "nauc_recall_at_20_std": 0.033946337270625626,
        "nauc_recall_at_3_diff1": 0.3978694237736403,
        "nauc_recall_at_3_max": 0.2799123504350244,
        "nauc_recall_at_3_std": -0.0013664213877293589,
        "nauc_recall_at_5_diff1": 0.37467767089574633,
        "nauc_recall_at_5_max": 0.2502446569524058,
        "nauc_recall_at_5_std": 0.007539567197824707,
        "ndcg_at_1": 0.25508,
        "ndcg_at_10": 0.34617,
        "ndcg_at_100": 0.39228,
        "ndcg_at_1000": 0.41963,
        "ndcg_at_20": 0.36259,
        "ndcg_at_3": 0.29804,
        "ndcg_at_5": 0.31919,
        "precision_at_1": 0.25508,
        "precision_at_10": 0.05323,
        "precision_at_100": 0.00828,
        "precision_at_1000": 0.00118,
        "precision_at_20": 0.03078,
        "precision_at_3": 0.12261,
        "precision_at_5": 0.08688,
        "recall_at_1": 0.23487,
        "recall_at_10": 0.46411,
        "recall_at_100": 0.67435,
        "recall_at_1000": 0.87867,
        "recall_at_20": 0.52434,
        "recall_at_3": 0.33389,
        "recall_at_5": 0.38395
      }
    ]
  },
  "task_name": "CQADupstackWordpressRetrieval"
}