{
  "dataset_revision": "ad9991cb51e31e31e430383c75ffb2885547b5f0",
  "evaluation_time": 115.32314276695251,
  "kg_co2_emissions": null,
  "mteb_version": "1.13.1",
  "scores": {
    "test": [
      {
        "hf_subset": "default",
        "languages": [
          "eng-Latn"
        ],
        "main_score": 0.49113,
        "map_at_1": 0.33176,
        "map_at_10": 0.43421,
        "map_at_100": 0.44605,
        "map_at_1000": 0.44724,
        "map_at_20": 0.44055,
        "map_at_3": 0.4024,
        "map_at_5": 0.41983,
        "mrr_at_1": 0.42356687898089174,
        "mrr_at_10": 0.4990172884440401,
        "mrr_at_100": 0.5050901918689091,
        "mrr_at_1000": 0.5054693417479011,
        "mrr_at_20": 0.502931350511412,
        "mrr_at_3": 0.47664543524416136,
        "mrr_at_5": 0.48928874734607214,
        "nauc_map_at_1000_diff1": 0.5196597270645699,
        "nauc_map_at_1000_max": 0.49265562712409566,
        "nauc_map_at_1000_std": -0.06087079093559999,
        "nauc_map_at_100_diff1": 0.519929031446292,
        "nauc_map_at_100_max": 0.4919201286573341,
        "nauc_map_at_100_std": -0.0623565582642697,
        "nauc_map_at_10_diff1": 0.5250555089736942,
        "nauc_map_at_10_max": 0.48410414333886936,
        "nauc_map_at_10_std": -0.07802329737559839,
        "nauc_map_at_1_diff1": 0.5721531534452534,
        "nauc_map_at_1_max": 0.4262853179191885,
        "nauc_map_at_1_std": -0.12006193088417356,
        "nauc_map_at_20_diff1": 0.5215062572765465,
        "nauc_map_at_20_max": 0.48632421650099106,
        "nauc_map_at_20_std": -0.0712085301314827,
        "nauc_map_at_3_diff1": 0.5386144862661708,
        "nauc_map_at_3_max": 0.46814104424447717,
        "nauc_map_at_3_std": -0.09901442835521232,
        "nauc_map_at_5_diff1": 0.5309200466945591,
        "nauc_map_at_5_max": 0.47983883042520953,
        "nauc_map_at_5_std": -0.08413118097043039,
        "nauc_mrr_at_1000_diff1": 0.505394087260228,
        "nauc_mrr_at_1000_max": 0.5301224483072148,
        "nauc_mrr_at_1000_std": 0.00340462055120787,
        "nauc_mrr_at_100_diff1": 0.5053319530821272,
        "nauc_mrr_at_100_max": 0.5301633833423555,
        "nauc_mrr_at_100_std": 0.003512520878765309,
        "nauc_mrr_at_10_diff1": 0.5064174662465646,
        "nauc_mrr_at_10_max": 0.5301182647365535,
        "nauc_mrr_at_10_std": 0.0011609959941374145,
        "nauc_mrr_at_1_diff1": 0.540786629692233,
        "nauc_mrr_at_1_max": 0.5236381519946771,
        "nauc_mrr_at_1_std": -0.023690638056941243,
        "nauc_mrr_at_20_diff1": 0.5053044268151656,
        "nauc_mrr_at_20_max": 0.5297851521812402,
        "nauc_mrr_at_20_std": 0.00221256130981235,
        "nauc_mrr_at_3_diff1": 0.5125478070741006,
        "nauc_mrr_at_3_max": 0.5311334403663873,
        "nauc_mrr_at_3_std": -0.005187324376754598,
        "nauc_mrr_at_5_diff1": 0.5076799251895762,
        "nauc_mrr_at_5_max": 0.5318741139300176,
        "nauc_mrr_at_5_std": 0.001345529296052325,
        "nauc_ndcg_at_1000_diff1": 0.49369955068122384,
        "nauc_ndcg_at_1000_max": 0.5126504928700686,
        "nauc_ndcg_at_1000_std": -0.002554142764344649,
        "nauc_ndcg_at_100_diff1": 0.49339391669492005,
        "nauc_ndcg_at_100_max": 0.5115458806081454,
        "nauc_ndcg_at_100_std": -0.009758123756019942,
        "nauc_ndcg_at_10_diff1": 0.5000412393841006,
        "nauc_ndcg_at_10_max": 0.5045786454226556,
        "nauc_ndcg_at_10_std": -0.03940992604956688,
        "nauc_ndcg_at_1_diff1": 0.5440910266356348,
        "nauc_ndcg_at_1_max": 0.5213120605169816,
        "nauc_ndcg_at_1_std": -0.027756778706694088,
        "nauc_ndcg_at_20_diff1": 0.4939651412114139,
        "nauc_ndcg_at_20_max": 0.5013868562858137,
        "nauc_ndcg_at_20_std": -0.03313446282538662,
        "nauc_ndcg_at_3_diff1": 0.5129145667912625,
        "nauc_ndcg_at_3_max": 0.5060601982669735,
        "nauc_ndcg_at_3_std": -0.04314762337675099,
        "nauc_ndcg_at_5_diff1": 0.5062217987637018,
        "nauc_ndcg_at_5_max": 0.5100617759772162,
        "nauc_ndcg_at_5_std": -0.03532176409134421,
        "nauc_precision_at_1000_diff1": -0.15128121027036634,
        "nauc_precision_at_1000_max": 0.16093045555045835,
        "nauc_precision_at_1000_std": 0.362703436038476,
        "nauc_precision_at_100_diff1": -0.10600364977755067,
        "nauc_precision_at_100_max": 0.27976143679402743,
        "nauc_precision_at_100_std": 0.38746944417688695,
        "nauc_precision_at_10_diff1": 0.08147585547340112,
        "nauc_precision_at_10_max": 0.3971681210897595,
        "nauc_precision_at_10_std": 0.22887500903661462,
        "nauc_precision_at_1_diff1": 0.5440910266356348,
        "nauc_precision_at_1_max": 0.5213120605169816,
        "nauc_precision_at_1_std": -0.027756778706694088,
        "nauc_precision_at_20_diff1": -0.00332554599439251,
        "nauc_precision_at_20_max": 0.34809967194242036,
        "nauc_precision_at_20_std": 0.292942227538699,
        "nauc_precision_at_3_diff1": 0.29757649602597475,
        "nauc_precision_at_3_max": 0.48874348960625985,
        "nauc_precision_at_3_std": 0.09249072962189557,
        "nauc_precision_at_5_diff1": 0.19529937361311478,
        "nauc_precision_at_5_max": 0.45993828314276225,
        "nauc_precision_at_5_std": 0.16654995230414482,
        "nauc_recall_at_1000_diff1": 0.34027877964763287,
        "nauc_recall_at_1000_max": 0.520466539319548,
        "nauc_recall_at_1000_std": 0.3008097072447885,
        "nauc_recall_at_100_diff1": 0.36995011840363584,
        "nauc_recall_at_100_max": 0.49947384966265884,
        "nauc_recall_at_100_std": 0.133570680134106,
        "nauc_recall_at_10_diff1": 0.42910222841711515,
        "nauc_recall_at_10_max": 0.4532084502422991,
        "nauc_recall_at_10_std": -0.04783954736903796,
        "nauc_recall_at_1_diff1": 0.5721531534452534,
        "nauc_recall_at_1_max": 0.4262853179191885,
        "nauc_recall_at_1_std": -0.12006193088417356,
        "nauc_recall_at_20_diff1": 0.39234066321207706,
        "nauc_recall_at_20_max": 0.4422496252523186,
        "nauc_recall_at_20_std": -0.016597152739456663,
        "nauc_recall_at_3_diff1": 0.4895883739854757,
        "nauc_recall_at_3_max": 0.4493613914465544,
        "nauc_recall_at_3_std": -0.09124324314840243,
        "nauc_recall_at_5_diff1": 0.4652087589907353,
        "nauc_recall_at_5_max": 0.46739463626275357,
        "nauc_recall_at_5_std": -0.05288384410805728,
        "ndcg_at_1": 0.42229,
        "ndcg_at_10": 0.49113,
        "ndcg_at_100": 0.53182,
        "ndcg_at_1000": 0.55012,
        "ndcg_at_20": 0.50686,
        "ndcg_at_3": 0.448,
        "ndcg_at_5": 0.46753,
        "precision_at_1": 0.42229,
        "precision_at_10": 0.09223,
        "precision_at_100": 0.0143,
        "precision_at_1000": 0.00187,
        "precision_at_20": 0.0535,
        "precision_at_3": 0.21401,
        "precision_at_5": 0.15146,
        "recall_at_1": 0.33176,
        "recall_at_10": 0.58657,
        "recall_at_100": 0.76059,
        "recall_at_1000": 0.87501,
        "recall_at_20": 0.64454,
        "recall_at_3": 0.45747,
        "recall_at_5": 0.51328
      }
    ]
  },
  "task_name": "CQADupstackEnglishRetrieval"
}