{
  "dataset_revision": "c0f706b76e590d620bd6618b3ca8efdd34e2d659",
  "evaluation_time": 2943.6608803272247,
  "kg_co2_emissions": null,
  "mteb_version": "1.13.1",
  "scores": {
    "test": [
      {
        "hf_subset": "default",
        "languages": [
          "eng-Latn"
        ],
        "main_score": 0.33788,
        "map_at_1": 0.06334,
        "map_at_10": 0.16,
        "map_at_100": 0.22974,
        "map_at_1000": 0.24293,
        "map_at_20": 0.18887,
        "map_at_3": 0.11525,
        "map_at_5": 0.13522,
        "mrr_at_1": 0.525,
        "mrr_at_10": 0.636718253968254,
        "mrr_at_100": 0.6409173122646636,
        "mrr_at_1000": 0.6410217047995177,
        "mrr_at_20": 0.6394632828364446,
        "mrr_at_3": 0.6129166666666667,
        "mrr_at_5": 0.6250416666666667,
        "nauc_map_at_1000_diff1": 0.1766423341826333,
        "nauc_map_at_1000_max": 0.33642862955767466,
        "nauc_map_at_1000_std": 0.28192238123480207,
        "nauc_map_at_100_diff1": 0.18287749630429911,
        "nauc_map_at_100_max": 0.31601945032296624,
        "nauc_map_at_100_std": 0.25324551567566755,
        "nauc_map_at_10_diff1": 0.24438257810753597,
        "nauc_map_at_10_max": 0.18409440729061782,
        "nauc_map_at_10_std": 0.0013469781405610916,
        "nauc_map_at_1_diff1": 0.45577249550088655,
        "nauc_map_at_1_max": 0.15132919962215538,
        "nauc_map_at_1_std": -0.15910316950756745,
        "nauc_map_at_20_diff1": 0.21542722134668396,
        "nauc_map_at_20_max": 0.23908672595237418,
        "nauc_map_at_20_std": 0.11746275202606958,
        "nauc_map_at_3_diff1": 0.2985099743233214,
        "nauc_map_at_3_max": 0.12663306994163503,
        "nauc_map_at_3_std": -0.13685723958453794,
        "nauc_map_at_5_diff1": 0.26253158813393523,
        "nauc_map_at_5_max": 0.14431248303332098,
        "nauc_map_at_5_std": -0.07954608059237851,
        "nauc_mrr_at_1000_diff1": 0.3213083972559999,
        "nauc_mrr_at_1000_max": 0.5719502206954126,
        "nauc_mrr_at_1000_std": 0.3139957615023693,
        "nauc_mrr_at_100_diff1": 0.3212834820541971,
        "nauc_mrr_at_100_max": 0.5719778709448505,
        "nauc_mrr_at_100_std": 0.313974606608724,
        "nauc_mrr_at_10_diff1": 0.3200139233033382,
        "nauc_mrr_at_10_max": 0.5716381422016918,
        "nauc_mrr_at_10_std": 0.31433184977466844,
        "nauc_mrr_at_1_diff1": 0.37160974942740904,
        "nauc_mrr_at_1_max": 0.566157317198236,
        "nauc_mrr_at_1_std": 0.2966157317198234,
        "nauc_mrr_at_20_diff1": 0.320160582793012,
        "nauc_mrr_at_20_max": 0.5716571934616912,
        "nauc_mrr_at_20_std": 0.3149218174238662,
        "nauc_mrr_at_3_diff1": 0.31852363508052844,
        "nauc_mrr_at_3_max": 0.5731564806453986,
        "nauc_mrr_at_3_std": 0.3151018558725246,
        "nauc_mrr_at_5_diff1": 0.31365799091403734,
        "nauc_mrr_at_5_max": 0.5676711186590869,
        "nauc_mrr_at_5_std": 0.3117745218676035,
        "nauc_ndcg_at_1000_diff1": 0.18373371765589155,
        "nauc_ndcg_at_1000_max": 0.46146960468616005,
        "nauc_ndcg_at_1000_std": 0.3750157891987868,
        "nauc_ndcg_at_100_diff1": 0.2010214220776775,
        "nauc_ndcg_at_100_max": 0.40337466244720205,
        "nauc_ndcg_at_100_std": 0.30667957090046377,
        "nauc_ndcg_at_10_diff1": 0.1970120760456109,
        "nauc_ndcg_at_10_max": 0.38677404406715277,
        "nauc_ndcg_at_10_std": 0.26315078292362126,
        "nauc_ndcg_at_1_diff1": 0.32871062176517735,
        "nauc_ndcg_at_1_max": 0.45280045644111755,
        "nauc_ndcg_at_1_std": 0.21863665385190112,
        "nauc_ndcg_at_20_diff1": 0.1920874249668168,
        "nauc_ndcg_at_20_max": 0.37284396134367526,
        "nauc_ndcg_at_20_std": 0.26856048428442614,
        "nauc_ndcg_at_3_diff1": 0.2204101913188985,
        "nauc_ndcg_at_3_max": 0.42533999211191087,
        "nauc_ndcg_at_3_std": 0.23853307110490157,
        "nauc_ndcg_at_5_diff1": 0.19839051738916566,
        "nauc_ndcg_at_5_max": 0.4014911971887427,
        "nauc_ndcg_at_5_std": 0.2536733452804776,
        "nauc_precision_at_1000_diff1": -0.028402516021194393,
        "nauc_precision_at_1000_max": 0.24475483511872967,
        "nauc_precision_at_1000_std": 0.3598512724471544,
        "nauc_precision_at_100_diff1": -0.07950792732565953,
        "nauc_precision_at_100_max": 0.4051525220610581,
        "nauc_precision_at_100_std": 0.5730626756358911,
        "nauc_precision_at_10_diff1": -0.04630220407353047,
        "nauc_precision_at_10_max": 0.40551987258106054,
        "nauc_precision_at_10_std": 0.5248953732651811,
        "nauc_precision_at_1_diff1": 0.36524507905388953,
        "nauc_precision_at_1_max": 0.5717825769545833,
        "nauc_precision_at_1_std": 0.29865335906197843,
        "nauc_precision_at_20_diff1": -0.0687230098923686,
        "nauc_precision_at_20_max": 0.41551357888525836,
        "nauc_precision_at_20_std": 0.5967231421626259,
        "nauc_precision_at_3_diff1": 0.060969610217717074,
        "nauc_precision_at_3_max": 0.4442054272185811,
        "nauc_precision_at_3_std": 0.3766704810581097,
        "nauc_precision_at_5_diff1": -0.0026016662481349964,
        "nauc_precision_at_5_max": 0.4183032482975617,
        "nauc_precision_at_5_std": 0.44508803935181795,
        "nauc_recall_at_1000_diff1": 0.04052198718104276,
        "nauc_recall_at_1000_max": 0.3286257885654272,
        "nauc_recall_at_1000_std": 0.3159728367191135,
        "nauc_recall_at_100_diff1": 0.11873824528952577,
        "nauc_recall_at_100_max": 0.27625113995532075,
        "nauc_recall_at_100_std": 0.23305821039830735,
        "nauc_recall_at_10_diff1": 0.15030250256170138,
        "nauc_recall_at_10_max": 0.07531498484043604,
        "nauc_recall_at_10_std": -0.06960180855930627,
        "nauc_recall_at_1_diff1": 0.45577249550088655,
        "nauc_recall_at_1_max": 0.15132919962215538,
        "nauc_recall_at_1_std": -0.15910316950756745,
        "nauc_recall_at_20_diff1": 0.1223425896000014,
        "nauc_recall_at_20_max": 0.136535192253789,
        "nauc_recall_at_20_std": 0.05318838801430928,
        "nauc_recall_at_3_diff1": 0.21548612490339386,
        "nauc_recall_at_3_max": 0.05407633671513354,
        "nauc_recall_at_3_std": -0.17349317133599854,
        "nauc_recall_at_5_diff1": 0.1704994950003846,
        "nauc_recall_at_5_max": 0.05034821710056278,
        "nauc_recall_at_5_std": -0.135572535513891,
        "ndcg_at_1": 0.4175,
        "ndcg_at_10": 0.33788,
        "ndcg_at_100": 0.39026,
        "ndcg_at_1000": 0.46216,
        "ndcg_at_20": 0.34172,
        "ndcg_at_3": 0.37592,
        "ndcg_at_5": 0.35222,
        "precision_at_1": 0.5275,
        "precision_at_10": 0.27525,
        "precision_at_100": 0.0898,
        "precision_at_1000": 0.01808,
        "precision_at_20": 0.21438,
        "precision_at_3": 0.4325,
        "precision_at_5": 0.358,
        "recall_at_1": 0.06334,
        "recall_at_10": 0.22311,
        "recall_at_100": 0.47126,
        "recall_at_1000": 0.69962,
        "recall_at_20": 0.29471,
        "recall_at_3": 0.13673,
        "recall_at_5": 0.16921
      }
    ]
  },
  "task_name": "DBPedia"
}