{
  "dataset_revision": "e4e08e0b7dbe3c8700f0daef558ff32256715259",
  "evaluation_time": 4862.904938220978,
  "kg_co2_emissions": null,
  "mteb_version": "1.13.1",
  "scores": {
    "test": [
      {
        "hf_subset": "default",
        "languages": [
          "eng-Latn"
        ],
        "main_score": 0.88358,
        "map_at_1": 0.70732,
        "map_at_10": 0.84552,
        "map_at_100": 0.85208,
        "map_at_1000": 0.85225,
        "map_at_20": 0.8499,
        "map_at_3": 0.81621,
        "map_at_5": 0.8349,
        "mrr_at_1": 0.8138,
        "mrr_at_10": 0.8769500396825397,
        "mrr_at_100": 0.87793185316293,
        "mrr_at_1000": 0.8779376845560141,
        "mrr_at_20": 0.8776771864079334,
        "mrr_at_3": 0.8673666666666666,
        "mrr_at_5": 0.8742016666666667,
        "nauc_map_at_1000_diff1": 0.7535917303054245,
        "nauc_map_at_1000_max": 0.4050426098360547,
        "nauc_map_at_1000_std": -0.519468029184486,
        "nauc_map_at_100_diff1": 0.7536716452926239,
        "nauc_map_at_100_max": 0.40486630875131085,
        "nauc_map_at_100_std": -0.520108399175164,
        "nauc_map_at_10_diff1": 0.7559902483425941,
        "nauc_map_at_10_max": 0.4006858938392025,
        "nauc_map_at_10_std": -0.5375038855319979,
        "nauc_map_at_1_diff1": 0.7898083812307489,
        "nauc_map_at_1_max": 0.3163960207115985,
        "nauc_map_at_1_std": -0.46538180867320433,
        "nauc_map_at_20_diff1": 0.7545132070465455,
        "nauc_map_at_20_max": 0.4041106148982423,
        "nauc_map_at_20_std": -0.5270439470532189,
        "nauc_map_at_3_diff1": 0.7577714829457941,
        "nauc_map_at_3_max": 0.3779004245775797,
        "nauc_map_at_3_std": -0.5507177527371189,
        "nauc_map_at_5_diff1": 0.7565402478592291,
        "nauc_map_at_5_max": 0.3904603086691124,
        "nauc_map_at_5_std": -0.5510455889285997,
        "nauc_mrr_at_1000_diff1": 0.758466433294683,
        "nauc_mrr_at_1000_max": 0.4311537809790451,
        "nauc_mrr_at_1000_std": -0.47706242616052735,
        "nauc_mrr_at_100_diff1": 0.7584637016160379,
        "nauc_mrr_at_100_max": 0.43115399083969147,
        "nauc_mrr_at_100_std": -0.477073318508144,
        "nauc_mrr_at_10_diff1": 0.7583048641402196,
        "nauc_mrr_at_10_max": 0.4314449578480108,
        "nauc_mrr_at_10_std": -0.4785064977288388,
        "nauc_mrr_at_1_diff1": 0.7716143712216884,
        "nauc_mrr_at_1_max": 0.427604799943635,
        "nauc_mrr_at_1_std": -0.4481850226471848,
        "nauc_mrr_at_20_diff1": 0.7583576014604188,
        "nauc_mrr_at_20_max": 0.431438064681654,
        "nauc_mrr_at_20_std": -0.4772838267493554,
        "nauc_mrr_at_3_diff1": 0.7546468695296065,
        "nauc_mrr_at_3_max": 0.43052493218337423,
        "nauc_mrr_at_3_std": -0.48471984607727064,
        "nauc_mrr_at_5_diff1": 0.7573456722805283,
        "nauc_mrr_at_5_max": 0.43088199610013844,
        "nauc_mrr_at_5_std": -0.47984277135543046,
        "nauc_ndcg_at_1000_diff1": 0.7512898612680132,
        "nauc_ndcg_at_1000_max": 0.4167334969792216,
        "nauc_ndcg_at_1000_std": -0.5001647805647433,
        "nauc_ndcg_at_100_diff1": 0.7516096817438709,
        "nauc_ndcg_at_100_max": 0.4158898168295858,
        "nauc_ndcg_at_100_std": -0.5030230803873225,
        "nauc_ndcg_at_10_diff1": 0.7516506355658812,
        "nauc_ndcg_at_10_max": 0.41264005636008105,
        "nauc_ndcg_at_10_std": -0.531088341763559,
        "nauc_ndcg_at_1_diff1": 0.7714260615371961,
        "nauc_ndcg_at_1_max": 0.42817331707778117,
        "nauc_ndcg_at_1_std": -0.4484219992513045,
        "nauc_ndcg_at_20_diff1": 0.751223527779633,
        "nauc_ndcg_at_20_max": 0.4155354846553488,
        "nauc_ndcg_at_20_std": -0.5180620045779343,
        "nauc_ndcg_at_3_diff1": 0.7423470842152026,
        "nauc_ndcg_at_3_max": 0.4056768189033807,
        "nauc_ndcg_at_3_std": -0.5286464604740297,
        "nauc_ndcg_at_5_diff1": 0.7475345964589968,
        "nauc_ndcg_at_5_max": 0.4065191516973275,
        "nauc_ndcg_at_5_std": -0.5384553054641966,
        "nauc_precision_at_1000_diff1": -0.43322054874517474,
        "nauc_precision_at_1000_max": -0.09039769736878452,
        "nauc_precision_at_1000_std": 0.4140831804150925,
        "nauc_precision_at_100_diff1": -0.4301570524687911,
        "nauc_precision_at_100_max": -0.08666145379219568,
        "nauc_precision_at_100_std": 0.39947640657444733,
        "nauc_precision_at_10_diff1": -0.3752242179374849,
        "nauc_precision_at_10_max": -0.02995173050841219,
        "nauc_precision_at_10_std": 0.27296533176418875,
        "nauc_precision_at_1_diff1": 0.7714260615371961,
        "nauc_precision_at_1_max": 0.42817331707778117,
        "nauc_precision_at_1_std": -0.4484219992513045,
        "nauc_precision_at_20_diff1": -0.4087540538001061,
        "nauc_precision_at_20_max": -0.05884223246587226,
        "nauc_precision_at_20_std": 0.33897483127351535,
        "nauc_precision_at_3_diff1": -0.17643009169911575,
        "nauc_precision_at_3_max": 0.08366510647579134,
        "nauc_precision_at_3_std": 0.03804334904894864,
        "nauc_precision_at_5_diff1": -0.3042256448547617,
        "nauc_precision_at_5_max": 0.013440007404803507,
        "nauc_precision_at_5_std": 0.16432620266331185,
        "nauc_recall_at_1000_diff1": 0.4993901727245271,
        "nauc_recall_at_1000_max": 0.35587587554094474,
        "nauc_recall_at_1000_std": 0.19256168189626552,
        "nauc_recall_at_100_diff1": 0.7062096083120017,
        "nauc_recall_at_100_max": 0.36548117715704914,
        "nauc_recall_at_100_std": -0.535461828673299,
        "nauc_recall_at_10_diff1": 0.698383183092607,
        "nauc_recall_at_10_max": 0.3753095606598842,
        "nauc_recall_at_10_std": -0.6909436297795556,
        "nauc_recall_at_1_diff1": 0.7898083812307489,
        "nauc_recall_at_1_max": 0.3163960207115985,
        "nauc_recall_at_1_std": -0.46538180867320433,
        "nauc_recall_at_20_diff1": 0.6910150244911001,
        "nauc_recall_at_20_max": 0.4110666660208112,
        "nauc_recall_at_20_std": -0.6657137969352275,
        "nauc_recall_at_3_diff1": 0.7058353383594588,
        "nauc_recall_at_3_max": 0.3424406585072868,
        "nauc_recall_at_3_std": -0.6172287834169999,
        "nauc_recall_at_5_diff1": 0.6933454239250801,
        "nauc_recall_at_5_max": 0.34763958865285327,
        "nauc_recall_at_5_std": -0.6627938040496053,
        "ndcg_at_1": 0.8139,
        "ndcg_at_10": 0.88358,
        "ndcg_at_100": 0.89588,
        "ndcg_at_1000": 0.89688,
        "ndcg_at_20": 0.89034,
        "ndcg_at_3": 0.85514,
        "ndcg_at_5": 0.87135,
        "precision_at_1": 0.8139,
        "precision_at_10": 0.1335,
        "precision_at_100": 0.01524,
        "precision_at_1000": 0.00157,
        "precision_at_20": 0.07097,
        "precision_at_3": 0.37277,
        "precision_at_5": 0.24542,
        "recall_at_1": 0.70732,
        "recall_at_10": 0.95464,
        "recall_at_100": 0.99572,
        "recall_at_1000": 0.99972,
        "recall_at_20": 0.97577,
        "recall_at_3": 0.87315,
        "recall_at_5": 0.91869
      }
    ]
  },
  "task_name": "QuoraRetrieval"
}