{
  "dataset_revision": "0228b52cf27578f30900b9e5271d331663a030d7",
  "evaluation_time": 38.16947317123413,
  "kg_co2_emissions": null,
  "mteb_version": "1.13.1",
  "scores": {
    "test": [
      {
        "hf_subset": "default",
        "languages": [
          "eng-Latn"
        ],
        "main_score": 0.73404,
        "map_at_1": 0.59217,
        "map_at_10": 0.6892,
        "map_at_100": 0.69496,
        "map_at_1000": 0.69509,
        "map_at_20": 0.6928,
        "map_at_3": 0.66219,
        "map_at_5": 0.67532,
        "mrr_at_1": 0.6233333333333333,
        "mrr_at_10": 0.7026137566137566,
        "mrr_at_100": 0.7072137128184998,
        "mrr_at_1000": 0.707330091685252,
        "mrr_at_20": 0.7051337181337182,
        "mrr_at_3": 0.685,
        "mrr_at_5": 0.6930000000000001,
        "nauc_map_at_1000_diff1": 0.748744701194307,
        "nauc_map_at_1000_max": 0.652962776251905,
        "nauc_map_at_1000_std": -0.010207372647865828,
        "nauc_map_at_100_diff1": 0.7487366012113666,
        "nauc_map_at_100_max": 0.6530267704132064,
        "nauc_map_at_100_std": -0.010366078392260492,
        "nauc_map_at_10_diff1": 0.7488020032521939,
        "nauc_map_at_10_max": 0.6526105187610866,
        "nauc_map_at_10_std": -0.0138743816706998,
        "nauc_map_at_1_diff1": 0.8016207675858295,
        "nauc_map_at_1_max": 0.5825478413294255,
        "nauc_map_at_1_std": -0.09311694662033981,
        "nauc_map_at_20_diff1": 0.7475612382042236,
        "nauc_map_at_20_max": 0.6536767747462369,
        "nauc_map_at_20_std": -0.009207237707392285,
        "nauc_map_at_3_diff1": 0.7530807621015384,
        "nauc_map_at_3_max": 0.6308555534295495,
        "nauc_map_at_3_std": -0.05098746232884437,
        "nauc_map_at_5_diff1": 0.7500096414223256,
        "nauc_map_at_5_max": 0.6408951992236054,
        "nauc_map_at_5_std": -0.030292323850405686,
        "nauc_mrr_at_1000_diff1": 0.742703082194544,
        "nauc_mrr_at_1000_max": 0.6707484313256613,
        "nauc_mrr_at_1000_std": 0.03861066007449512,
        "nauc_mrr_at_100_diff1": 0.742678052403321,
        "nauc_mrr_at_100_max": 0.6707886701857527,
        "nauc_mrr_at_100_std": 0.03836743091248532,
        "nauc_mrr_at_10_diff1": 0.7417231211233279,
        "nauc_mrr_at_10_max": 0.6723768397250005,
        "nauc_mrr_at_10_std": 0.03816195060265903,
        "nauc_mrr_at_1_diff1": 0.780458234234978,
        "nauc_mrr_at_1_max": 0.6344238021781865,
        "nauc_mrr_at_1_std": 8.770526902328015e-05,
        "nauc_mrr_at_20_diff1": 0.7414318393679898,
        "nauc_mrr_at_20_max": 0.6711689217607871,
        "nauc_mrr_at_20_std": 0.03921546886553929,
        "nauc_mrr_at_3_diff1": 0.7406311724431144,
        "nauc_mrr_at_3_max": 0.67259221205599,
        "nauc_mrr_at_3_std": 0.03809630659702827,
        "nauc_mrr_at_5_diff1": 0.7393196758969972,
        "nauc_mrr_at_5_max": 0.6707910047591534,
        "nauc_mrr_at_5_std": 0.040883964113861034,
        "nauc_ndcg_at_1000_diff1": 0.7410392488118313,
        "nauc_ndcg_at_1000_max": 0.6687198192916463,
        "nauc_ndcg_at_1000_std": 0.020799669623218494,
        "nauc_ndcg_at_100_diff1": 0.7406368860417599,
        "nauc_ndcg_at_100_max": 0.6709221721395251,
        "nauc_ndcg_at_100_std": 0.017905855622063278,
        "nauc_ndcg_at_10_diff1": 0.7347549100499191,
        "nauc_ndcg_at_10_max": 0.67506778839387,
        "nauc_ndcg_at_10_std": 0.017067960104574568,
        "nauc_ndcg_at_1_diff1": 0.780458234234978,
        "nauc_ndcg_at_1_max": 0.6344238021781865,
        "nauc_ndcg_at_1_std": 8.770526902328015e-05,
        "nauc_ndcg_at_20_diff1": 0.7308709180082129,
        "nauc_ndcg_at_20_max": 0.6754023597139683,
        "nauc_ndcg_at_20_std": 0.02941762241126866,
        "nauc_ndcg_at_3_diff1": 0.7341308149625271,
        "nauc_ndcg_at_3_max": 0.6568018236823588,
        "nauc_ndcg_at_3_std": -0.014267312759069764,
        "nauc_ndcg_at_5_diff1": 0.7343921832274866,
        "nauc_ndcg_at_5_max": 0.6593816432911004,
        "nauc_ndcg_at_5_std": -0.0012021044349544094,
        "nauc_precision_at_1000_diff1": -0.35234601067917576,
        "nauc_precision_at_1000_max": 0.10093760233097429,
        "nauc_precision_at_1000_std": 0.5273695676871369,
        "nauc_precision_at_100_diff1": -0.24988191716799957,
        "nauc_precision_at_100_max": 0.18066673295878224,
        "nauc_precision_at_100_std": 0.4827350469845365,
        "nauc_precision_at_10_diff1": 0.05767146968253735,
        "nauc_precision_at_10_max": 0.41093757087346383,
        "nauc_precision_at_10_std": 0.3846192614544115,
        "nauc_precision_at_1_diff1": 0.780458234234978,
        "nauc_precision_at_1_max": 0.6344238021781865,
        "nauc_precision_at_1_std": 8.770526902328015e-05,
        "nauc_precision_at_20_diff1": -0.05801483631672333,
        "nauc_precision_at_20_max": 0.33111090953072125,
        "nauc_precision_at_20_std": 0.4388858651830352,
        "nauc_precision_at_3_diff1": 0.41449664136787956,
        "nauc_precision_at_3_max": 0.5856614760533887,
        "nauc_precision_at_3_std": 0.16379329145947855,
        "nauc_precision_at_5_diff1": 0.2623820608394828,
        "nauc_precision_at_5_max": 0.4996897970528242,
        "nauc_precision_at_5_std": 0.25450538760478686,
        "nauc_recall_at_1000_diff1": 1.0,
        "nauc_recall_at_1000_max": 0.6790382819794685,
        "nauc_recall_at_1000_std": 0.5613912231559137,
        "nauc_recall_at_100_diff1": 0.7730109587694726,
        "nauc_recall_at_100_max": 0.7835274460661432,
        "nauc_recall_at_100_std": 0.019239274657230646,
        "nauc_recall_at_10_diff1": 0.6737076168256732,
        "nauc_recall_at_10_max": 0.7349665907289945,
        "nauc_recall_at_10_std": 0.06102177990074612,
        "nauc_recall_at_1_diff1": 0.8016207675858295,
        "nauc_recall_at_1_max": 0.5825478413294255,
        "nauc_recall_at_1_std": -0.09311694662033981,
        "nauc_recall_at_20_diff1": 0.6304340531455053,
        "nauc_recall_at_20_max": 0.7508060899831304,
        "nauc_recall_at_20_std": 0.15607945896643494,
        "nauc_recall_at_3_diff1": 0.69186304258366,
        "nauc_recall_at_3_max": 0.6581637623065587,
        "nauc_recall_at_3_std": -0.032240749662205456,
        "nauc_recall_at_5_diff1": 0.6870463054396488,
        "nauc_recall_at_5_max": 0.6748418150703516,
        "nauc_recall_at_5_std": 0.00930312136167064,
        "ndcg_at_1": 0.62333,
        "ndcg_at_10": 0.73404,
        "ndcg_at_100": 0.7586,
        "ndcg_at_1000": 0.76191,
        "ndcg_at_20": 0.74473,
        "ndcg_at_3": 0.68878,
        "ndcg_at_5": 0.70546,
        "precision_at_1": 0.62333,
        "precision_at_10": 0.097,
        "precision_at_100": 0.01097,
        "precision_at_1000": 0.00112,
        "precision_at_20": 0.051,
        "precision_at_3": 0.26667,
        "precision_at_5": 0.17267,
        "recall_at_1": 0.59217,
        "recall_at_10": 0.85856,
        "recall_at_100": 0.96833,
        "recall_at_1000": 0.99333,
        "recall_at_20": 0.89767,
        "recall_at_3": 0.73367,
        "recall_at_5": 0.77483
      }
    ]
  },
  "task_name": "SciFact"
}