{
  "dataset_revision": "bb9466bac8153a0349341eb1b22e06409e78ef4e",
  "mteb_dataset_name": "TRECCOVID",
  "mteb_version": "1.6.34",
  "test": {
    "evaluation_time": 23.51,
    "map_at_1": 0.00242,
    "map_at_10": 0.0211,
    "map_at_100": 0.11594,
    "map_at_1000": 0.26862,
    "map_at_20": 0.03693,
    "map_at_3": 0.00702,
    "map_at_5": 0.01152,
    "mrr_at_1": 0.94,
    "mrr_at_10": 0.97,
    "mrr_at_100": 0.97,
    "mrr_at_1000": 0.97,
    "mrr_at_20": 0.97,
    "mrr_at_3": 0.97,
    "mrr_at_5": 0.97,
    "ndcg_at_1": 0.87,
    "ndcg_at_10": 0.80925,
    "ndcg_at_100": 0.59611,
    "ndcg_at_1000": 0.51788,
    "ndcg_at_20": 0.75922,
    "ndcg_at_3": 0.85654,
    "ndcg_at_5": 0.84393,
    "precision_at_1": 0.94,
    "precision_at_10": 0.846,
    "precision_at_100": 0.6096,
    "precision_at_1000": 0.22916,
    "precision_at_20": 0.791,
    "precision_at_3": 0.90667,
    "precision_at_5": 0.888,
    "recall_at_1": 0.00242,
    "recall_at_10": 0.0224,
    "recall_at_100": 0.1444,
    "recall_at_1000": 0.48164,
    "recall_at_20": 0.04082,
    "recall_at_3": 0.00724,
    "recall_at_5": 0.012
  }
}