{
  "dataset_revision": "f8c2fcf00f625baaa80f62ec5bd9e1fff3b8ae88",
  "mteb_dataset_name": "SCIDOCS",
  "mteb_version": "1.6.34",
  "test": {
    "evaluation_time": 20.86,
    "map_at_1": 0.04423,
    "map_at_10": 0.10839,
    "map_at_100": 0.12556,
    "map_at_1000": 0.12801,
    "map_at_20": 0.11651,
    "map_at_3": 0.08044,
    "map_at_5": 0.09312,
    "mrr_at_1": 0.218,
    "mrr_at_10": 0.32114,
    "mrr_at_100": 0.33129,
    "mrr_at_1000": 0.33189,
    "mrr_at_20": 0.32665,
    "mrr_at_3": 0.292,
    "mrr_at_5": 0.30905,
    "ndcg_at_1": 0.218,
    "ndcg_at_10": 0.18314,
    "ndcg_at_100": 0.25331,
    "ndcg_at_1000": 0.29991,
    "ndcg_at_20": 0.20597,
    "ndcg_at_3": 0.18013,
    "ndcg_at_5": 0.1529,
    "precision_at_1": 0.218,
    "precision_at_10": 0.0934,
    "precision_at_100": 0.01949,
    "precision_at_1000": 0.00307,
    "precision_at_20": 0.0599,
    "precision_at_3": 0.169,
    "precision_at_5": 0.1324,
    "recall_at_1": 0.04423,
    "recall_at_10": 0.18918,
    "recall_at_100": 0.3956,
    "recall_at_1000": 0.62445,
    "recall_at_20": 0.24238,
    "recall_at_3": 0.10253,
    "recall_at_5": 0.13413
  }
}