{
  "dataset_revision": "0228b52cf27578f30900b9e5271d331663a030d7",
  "mteb_dataset_name": "SciFact",
  "mteb_version": "1.6.34",
  "test": {
    "evaluation_time": 6.73,
    "map_at_1": 0.53361,
    "map_at_10": 0.63728,
    "map_at_100": 0.64355,
    "map_at_1000": 0.64384,
    "map_at_20": 0.64228,
    "map_at_3": 0.61157,
    "map_at_5": 0.62422,
    "mrr_at_1": 0.56,
    "mrr_at_10": 0.64926,
    "mrr_at_100": 0.65381,
    "mrr_at_1000": 0.65407,
    "mrr_at_20": 0.65262,
    "mrr_at_3": 0.63056,
    "mrr_at_5": 0.63906,
    "ndcg_at_1": 0.56,
    "ndcg_at_10": 0.68499,
    "ndcg_at_100": 0.70879,
    "ndcg_at_1000": 0.71801,
    "ndcg_at_20": 0.69969,
    "ndcg_at_3": 0.63991,
    "ndcg_at_5": 0.65737,
    "precision_at_1": 0.56,
    "precision_at_10": 0.09233,
    "precision_at_100": 0.01047,
    "precision_at_1000": 0.00113,
    "precision_at_20": 0.04967,
    "precision_at_3": 0.25222,
    "precision_at_5": 0.164,
    "recall_at_1": 0.53361,
    "recall_at_10": 0.81872,
    "recall_at_100": 0.921,
    "recall_at_1000": 0.99667,
    "recall_at_20": 0.872,
    "recall_at_3": 0.69394,
    "recall_at_5": 0.73944
  },
  "train": {
    "evaluation_time": 7.53,
    "map_at_1": 0.56432,
    "map_at_10": 0.66506,
    "map_at_100": 0.67076,
    "map_at_1000": 0.67108,
    "map_at_20": 0.66888,
    "map_at_3": 0.64343,
    "map_at_5": 0.65639,
    "mrr_at_1": 0.58962,
    "mrr_at_10": 0.67699,
    "mrr_at_100": 0.68055,
    "mrr_at_1000": 0.68086,
    "mrr_at_20": 0.67899,
    "mrr_at_3": 0.66296,
    "mrr_at_5": 0.67093,
    "ndcg_at_1": 0.58962,
    "ndcg_at_10": 0.70644,
    "ndcg_at_100": 0.72984,
    "ndcg_at_1000": 0.73821,
    "ndcg_at_20": 0.71735,
    "ndcg_at_3": 0.67123,
    "ndcg_at_5": 0.68897,
    "precision_at_1": 0.58962,
    "precision_at_10": 0.09246,
    "precision_at_100": 0.01053,
    "precision_at_1000": 0.00112,
    "precision_at_20": 0.04895,
    "precision_at_3": 0.26576,
    "precision_at_5": 0.17182,
    "recall_at_1": 0.56432,
    "recall_at_10": 0.81708,
    "recall_at_100": 0.92233,
    "recall_at_1000": 0.98764,
    "recall_at_20": 0.85698,
    "recall_at_3": 0.72588,
    "recall_at_5": 0.76763
  }
}