{
  "dataset_revision": "a34f9a33db75fa0cbb21bb5cfc3dae8dc8bec93f",
  "mteb_dataset_name": "Touche2020",
  "mteb_version": "1.6.34",
  "test": {
    "evaluation_time": 58.75,
    "map_at_1": 0.01898,
    "map_at_10": 0.09601,
    "map_at_100": 0.15458,
    "map_at_1000": 0.17047,
    "map_at_20": 0.12383,
    "map_at_3": 0.04327,
    "map_at_5": 0.06351,
    "mrr_at_1": 0.26531,
    "mrr_at_10": 0.44458,
    "mrr_at_100": 0.45123,
    "mrr_at_1000": 0.45135,
    "mrr_at_20": 0.44845,
    "mrr_at_3": 0.40476,
    "mrr_at_5": 0.42211,
    "ndcg_at_1": 0.23469,
    "ndcg_at_10": 0.24431,
    "ndcg_at_100": 0.35049,
    "ndcg_at_1000": 0.46683,
    "ndcg_at_20": 0.25923,
    "ndcg_at_3": 0.23602,
    "ndcg_at_5": 0.23524,
    "precision_at_1": 0.26531,
    "precision_at_10": 0.23469,
    "precision_at_100": 0.07265,
    "precision_at_1000": 0.01504,
    "precision_at_20": 0.18367,
    "precision_at_3": 0.2585,
    "precision_at_5": 0.24898,
    "recall_at_1": 0.01898,
    "recall_at_10": 0.16691,
    "recall_at_100": 0.45395,
    "recall_at_1000": 0.80793,
    "recall_at_20": 0.24748,
    "recall_at_3": 0.05736,
    "recall_at_5": 0.09248
  }
}