{
  "dataset_revision": "bb9466bac8153a0349341eb1b22e06409e78ef4e",
  "mteb_dataset_name": "TRECCOVID",
  "mteb_version": "1.6.34",
  "test": {
    "evaluation_time": 23.6,
    "map_at_1": 0.00227,
    "map_at_10": 0.01979,
    "map_at_100": 0.10896,
    "map_at_1000": 0.25697,
    "map_at_20": 0.03531,
    "map_at_3": 0.00681,
    "map_at_5": 0.01088,
    "mrr_at_1": 0.88,
    "mrr_at_10": 0.93333,
    "mrr_at_100": 0.93333,
    "mrr_at_1000": 0.93333,
    "mrr_at_20": 0.93333,
    "mrr_at_3": 0.93333,
    "mrr_at_5": 0.93333,
    "ndcg_at_1": 0.81,
    "ndcg_at_10": 0.76298,
    "ndcg_at_100": 0.57501,
    "ndcg_at_1000": 0.50778,
    "ndcg_at_20": 0.72808,
    "ndcg_at_3": 0.82,
    "ndcg_at_5": 0.79665,
    "precision_at_1": 0.88,
    "precision_at_10": 0.806,
    "precision_at_100": 0.5898,
    "precision_at_1000": 0.22494,
    "precision_at_20": 0.767,
    "precision_at_3": 0.9,
    "precision_at_5": 0.856,
    "recall_at_1": 0.00227,
    "recall_at_10": 0.02149,
    "recall_at_100": 0.13968,
    "recall_at_1000": 0.4732,
    "recall_at_20": 0.04002,
    "recall_at_3": 0.00718,
    "recall_at_5": 0.01156
  }
}