{
  "dataset_revision": "c22ab2a51041ffd869aaddef7af8d8215647e41a",
  "evaluation_time": 36.17012023925781,
  "kg_co2_emissions": null,
  "mteb_version": "1.13.1",
  "scores": {
    "test": [
      {
        "hf_subset": "default",
        "languages": [
          "eng-Latn"
        ],
        "main_score": 0.52179,
        "map_at_1": 0.26885,
        "map_at_10": 0.43044,
        "map_at_100": 0.44022,
        "map_at_1000": 0.44027,
        "map_at_20": 0.43799,
        "map_at_3": 0.37956,
        "map_at_5": 0.40922,
        "mrr_at_1": 0.27880512091038406,
        "mrr_at_10": 0.43445325024272397,
        "mrr_at_100": 0.44414668766366155,
        "mrr_at_1000": 0.4442009010101586,
        "mrr_at_20": 0.44195306033745013,
        "mrr_at_3": 0.3845424371740161,
        "mrr_at_5": 0.41295637743006164,
        "nauc_map_at_1000_diff1": 0.06103394469549631,
        "nauc_map_at_1000_max": -0.08354728397497999,
        "nauc_map_at_1000_std": -0.13968677996247528,
        "nauc_map_at_100_diff1": 0.061015910626889804,
        "nauc_map_at_100_max": -0.08346570448037678,
        "nauc_map_at_100_std": -0.13957157157945463,
        "nauc_map_at_10_diff1": 0.061334628523575796,
        "nauc_map_at_10_max": -0.07991023624074146,
        "nauc_map_at_10_std": -0.14089403521946345,
        "nauc_map_at_1_diff1": 0.10497931688652787,
        "nauc_map_at_1_max": -0.10453744126019728,
        "nauc_map_at_1_std": -0.15349628135754756,
        "nauc_map_at_20_diff1": 0.06106513083081377,
        "nauc_map_at_20_max": -0.08240546061313367,
        "nauc_map_at_20_std": -0.13990473930471695,
        "nauc_map_at_3_diff1": 0.053382444101049295,
        "nauc_map_at_3_max": -0.09123261249949834,
        "nauc_map_at_3_std": -0.1453960814764564,
        "nauc_map_at_5_diff1": 0.05176817845465744,
        "nauc_map_at_5_max": -0.08624711897246214,
        "nauc_map_at_5_std": -0.13927771944833917,
        "nauc_mrr_at_1000_diff1": 0.031179415835427708,
        "nauc_mrr_at_1000_max": -0.0937861202087138,
        "nauc_mrr_at_1000_std": -0.13806392199424872,
        "nauc_mrr_at_100_diff1": 0.031167226807181852,
        "nauc_mrr_at_100_max": -0.09370321770074948,
        "nauc_mrr_at_100_std": -0.13795046320956802,
        "nauc_mrr_at_10_diff1": 0.032604223764930086,
        "nauc_mrr_at_10_max": -0.09008312590921219,
        "nauc_mrr_at_10_std": -0.1397822672921196,
        "nauc_mrr_at_1_diff1": 0.0733627218531166,
        "nauc_mrr_at_1_max": -0.1019059379516604,
        "nauc_mrr_at_1_std": -0.14633453004370323,
        "nauc_mrr_at_20_diff1": 0.031437255753539985,
        "nauc_mrr_at_20_max": -0.09245724899523546,
        "nauc_mrr_at_20_std": -0.13810412471360198,
        "nauc_mrr_at_3_diff1": 0.026351525470246412,
        "nauc_mrr_at_3_max": -0.10045067096714136,
        "nauc_mrr_at_3_std": -0.14358640458388552,
        "nauc_mrr_at_5_diff1": 0.021563308595333376,
        "nauc_mrr_at_5_max": -0.09795694378125122,
        "nauc_mrr_at_5_std": -0.13944908639863657,
        "nauc_ndcg_at_1000_diff1": 0.05919547763564564,
        "nauc_ndcg_at_1000_max": -0.07431694154475953,
        "nauc_ndcg_at_1000_std": -0.1317281370054476,
        "nauc_ndcg_at_100_diff1": 0.05911351081245433,
        "nauc_ndcg_at_100_max": -0.07180685308875957,
        "nauc_ndcg_at_100_std": -0.12879120983671696,
        "nauc_ndcg_at_10_diff1": 0.06139313122822279,
        "nauc_ndcg_at_10_max": -0.05386870462126732,
        "nauc_ndcg_at_10_std": -0.13330362831243753,
        "nauc_ndcg_at_1_diff1": 0.10497931688652787,
        "nauc_ndcg_at_1_max": -0.10453744126019728,
        "nauc_ndcg_at_1_std": -0.15349628135754756,
        "nauc_ndcg_at_20_diff1": 0.06024026004486766,
        "nauc_ndcg_at_20_max": -0.06282491051214864,
        "nauc_ndcg_at_20_std": -0.1283663001969589,
        "nauc_ndcg_at_3_diff1": 0.040473457588726565,
        "nauc_ndcg_at_3_max": -0.08354060796745179,
        "nauc_ndcg_at_3_std": -0.14223103807555013,
        "nauc_ndcg_at_5_diff1": 0.03624924156658234,
        "nauc_ndcg_at_5_max": -0.07376026006286171,
        "nauc_ndcg_at_5_std": -0.12969001707836406,
        "nauc_precision_at_1000_diff1": 0.2557034384258586,
        "nauc_precision_at_1000_max": 0.35105676367682465,
        "nauc_precision_at_1000_std": 0.8112932367779602,
        "nauc_precision_at_100_diff1": 0.12350322068228278,
        "nauc_precision_at_100_max": 0.3820729223396442,
        "nauc_precision_at_100_std": 0.5156588822432754,
        "nauc_precision_at_10_diff1": 0.0825265184766793,
        "nauc_precision_at_10_max": 0.1008981632434932,
        "nauc_precision_at_10_std": -0.0928767394964212,
        "nauc_precision_at_1_diff1": 0.10497931688652787,
        "nauc_precision_at_1_max": -0.10453744126019728,
        "nauc_precision_at_1_std": -0.15349628135754756,
        "nauc_precision_at_20_diff1": 0.09170424762311867,
        "nauc_precision_at_20_max": 0.1549824677563302,
        "nauc_precision_at_20_std": 0.009338309550783573,
        "nauc_precision_at_3_diff1": 0.0044343962192841336,
        "nauc_precision_at_3_max": -0.060392761279393685,
        "nauc_precision_at_3_std": -0.13295829502210996,
        "nauc_precision_at_5_diff1": -0.015014946107809757,
        "nauc_precision_at_5_max": -0.02936534437823305,
        "nauc_precision_at_5_std": -0.09475352672897959,
        "nauc_recall_at_1000_diff1": 0.25570343842584586,
        "nauc_recall_at_1000_max": 0.35105676367683664,
        "nauc_recall_at_1000_std": 0.8112932367779676,
        "nauc_recall_at_100_diff1": 0.123503220682281,
        "nauc_recall_at_100_max": 0.3820729223396473,
        "nauc_recall_at_100_std": 0.5156588822432795,
        "nauc_recall_at_10_diff1": 0.08252651847668006,
        "nauc_recall_at_10_max": 0.10089816324349374,
        "nauc_recall_at_10_std": -0.09287673949642082,
        "nauc_recall_at_1_diff1": 0.10497931688652787,
        "nauc_recall_at_1_max": -0.10453744126019728,
        "nauc_recall_at_1_std": -0.15349628135754756,
        "nauc_recall_at_20_diff1": 0.09170424762312168,
        "nauc_recall_at_20_max": 0.15498246775633318,
        "nauc_recall_at_20_std": 0.009338309550786652,
        "nauc_recall_at_3_diff1": 0.004434396219284039,
        "nauc_recall_at_3_max": -0.06039276127939428,
        "nauc_recall_at_3_std": -0.1329582950221101,
        "nauc_recall_at_5_diff1": -0.015014946107808997,
        "nauc_recall_at_5_max": -0.02936534437823286,
        "nauc_recall_at_5_std": -0.09475352672897872,
        "ndcg_at_1": 0.26885,
        "ndcg_at_10": 0.52179,
        "ndcg_at_100": 0.56198,
        "ndcg_at_1000": 0.56328,
        "ndcg_at_20": 0.54811,
        "ndcg_at_3": 0.41748,
        "ndcg_at_5": 0.47086,
        "precision_at_1": 0.26885,
        "precision_at_10": 0.08137,
        "precision_at_100": 0.00986,
        "precision_at_1000": 0.001,
        "precision_at_20": 0.04577,
        "precision_at_3": 0.17591,
        "precision_at_5": 0.13144,
        "recall_at_1": 0.26885,
        "recall_at_10": 0.81366,
        "recall_at_100": 0.98578,
        "recall_at_1000": 0.99573,
        "recall_at_20": 0.91536,
        "recall_at_3": 0.52774,
        "recall_at_5": 0.65718
      }
    ]
  },
  "task_name": "ArguAna"
}