{
  "dataset_revision": "2000358ca161889fa9c082cb41daa8dcfb161a54",
  "evaluation_time": 38.722578048706055,
  "kg_co2_emissions": null,
  "mteb_version": "1.13.1",
  "scores": {
    "test": [
      {
        "hf_subset": "default",
        "languages": [
          "eng-Latn"
        ],
        "main_score": 0.6101063736060007,
        "map": 0.6101063736060007,
        "mrr": 0.7544585147078222,
        "nAUC_map_diff1": 0.053688897349343095,
        "nAUC_map_max": 0.23659535687739675,
        "nAUC_map_std": 0.14841611277932898,
        "nAUC_mrr_diff1": 0.15002324213112458,
        "nAUC_mrr_max": 0.3408195015505119,
        "nAUC_mrr_std": 0.22930781370627734
      }
    ]
  },
  "task_name": "AskUbuntuDupQuestions"
}