{
  "dataset_revision": "d3fb88f8f02e40887cd149695127462bbcf29b4a",
  "evaluation_time": 41.64617729187012,
  "kg_co2_emissions": null,
  "mteb_version": "1.13.1",
  "scores": {
    "test": [
      {
        "cosine_pearson": 0.9006508801958014,
        "cosine_spearman": 0.8873334715071433,
        "euclidean_pearson": 0.867243039599067,
        "euclidean_spearman": 0.878827253590812,
        "hf_subset": "default",
        "languages": [
          "eng-Latn"
        ],
        "main_score": 0.8873334715071433,
        "manhattan_pearson": 0.8648051903286784,
        "manhattan_spearman": 0.8758994760360408,
        "pearson": 0.9006508801958014,
        "spearman": 0.8873334715071433
      }
    ]
  },
  "task_name": "BIOSSES"
}