{
  "dataset_revision": "90fceea13679c63fe563ded68f3b6f06e50061de",
  "evaluation_time": 66.13233041763306,
  "kg_co2_emissions": null,
  "mteb_version": "1.13.1",
  "scores": {
    "test": [
      {
        "hf_subset": "default",
        "languages": [
          "eng-Latn"
        ],
        "main_score": 0.29086,
        "map_at_1": 0.15932,
        "map_at_10": 0.23905,
        "map_at_100": 0.2496,
        "map_at_1000": 0.25086,
        "map_at_20": 0.24475,
        "map_at_3": 0.21414,
        "map_at_5": 0.22706,
        "mrr_at_1": 0.2027363184079602,
        "mrr_at_10": 0.2851940693358604,
        "mrr_at_100": 0.29408904335542985,
        "mrr_at_1000": 0.29487399515478235,
        "mrr_at_20": 0.29060504569954226,
        "mrr_at_3": 0.25912106135986734,
        "mrr_at_5": 0.27255389718076284,
        "nauc_map_at_1000_diff1": 0.356106899416066,
        "nauc_map_at_1000_max": 0.2640000196138099,
        "nauc_map_at_1000_std": -0.05808619379075534,
        "nauc_map_at_100_diff1": 0.3561126647062344,
        "nauc_map_at_100_max": 0.26429295858231533,
        "nauc_map_at_100_std": -0.05779697123955103,
        "nauc_map_at_10_diff1": 0.3586313257529499,
        "nauc_map_at_10_max": 0.26183271538776876,
        "nauc_map_at_10_std": -0.06535764227428197,
        "nauc_map_at_1_diff1": 0.429646906345286,
        "nauc_map_at_1_max": 0.24077808833959807,
        "nauc_map_at_1_std": -0.09161803978642612,
        "nauc_map_at_20_diff1": 0.35767426972233124,
        "nauc_map_at_20_max": 0.2635462513730506,
        "nauc_map_at_20_std": -0.061876617870582906,
        "nauc_map_at_3_diff1": 0.3639573609546257,
        "nauc_map_at_3_max": 0.26332939277864403,
        "nauc_map_at_3_std": -0.0685364906350328,
        "nauc_map_at_5_diff1": 0.3608402988278146,
        "nauc_map_at_5_max": 0.2591838991682856,
        "nauc_map_at_5_std": -0.07562029945099862,
        "nauc_mrr_at_1000_diff1": 0.34865799665949154,
        "nauc_mrr_at_1000_max": 0.2726112454295645,
        "nauc_mrr_at_1000_std": -0.06449643866451321,
        "nauc_mrr_at_100_diff1": 0.34845730522361124,
        "nauc_mrr_at_100_max": 0.27280470680981656,
        "nauc_mrr_at_100_std": -0.06422774073654204,
        "nauc_mrr_at_10_diff1": 0.3481415617644658,
        "nauc_mrr_at_10_max": 0.2707548549709436,
        "nauc_mrr_at_10_std": -0.06771388887693076,
        "nauc_mrr_at_1_diff1": 0.41582277189446876,
        "nauc_mrr_at_1_max": 0.2586098074892865,
        "nauc_mrr_at_1_std": -0.09857114546931448,
        "nauc_mrr_at_20_diff1": 0.348006087549778,
        "nauc_mrr_at_20_max": 0.27222517009952646,
        "nauc_mrr_at_20_std": -0.06608891421201135,
        "nauc_mrr_at_3_diff1": 0.35977401138139464,
        "nauc_mrr_at_3_max": 0.27353716377633736,
        "nauc_mrr_at_3_std": -0.07455982683955935,
        "nauc_mrr_at_5_diff1": 0.35158155551655224,
        "nauc_mrr_at_5_max": 0.27057371847263356,
        "nauc_mrr_at_5_std": -0.07370179606706069,
        "nauc_ndcg_at_1000_diff1": 0.32316294202626583,
        "nauc_ndcg_at_1000_max": 0.2743561037929234,
        "nauc_ndcg_at_1000_std": -0.025752436470456223,
        "nauc_ndcg_at_100_diff1": 0.3223520217895771,
        "nauc_ndcg_at_100_max": 0.27938813595563033,
        "nauc_ndcg_at_100_std": -0.021086812609276178,
        "nauc_ndcg_at_10_diff1": 0.33236298415878424,
        "nauc_ndcg_at_10_max": 0.2693983202710895,
        "nauc_ndcg_at_10_std": -0.050527293296567875,
        "nauc_ndcg_at_1_diff1": 0.41582277189446876,
        "nauc_ndcg_at_1_max": 0.2586098074892865,
        "nauc_ndcg_at_1_std": -0.09857114546931448,
        "nauc_ndcg_at_20_diff1": 0.3300919937084112,
        "nauc_ndcg_at_20_max": 0.27375331580120016,
        "nauc_ndcg_at_20_std": -0.04141144019947169,
        "nauc_ndcg_at_3_diff1": 0.3506724706507391,
        "nauc_ndcg_at_3_max": 0.2779712902497973,
        "nauc_ndcg_at_3_std": -0.06520966049449527,
        "nauc_ndcg_at_5_diff1": 0.3397402670007882,
        "nauc_ndcg_at_5_max": 0.2662696959951539,
        "nauc_ndcg_at_5_std": -0.07181066274320143,
        "nauc_precision_at_1000_diff1": -0.012632676084867357,
        "nauc_precision_at_1000_max": 0.03190247814402352,
        "nauc_precision_at_1000_std": 0.0017530432388312058,
        "nauc_precision_at_100_diff1": 0.05490812790334192,
        "nauc_precision_at_100_max": 0.17055900890120204,
        "nauc_precision_at_100_std": 0.0700641535694667,
        "nauc_precision_at_10_diff1": 0.20764562165600334,
        "nauc_precision_at_10_max": 0.2691294477478545,
        "nauc_precision_at_10_std": -0.00562496949398479,
        "nauc_precision_at_1_diff1": 0.41582277189446876,
        "nauc_precision_at_1_max": 0.2586098074892865,
        "nauc_precision_at_1_std": -0.09857114546931448,
        "nauc_precision_at_20_diff1": 0.17169239962995383,
        "nauc_precision_at_20_max": 0.2514198005099683,
        "nauc_precision_at_20_std": 0.019055911910160435,
        "nauc_precision_at_3_diff1": 0.27808151172270745,
        "nauc_precision_at_3_max": 0.2912074569649203,
        "nauc_precision_at_3_std": -0.04874160733501991,
        "nauc_precision_at_5_diff1": 0.24811295338445868,
        "nauc_precision_at_5_max": 0.27082437784173435,
        "nauc_precision_at_5_std": -0.05603787786519088,
        "nauc_recall_at_1000_diff1": 0.1142384281647169,
        "nauc_recall_at_1000_max": 0.2889414999699707,
        "nauc_recall_at_1000_std": 0.23423628022296802,
        "nauc_recall_at_100_diff1": 0.2044159976878134,
        "nauc_recall_at_100_max": 0.30129916588534916,
        "nauc_recall_at_100_std": 0.12452058004259375,
        "nauc_recall_at_10_diff1": 0.25979760886848347,
        "nauc_recall_at_10_max": 0.2576017547580789,
        "nauc_recall_at_10_std": -0.01293506153998644,
        "nauc_recall_at_1_diff1": 0.429646906345286,
        "nauc_recall_at_1_max": 0.24077808833959807,
        "nauc_recall_at_1_std": -0.09161803978642612,
        "nauc_recall_at_20_diff1": 0.24794919178676586,
        "nauc_recall_at_20_max": 0.2659754043819832,
        "nauc_recall_at_20_std": 0.016504656447665328,
        "nauc_recall_at_3_diff1": 0.29338620615805033,
        "nauc_recall_at_3_max": 0.27518009105391356,
        "nauc_recall_at_3_std": -0.04554829272810958,
        "nauc_recall_at_5_diff1": 0.2772776102484866,
        "nauc_recall_at_5_max": 0.2515578715785032,
        "nauc_recall_at_5_std": -0.06631044524916659,
        "ndcg_at_1": 0.20274,
        "ndcg_at_10": 0.29086,
        "ndcg_at_100": 0.34377,
        "ndcg_at_1000": 0.37356,
        "ndcg_at_20": 0.31101,
        "ndcg_at_3": 0.24484,
        "ndcg_at_5": 0.26379,
        "precision_at_1": 0.20274,
        "precision_at_10": 0.05522,
        "precision_at_100": 0.00944,
        "precision_at_1000": 0.00133,
        "precision_at_20": 0.03296,
        "precision_at_3": 0.12148,
        "precision_at_5": 0.08756,
        "recall_at_1": 0.15932,
        "recall_at_10": 0.40466,
        "recall_at_100": 0.63948,
        "recall_at_1000": 0.85207,
        "recall_at_20": 0.4796,
        "recall_at_3": 0.27626,
        "recall_at_5": 0.32495
      }
    ]
  },
  "task_name": "CQADupstackMathematicaRetrieval"
}