{
  "dataset_revision": "5003b3064772da1887988e05400cf3806fe491f2",
  "evaluation_time": 40.73588275909424,
  "kg_co2_emissions": null,
  "mteb_version": "1.13.1",
  "scores": {
    "test": [
      {
        "hf_subset": "default",
        "languages": [
          "eng-Latn"
        ],
        "main_score": 0.39441,
        "map_at_1": 0.26611,
        "map_at_10": 0.34793,
        "map_at_100": 0.35759,
        "map_at_1000": 0.35838,
        "map_at_20": 0.35326,
        "map_at_3": 0.32358,
        "map_at_5": 0.33689,
        "mrr_at_1": 0.28926553672316385,
        "mrr_at_10": 0.36899919289749794,
        "mrr_at_100": 0.3775559533729316,
        "mrr_at_1000": 0.378160057071971,
        "mrr_at_20": 0.3737252343197665,
        "mrr_at_3": 0.3461393596986817,
        "mrr_at_5": 0.3584557438794727,
        "nauc_map_at_1000_diff1": 0.4659093899877759,
        "nauc_map_at_1000_max": 0.39691358982288133,
        "nauc_map_at_1000_std": -0.03195755027359889,
        "nauc_map_at_100_diff1": 0.46560652682347836,
        "nauc_map_at_100_max": 0.3965350698723144,
        "nauc_map_at_100_std": -0.03226873355924824,
        "nauc_map_at_10_diff1": 0.4683401758862556,
        "nauc_map_at_10_max": 0.3973887518963365,
        "nauc_map_at_10_std": -0.03371483799481793,
        "nauc_map_at_1_diff1": 0.5254707455577482,
        "nauc_map_at_1_max": 0.37191514421193506,
        "nauc_map_at_1_std": -0.10162928165199282,
        "nauc_map_at_20_diff1": 0.4661330190530907,
        "nauc_map_at_20_max": 0.3971238654592116,
        "nauc_map_at_20_std": -0.03133142377060346,
        "nauc_map_at_3_diff1": 0.4793348835289697,
        "nauc_map_at_3_max": 0.39423711460909205,
        "nauc_map_at_3_std": -0.047240584791916486,
        "nauc_map_at_5_diff1": 0.47178107008945236,
        "nauc_map_at_5_max": 0.39818705923242215,
        "nauc_map_at_5_std": -0.03726718138102366,
        "nauc_mrr_at_1000_diff1": 0.457050811009354,
        "nauc_mrr_at_1000_max": 0.4111342216006134,
        "nauc_mrr_at_1000_std": -0.010234026206097601,
        "nauc_mrr_at_100_diff1": 0.45679539089667565,
        "nauc_mrr_at_100_max": 0.4108492849277231,
        "nauc_mrr_at_100_std": -0.010429951064058527,
        "nauc_mrr_at_10_diff1": 0.4595137361216246,
        "nauc_mrr_at_10_max": 0.4130932695165004,
        "nauc_mrr_at_10_std": -0.010794057979361706,
        "nauc_mrr_at_1_diff1": 0.5070332582225898,
        "nauc_mrr_at_1_max": 0.40110130955550216,
        "nauc_mrr_at_1_std": -0.07041496386314693,
        "nauc_mrr_at_20_diff1": 0.4568684244439541,
        "nauc_mrr_at_20_max": 0.41189025438349136,
        "nauc_mrr_at_20_std": -0.009261265245477206,
        "nauc_mrr_at_3_diff1": 0.46777520291067254,
        "nauc_mrr_at_3_max": 0.41467449522947386,
        "nauc_mrr_at_3_std": -0.02015389241507297,
        "nauc_mrr_at_5_diff1": 0.46227353530389687,
        "nauc_mrr_at_5_max": 0.4158100874980162,
        "nauc_mrr_at_5_std": -0.012737492116389484,
        "nauc_ndcg_at_1000_diff1": 0.4385749861814055,
        "nauc_ndcg_at_1000_max": 0.4040245382034661,
        "nauc_ndcg_at_1000_std": 0.004046597476261286,
        "nauc_ndcg_at_100_diff1": 0.4316446634383157,
        "nauc_ndcg_at_100_max": 0.3943169975948664,
        "nauc_ndcg_at_100_std": 0.0004932794874175414,
        "nauc_ndcg_at_10_diff1": 0.44206115535101825,
        "nauc_ndcg_at_10_max": 0.4023674716542319,
        "nauc_ndcg_at_10_std": -0.0009940259260294811,
        "nauc_ndcg_at_1_diff1": 0.5070332582225898,
        "nauc_ndcg_at_1_max": 0.40110130955550216,
        "nauc_ndcg_at_1_std": -0.07041496386314693,
        "nauc_ndcg_at_20_diff1": 0.4333216099313699,
        "nauc_ndcg_at_20_max": 0.40013076107400497,
        "nauc_ndcg_at_20_std": 0.006121485840911838,
        "nauc_ndcg_at_3_diff1": 0.46312104431184536,
        "nauc_ndcg_at_3_max": 0.4035826010677257,
        "nauc_ndcg_at_3_std": -0.025804234796281394,
        "nauc_ndcg_at_5_diff1": 0.45035724053319753,
        "nauc_ndcg_at_5_max": 0.4067007138522197,
        "nauc_ndcg_at_5_std": -0.009838664892663732,
        "nauc_precision_at_1000_diff1": 0.028547428471623604,
        "nauc_precision_at_1000_max": 0.2306156772354415,
        "nauc_precision_at_1000_std": 0.1313174294901747,
        "nauc_precision_at_100_diff1": 0.14877579893755044,
        "nauc_precision_at_100_max": 0.3069233473500497,
        "nauc_precision_at_100_std": 0.11228271167879783,
        "nauc_precision_at_10_diff1": 0.31786076782482353,
        "nauc_precision_at_10_max": 0.43760249816518065,
        "nauc_precision_at_10_std": 0.10184907526732179,
        "nauc_precision_at_1_diff1": 0.5070332582225898,
        "nauc_precision_at_1_max": 0.40110130955550216,
        "nauc_precision_at_1_std": -0.07041496386314693,
        "nauc_precision_at_20_diff1": 0.25975160309919454,
        "nauc_precision_at_20_max": 0.4137801475686111,
        "nauc_precision_at_20_std": 0.12755496898741484,
        "nauc_precision_at_3_diff1": 0.39683027468365767,
        "nauc_precision_at_3_max": 0.4485402738342292,
        "nauc_precision_at_3_std": 0.03865400218083098,
        "nauc_precision_at_5_diff1": 0.3527297697527799,
        "nauc_precision_at_5_max": 0.4484042567006065,
        "nauc_precision_at_5_std": 0.07308424185935207,
        "nauc_recall_at_1000_diff1": 0.20711181065000284,
        "nauc_recall_at_1000_max": 0.44162925842778944,
        "nauc_recall_at_1000_std": 0.29381937116320955,
        "nauc_recall_at_100_diff1": 0.25471958551732765,
        "nauc_recall_at_100_max": 0.31181291669551564,
        "nauc_recall_at_100_std": 0.10798476086724353,
        "nauc_recall_at_10_diff1": 0.35212916443933867,
        "nauc_recall_at_10_max": 0.379686237951895,
        "nauc_recall_at_10_std": 0.07487392761760094,
        "nauc_recall_at_1_diff1": 0.5254707455577482,
        "nauc_recall_at_1_max": 0.37191514421193506,
        "nauc_recall_at_1_std": -0.10162928165199282,
        "nauc_recall_at_20_diff1": 0.3099535064614893,
        "nauc_recall_at_20_max": 0.3671926123902843,
        "nauc_recall_at_20_std": 0.10724417131186313,
        "nauc_recall_at_3_diff1": 0.4180849063714565,
        "nauc_recall_at_3_max": 0.3937950249819182,
        "nauc_recall_at_3_std": 0.013836161355171595,
        "nauc_recall_at_5_diff1": 0.3838317327471867,
        "nauc_recall_at_5_max": 0.3997971878341332,
        "nauc_recall_at_5_std": 0.0469087036947275,
        "ndcg_at_1": 0.28927,
        "ndcg_at_10": 0.39441,
        "ndcg_at_100": 0.44337,
        "ndcg_at_1000": 0.46403,
        "ndcg_at_20": 0.41269,
        "ndcg_at_3": 0.34714,
        "ndcg_at_5": 0.36932,
        "precision_at_1": 0.28927,
        "precision_at_10": 0.05887,
        "precision_at_100": 0.00873,
        "precision_at_1000": 0.00109,
        "precision_at_20": 0.03362,
        "precision_at_3": 0.14463,
        "precision_at_5": 0.10011,
        "recall_at_1": 0.26611,
        "recall_at_10": 0.51825,
        "recall_at_100": 0.74709,
        "recall_at_1000": 0.90235,
        "recall_at_20": 0.58701,
        "recall_at_3": 0.39061,
        "recall_at_5": 0.44361
      }
    ]
  },
  "task_name": "CQADupstackGisRetrieval"
}