{
  "dataset_revision": "46989137a86843e03a6195de44b09deda022eec7",
  "evaluation_time": 56.41794753074646,
  "kg_co2_emissions": null,
  "mteb_version": "1.13.1",
  "scores": {
    "test": [
      {
        "hf_subset": "default",
        "languages": [
          "eng-Latn"
        ],
        "main_score": 0.29264,
        "map_at_1": 0.17777,
        "map_at_10": 0.24892,
        "map_at_100": 0.25887,
        "map_at_1000": 0.26013,
        "map_at_20": 0.25406,
        "map_at_3": 0.22798,
        "map_at_5": 0.23998,
        "mrr_at_1": 0.21369580178940123,
        "mrr_at_10": 0.28666074023093985,
        "mrr_at_100": 0.29503561457336,
        "mrr_at_1000": 0.295860396279944,
        "mrr_at_20": 0.29108579824958236,
        "mrr_at_3": 0.2664601972929571,
        "mrr_at_5": 0.278177334250975,
        "nauc_map_at_1000_diff1": 0.3908472942406432,
        "nauc_map_at_1000_max": 0.29825672254411467,
        "nauc_map_at_1000_std": -0.026085547163725315,
        "nauc_map_at_100_diff1": 0.39064931021578847,
        "nauc_map_at_100_max": 0.297918341485464,
        "nauc_map_at_100_std": -0.02635558798008725,
        "nauc_map_at_10_diff1": 0.394720328647427,
        "nauc_map_at_10_max": 0.2966854419709136,
        "nauc_map_at_10_std": -0.03205343553618644,
        "nauc_map_at_1_diff1": 0.45685226986354066,
        "nauc_map_at_1_max": 0.3023360250882188,
        "nauc_map_at_1_std": -0.032904928511478415,
        "nauc_map_at_20_diff1": 0.39220741224998623,
        "nauc_map_at_20_max": 0.2964187074136956,
        "nauc_map_at_20_std": -0.02906116106392824,
        "nauc_map_at_3_diff1": 0.4109616958094032,
        "nauc_map_at_3_max": 0.29564485741545565,
        "nauc_map_at_3_std": -0.040070874421494734,
        "nauc_map_at_5_diff1": 0.39918475326768277,
        "nauc_map_at_5_max": 0.29325950664807465,
        "nauc_map_at_5_std": -0.03772786590077609,
        "nauc_mrr_at_1000_diff1": 0.3851404494692428,
        "nauc_mrr_at_1000_max": 0.31351733457119013,
        "nauc_mrr_at_1000_std": -0.01789381993566718,
        "nauc_mrr_at_100_diff1": 0.38497017971718633,
        "nauc_mrr_at_100_max": 0.31352797276042504,
        "nauc_mrr_at_100_std": -0.017912844822206495,
        "nauc_mrr_at_10_diff1": 0.3878284596246269,
        "nauc_mrr_at_10_max": 0.31342564234520187,
        "nauc_mrr_at_10_std": -0.022551015494236604,
        "nauc_mrr_at_1_diff1": 0.44406499178014736,
        "nauc_mrr_at_1_max": 0.32221588332317785,
        "nauc_mrr_at_1_std": -0.02669056624972548,
        "nauc_mrr_at_20_diff1": 0.38581727193269927,
        "nauc_mrr_at_20_max": 0.3128782871293092,
        "nauc_mrr_at_20_std": -0.020093778359455333,
        "nauc_mrr_at_3_diff1": 0.40098037244374424,
        "nauc_mrr_at_3_max": 0.31546701413643025,
        "nauc_mrr_at_3_std": -0.02760845688014403,
        "nauc_mrr_at_5_diff1": 0.3906282938263235,
        "nauc_mrr_at_5_max": 0.3114709939937866,
        "nauc_mrr_at_5_std": -0.025695275645317612,
        "nauc_ndcg_at_1000_diff1": 0.3556556702302912,
        "nauc_ndcg_at_1000_max": 0.30865218763430846,
        "nauc_ndcg_at_1000_std": 0.00950343456959235,
        "nauc_ndcg_at_100_diff1": 0.3513277996089916,
        "nauc_ndcg_at_100_max": 0.3033069624444158,
        "nauc_ndcg_at_100_std": 0.005182618769168694,
        "nauc_ndcg_at_10_diff1": 0.3692161233236275,
        "nauc_ndcg_at_10_max": 0.2997636297602884,
        "nauc_ndcg_at_10_std": -0.022568051962478554,
        "nauc_ndcg_at_1_diff1": 0.4411705321168001,
        "nauc_ndcg_at_1_max": 0.3218063616225766,
        "nauc_ndcg_at_1_std": -0.027614898128248834,
        "nauc_ndcg_at_20_diff1": 0.36214072532837577,
        "nauc_ndcg_at_20_max": 0.29791937407114333,
        "nauc_ndcg_at_20_std": -0.013126653770553293,
        "nauc_ndcg_at_3_diff1": 0.3964485567841491,
        "nauc_ndcg_at_3_max": 0.3018923727698829,
        "nauc_ndcg_at_3_std": -0.037834945955881986,
        "nauc_ndcg_at_5_diff1": 0.3773928482596864,
        "nauc_ndcg_at_5_max": 0.29468648157730526,
        "nauc_ndcg_at_5_std": -0.033758994966194035,
        "nauc_precision_at_1000_diff1": 0.043169880100192966,
        "nauc_precision_at_1000_max": 0.22198226370486282,
        "nauc_precision_at_1000_std": 0.10638005420230794,
        "nauc_precision_at_100_diff1": 0.09685327317951083,
        "nauc_precision_at_100_max": 0.2583156367287456,
        "nauc_precision_at_100_std": 0.10392408760235833,
        "nauc_precision_at_10_diff1": 0.23632696092240438,
        "nauc_precision_at_10_max": 0.29651380829788593,
        "nauc_precision_at_10_std": 0.014950442677670569,
        "nauc_precision_at_1_diff1": 0.4411705321168001,
        "nauc_precision_at_1_max": 0.3218063616225766,
        "nauc_precision_at_1_std": -0.027614898128248834,
        "nauc_precision_at_20_diff1": 0.19183848071487986,
        "nauc_precision_at_20_max": 0.2775919733030967,
        "nauc_precision_at_20_std": 0.04241944379636428,
        "nauc_precision_at_3_diff1": 0.3363033528454033,
        "nauc_precision_at_3_max": 0.30739576920475814,
        "nauc_precision_at_3_std": -0.02949853616059069,
        "nauc_precision_at_5_diff1": 0.2758065271730623,
        "nauc_precision_at_5_max": 0.2933184579862579,
        "nauc_precision_at_5_std": -0.015739376866897543,
        "nauc_recall_at_1000_diff1": 0.14086507925605601,
        "nauc_recall_at_1000_max": 0.33359132986861983,
        "nauc_recall_at_1000_std": 0.2664551949919784,
        "nauc_recall_at_100_diff1": 0.19932306927369411,
        "nauc_recall_at_100_max": 0.2801195228146494,
        "nauc_recall_at_100_std": 0.1221335794368592,
        "nauc_recall_at_10_diff1": 0.29186938250954075,
        "nauc_recall_at_10_max": 0.26986788366363884,
        "nauc_recall_at_10_std": -0.005679709542370744,
        "nauc_recall_at_1_diff1": 0.45685226986354066,
        "nauc_recall_at_1_max": 0.3023360250882188,
        "nauc_recall_at_1_std": -0.032904928511478415,
        "nauc_recall_at_20_diff1": 0.26384279959562723,
        "nauc_recall_at_20_max": 0.2599270245854248,
        "nauc_recall_at_20_std": 0.025637870127188177,
        "nauc_recall_at_3_diff1": 0.35570034263437467,
        "nauc_recall_at_3_max": 0.2740984723269988,
        "nauc_recall_at_3_std": -0.038802169311920744,
        "nauc_recall_at_5_diff1": 0.3144721586360549,
        "nauc_recall_at_5_max": 0.25701809751157334,
        "nauc_recall_at_5_std": -0.03170628377085856,
        "ndcg_at_1": 0.21438,
        "ndcg_at_10": 0.29264,
        "ndcg_at_100": 0.34053,
        "ndcg_at_1000": 0.37105,
        "ndcg_at_20": 0.30942,
        "ndcg_at_3": 0.25543,
        "ndcg_at_5": 0.27357,
        "precision_at_1": 0.21438,
        "precision_at_10": 0.05189,
        "precision_at_100": 0.00898,
        "precision_at_1000": 0.00133,
        "precision_at_20": 0.03113,
        "precision_at_3": 0.11975,
        "precision_at_5": 0.08582,
        "recall_at_1": 0.17777,
        "recall_at_10": 0.38527,
        "recall_at_100": 0.6009,
        "recall_at_1000": 0.82055,
        "recall_at_20": 0.44727,
        "recall_at_3": 0.28225,
        "recall_at_5": 0.32898
      }
    ]
  },
  "task_name": "CQADupstackTexRetrieval"
}