{
  "dataset_revision": "ad9991cb51e31e31e430383c75ffb2885547b5f0",
  "evaluation_time": 41.02415728569031,
  "kg_co2_emissions": null,
  "mteb_version": "1.13.1",
  "scores": {
    "test": [
      {
        "hf_subset": "default",
        "languages": [
          "eng-Latn"
        ],
        "main_score": 0.49114,
        "map_at_1": 0.33125,
        "map_at_10": 0.43409,
        "map_at_100": 0.44594,
        "map_at_1000": 0.44714,
        "map_at_20": 0.44049,
        "map_at_3": 0.40214,
        "map_at_5": 0.41973,
        "mrr_at_1": 0.4229299363057325,
        "mrr_at_10": 0.4991901728844404,
        "mrr_at_100": 0.5052356160326547,
        "mrr_at_1000": 0.5056238534402948,
        "mrr_at_20": 0.5030747795294196,
        "mrr_at_3": 0.4772823779193206,
        "mrr_at_5": 0.4893205944798302,
        "nauc_map_at_1000_diff1": 0.5192831813501609,
        "nauc_map_at_1000_max": 0.4920621834109912,
        "nauc_map_at_1000_std": -0.06025635636138915,
        "nauc_map_at_100_diff1": 0.5195768321697042,
        "nauc_map_at_100_max": 0.49133190184903125,
        "nauc_map_at_100_std": -0.06174043373218607,
        "nauc_map_at_10_diff1": 0.5247025113032516,
        "nauc_map_at_10_max": 0.4835964302436001,
        "nauc_map_at_10_std": -0.07782354742011993,
        "nauc_map_at_1_diff1": 0.5731636556448239,
        "nauc_map_at_1_max": 0.4240545702744157,
        "nauc_map_at_1_std": -0.12087926807403135,
        "nauc_map_at_20_diff1": 0.5209352402985465,
        "nauc_map_at_20_max": 0.4855919750997104,
        "nauc_map_at_20_std": -0.07078109889428942,
        "nauc_map_at_3_diff1": 0.5370011446728133,
        "nauc_map_at_3_max": 0.4669590020687351,
        "nauc_map_at_3_std": -0.09884819706911276,
        "nauc_map_at_5_diff1": 0.5307179462718616,
        "nauc_map_at_5_max": 0.47889206474848195,
        "nauc_map_at_5_std": -0.08423788520283546,
        "nauc_mrr_at_1000_diff1": 0.5063997699428109,
        "nauc_mrr_at_1000_max": 0.5286928500531529,
        "nauc_mrr_at_1000_std": 0.004590583040006091,
        "nauc_mrr_at_100_diff1": 0.5063681639711021,
        "nauc_mrr_at_100_max": 0.5287530506539866,
        "nauc_mrr_at_100_std": 0.004709183922664113,
        "nauc_mrr_at_10_diff1": 0.5074861496472497,
        "nauc_mrr_at_10_max": 0.528701559308657,
        "nauc_mrr_at_10_std": 0.001612040608466281,
        "nauc_mrr_at_1_diff1": 0.5414194435537986,
        "nauc_mrr_at_1_max": 0.5225302204431339,
        "nauc_mrr_at_1_std": -0.021264217739243092,
        "nauc_mrr_at_20_diff1": 0.5063236063015947,
        "nauc_mrr_at_20_max": 0.5282744313184806,
        "nauc_mrr_at_20_std": 0.003201177965906359,
        "nauc_mrr_at_3_diff1": 0.5129827471572407,
        "nauc_mrr_at_3_max": 0.5304320188526394,
        "nauc_mrr_at_3_std": -0.003562525954148306,
        "nauc_mrr_at_5_diff1": 0.5091330624762366,
        "nauc_mrr_at_5_max": 0.5303776974290134,
        "nauc_mrr_at_5_std": 0.0018646830170980409,
        "nauc_ndcg_at_1000_diff1": 0.4932185250514708,
        "nauc_ndcg_at_1000_max": 0.511969429160892,
        "nauc_ndcg_at_1000_std": -0.002327709829782774,
        "nauc_ndcg_at_100_diff1": 0.4933749141463827,
        "nauc_ndcg_at_100_max": 0.5112210701690744,
        "nauc_ndcg_at_100_std": -0.008964356856980845,
        "nauc_ndcg_at_10_diff1": 0.5001883814655337,
        "nauc_ndcg_at_10_max": 0.5042254518913493,
        "nauc_ndcg_at_10_std": -0.04031972150133257,
        "nauc_ndcg_at_1_diff1": 0.5414194435537986,
        "nauc_ndcg_at_1_max": 0.5194156224072564,
        "nauc_ndcg_at_1_std": -0.023800355009635607,
        "nauc_ndcg_at_20_diff1": 0.4933239277874002,
        "nauc_ndcg_at_20_max": 0.5005115481684802,
        "nauc_ndcg_at_20_std": -0.03309948689774358,
        "nauc_ndcg_at_3_diff1": 0.5109545700874525,
        "nauc_ndcg_at_3_max": 0.5049784476503434,
        "nauc_ndcg_at_3_std": -0.042608608915480725,
        "nauc_ndcg_at_5_diff1": 0.506666118160686,
        "nauc_ndcg_at_5_max": 0.5094889557043999,
        "nauc_ndcg_at_5_std": -0.035924412058528844,
        "nauc_precision_at_1000_diff1": -0.14808386378212027,
        "nauc_precision_at_1000_max": 0.1623146466018875,
        "nauc_precision_at_1000_std": 0.36084341773343737,
        "nauc_precision_at_100_diff1": -0.10271636166801956,
        "nauc_precision_at_100_max": 0.28222758311993856,
        "nauc_precision_at_100_std": 0.38964566027522757,
        "nauc_precision_at_10_diff1": 0.08447308647563082,
        "nauc_precision_at_10_max": 0.4050832880502121,
        "nauc_precision_at_10_std": 0.23125969530270388,
        "nauc_precision_at_1_diff1": 0.5414194435537986,
        "nauc_precision_at_1_max": 0.5194156224072564,
        "nauc_precision_at_1_std": -0.023800355009635607,
        "nauc_precision_at_20_diff1": -0.00449244861247986,
        "nauc_precision_at_20_max": 0.3459660091321541,
        "nauc_precision_at_20_std": 0.2926699459299052,
        "nauc_precision_at_3_diff1": 0.2986371830166098,
        "nauc_precision_at_3_max": 0.493117016948347,
        "nauc_precision_at_3_std": 0.09527483525327493,
        "nauc_precision_at_5_diff1": 0.19729607427406345,
        "nauc_precision_at_5_max": 0.462405873589693,
        "nauc_precision_at_5_std": 0.16985361786075653,
        "nauc_recall_at_1000_diff1": 0.33163212694010163,
        "nauc_recall_at_1000_max": 0.5205920776130435,
        "nauc_recall_at_1000_std": 0.2923221945270312,
        "nauc_recall_at_100_diff1": 0.3722063917474931,
        "nauc_recall_at_100_max": 0.5021125727835067,
        "nauc_recall_at_100_std": 0.1334572784374,
        "nauc_recall_at_10_diff1": 0.4294185850153827,
        "nauc_recall_at_10_max": 0.45201406808195954,
        "nauc_recall_at_10_std": -0.053454163222280617,
        "nauc_recall_at_1_diff1": 0.5731636556448239,
        "nauc_recall_at_1_max": 0.4240545702744157,
        "nauc_recall_at_1_std": -0.12087926807403135,
        "nauc_recall_at_20_diff1": 0.3901898897309893,
        "nauc_recall_at_20_max": 0.4409095870231555,
        "nauc_recall_at_20_std": -0.0177352851066642,
        "nauc_recall_at_3_diff1": 0.4838872835669637,
        "nauc_recall_at_3_max": 0.44791066098158494,
        "nauc_recall_at_3_std": -0.0919696098092602,
        "nauc_recall_at_5_diff1": 0.4657252284618037,
        "nauc_recall_at_5_max": 0.4657909851950325,
        "nauc_recall_at_5_std": -0.057846112132792726,
        "ndcg_at_1": 0.42293,
        "ndcg_at_10": 0.49114,
        "ndcg_at_100": 0.5317,
        "ndcg_at_1000": 0.55021,
        "ndcg_at_20": 0.50706,
        "ndcg_at_3": 0.44811,
        "ndcg_at_5": 0.46745,
        "precision_at_1": 0.42293,
        "precision_at_10": 0.09191,
        "precision_at_100": 0.01427,
        "precision_at_1000": 0.00187,
        "precision_at_20": 0.0536,
        "precision_at_3": 0.21338,
        "precision_at_5": 0.15134,
        "recall_at_1": 0.33125,
        "recall_at_10": 0.58687,
        "recall_at_100": 0.75962,
        "recall_at_1000": 0.87523,
        "recall_at_20": 0.64512,
        "recall_at_3": 0.45821,
        "recall_at_5": 0.51297
      }
    ]
  },
  "task_name": "CQADupstackEnglishRetrieval"
}