{
  "dataset_revision": "4885aa143210c98657558c04aaf3dc47cfb54340",
  "evaluation_time": 123.34354996681213,
  "kg_co2_emissions": null,
  "mteb_version": "1.13.1",
  "scores": {
    "test": [
      {
        "hf_subset": "default",
        "languages": [
          "eng-Latn"
        ],
        "main_score": 0.61616,
        "map_at_1": 0.4418,
        "map_at_10": 0.5625,
        "map_at_100": 0.57253,
        "map_at_1000": 0.57301,
        "map_at_20": 0.56861,
        "map_at_3": 0.53118,
        "map_at_5": 0.55034,
        "mrr_at_1": 0.5021943573667712,
        "mrr_at_10": 0.595161715678957,
        "mrr_at_100": 0.6016756592740601,
        "mrr_at_1000": 0.6019068961205046,
        "mrr_at_20": 0.5992085551203877,
        "mrr_at_3": 0.573876698014629,
        "mrr_at_5": 0.5875757575757575,
        "nauc_map_at_1000_diff1": 0.5548611035415909,
        "nauc_map_at_1000_max": 0.47983900066444224,
        "nauc_map_at_1000_std": -0.08586001991174665,
        "nauc_map_at_100_diff1": 0.5545135392603651,
        "nauc_map_at_100_max": 0.4797415660104121,
        "nauc_map_at_100_std": -0.08584198953611243,
        "nauc_map_at_10_diff1": 0.5554632402947498,
        "nauc_map_at_10_max": 0.4738205633759793,
        "nauc_map_at_10_std": -0.09615507405441241,
        "nauc_map_at_1_diff1": 0.5852233344624944,
        "nauc_map_at_1_max": 0.39596315537313254,
        "nauc_map_at_1_std": -0.13102346466071485,
        "nauc_map_at_20_diff1": 0.5540219112928002,
        "nauc_map_at_20_max": 0.4781394108757064,
        "nauc_map_at_20_std": -0.08913969041415909,
        "nauc_map_at_3_diff1": 0.5657007652957791,
        "nauc_map_at_3_max": 0.45790074244288576,
        "nauc_map_at_3_std": -0.12197044802468393,
        "nauc_map_at_5_diff1": 0.5606943768065115,
        "nauc_map_at_5_max": 0.466028288791053,
        "nauc_map_at_5_std": -0.11166217662604402,
        "nauc_mrr_at_1000_diff1": 0.5519331364975896,
        "nauc_mrr_at_1000_max": 0.4919956858434739,
        "nauc_mrr_at_1000_std": -0.06476194828068431,
        "nauc_mrr_at_100_diff1": 0.5518492929904297,
        "nauc_mrr_at_100_max": 0.4920786894064014,
        "nauc_mrr_at_100_std": -0.0645487033881935,
        "nauc_mrr_at_10_diff1": 0.5512483605240566,
        "nauc_mrr_at_10_max": 0.49181659612170736,
        "nauc_mrr_at_10_std": -0.06694589917239879,
        "nauc_mrr_at_1_diff1": 0.5832585727516186,
        "nauc_mrr_at_1_max": 0.4684608471896176,
        "nauc_mrr_at_1_std": -0.08688683321491712,
        "nauc_mrr_at_20_diff1": 0.5508671968881573,
        "nauc_mrr_at_20_max": 0.4922197116104605,
        "nauc_mrr_at_20_std": -0.06518074087682803,
        "nauc_mrr_at_3_diff1": 0.5565516987270069,
        "nauc_mrr_at_3_max": 0.492766490551051,
        "nauc_mrr_at_3_std": -0.07425585833386088,
        "nauc_mrr_at_5_diff1": 0.5538922835649087,
        "nauc_mrr_at_5_max": 0.4890386791417766,
        "nauc_mrr_at_5_std": -0.07354501696116517,
        "nauc_ndcg_at_1000_diff1": 0.5450657424340479,
        "nauc_ndcg_at_1000_max": 0.49895459914295187,
        "nauc_ndcg_at_1000_std": -0.05124223677300307,
        "nauc_ndcg_at_100_diff1": 0.5395762502626138,
        "nauc_ndcg_at_100_max": 0.5018741180675524,
        "nauc_ndcg_at_100_std": -0.04228780832314986,
        "nauc_ndcg_at_10_diff1": 0.538904894812313,
        "nauc_ndcg_at_10_max": 0.4954125311906828,
        "nauc_ndcg_at_10_std": -0.06560996526220456,
        "nauc_ndcg_at_1_diff1": 0.5832585727516186,
        "nauc_ndcg_at_1_max": 0.4684608471896176,
        "nauc_ndcg_at_1_std": -0.08688683321491712,
        "nauc_ndcg_at_20_diff1": 0.5345832711957702,
        "nauc_ndcg_at_20_max": 0.5004034195578776,
        "nauc_ndcg_at_20_std": -0.052476343317214603,
        "nauc_ndcg_at_3_diff1": 0.5541020987720086,
        "nauc_ndcg_at_3_max": 0.4821641828079667,
        "nauc_ndcg_at_3_std": -0.0985887501852386,
        "nauc_ndcg_at_5_diff1": 0.5489408364092762,
        "nauc_ndcg_at_5_max": 0.48516571751503174,
        "nauc_ndcg_at_5_std": -0.09114569153387966,
        "nauc_precision_at_1000_diff1": -0.10535133714192847,
        "nauc_precision_at_1000_max": 0.1783644016560925,
        "nauc_precision_at_1000_std": 0.3179145018722554,
        "nauc_precision_at_100_diff1": -0.07481191038749732,
        "nauc_precision_at_100_max": 0.2620109695978309,
        "nauc_precision_at_100_std": 0.35479858567199535,
        "nauc_precision_at_10_diff1": 0.1057540617561203,
        "nauc_precision_at_10_max": 0.3848859017641069,
        "nauc_precision_at_10_std": 0.20405008304972547,
        "nauc_precision_at_1_diff1": 0.5832585727516186,
        "nauc_precision_at_1_max": 0.4684608471896176,
        "nauc_precision_at_1_std": -0.08688683321491712,
        "nauc_precision_at_20_diff1": 0.018786004433795033,
        "nauc_precision_at_20_max": 0.3568659518453903,
        "nauc_precision_at_20_std": 0.2803460322685916,
        "nauc_precision_at_3_diff1": 0.33307281337857736,
        "nauc_precision_at_3_max": 0.47059652438118577,
        "nauc_precision_at_3_std": 0.01945290976812964,
        "nauc_precision_at_5_diff1": 0.22281781937137302,
        "nauc_precision_at_5_max": 0.42107328450025544,
        "nauc_precision_at_5_std": 0.08954048439181564,
        "nauc_recall_at_1000_diff1": 0.4258326335629186,
        "nauc_recall_at_1000_max": 0.6194982421661175,
        "nauc_recall_at_1000_std": 0.353596867691778,
        "nauc_recall_at_100_diff1": 0.3913048248932841,
        "nauc_recall_at_100_max": 0.5943128655981005,
        "nauc_recall_at_100_std": 0.28923452557118307,
        "nauc_recall_at_10_diff1": 0.45420872276821717,
        "nauc_recall_at_10_max": 0.510484863226797,
        "nauc_recall_at_10_std": -0.00381786722600553,
        "nauc_recall_at_1_diff1": 0.5852233344624944,
        "nauc_recall_at_1_max": 0.39596315537313254,
        "nauc_recall_at_1_std": -0.13102346466071485,
        "nauc_recall_at_20_diff1": 0.41630843894819936,
        "nauc_recall_at_20_max": 0.5506075942780597,
        "nauc_recall_at_20_std": 0.08541558219053223,
        "nauc_recall_at_3_diff1": 0.5210316546342778,
        "nauc_recall_at_3_max": 0.47170095506205884,
        "nauc_recall_at_3_std": -0.10856575796968686,
        "nauc_recall_at_5_diff1": 0.49849194541144687,
        "nauc_recall_at_5_max": 0.4744151379361133,
        "nauc_recall_at_5_std": -0.08809460947886841,
        "ndcg_at_1": 0.50219,
        "ndcg_at_10": 0.61616,
        "ndcg_at_100": 0.65448,
        "ndcg_at_1000": 0.66437,
        "ndcg_at_20": 0.63321,
        "ndcg_at_3": 0.56648,
        "ndcg_at_5": 0.59335,
        "precision_at_1": 0.50219,
        "precision_at_10": 0.09643,
        "precision_at_100": 0.01245,
        "precision_at_1000": 0.00137,
        "precision_at_20": 0.05342,
        "precision_at_3": 0.24723,
        "precision_at_5": 0.17003,
        "recall_at_1": 0.4418,
        "recall_at_10": 0.74001,
        "recall_at_100": 0.90374,
        "recall_at_1000": 0.9746,
        "recall_at_20": 0.80264,
        "recall_at_3": 0.61057,
        "recall_at_5": 0.67478
      }
    ]
  },
  "task_name": "CQADupstackGamingRetrieval"
}