{
  "dataset_revision": "160c094312a0e1facb97e55eeddb698c0abe3571",
  "evaluation_time": 37.068803548812866,
  "kg_co2_emissions": null,
  "mteb_version": "1.13.1",
  "scores": {
    "test": [
      {
        "hf_subset": "default",
        "languages": [
          "eng-Latn"
        ],
        "main_score": 0.40642,
        "map_at_1": 0.26585,
        "map_at_10": 0.34975,
        "map_at_100": 0.3654,
        "map_at_1000": 0.36761,
        "map_at_20": 0.3574,
        "map_at_3": 0.32077,
        "map_at_5": 0.33486,
        "mrr_at_1": 0.3181818181818182,
        "mrr_at_10": 0.39229327435849176,
        "mrr_at_100": 0.40235319653979945,
        "mrr_at_1000": 0.4029155781834204,
        "mrr_at_20": 0.39825342438649936,
        "mrr_at_3": 0.3682476943346509,
        "mrr_at_5": 0.3801054018445323,
        "nauc_map_at_1000_diff1": 0.5656345726133949,
        "nauc_map_at_1000_max": 0.45515043303790964,
        "nauc_map_at_1000_std": 0.00895010984718181,
        "nauc_map_at_100_diff1": 0.5649171426148525,
        "nauc_map_at_100_max": 0.45579216937254713,
        "nauc_map_at_100_std": 0.008541160226067266,
        "nauc_map_at_10_diff1": 0.5702713866803147,
        "nauc_map_at_10_max": 0.45439367725548285,
        "nauc_map_at_10_std": -0.003614622738603937,
        "nauc_map_at_1_diff1": 0.6342409853099291,
        "nauc_map_at_1_max": 0.4493365735787464,
        "nauc_map_at_1_std": -0.04489631229370747,
        "nauc_map_at_20_diff1": 0.5661917065034363,
        "nauc_map_at_20_max": 0.4542397084355836,
        "nauc_map_at_20_std": 0.0007975144599427832,
        "nauc_map_at_3_diff1": 0.5781483816651091,
        "nauc_map_at_3_max": 0.4534559814920139,
        "nauc_map_at_3_std": -0.019281768299835175,
        "nauc_map_at_5_diff1": 0.5749796929076748,
        "nauc_map_at_5_max": 0.45535434844341527,
        "nauc_map_at_5_std": -0.008169303843387415,
        "nauc_mrr_at_1000_diff1": 0.5541848473296286,
        "nauc_mrr_at_1000_max": 0.46422254106134686,
        "nauc_mrr_at_1000_std": 0.009813235863850573,
        "nauc_mrr_at_100_diff1": 0.5537481205859086,
        "nauc_mrr_at_100_max": 0.4641953298887622,
        "nauc_mrr_at_100_std": 0.010126250066242773,
        "nauc_mrr_at_10_diff1": 0.5567249476972757,
        "nauc_mrr_at_10_max": 0.4646367478687701,
        "nauc_mrr_at_10_std": 0.00806941290651186,
        "nauc_mrr_at_1_diff1": 0.5994009442482493,
        "nauc_mrr_at_1_max": 0.47472930216791365,
        "nauc_mrr_at_1_std": -0.01816688954234314,
        "nauc_mrr_at_20_diff1": 0.553465024745475,
        "nauc_mrr_at_20_max": 0.4633600888357061,
        "nauc_mrr_at_20_std": 0.00833304269640626,
        "nauc_mrr_at_3_diff1": 0.5611405041839772,
        "nauc_mrr_at_3_max": 0.4688374531349803,
        "nauc_mrr_at_3_std": -0.004237544089018132,
        "nauc_mrr_at_5_diff1": 0.5586724388546969,
        "nauc_mrr_at_5_max": 0.467687584753983,
        "nauc_mrr_at_5_std": 0.005641163504773966,
        "nauc_ndcg_at_1000_diff1": 0.5423597324817353,
        "nauc_ndcg_at_1000_max": 0.4599409756243943,
        "nauc_ndcg_at_1000_std": 0.04269840351175871,
        "nauc_ndcg_at_100_diff1": 0.5302353832966004,
        "nauc_ndcg_at_100_max": 0.45425901112088324,
        "nauc_ndcg_at_100_std": 0.047723211278969314,
        "nauc_ndcg_at_10_diff1": 0.543182676835641,
        "nauc_ndcg_at_10_max": 0.44649304641361165,
        "nauc_ndcg_at_10_std": 0.022786893609060582,
        "nauc_ndcg_at_1_diff1": 0.5994009442482493,
        "nauc_ndcg_at_1_max": 0.47472930216791365,
        "nauc_ndcg_at_1_std": -0.01816688954234314,
        "nauc_ndcg_at_20_diff1": 0.531633416751773,
        "nauc_ndcg_at_20_max": 0.4441168414374178,
        "nauc_ndcg_at_20_std": 0.024165893423254904,
        "nauc_ndcg_at_3_diff1": 0.550455530873775,
        "nauc_ndcg_at_3_max": 0.4540982912460531,
        "nauc_ndcg_at_3_std": -0.0006807258569445392,
        "nauc_ndcg_at_5_diff1": 0.5513518979304757,
        "nauc_ndcg_at_5_max": 0.45199493223031134,
        "nauc_ndcg_at_5_std": 0.017027579052869675,
        "nauc_precision_at_1000_diff1": 0.006938673190012672,
        "nauc_precision_at_1000_max": -0.0500443602019222,
        "nauc_precision_at_1000_std": 0.16048390599423595,
        "nauc_precision_at_100_diff1": -0.007373169762774635,
        "nauc_precision_at_100_max": 0.048218996029026746,
        "nauc_precision_at_100_std": 0.1947484806243513,
        "nauc_precision_at_10_diff1": 0.21213767331796832,
        "nauc_precision_at_10_max": 0.2861229273914941,
        "nauc_precision_at_10_std": 0.13918198847742064,
        "nauc_precision_at_1_diff1": 0.5994009442482493,
        "nauc_precision_at_1_max": 0.47472930216791365,
        "nauc_precision_at_1_std": -0.01816688954234314,
        "nauc_precision_at_20_diff1": 0.11656807097127671,
        "nauc_precision_at_20_max": 0.20552038467839842,
        "nauc_precision_at_20_std": 0.16807745978042854,
        "nauc_precision_at_3_diff1": 0.38440159815125396,
        "nauc_precision_at_3_max": 0.4112754184286278,
        "nauc_precision_at_3_std": 0.05784979520153057,
        "nauc_precision_at_5_diff1": 0.31882926215759516,
        "nauc_precision_at_5_max": 0.3756155620080659,
        "nauc_precision_at_5_std": 0.11258500424530235,
        "nauc_recall_at_1000_diff1": 0.36800833269344563,
        "nauc_recall_at_1000_max": 0.48198573279175416,
        "nauc_recall_at_1000_std": 0.4443655191336647,
        "nauc_recall_at_100_diff1": 0.3009953771978167,
        "nauc_recall_at_100_max": 0.37786783130944457,
        "nauc_recall_at_100_std": 0.2633730402520061,
        "nauc_recall_at_10_diff1": 0.4599908942486638,
        "nauc_recall_at_10_max": 0.39504152854352387,
        "nauc_recall_at_10_std": 0.05809456984569653,
        "nauc_recall_at_1_diff1": 0.6342409853099291,
        "nauc_recall_at_1_max": 0.4493365735787464,
        "nauc_recall_at_1_std": -0.04489631229370747,
        "nauc_recall_at_20_diff1": 0.3932361093856124,
        "nauc_recall_at_20_max": 0.3691860552346948,
        "nauc_recall_at_20_std": 0.07054433437950852,
        "nauc_recall_at_3_diff1": 0.5092457278493469,
        "nauc_recall_at_3_max": 0.4204958217942395,
        "nauc_recall_at_3_std": -0.007795609844876451,
        "nauc_recall_at_5_diff1": 0.4951116885360928,
        "nauc_recall_at_5_max": 0.41377218753984374,
        "nauc_recall_at_5_std": 0.029590981884531648,
        "ndcg_at_1": 0.31818,
        "ndcg_at_10": 0.40642,
        "ndcg_at_100": 0.46425,
        "ndcg_at_1000": 0.48771,
        "ndcg_at_20": 0.42646,
        "ndcg_at_3": 0.35985,
        "ndcg_at_5": 0.3773,
        "precision_at_1": 0.31818,
        "precision_at_10": 0.07787,
        "precision_at_100": 0.01569,
        "precision_at_1000": 0.00238,
        "precision_at_20": 0.04951,
        "precision_at_3": 0.16733,
        "precision_at_5": 0.11897,
        "recall_at_1": 0.26585,
        "recall_at_10": 0.51139,
        "recall_at_100": 0.77516,
        "recall_at_1000": 0.9215,
        "recall_at_20": 0.58724,
        "recall_at_3": 0.3769,
        "recall_at_5": 0.42525
      }
    ]
  },
  "task_name": "CQADupstackWebmastersRetrieval"
}