{
  "dataset_revision": "6c6430d3a6d36f8d2a829195bc5dc94d7e063e53",
  "evaluation_time": 108.50819563865662,
  "kg_co2_emissions": null,
  "mteb_version": "1.13.1",
  "scores": {
    "test": [
      {
        "hf_subset": "default",
        "languages": [
          "eng-Latn"
        ],
        "main_score": 0.41614,
        "map_at_1": 0.28052,
        "map_at_10": 0.36374,
        "map_at_100": 0.37441,
        "map_at_1000": 0.37544,
        "map_at_20": 0.36948,
        "map_at_3": 0.33637,
        "map_at_5": 0.35106,
        "mrr_at_1": 0.33675373134328357,
        "mrr_at_10": 0.4107372364368633,
        "mrr_at_100": 0.4186002557693702,
        "mrr_at_1000": 0.41917705774275515,
        "mrr_at_20": 0.41514198897850735,
        "mrr_at_3": 0.38557213930348255,
        "mrr_at_5": 0.3990049751243781,
        "nauc_map_at_1000_diff1": 0.48488140125141743,
        "nauc_map_at_1000_max": 0.4906774371351149,
        "nauc_map_at_1000_std": 0.03326213155918363,
        "nauc_map_at_100_diff1": 0.48482498496255044,
        "nauc_map_at_100_max": 0.49049362053840573,
        "nauc_map_at_100_std": 0.033202140335078054,
        "nauc_map_at_10_diff1": 0.48452438597682795,
        "nauc_map_at_10_max": 0.48688812161168976,
        "nauc_map_at_10_std": 0.027608387330219704,
        "nauc_map_at_1_diff1": 0.538023202633018,
        "nauc_map_at_1_max": 0.49691846743339685,
        "nauc_map_at_1_std": 0.015038643617348696,
        "nauc_map_at_20_diff1": 0.4850859402727643,
        "nauc_map_at_20_max": 0.48904270339468897,
        "nauc_map_at_20_std": 0.030345070911736945,
        "nauc_map_at_3_diff1": 0.49546563534918886,
        "nauc_map_at_3_max": 0.4939147473421273,
        "nauc_map_at_3_std": 0.021769799672535013,
        "nauc_map_at_5_diff1": 0.4893852396340022,
        "nauc_map_at_5_max": 0.490001017661564,
        "nauc_map_at_5_std": 0.02567507645270098,
        "nauc_mrr_at_1000_diff1": 0.4875239696851188,
        "nauc_mrr_at_1000_max": 0.5037735190669543,
        "nauc_mrr_at_1000_std": 0.03491709069960594,
        "nauc_mrr_at_100_diff1": 0.48724010096541326,
        "nauc_mrr_at_100_max": 0.5035963986259421,
        "nauc_mrr_at_100_std": 0.035074046752828644,
        "nauc_mrr_at_10_diff1": 0.48547263010032765,
        "nauc_mrr_at_10_max": 0.5016690618638193,
        "nauc_mrr_at_10_std": 0.031681327947429706,
        "nauc_mrr_at_1_diff1": 0.5343558438221196,
        "nauc_mrr_at_1_max": 0.5221070188325425,
        "nauc_mrr_at_1_std": 0.0224892210014485,
        "nauc_mrr_at_20_diff1": 0.4871337434266552,
        "nauc_mrr_at_20_max": 0.5034551690362763,
        "nauc_mrr_at_20_std": 0.033749751178020364,
        "nauc_mrr_at_3_diff1": 0.4967496695540053,
        "nauc_mrr_at_3_max": 0.5123854882748969,
        "nauc_mrr_at_3_std": 0.02938894342637515,
        "nauc_mrr_at_5_diff1": 0.4916386695927759,
        "nauc_mrr_at_5_max": 0.5073851653149138,
        "nauc_mrr_at_5_std": 0.030369026983829064,
        "nauc_ndcg_at_1000_diff1": 0.4667143098442255,
        "nauc_ndcg_at_1000_max": 0.49539278150106314,
        "nauc_ndcg_at_1000_std": 0.06021875848183825,
        "nauc_ndcg_at_100_diff1": 0.46147236634265776,
        "nauc_ndcg_at_100_max": 0.4891135000580187,
        "nauc_ndcg_at_100_std": 0.05998702116773241,
        "nauc_ndcg_at_10_diff1": 0.46169434135918663,
        "nauc_ndcg_at_10_max": 0.4781017329979845,
        "nauc_ndcg_at_10_std": 0.03354095361064197,
        "nauc_ndcg_at_1_diff1": 0.5343558438221196,
        "nauc_ndcg_at_1_max": 0.5221070188325425,
        "nauc_ndcg_at_1_std": 0.0224892210014485,
        "nauc_ndcg_at_20_diff1": 0.4637720893866319,
        "nauc_ndcg_at_20_max": 0.4845194645988403,
        "nauc_ndcg_at_20_std": 0.04306107651801177,
        "nauc_ndcg_at_3_diff1": 0.4783066430915586,
        "nauc_ndcg_at_3_max": 0.4981501704866759,
        "nauc_ndcg_at_3_std": 0.026446927356570473,
        "nauc_ndcg_at_5_diff1": 0.47240977647053484,
        "nauc_ndcg_at_5_max": 0.4876386700012188,
        "nauc_ndcg_at_5_std": 0.029646767136170638,
        "nauc_precision_at_1000_diff1": -0.0967184415536392,
        "nauc_precision_at_1000_max": 0.026690193293323592,
        "nauc_precision_at_1000_std": 0.0724134531816537,
        "nauc_precision_at_100_diff1": 0.03598540662359854,
        "nauc_precision_at_100_max": 0.18196285835348427,
        "nauc_precision_at_100_std": 0.12657331977188263,
        "nauc_precision_at_10_diff1": 0.22778435981438386,
        "nauc_precision_at_10_max": 0.33781630711728555,
        "nauc_precision_at_10_std": 0.04480385155706685,
        "nauc_precision_at_1_diff1": 0.5343558438221196,
        "nauc_precision_at_1_max": 0.5221070188325425,
        "nauc_precision_at_1_std": 0.0224892210014485,
        "nauc_precision_at_20_diff1": 0.17918559740621245,
        "nauc_precision_at_20_max": 0.2988848652585609,
        "nauc_precision_at_20_std": 0.07183334460347325,
        "nauc_precision_at_3_diff1": 0.36305202493774663,
        "nauc_precision_at_3_max": 0.45349501773813383,
        "nauc_precision_at_3_std": 0.031949068837833904,
        "nauc_precision_at_5_diff1": 0.3097812622289908,
        "nauc_precision_at_5_max": 0.40711828679120393,
        "nauc_precision_at_5_std": 0.045474968924277936,
        "nauc_recall_at_1000_diff1": 0.35939946007188883,
        "nauc_recall_at_1000_max": 0.5615152011517217,
        "nauc_recall_at_1000_std": 0.4140519802837127,
        "nauc_recall_at_100_diff1": 0.3261940644405803,
        "nauc_recall_at_100_max": 0.4286554657974174,
        "nauc_recall_at_100_std": 0.21065742896331516,
        "nauc_recall_at_10_diff1": 0.373189484656855,
        "nauc_recall_at_10_max": 0.40799948779145095,
        "nauc_recall_at_10_std": 0.04650867310959664,
        "nauc_recall_at_1_diff1": 0.538023202633018,
        "nauc_recall_at_1_max": 0.49691846743339685,
        "nauc_recall_at_1_std": 0.015038643617348696,
        "nauc_recall_at_20_diff1": 0.3708158961000614,
        "nauc_recall_at_20_max": 0.42307946533119584,
        "nauc_recall_at_20_std": 0.08270338476556632,
        "nauc_recall_at_3_diff1": 0.43617505108584287,
        "nauc_recall_at_3_max": 0.47194998928172827,
        "nauc_recall_at_3_std": 0.02911779463089051,
        "nauc_recall_at_5_diff1": 0.4104020992638766,
        "nauc_recall_at_5_max": 0.444861094508289,
        "nauc_recall_at_5_std": 0.03487422986444602,
        "ndcg_at_1": 0.33675,
        "ndcg_at_10": 0.41614,
        "ndcg_at_100": 0.4655,
        "ndcg_at_1000": 0.48743,
        "ndcg_at_20": 0.43458,
        "ndcg_at_3": 0.36671,
        "ndcg_at_5": 0.38779,
        "precision_at_1": 0.33675,
        "precision_at_10": 0.06931,
        "precision_at_100": 0.0105,
        "precision_at_1000": 0.00135,
        "precision_at_20": 0.03993,
        "precision_at_3": 0.16449,
        "precision_at_5": 0.11418,
        "recall_at_1": 0.28052,
        "recall_at_10": 0.53112,
        "recall_at_100": 0.74819,
        "recall_at_1000": 0.89944,
        "recall_at_20": 0.59773,
        "recall_at_3": 0.39365,
        "recall_at_5": 0.44857
      }
    ]
  },
  "task_name": "CQADupstackUnixRetrieval"
}