{
  "dataset_revision": "4885aa143210c98657558c04aaf3dc47cfb54340",
  "evaluation_time": 41.225106716156006,
  "kg_co2_emissions": null,
  "mteb_version": "1.13.1",
  "scores": {
    "test": [
      {
        "hf_subset": "default",
        "languages": [
          "eng-Latn"
        ],
        "main_score": 0.61571,
        "map_at_1": 0.44094,
        "map_at_10": 0.5624,
        "map_at_100": 0.57254,
        "map_at_1000": 0.57302,
        "map_at_20": 0.56864,
        "map_at_3": 0.5308,
        "map_at_5": 0.55068,
        "mrr_at_1": 0.5003134796238244,
        "mrr_at_10": 0.5940849380504553,
        "mrr_at_100": 0.6007967177734774,
        "mrr_at_1000": 0.6010284326461349,
        "mrr_at_20": 0.598319138061779,
        "mrr_at_3": 0.5728317659352142,
        "mrr_at_5": 0.5867816091954022,
        "nauc_map_at_1000_diff1": 0.5556684890643643,
        "nauc_map_at_1000_max": 0.4806200953089089,
        "nauc_map_at_1000_std": -0.07831858207809296,
        "nauc_map_at_100_diff1": 0.5552717228758469,
        "nauc_map_at_100_max": 0.48047688584072923,
        "nauc_map_at_100_std": -0.07828455273492407,
        "nauc_map_at_10_diff1": 0.5565603571342649,
        "nauc_map_at_10_max": 0.4753180165117037,
        "nauc_map_at_10_std": -0.08830081127989603,
        "nauc_map_at_1_diff1": 0.5878045966825148,
        "nauc_map_at_1_max": 0.39975861111527256,
        "nauc_map_at_1_std": -0.12230071928248137,
        "nauc_map_at_20_diff1": 0.5546246766447568,
        "nauc_map_at_20_max": 0.4788705306060623,
        "nauc_map_at_20_std": -0.0815630843926549,
        "nauc_map_at_3_diff1": 0.5671987455634715,
        "nauc_map_at_3_max": 0.45736913176502797,
        "nauc_map_at_3_std": -0.1141874874061459,
        "nauc_map_at_5_diff1": 0.560604035495247,
        "nauc_map_at_5_max": 0.4662906650700164,
        "nauc_map_at_5_std": -0.10240593706840857,
        "nauc_mrr_at_1000_diff1": 0.5547633336386982,
        "nauc_mrr_at_1000_max": 0.4940195916400923,
        "nauc_mrr_at_1000_std": -0.05929014711687206,
        "nauc_mrr_at_100_diff1": 0.5546415874345296,
        "nauc_mrr_at_100_max": 0.49409320863259004,
        "nauc_mrr_at_100_std": -0.059010651824105004,
        "nauc_mrr_at_10_diff1": 0.5540892926611063,
        "nauc_mrr_at_10_max": 0.49397434966382603,
        "nauc_mrr_at_10_std": -0.061605814446931806,
        "nauc_mrr_at_1_diff1": 0.5872238236352904,
        "nauc_mrr_at_1_max": 0.474701387119779,
        "nauc_mrr_at_1_std": -0.07992805648056517,
        "nauc_mrr_at_20_diff1": 0.5535745939724543,
        "nauc_mrr_at_20_max": 0.49423150725140347,
        "nauc_mrr_at_20_std": -0.05967273745670661,
        "nauc_mrr_at_3_diff1": 0.5589750452350247,
        "nauc_mrr_at_3_max": 0.49421304466605603,
        "nauc_mrr_at_3_std": -0.06848553684012491,
        "nauc_mrr_at_5_diff1": 0.5564314117837713,
        "nauc_mrr_at_5_max": 0.49071447256390593,
        "nauc_mrr_at_5_std": -0.06682633154397985,
        "nauc_ndcg_at_1000_diff1": 0.5459947558261377,
        "nauc_ndcg_at_1000_max": 0.4995552449776509,
        "nauc_ndcg_at_1000_std": -0.04460495294635282,
        "nauc_ndcg_at_100_diff1": 0.5398850113682419,
        "nauc_ndcg_at_100_max": 0.5019359199579052,
        "nauc_ndcg_at_100_std": -0.034968719136192934,
        "nauc_ndcg_at_10_diff1": 0.5402631747198189,
        "nauc_ndcg_at_10_max": 0.49720533997285205,
        "nauc_ndcg_at_10_std": -0.05826793910471148,
        "nauc_ndcg_at_1_diff1": 0.5872238236352904,
        "nauc_ndcg_at_1_max": 0.474701387119779,
        "nauc_ndcg_at_1_std": -0.07992805648056517,
        "nauc_ndcg_at_20_diff1": 0.534352658201601,
        "nauc_ndcg_at_20_max": 0.500320031954721,
        "nauc_ndcg_at_20_std": -0.04548573286180924,
        "nauc_ndcg_at_3_diff1": 0.5550313170971235,
        "nauc_ndcg_at_3_max": 0.4814981569957552,
        "nauc_ndcg_at_3_std": -0.09090368863350674,
        "nauc_ndcg_at_5_diff1": 0.5477577702004957,
        "nauc_ndcg_at_5_max": 0.48397862151767146,
        "nauc_ndcg_at_5_std": -0.08158300132171341,
        "nauc_precision_at_1000_diff1": -0.10798839869233495,
        "nauc_precision_at_1000_max": 0.18046038772004613,
        "nauc_precision_at_1000_std": 0.31459408437975767,
        "nauc_precision_at_100_diff1": -0.08057180187217156,
        "nauc_precision_at_100_max": 0.2606693287189371,
        "nauc_precision_at_100_std": 0.35312951768722556,
        "nauc_precision_at_10_diff1": 0.10695703285578638,
        "nauc_precision_at_10_max": 0.3914473190834028,
        "nauc_precision_at_10_std": 0.20441790546213282,
        "nauc_precision_at_1_diff1": 0.5872238236352904,
        "nauc_precision_at_1_max": 0.474701387119779,
        "nauc_precision_at_1_std": -0.07992805648056517,
        "nauc_precision_at_20_diff1": 0.014544687025821033,
        "nauc_precision_at_20_max": 0.3568662858666405,
        "nauc_precision_at_20_std": 0.2795338076818081,
        "nauc_precision_at_3_diff1": 0.3316910458171484,
        "nauc_precision_at_3_max": 0.4685139666952329,
        "nauc_precision_at_3_std": 0.025891916579457417,
        "nauc_precision_at_5_diff1": 0.21314997976245045,
        "nauc_precision_at_5_max": 0.41802606708127843,
        "nauc_precision_at_5_std": 0.09980688330225981,
        "nauc_recall_at_1000_diff1": 0.4259425671754342,
        "nauc_recall_at_1000_max": 0.6224856515872464,
        "nauc_recall_at_1000_std": 0.35904125029879536,
        "nauc_recall_at_100_diff1": 0.3789090498556105,
        "nauc_recall_at_100_max": 0.5861987149223564,
        "nauc_recall_at_100_std": 0.31084597320436896,
        "nauc_recall_at_10_diff1": 0.4565014258065575,
        "nauc_recall_at_10_max": 0.5139839363613258,
        "nauc_recall_at_10_std": 0.004960709898413887,
        "nauc_recall_at_1_diff1": 0.5878045966825148,
        "nauc_recall_at_1_max": 0.39975861111527256,
        "nauc_recall_at_1_std": -0.12230071928248137,
        "nauc_recall_at_20_diff1": 0.40834658651657685,
        "nauc_recall_at_20_max": 0.5452209846794666,
        "nauc_recall_at_20_std": 0.09408915557727529,
        "nauc_recall_at_3_diff1": 0.5223573195510273,
        "nauc_recall_at_3_max": 0.46606946231658974,
        "nauc_recall_at_3_std": -0.10250557908793412,
        "nauc_recall_at_5_diff1": 0.4933355649233508,
        "nauc_recall_at_5_max": 0.4676936339343546,
        "nauc_recall_at_5_std": -0.0756207451557324,
        "ndcg_at_1": 0.50031,
        "ndcg_at_10": 0.61571,
        "ndcg_at_100": 0.6546,
        "ndcg_at_1000": 0.66433,
        "ndcg_at_20": 0.63334,
        "ndcg_at_3": 0.56605,
        "ndcg_at_5": 0.59387,
        "precision_at_1": 0.50031,
        "precision_at_10": 0.0963,
        "precision_at_100": 0.01246,
        "precision_at_1000": 0.00137,
        "precision_at_20": 0.05351,
        "precision_at_3": 0.24702,
        "precision_at_5": 0.17028,
        "recall_at_1": 0.44094,
        "recall_at_10": 0.73892,
        "recall_at_100": 0.90512,
        "recall_at_1000": 0.9746,
        "recall_at_20": 0.80376,
        "recall_at_3": 0.61007,
        "recall_at_5": 0.67696
      }
    ]
  },
  "task_name": "CQADupstackGamingRetrieval"
}