{
  "dataset_revision": "f46a197baaae43b4f621051089b82a364682dfeb",
  "evaluation_time": 36.90553855895996,
  "kg_co2_emissions": null,
  "mteb_version": "1.13.1",
  "scores": {
    "test": [
      {
        "hf_subset": "default",
        "languages": [
          "eng-Latn"
        ],
        "main_score": 0.50848,
        "map_at_1": 0.33193,
        "map_at_10": 0.4449,
        "map_at_100": 0.4588,
        "map_at_1000": 0.46004,
        "map_at_20": 0.45244,
        "map_at_3": 0.40958,
        "map_at_5": 0.42966,
        "mrr_at_1": 0.41487839771101576,
        "mrr_at_10": 0.5105598701092263,
        "mrr_at_100": 0.5169069027715345,
        "mrr_at_1000": 0.5174095637989686,
        "mrr_at_20": 0.5141484173800906,
        "mrr_at_3": 0.4845016690510253,
        "mrr_at_5": 0.49973772055317117,
        "nauc_map_at_1000_diff1": 0.5666578435181472,
        "nauc_map_at_1000_max": 0.4927821966479585,
        "nauc_map_at_1000_std": -0.052557080755803405,
        "nauc_map_at_100_diff1": 0.5665450046732968,
        "nauc_map_at_100_max": 0.4928639028612282,
        "nauc_map_at_100_std": -0.05235502565846871,
        "nauc_map_at_10_diff1": 0.5652451056109635,
        "nauc_map_at_10_max": 0.4871750151413148,
        "nauc_map_at_10_std": -0.061297162391761306,
        "nauc_map_at_1_diff1": 0.6198047085791561,
        "nauc_map_at_1_max": 0.4478025590618696,
        "nauc_map_at_1_std": -0.07704307415498782,
        "nauc_map_at_20_diff1": 0.5659684967485445,
        "nauc_map_at_20_max": 0.4908290467252088,
        "nauc_map_at_20_std": -0.05470827252244068,
        "nauc_map_at_3_diff1": 0.5779850233838848,
        "nauc_map_at_3_max": 0.4780780414630563,
        "nauc_map_at_3_std": -0.07747699602750446,
        "nauc_map_at_5_diff1": 0.5731735089676652,
        "nauc_map_at_5_max": 0.48465918021780474,
        "nauc_map_at_5_std": -0.06583893301948673,
        "nauc_mrr_at_1000_diff1": 0.5465998226309682,
        "nauc_mrr_at_1000_max": 0.4937970548467695,
        "nauc_mrr_at_1000_std": -0.048275736726000704,
        "nauc_mrr_at_100_diff1": 0.546400838475968,
        "nauc_mrr_at_100_max": 0.49386516524119367,
        "nauc_mrr_at_100_std": -0.048049534764865495,
        "nauc_mrr_at_10_diff1": 0.5451900881103591,
        "nauc_mrr_at_10_max": 0.49219061743227027,
        "nauc_mrr_at_10_std": -0.05131677966715564,
        "nauc_mrr_at_1_diff1": 0.586049744390655,
        "nauc_mrr_at_1_max": 0.49135912778444746,
        "nauc_mrr_at_1_std": -0.05873364086329034,
        "nauc_mrr_at_20_diff1": 0.5464335264903631,
        "nauc_mrr_at_20_max": 0.4929003897304324,
        "nauc_mrr_at_20_std": -0.04878192807840079,
        "nauc_mrr_at_3_diff1": 0.5510064447271348,
        "nauc_mrr_at_3_max": 0.49756926856692024,
        "nauc_mrr_at_3_std": -0.05417406814753362,
        "nauc_mrr_at_5_diff1": 0.5488231685696252,
        "nauc_mrr_at_5_max": 0.4976460779580452,
        "nauc_mrr_at_5_std": -0.04833558216129642,
        "nauc_ndcg_at_1000_diff1": 0.545881363824219,
        "nauc_ndcg_at_1000_max": 0.4988698739945577,
        "nauc_ndcg_at_1000_std": -0.028669597566764793,
        "nauc_ndcg_at_100_diff1": 0.5435778877967928,
        "nauc_ndcg_at_100_max": 0.5026353749790613,
        "nauc_ndcg_at_100_std": -0.023225192321013687,
        "nauc_ndcg_at_10_diff1": 0.5385529186026278,
        "nauc_ndcg_at_10_max": 0.48947227621232525,
        "nauc_ndcg_at_10_std": -0.04944176513401014,
        "nauc_ndcg_at_1_diff1": 0.586049744390655,
        "nauc_ndcg_at_1_max": 0.49135912778444746,
        "nauc_ndcg_at_1_std": -0.05873364086329034,
        "nauc_ndcg_at_20_diff1": 0.5436304521987115,
        "nauc_ndcg_at_20_max": 0.49399638840803956,
        "nauc_ndcg_at_20_std": -0.03681684216285661,
        "nauc_ndcg_at_3_diff1": 0.5547314958428707,
        "nauc_ndcg_at_3_max": 0.4956646843116761,
        "nauc_ndcg_at_3_std": -0.057151694536793536,
        "nauc_ndcg_at_5_diff1": 0.5509728547160373,
        "nauc_ndcg_at_5_max": 0.4960851802640288,
        "nauc_ndcg_at_5_std": -0.04702354976056605,
        "nauc_precision_at_1000_diff1": -0.12652325125614766,
        "nauc_precision_at_1000_max": -0.07598302562279535,
        "nauc_precision_at_1000_std": 0.035506627735835204,
        "nauc_precision_at_100_diff1": -0.0570728118836756,
        "nauc_precision_at_100_max": 0.0641757554994924,
        "nauc_precision_at_100_std": 0.1005058190843248,
        "nauc_precision_at_10_diff1": 0.10957627221746141,
        "nauc_precision_at_10_max": 0.2925872562838318,
        "nauc_precision_at_10_std": 0.08165693173882786,
        "nauc_precision_at_1_diff1": 0.586049744390655,
        "nauc_precision_at_1_max": 0.49135912778444746,
        "nauc_precision_at_1_std": -0.05873364086329034,
        "nauc_precision_at_20_diff1": 0.04831503679703344,
        "nauc_precision_at_20_max": 0.22536025507793586,
        "nauc_precision_at_20_std": 0.1207694037067702,
        "nauc_precision_at_3_diff1": 0.33322646830948416,
        "nauc_precision_at_3_max": 0.4245408947669167,
        "nauc_precision_at_3_std": -0.005721880552380419,
        "nauc_precision_at_5_diff1": 0.2375771282291943,
        "nauc_precision_at_5_max": 0.3689988994313154,
        "nauc_precision_at_5_std": 0.04823113405497555,
        "nauc_recall_at_1000_diff1": 0.2950360805785668,
        "nauc_recall_at_1000_max": 0.5545127988769839,
        "nauc_recall_at_1000_std": 0.42482141238652754,
        "nauc_recall_at_100_diff1": 0.39019865769768824,
        "nauc_recall_at_100_max": 0.5235962662532493,
        "nauc_recall_at_100_std": 0.19073438215580785,
        "nauc_recall_at_10_diff1": 0.4304088652329396,
        "nauc_recall_at_10_max": 0.43603461057479026,
        "nauc_recall_at_10_std": -0.032619943518238624,
        "nauc_recall_at_1_diff1": 0.6198047085791561,
        "nauc_recall_at_1_max": 0.4478025590618696,
        "nauc_recall_at_1_std": -0.07704307415498782,
        "nauc_recall_at_20_diff1": 0.436205218371116,
        "nauc_recall_at_20_max": 0.45488408055077956,
        "nauc_recall_at_20_std": 0.0274529621578524,
        "nauc_recall_at_3_diff1": 0.5152759643247726,
        "nauc_recall_at_3_max": 0.463329431866056,
        "nauc_recall_at_3_std": -0.07125391429790395,
        "nauc_recall_at_5_diff1": 0.4874675826811559,
        "nauc_recall_at_5_max": 0.4616577790723509,
        "nauc_recall_at_5_std": -0.03790596007065452,
        "ndcg_at_1": 0.41488,
        "ndcg_at_10": 0.50848,
        "ndcg_at_100": 0.55712,
        "ndcg_at_1000": 0.57732,
        "ndcg_at_20": 0.52658,
        "ndcg_at_3": 0.46031,
        "ndcg_at_5": 0.48266,
        "precision_at_1": 0.41488,
        "precision_at_10": 0.09628,
        "precision_at_100": 0.01506,
        "precision_at_1000": 0.00194,
        "precision_at_20": 0.05622,
        "precision_at_3": 0.21984,
        "precision_at_5": 0.15823,
        "recall_at_1": 0.33193,
        "recall_at_10": 0.62411,
        "recall_at_100": 0.82556,
        "recall_at_1000": 0.95529,
        "recall_at_20": 0.6889,
        "recall_at_3": 0.48082,
        "recall_at_5": 0.54393
      }
    ]
  },
  "task_name": "CQADupstackAndroidRetrieval"
}