{
  "dataset_revision": "6184bc1440d2dbc7612be22b50686b8826d22b32",
  "evaluation_time": 81.87594699859619,
  "kg_co2_emissions": null,
  "mteb_version": "1.13.1",
  "scores": {
    "test": [
      {
        "hf_subset": "default",
        "languages": [
          "eng-Latn"
        ],
        "main_score": 0.438,
        "map_at_1": 0.29048,
        "map_at_10": 0.38357,
        "map_at_100": 0.39613,
        "map_at_1000": 0.39716,
        "map_at_20": 0.39021,
        "map_at_3": 0.35223,
        "map_at_5": 0.37141,
        "mrr_at_1": 0.3538812785388128,
        "mrr_at_10": 0.4382528810611003,
        "mrr_at_100": 0.4467511850805676,
        "mrr_at_1000": 0.4472517908063689,
        "mrr_at_20": 0.4431720336215597,
        "mrr_at_3": 0.4134322678843227,
        "mrr_at_5": 0.4287861491628615,
        "nauc_map_at_1000_diff1": 0.459153515096416,
        "nauc_map_at_1000_max": 0.4790085940245314,
        "nauc_map_at_1000_std": 0.00998383145341943,
        "nauc_map_at_100_diff1": 0.4593251785324726,
        "nauc_map_at_100_max": 0.47894591731545266,
        "nauc_map_at_100_std": 0.009905549194177793,
        "nauc_map_at_10_diff1": 0.45981719713911623,
        "nauc_map_at_10_max": 0.4725745450442268,
        "nauc_map_at_10_std": 0.0005017046065010764,
        "nauc_map_at_1_diff1": 0.5180942226271504,
        "nauc_map_at_1_max": 0.446301550498815,
        "nauc_map_at_1_std": -0.03286634682993624,
        "nauc_map_at_20_diff1": 0.45902095006956756,
        "nauc_map_at_20_max": 0.4751456318070571,
        "nauc_map_at_20_std": 0.004860979976429729,
        "nauc_map_at_3_diff1": 0.47114384807482784,
        "nauc_map_at_3_max": 0.46429493474198985,
        "nauc_map_at_3_std": -0.016342752750722337,
        "nauc_map_at_5_diff1": 0.4629943366572447,
        "nauc_map_at_5_max": 0.47070564749648913,
        "nauc_map_at_5_std": -0.006698001878559586,
        "nauc_mrr_at_1000_diff1": 0.4521479826539084,
        "nauc_mrr_at_1000_max": 0.5146526721528002,
        "nauc_mrr_at_1000_std": 0.048221717398113234,
        "nauc_mrr_at_100_diff1": 0.4519122213084485,
        "nauc_mrr_at_100_max": 0.514436916206939,
        "nauc_mrr_at_100_std": 0.048115186233841395,
        "nauc_mrr_at_10_diff1": 0.4519879433957052,
        "nauc_mrr_at_10_max": 0.5151966831504908,
        "nauc_mrr_at_10_std": 0.04812038004197051,
        "nauc_mrr_at_1_diff1": 0.5090927829683507,
        "nauc_mrr_at_1_max": 0.5147493300161164,
        "nauc_mrr_at_1_std": 0.020866624654203133,
        "nauc_mrr_at_20_diff1": 0.4516244405780058,
        "nauc_mrr_at_20_max": 0.514302642146529,
        "nauc_mrr_at_20_std": 0.04758571512618625,
        "nauc_mrr_at_3_diff1": 0.456435005809174,
        "nauc_mrr_at_3_max": 0.5175010323577355,
        "nauc_mrr_at_3_std": 0.039884206917580274,
        "nauc_mrr_at_5_diff1": 0.4500760554335235,
        "nauc_mrr_at_5_max": 0.5156585394898314,
        "nauc_mrr_at_5_std": 0.047521775712513564,
        "nauc_ndcg_at_1000_diff1": 0.4380770570880011,
        "nauc_ndcg_at_1000_max": 0.49876338977912604,
        "nauc_ndcg_at_1000_std": 0.05377947893383929,
        "nauc_ndcg_at_100_diff1": 0.437898313460474,
        "nauc_ndcg_at_100_max": 0.49768519769406255,
        "nauc_ndcg_at_100_std": 0.05587801038306013,
        "nauc_ndcg_at_10_diff1": 0.4373192246588745,
        "nauc_ndcg_at_10_max": 0.4814904750824676,
        "nauc_ndcg_at_10_std": 0.024235032541890474,
        "nauc_ndcg_at_1_diff1": 0.5055966150307786,
        "nauc_ndcg_at_1_max": 0.5162769997284089,
        "nauc_ndcg_at_1_std": 0.02046010721723262,
        "nauc_ndcg_at_20_diff1": 0.43538703200528756,
        "nauc_ndcg_at_20_max": 0.48504619929102455,
        "nauc_ndcg_at_20_std": 0.03175852961281135,
        "nauc_ndcg_at_3_diff1": 0.4501697029552983,
        "nauc_ndcg_at_3_max": 0.48579606291184874,
        "nauc_ndcg_at_3_std": 0.010890965636465764,
        "nauc_ndcg_at_5_diff1": 0.4404749886723446,
        "nauc_ndcg_at_5_max": 0.48553533332616666,
        "nauc_ndcg_at_5_std": 0.01949526962235879,
        "nauc_precision_at_1000_diff1": -0.1708616296471644,
        "nauc_precision_at_1000_max": 0.05456968008411841,
        "nauc_precision_at_1000_std": 0.1784258272514165,
        "nauc_precision_at_100_diff1": -0.03523016189111877,
        "nauc_precision_at_100_max": 0.24254535659235982,
        "nauc_precision_at_100_std": 0.2638162636135657,
        "nauc_precision_at_10_diff1": 0.17107258438562417,
        "nauc_precision_at_10_max": 0.40252141458864604,
        "nauc_precision_at_10_std": 0.15929079051954126,
        "nauc_precision_at_1_diff1": 0.5055966150307786,
        "nauc_precision_at_1_max": 0.5162769997284089,
        "nauc_precision_at_1_std": 0.02046010721723262,
        "nauc_precision_at_20_diff1": 0.11075675637153745,
        "nauc_precision_at_20_max": 0.3701105347032098,
        "nauc_precision_at_20_std": 0.1974529562192155,
        "nauc_precision_at_3_diff1": 0.29778832576339354,
        "nauc_precision_at_3_max": 0.47665117428729226,
        "nauc_precision_at_3_std": 0.08429013589521027,
        "nauc_precision_at_5_diff1": 0.2324149097048942,
        "nauc_precision_at_5_max": 0.458855992224196,
        "nauc_precision_at_5_std": 0.13441038221236468,
        "nauc_recall_at_1000_diff1": 0.23442309394664024,
        "nauc_recall_at_1000_max": 0.5573864066484833,
        "nauc_recall_at_1000_std": 0.4953749456414738,
        "nauc_recall_at_100_diff1": 0.3260036981887422,
        "nauc_recall_at_100_max": 0.47929757684673563,
        "nauc_recall_at_100_std": 0.23646837686083658,
        "nauc_recall_at_10_diff1": 0.3559211221489473,
        "nauc_recall_at_10_max": 0.4300028909349327,
        "nauc_recall_at_10_std": 0.041166551410803554,
        "nauc_recall_at_1_diff1": 0.5180942226271504,
        "nauc_recall_at_1_max": 0.446301550498815,
        "nauc_recall_at_1_std": -0.03286634682993624,
        "nauc_recall_at_20_diff1": 0.33934681275735323,
        "nauc_recall_at_20_max": 0.4307860736814683,
        "nauc_recall_at_20_std": 0.06292003914053106,
        "nauc_recall_at_3_diff1": 0.4140531432565738,
        "nauc_recall_at_3_max": 0.4494986604584706,
        "nauc_recall_at_3_std": -0.004073953554237672,
        "nauc_recall_at_5_diff1": 0.3767382971860514,
        "nauc_recall_at_5_max": 0.4458742920715948,
        "nauc_recall_at_5_std": 0.023637398760773927,
        "ndcg_at_1": 0.35502,
        "ndcg_at_10": 0.438,
        "ndcg_at_100": 0.49326,
        "ndcg_at_1000": 0.51531,
        "ndcg_at_20": 0.45812,
        "ndcg_at_3": 0.3893,
        "ndcg_at_5": 0.41444,
        "precision_at_1": 0.35502,
        "precision_at_10": 0.07751,
        "precision_at_100": 0.01229,
        "precision_at_1000": 0.00159,
        "precision_at_20": 0.04515,
        "precision_at_3": 0.18341,
        "precision_at_5": 0.13128,
        "recall_at_1": 0.29048,
        "recall_at_10": 0.54611,
        "recall_at_100": 0.7846,
        "recall_at_1000": 0.9344,
        "recall_at_20": 0.61662,
        "recall_at_3": 0.41041,
        "recall_at_5": 0.47721
      }
    ]
  },
  "task_name": "CQADupstackProgrammersRetrieval"
}