{
  "dataset_revision": "6c6430d3a6d36f8d2a829195bc5dc94d7e063e53",
  "evaluation_time": 56.119691610336304,
  "kg_co2_emissions": null,
  "mteb_version": "1.13.1",
  "scores": {
    "test": [
      {
        "hf_subset": "default",
        "languages": [
          "eng-Latn"
        ],
        "main_score": 0.41267,
        "map_at_1": 0.2743,
        "map_at_10": 0.36095,
        "map_at_100": 0.37206,
        "map_at_1000": 0.373,
        "map_at_20": 0.36695,
        "map_at_3": 0.33478,
        "map_at_5": 0.34936,
        "mrr_at_1": 0.3292910447761194,
        "mrr_at_10": 0.40811900319829425,
        "mrr_at_100": 0.4164541585278784,
        "mrr_at_1000": 0.4169871658934653,
        "mrr_at_20": 0.4128223202076074,
        "mrr_at_3": 0.38448383084577115,
        "mrr_at_5": 0.39749689054726367,
        "nauc_map_at_1000_diff1": 0.4999785925846518,
        "nauc_map_at_1000_max": 0.4912464821973733,
        "nauc_map_at_1000_std": 0.023943342448727926,
        "nauc_map_at_100_diff1": 0.499941353510292,
        "nauc_map_at_100_max": 0.4910575387156752,
        "nauc_map_at_100_std": 0.02388725597909904,
        "nauc_map_at_10_diff1": 0.5007447417496567,
        "nauc_map_at_10_max": 0.4882187094041986,
        "nauc_map_at_10_std": 0.01757383124136203,
        "nauc_map_at_1_diff1": 0.5598127906073981,
        "nauc_map_at_1_max": 0.4998743869679933,
        "nauc_map_at_1_std": 0.003467873722660093,
        "nauc_map_at_20_diff1": 0.500239111948346,
        "nauc_map_at_20_max": 0.48973439919079176,
        "nauc_map_at_20_std": 0.02120966880281151,
        "nauc_map_at_3_diff1": 0.5081944761862315,
        "nauc_map_at_3_max": 0.4927631382455294,
        "nauc_map_at_3_std": 0.01110984723163942,
        "nauc_map_at_5_diff1": 0.5029108596247408,
        "nauc_map_at_5_max": 0.49125987772539764,
        "nauc_map_at_5_std": 0.016916532673023107,
        "nauc_mrr_at_1000_diff1": 0.5011857882577105,
        "nauc_mrr_at_1000_max": 0.5007215449832422,
        "nauc_mrr_at_1000_std": 0.02352603583254488,
        "nauc_mrr_at_100_diff1": 0.5009964749017483,
        "nauc_mrr_at_100_max": 0.5006148204588879,
        "nauc_mrr_at_100_std": 0.023722543786350497,
        "nauc_mrr_at_10_diff1": 0.5004799090619625,
        "nauc_mrr_at_10_max": 0.49964241586383135,
        "nauc_mrr_at_10_std": 0.020067872198336143,
        "nauc_mrr_at_1_diff1": 0.559226455475048,
        "nauc_mrr_at_1_max": 0.5220329555614222,
        "nauc_mrr_at_1_std": 0.009134091984085631,
        "nauc_mrr_at_20_diff1": 0.5011202099314594,
        "nauc_mrr_at_20_max": 0.5005672959911108,
        "nauc_mrr_at_20_std": 0.02264289574676002,
        "nauc_mrr_at_3_diff1": 0.5080254227473253,
        "nauc_mrr_at_3_max": 0.5080895999513109,
        "nauc_mrr_at_3_std": 0.016839711015203367,
        "nauc_mrr_at_5_diff1": 0.5056121825484537,
        "nauc_mrr_at_5_max": 0.5047462647153962,
        "nauc_mrr_at_5_std": 0.019819094368870964,
        "nauc_ndcg_at_1000_diff1": 0.48082117017999865,
        "nauc_ndcg_at_1000_max": 0.49435853152452425,
        "nauc_ndcg_at_1000_std": 0.05232769354979555,
        "nauc_ndcg_at_100_diff1": 0.47587634259183703,
        "nauc_ndcg_at_100_max": 0.48813870408642074,
        "nauc_ndcg_at_100_std": 0.052456728621740924,
        "nauc_ndcg_at_10_diff1": 0.4796564756055912,
        "nauc_ndcg_at_10_max": 0.47930894550301084,
        "nauc_ndcg_at_10_std": 0.023302042578229203,
        "nauc_ndcg_at_1_diff1": 0.559226455475048,
        "nauc_ndcg_at_1_max": 0.5220329555614222,
        "nauc_ndcg_at_1_std": 0.009134091984085631,
        "nauc_ndcg_at_20_diff1": 0.47854031369606065,
        "nauc_ndcg_at_20_max": 0.48402118804117106,
        "nauc_ndcg_at_20_std": 0.03643186167281904,
        "nauc_ndcg_at_3_diff1": 0.48866995941944774,
        "nauc_ndcg_at_3_max": 0.4950046670802319,
        "nauc_ndcg_at_3_std": 0.0159639369571686,
        "nauc_ndcg_at_5_diff1": 0.4845773203978046,
        "nauc_ndcg_at_5_max": 0.4882195363029494,
        "nauc_ndcg_at_5_std": 0.022672756551823218,
        "nauc_precision_at_1000_diff1": -0.08455888882238109,
        "nauc_precision_at_1000_max": 0.029703375459057855,
        "nauc_precision_at_1000_std": 0.07580536164977748,
        "nauc_precision_at_100_diff1": 0.049016519381787096,
        "nauc_precision_at_100_max": 0.17232541331337328,
        "nauc_precision_at_100_std": 0.1258878289170937,
        "nauc_precision_at_10_diff1": 0.254635523161131,
        "nauc_precision_at_10_max": 0.3367321977020658,
        "nauc_precision_at_10_std": 0.03406344242731781,
        "nauc_precision_at_1_diff1": 0.559226455475048,
        "nauc_precision_at_1_max": 0.5220329555614222,
        "nauc_precision_at_1_std": 0.009134091984085631,
        "nauc_precision_at_20_diff1": 0.20071748748676088,
        "nauc_precision_at_20_max": 0.3007624114978366,
        "nauc_precision_at_20_std": 0.07345208627046722,
        "nauc_precision_at_3_diff1": 0.3715119457001852,
        "nauc_precision_at_3_max": 0.44388311174253814,
        "nauc_precision_at_3_std": 0.02297822420412324,
        "nauc_precision_at_5_diff1": 0.3182631278125915,
        "nauc_precision_at_5_max": 0.4042198462586276,
        "nauc_precision_at_5_std": 0.04414457655705562,
        "nauc_recall_at_1000_diff1": 0.3680218338418514,
        "nauc_recall_at_1000_max": 0.5583477590894321,
        "nauc_recall_at_1000_std": 0.43277245745895554,
        "nauc_recall_at_100_diff1": 0.3380245670515576,
        "nauc_recall_at_100_max": 0.42571191754468635,
        "nauc_recall_at_100_std": 0.21719277034936296,
        "nauc_recall_at_10_diff1": 0.399478458562067,
        "nauc_recall_at_10_max": 0.41400992573434614,
        "nauc_recall_at_10_std": 0.03672675945754137,
        "nauc_recall_at_1_diff1": 0.5598127906073981,
        "nauc_recall_at_1_max": 0.4998743869679933,
        "nauc_recall_at_1_std": 0.003467873722660093,
        "nauc_recall_at_20_diff1": 0.3844424871464552,
        "nauc_recall_at_20_max": 0.42136537725970796,
        "nauc_recall_at_20_std": 0.08782165336855635,
        "nauc_recall_at_3_diff1": 0.43495110064023934,
        "nauc_recall_at_3_max": 0.4633509115099438,
        "nauc_recall_at_3_std": 0.020999821653807423,
        "nauc_recall_at_5_diff1": 0.4173573968431244,
        "nauc_recall_at_5_max": 0.4447143094128445,
        "nauc_recall_at_5_std": 0.033872539301435564,
        "ndcg_at_1": 0.32929,
        "ndcg_at_10": 0.41267,
        "ndcg_at_100": 0.46438,
        "ndcg_at_1000": 0.48561,
        "ndcg_at_20": 0.43215,
        "ndcg_at_3": 0.36626,
        "ndcg_at_5": 0.38699,
        "precision_at_1": 0.32929,
        "precision_at_10": 0.06866,
        "precision_at_100": 0.01061,
        "precision_at_1000": 0.00135,
        "precision_at_20": 0.03965,
        "precision_at_3": 0.16542,
        "precision_at_5": 0.11493,
        "recall_at_1": 0.2743,
        "recall_at_10": 0.52461,
        "recall_at_100": 0.75238,
        "recall_at_1000": 0.90102,
        "recall_at_20": 0.59527,
        "recall_at_3": 0.39648,
        "recall_at_5": 0.45013
      }
    ]
  },
  "task_name": "CQADupstackUnixRetrieval"
}