{
  "dataset_revision": "90fceea13679c63fe563ded68f3b6f06e50061de",
  "evaluation_time": 36.22284245491028,
  "kg_co2_emissions": null,
  "mteb_version": "1.13.1",
  "scores": {
    "test": [
      {
        "hf_subset": "default",
        "languages": [
          "eng-Latn"
        ],
        "main_score": 0.28916,
        "map_at_1": 0.1559,
        "map_at_10": 0.23763,
        "map_at_100": 0.24827,
        "map_at_1000": 0.24953,
        "map_at_20": 0.24332,
        "map_at_3": 0.21333,
        "map_at_5": 0.22637,
        "mrr_at_1": 0.19776119402985073,
        "mrr_at_10": 0.28350015794045647,
        "mrr_at_100": 0.29234034553128485,
        "mrr_at_1000": 0.2931086538991345,
        "mrr_at_20": 0.28873668290602583,
        "mrr_at_3": 0.2576699834162521,
        "mrr_at_5": 0.2711028192371476,
        "nauc_map_at_1000_diff1": 0.3687667088886943,
        "nauc_map_at_1000_max": 0.2729809088501112,
        "nauc_map_at_1000_std": -0.053695241368262064,
        "nauc_map_at_100_diff1": 0.36873949949950985,
        "nauc_map_at_100_max": 0.27317630053628195,
        "nauc_map_at_100_std": -0.05343057516950293,
        "nauc_map_at_10_diff1": 0.3700610627745465,
        "nauc_map_at_10_max": 0.2718773580969207,
        "nauc_map_at_10_std": -0.06135905557777178,
        "nauc_map_at_1_diff1": 0.4553530824628868,
        "nauc_map_at_1_max": 0.2670013232864113,
        "nauc_map_at_1_std": -0.07919766727165536,
        "nauc_map_at_20_diff1": 0.37125058211109724,
        "nauc_map_at_20_max": 0.27295379071947723,
        "nauc_map_at_20_std": -0.056775899480421936,
        "nauc_map_at_3_diff1": 0.3777845573482663,
        "nauc_map_at_3_max": 0.2717857622429418,
        "nauc_map_at_3_std": -0.06772142134966996,
        "nauc_map_at_5_diff1": 0.37431202815860387,
        "nauc_map_at_5_max": 0.2681092151537375,
        "nauc_map_at_5_std": -0.0709351582785542,
        "nauc_mrr_at_1000_diff1": 0.3575704622565674,
        "nauc_mrr_at_1000_max": 0.2824629347304392,
        "nauc_mrr_at_1000_std": -0.05288475813892297,
        "nauc_mrr_at_100_diff1": 0.35736786894753775,
        "nauc_mrr_at_100_max": 0.2825764832594266,
        "nauc_mrr_at_100_std": -0.052609572300844266,
        "nauc_mrr_at_10_diff1": 0.3556725223563574,
        "nauc_mrr_at_10_max": 0.2806929499727709,
        "nauc_mrr_at_10_std": -0.057597293916825755,
        "nauc_mrr_at_1_diff1": 0.4396906663018276,
        "nauc_mrr_at_1_max": 0.28097592500699087,
        "nauc_mrr_at_1_std": -0.08089472072607143,
        "nauc_mrr_at_20_diff1": 0.35756683313411664,
        "nauc_mrr_at_20_max": 0.2825473480403577,
        "nauc_mrr_at_20_std": -0.05377730939130777,
        "nauc_mrr_at_3_diff1": 0.37065226460890704,
        "nauc_mrr_at_3_max": 0.2835083286456893,
        "nauc_mrr_at_3_std": -0.062192929202906075,
        "nauc_mrr_at_5_diff1": 0.36067569013155015,
        "nauc_mrr_at_5_max": 0.2794373142927167,
        "nauc_mrr_at_5_std": -0.06270391879497449,
        "nauc_ndcg_at_1000_diff1": 0.3321901053798744,
        "nauc_ndcg_at_1000_max": 0.2796342990998125,
        "nauc_ndcg_at_1000_std": -0.022158014343679346,
        "nauc_ndcg_at_100_diff1": 0.33115094158791863,
        "nauc_ndcg_at_100_max": 0.283053857282525,
        "nauc_ndcg_at_100_std": -0.015597169743332438,
        "nauc_ndcg_at_10_diff1": 0.3379976984541795,
        "nauc_ndcg_at_10_max": 0.27610212311072907,
        "nauc_ndcg_at_10_std": -0.04813126950609023,
        "nauc_ndcg_at_1_diff1": 0.4396906663018276,
        "nauc_ndcg_at_1_max": 0.28097592500699087,
        "nauc_ndcg_at_1_std": -0.08089472072607143,
        "nauc_ndcg_at_20_diff1": 0.3432494752303194,
        "nauc_ndcg_at_20_max": 0.2805214736994061,
        "nauc_ndcg_at_20_std": -0.033926824819286286,
        "nauc_ndcg_at_3_diff1": 0.36278515250837634,
        "nauc_ndcg_at_3_max": 0.2827713426326754,
        "nauc_ndcg_at_3_std": -0.06349441314869397,
        "nauc_ndcg_at_5_diff1": 0.3496687324422618,
        "nauc_ndcg_at_5_max": 0.27148206644007644,
        "nauc_ndcg_at_5_std": -0.06615411195213194,
        "nauc_precision_at_1000_diff1": -0.02306001373855583,
        "nauc_precision_at_1000_max": 0.02556876072057958,
        "nauc_precision_at_1000_std": -5.541992056626769e-06,
        "nauc_precision_at_100_diff1": 0.04558033689591829,
        "nauc_precision_at_100_max": 0.15456258309199836,
        "nauc_precision_at_100_std": 0.07039038601570718,
        "nauc_precision_at_10_diff1": 0.1963171973103763,
        "nauc_precision_at_10_max": 0.26570631283732693,
        "nauc_precision_at_10_std": -0.011073956915335761,
        "nauc_precision_at_1_diff1": 0.4396906663018276,
        "nauc_precision_at_1_max": 0.28097592500699087,
        "nauc_precision_at_1_std": -0.08089472072607143,
        "nauc_precision_at_20_diff1": 0.1735314853166734,
        "nauc_precision_at_20_max": 0.2407370308203829,
        "nauc_precision_at_20_std": 0.029168318861909445,
        "nauc_precision_at_3_diff1": 0.2801955922007521,
        "nauc_precision_at_3_max": 0.285670129633779,
        "nauc_precision_at_3_std": -0.048162902877791396,
        "nauc_precision_at_5_diff1": 0.2480779124846077,
        "nauc_precision_at_5_max": 0.262404892282006,
        "nauc_precision_at_5_std": -0.05140278829668388,
        "nauc_recall_at_1000_diff1": 0.12367450044441612,
        "nauc_recall_at_1000_max": 0.2811396661372788,
        "nauc_recall_at_1000_std": 0.20290516871415257,
        "nauc_recall_at_100_diff1": 0.20882706343180427,
        "nauc_recall_at_100_max": 0.28844431602905846,
        "nauc_recall_at_100_std": 0.1315470408042473,
        "nauc_recall_at_10_diff1": 0.2550610351716854,
        "nauc_recall_at_10_max": 0.2565845494865007,
        "nauc_recall_at_10_std": -0.018739342081784176,
        "nauc_recall_at_1_diff1": 0.4553530824628868,
        "nauc_recall_at_1_max": 0.2670013232864113,
        "nauc_recall_at_1_std": -0.07919766727165536,
        "nauc_recall_at_20_diff1": 0.271912020461214,
        "nauc_recall_at_20_max": 0.27056873752376,
        "nauc_recall_at_20_std": 0.027377086084080276,
        "nauc_recall_at_3_diff1": 0.30287056203223556,
        "nauc_recall_at_3_max": 0.2696497169911177,
        "nauc_recall_at_3_std": -0.050227071681377695,
        "nauc_recall_at_5_diff1": 0.2832069330404102,
        "nauc_recall_at_5_max": 0.24957205162416438,
        "nauc_recall_at_5_std": -0.061576333373097016,
        "ndcg_at_1": 0.19776,
        "ndcg_at_10": 0.28916,
        "ndcg_at_100": 0.34237,
        "ndcg_at_1000": 0.37222,
        "ndcg_at_20": 0.30875,
        "ndcg_at_3": 0.24363,
        "ndcg_at_5": 0.26316,
        "precision_at_1": 0.19776,
        "precision_at_10": 0.05485,
        "precision_at_100": 0.00944,
        "precision_at_1000": 0.00133,
        "precision_at_20": 0.03284,
        "precision_at_3": 0.12065,
        "precision_at_5": 0.08731,
        "recall_at_1": 0.1559,
        "recall_at_10": 0.40269,
        "recall_at_100": 0.63886,
        "recall_at_1000": 0.85192,
        "recall_at_20": 0.47358,
        "recall_at_3": 0.27502,
        "recall_at_5": 0.32526
      }
    ]
  },
  "task_name": "CQADupstackMathematicaRetrieval"
}