{
  "dataset_revision": "79531abbd1fb92d06c6d6315a0cbbbf5bb247ea4",
  "evaluation_time": 59.24809432029724,
  "kg_co2_emissions": null,
  "mteb_version": "1.13.1",
  "scores": {
    "test": [
      {
        "hf_subset": "default",
        "languages": [
          "eng-Latn"
        ],
        "main_score": 0.48079,
        "map_at_1": 0.31788,
        "map_at_10": 0.4241,
        "map_at_100": 0.43706,
        "map_at_1000": 0.43811,
        "map_at_20": 0.43141,
        "map_at_3": 0.39567,
        "map_at_5": 0.41198,
        "mrr_at_1": 0.38209817131857554,
        "mrr_at_10": 0.4796205906167407,
        "mrr_at_100": 0.48714663594735363,
        "mrr_at_1000": 0.4875912459299894,
        "mrr_at_20": 0.483865385142028,
        "mrr_at_3": 0.45893487327558546,
        "mrr_at_5": 0.47130253448829,
        "nauc_map_at_1000_diff1": 0.48313359763571817,
        "nauc_map_at_1000_max": 0.36912945768159067,
        "nauc_map_at_1000_std": -0.032306397284014306,
        "nauc_map_at_100_diff1": 0.4828957925368147,
        "nauc_map_at_100_max": 0.3685090788597621,
        "nauc_map_at_100_std": -0.03309123341777021,
        "nauc_map_at_10_diff1": 0.4798589574920552,
        "nauc_map_at_10_max": 0.3631466156540947,
        "nauc_map_at_10_std": -0.0430174109645858,
        "nauc_map_at_1_diff1": 0.5371531038306127,
        "nauc_map_at_1_max": 0.3382376599404385,
        "nauc_map_at_1_std": -0.06474799693198525,
        "nauc_map_at_20_diff1": 0.48162645788075764,
        "nauc_map_at_20_max": 0.3658709608388793,
        "nauc_map_at_20_std": -0.037346709006826934,
        "nauc_map_at_3_diff1": 0.48819821354115067,
        "nauc_map_at_3_max": 0.35901094252509635,
        "nauc_map_at_3_std": -0.049389369289265794,
        "nauc_map_at_5_diff1": 0.4834944224124623,
        "nauc_map_at_5_max": 0.3613924060000414,
        "nauc_map_at_5_std": -0.04851494554751427,
        "nauc_mrr_at_1000_diff1": 0.5073376489832194,
        "nauc_mrr_at_1000_max": 0.38564257025341037,
        "nauc_mrr_at_1000_std": -0.02211071758759871,
        "nauc_mrr_at_100_diff1": 0.5071989910453939,
        "nauc_mrr_at_100_max": 0.385612355909147,
        "nauc_mrr_at_100_std": -0.02202538497153371,
        "nauc_mrr_at_10_diff1": 0.5056660279576769,
        "nauc_mrr_at_10_max": 0.3843277356112079,
        "nauc_mrr_at_10_std": -0.02596783382153298,
        "nauc_mrr_at_1_diff1": 0.5525755908864757,
        "nauc_mrr_at_1_max": 0.36992932718738125,
        "nauc_mrr_at_1_std": -0.04039379269308887,
        "nauc_mrr_at_20_diff1": 0.506510937922449,
        "nauc_mrr_at_20_max": 0.38502291123578425,
        "nauc_mrr_at_20_std": -0.0233089760420255,
        "nauc_mrr_at_3_diff1": 0.5146543274903864,
        "nauc_mrr_at_3_max": 0.38604158494677643,
        "nauc_mrr_at_3_std": -0.03231152898849709,
        "nauc_mrr_at_5_diff1": 0.5078901683807724,
        "nauc_mrr_at_5_max": 0.38408386801124283,
        "nauc_mrr_at_5_std": -0.03085069441723289,
        "nauc_ndcg_at_1000_diff1": 0.4777421902334693,
        "nauc_ndcg_at_1000_max": 0.39156731327539995,
        "nauc_ndcg_at_1000_std": 0.007038015475033746,
        "nauc_ndcg_at_100_diff1": 0.4726678936369841,
        "nauc_ndcg_at_100_max": 0.3853772330637057,
        "nauc_ndcg_at_100_std": 0.003702205538130552,
        "nauc_ndcg_at_10_diff1": 0.4615047975619869,
        "nauc_ndcg_at_10_max": 0.3685683299151288,
        "nauc_ndcg_at_10_std": -0.03137723585424153,
        "nauc_ndcg_at_1_diff1": 0.5525755908864757,
        "nauc_ndcg_at_1_max": 0.36992932718738125,
        "nauc_ndcg_at_1_std": -0.04039379269308887,
        "nauc_ndcg_at_20_diff1": 0.46626677694632884,
        "nauc_ndcg_at_20_max": 0.3741888860160868,
        "nauc_ndcg_at_20_std": -0.016359173217537545,
        "nauc_ndcg_at_3_diff1": 0.4802365652647182,
        "nauc_ndcg_at_3_max": 0.3741369824819433,
        "nauc_ndcg_at_3_std": -0.04062769776910354,
        "nauc_ndcg_at_5_diff1": 0.47045029652899967,
        "nauc_ndcg_at_5_max": 0.3708184260891514,
        "nauc_ndcg_at_5_std": -0.040618265071517896,
        "nauc_precision_at_1000_diff1": -0.06081066430661146,
        "nauc_precision_at_1000_max": 0.09198643836434352,
        "nauc_precision_at_1000_std": 0.2226233129856754,
        "nauc_precision_at_100_diff1": 0.031276628986206784,
        "nauc_precision_at_100_max": 0.18156348104440942,
        "nauc_precision_at_100_std": 0.23399705000193574,
        "nauc_precision_at_10_diff1": 0.16583110363355505,
        "nauc_precision_at_10_max": 0.28312908324250163,
        "nauc_precision_at_10_std": 0.10664953563611598,
        "nauc_precision_at_1_diff1": 0.5525755908864757,
        "nauc_precision_at_1_max": 0.36992932718738125,
        "nauc_precision_at_1_std": -0.04039379269308887,
        "nauc_precision_at_20_diff1": 0.12252997728367648,
        "nauc_precision_at_20_max": 0.25455936052566697,
        "nauc_precision_at_20_std": 0.1722299462264879,
        "nauc_precision_at_3_diff1": 0.3453304367411791,
        "nauc_precision_at_3_max": 0.366754324311561,
        "nauc_precision_at_3_std": 0.019876651885322373,
        "nauc_precision_at_5_diff1": 0.25868181684628083,
        "nauc_precision_at_5_max": 0.3344383825505964,
        "nauc_precision_at_5_std": 0.05058508912829861,
        "nauc_recall_at_1000_diff1": 0.37166528260112536,
        "nauc_recall_at_1000_max": 0.5822484298050247,
        "nauc_recall_at_1000_std": 0.4871927815476037,
        "nauc_recall_at_100_diff1": 0.357269206821203,
        "nauc_recall_at_100_max": 0.3990287066869066,
        "nauc_recall_at_100_std": 0.1871691941601927,
        "nauc_recall_at_10_diff1": 0.35905601391088815,
        "nauc_recall_at_10_max": 0.3372433340040568,
        "nauc_recall_at_10_std": -0.016828304473310376,
        "nauc_recall_at_1_diff1": 0.5371531038306127,
        "nauc_recall_at_1_max": 0.3382376599404385,
        "nauc_recall_at_1_std": -0.06474799693198525,
        "nauc_recall_at_20_diff1": 0.36456812142023215,
        "nauc_recall_at_20_max": 0.34701166592260363,
        "nauc_recall_at_20_std": 0.03442240208908816,
        "nauc_recall_at_3_diff1": 0.4169581209617705,
        "nauc_recall_at_3_max": 0.3489885329313989,
        "nauc_recall_at_3_std": -0.049114477974235904,
        "nauc_recall_at_5_diff1": 0.3919954640175061,
        "nauc_recall_at_5_max": 0.33913244970030093,
        "nauc_recall_at_5_std": -0.05239944479388772,
        "ndcg_at_1": 0.3821,
        "ndcg_at_10": 0.48079,
        "ndcg_at_100": 0.53342,
        "ndcg_at_1000": 0.55299,
        "ndcg_at_20": 0.50182,
        "ndcg_at_3": 0.43735,
        "ndcg_at_5": 0.45916,
        "precision_at_1": 0.3821,
        "precision_at_10": 0.08431,
        "precision_at_100": 0.01289,
        "precision_at_1000": 0.00162,
        "precision_at_20": 0.04928,
        "precision_at_3": 0.20468,
        "precision_at_5": 0.14302,
        "recall_at_1": 0.31788,
        "recall_at_10": 0.59192,
        "recall_at_100": 0.81061,
        "recall_at_1000": 0.93897,
        "recall_at_20": 0.66461,
        "recall_at_3": 0.47194,
        "recall_at_5": 0.52889
      }
    ]
  },
  "task_name": "CQADupstackPhysicsRetrieval"
}