{
  "dataset_revision": "c0f706b76e590d620bd6618b3ca8efdd34e2d659",
  "evaluation_time": 1128.5180008411407,
  "kg_co2_emissions": null,
  "mteb_version": "1.13.1",
  "scores": {
    "test": [
      {
        "hf_subset": "default",
        "languages": [
          "eng-Latn"
        ],
        "main_score": 0.3385,
        "map_at_1": 0.06595,
        "map_at_10": 0.16082,
        "map_at_100": 0.22974,
        "map_at_1000": 0.24291,
        "map_at_20": 0.18897,
        "map_at_3": 0.1161,
        "map_at_5": 0.13479,
        "mrr_at_1": 0.5325,
        "mrr_at_10": 0.6393898809523809,
        "mrr_at_100": 0.6441687588825341,
        "mrr_at_1000": 0.6443239742629254,
        "mrr_at_20": 0.6425711312788519,
        "mrr_at_3": 0.6179166666666667,
        "mrr_at_5": 0.6292916666666667,
        "nauc_map_at_1000_diff1": 0.17686934659439824,
        "nauc_map_at_1000_max": 0.3353874796805172,
        "nauc_map_at_1000_std": 0.27809107945801415,
        "nauc_map_at_100_diff1": 0.18232868139349914,
        "nauc_map_at_100_max": 0.3149209427500358,
        "nauc_map_at_100_std": 0.24854588856012286,
        "nauc_map_at_10_diff1": 0.23717198427120614,
        "nauc_map_at_10_max": 0.18216921913909698,
        "nauc_map_at_10_std": -0.005249207315466403,
        "nauc_map_at_1_diff1": 0.40940114577346526,
        "nauc_map_at_1_max": 0.14219345289784188,
        "nauc_map_at_1_std": -0.16939604913888917,
        "nauc_map_at_20_diff1": 0.21098259048436488,
        "nauc_map_at_20_max": 0.23880137311360783,
        "nauc_map_at_20_std": 0.11022710257190646,
        "nauc_map_at_3_diff1": 0.2853485351691346,
        "nauc_map_at_3_max": 0.12766868908332488,
        "nauc_map_at_3_std": -0.13798732658883478,
        "nauc_map_at_5_diff1": 0.2541408566486313,
        "nauc_map_at_5_max": 0.14143537889532737,
        "nauc_map_at_5_std": -0.08643488287165266,
        "nauc_mrr_at_1000_diff1": 0.32709802313023617,
        "nauc_mrr_at_1000_max": 0.5740495056800161,
        "nauc_mrr_at_1000_std": 0.3194137597790614,
        "nauc_mrr_at_100_diff1": 0.3270818878895161,
        "nauc_mrr_at_100_max": 0.5739597251395551,
        "nauc_mrr_at_100_std": 0.3192058668409707,
        "nauc_mrr_at_10_diff1": 0.32380097051374096,
        "nauc_mrr_at_10_max": 0.5730966526724095,
        "nauc_mrr_at_10_std": 0.32006018139272563,
        "nauc_mrr_at_1_diff1": 0.3639229711710409,
        "nauc_mrr_at_1_max": 0.5703151649214926,
        "nauc_mrr_at_1_std": 0.298615920531718,
        "nauc_mrr_at_20_diff1": 0.3260044403419248,
        "nauc_mrr_at_20_max": 0.5738324201391183,
        "nauc_mrr_at_20_std": 0.3209223786975597,
        "nauc_mrr_at_3_diff1": 0.3262523956148353,
        "nauc_mrr_at_3_max": 0.5715088978105015,
        "nauc_mrr_at_3_std": 0.3187799800411903,
        "nauc_mrr_at_5_diff1": 0.3222703276908472,
        "nauc_mrr_at_5_max": 0.5710275530990191,
        "nauc_mrr_at_5_std": 0.3190994111029589,
        "nauc_ndcg_at_1000_diff1": 0.18803283427516157,
        "nauc_ndcg_at_1000_max": 0.45970073510871445,
        "nauc_ndcg_at_1000_std": 0.37477553002918323,
        "nauc_ndcg_at_100_diff1": 0.20234558540948275,
        "nauc_ndcg_at_100_max": 0.40162361492530696,
        "nauc_ndcg_at_100_std": 0.3043539082370045,
        "nauc_ndcg_at_10_diff1": 0.19849267660990136,
        "nauc_ndcg_at_10_max": 0.3825455884722221,
        "nauc_ndcg_at_10_std": 0.26171938632426306,
        "nauc_ndcg_at_1_diff1": 0.3250734563954673,
        "nauc_ndcg_at_1_max": 0.4480398024839145,
        "nauc_ndcg_at_1_std": 0.2126239576673514,
        "nauc_ndcg_at_20_diff1": 0.18988852748103827,
        "nauc_ndcg_at_20_max": 0.3699006436334972,
        "nauc_ndcg_at_20_std": 0.26366033309976794,
        "nauc_ndcg_at_3_diff1": 0.22810120733373362,
        "nauc_ndcg_at_3_max": 0.4202914335854002,
        "nauc_ndcg_at_3_std": 0.24247010572569944,
        "nauc_ndcg_at_5_diff1": 0.20564896744183686,
        "nauc_ndcg_at_5_max": 0.39754601296966346,
        "nauc_ndcg_at_5_std": 0.2519133993708601,
        "nauc_precision_at_1000_diff1": -0.03453776333603307,
        "nauc_precision_at_1000_max": 0.2473015836573281,
        "nauc_precision_at_1000_std": 0.3735873680494821,
        "nauc_precision_at_100_diff1": -0.06850499215203425,
        "nauc_precision_at_100_max": 0.402493929724783,
        "nauc_precision_at_100_std": 0.5813605068485396,
        "nauc_precision_at_10_diff1": -0.0248570716909128,
        "nauc_precision_at_10_max": 0.3993580268961354,
        "nauc_precision_at_10_std": 0.5306488111043488,
        "nauc_precision_at_1_diff1": 0.3639229711710409,
        "nauc_precision_at_1_max": 0.5703151649214926,
        "nauc_precision_at_1_std": 0.298615920531718,
        "nauc_precision_at_20_diff1": -0.052127764999553135,
        "nauc_precision_at_20_max": 0.4180321734062468,
        "nauc_precision_at_20_std": 0.6008317434665316,
        "nauc_precision_at_3_diff1": 0.08031259221957808,
        "nauc_precision_at_3_max": 0.4396325565906711,
        "nauc_precision_at_3_std": 0.3813118801829096,
        "nauc_precision_at_5_diff1": 0.016754081032037026,
        "nauc_precision_at_5_max": 0.41449617126018484,
        "nauc_precision_at_5_std": 0.44676892285537534,
        "nauc_recall_at_1000_diff1": 0.05189749065537628,
        "nauc_recall_at_1000_max": 0.33645979184773317,
        "nauc_recall_at_1000_std": 0.33520537444986853,
        "nauc_recall_at_100_diff1": 0.12433080899674279,
        "nauc_recall_at_100_max": 0.2839931911099009,
        "nauc_recall_at_100_std": 0.24117074487905676,
        "nauc_recall_at_10_diff1": 0.1428846483408009,
        "nauc_recall_at_10_max": 0.07432239247734237,
        "nauc_recall_at_10_std": -0.07293168023511826,
        "nauc_recall_at_1_diff1": 0.40940114577346526,
        "nauc_recall_at_1_max": 0.14219345289784188,
        "nauc_recall_at_1_std": -0.16939604913888917,
        "nauc_recall_at_20_diff1": 0.11669381228212451,
        "nauc_recall_at_20_max": 0.13668538052199977,
        "nauc_recall_at_20_std": 0.04727089779452409,
        "nauc_recall_at_3_diff1": 0.2133327811984997,
        "nauc_recall_at_3_max": 0.05820224129625356,
        "nauc_recall_at_3_std": -0.1733898884344781,
        "nauc_recall_at_5_diff1": 0.16959654811620878,
        "nauc_recall_at_5_max": 0.052286772834278836,
        "nauc_recall_at_5_std": -0.13656046869560864,
        "ndcg_at_1": 0.4225,
        "ndcg_at_10": 0.3385,
        "ndcg_at_100": 0.3893,
        "ndcg_at_1000": 0.4614,
        "ndcg_at_20": 0.34152,
        "ndcg_at_3": 0.37718,
        "ndcg_at_5": 0.34934,
        "precision_at_1": 0.5325,
        "precision_at_10": 0.27475,
        "precision_at_100": 0.08885,
        "precision_at_1000": 0.01786,
        "precision_at_20": 0.21275,
        "precision_at_3": 0.43,
        "precision_at_5": 0.3505,
        "recall_at_1": 0.06595,
        "recall_at_10": 0.22272,
        "recall_at_100": 0.46584,
        "recall_at_1000": 0.69451,
        "recall_at_20": 0.29315,
        "recall_at_3": 0.13619,
        "recall_at_5": 0.16586
      }
    ]
  },
  "task_name": "DBPedia"
}