{
  "dataset_revision": "bea83ef9e8fb933d90a2f1d5515737465d613e12",
  "evaluation_time": 34313.73468327522,
  "kg_co2_emissions": null,
  "mteb_version": "1.13.1",
  "scores": {
    "test": [
      {
        "hf_subset": "default",
        "languages": [
          "eng-Latn"
        ],
        "main_score": 0.69206,
        "map_at_1": 0.49302,
        "map_at_10": 0.62617,
        "map_at_100": 0.63082,
        "map_at_1000": 0.63099,
        "map_at_20": 0.62923,
        "map_at_3": 0.60138,
        "map_at_5": 0.61785,
        "mrr_at_1": 0.5315031503150315,
        "mrr_at_10": 0.6668758542520918,
        "mrr_at_100": 0.6705073110442351,
        "mrr_at_1000": 0.6705770154830588,
        "mrr_at_20": 0.6693390988714736,
        "mrr_at_3": 0.6426642664266426,
        "mrr_at_5": 0.6591509150915091,
        "nauc_map_at_1000_diff1": 0.39969358608761785,
        "nauc_map_at_1000_max": 0.14724872093288843,
        "nauc_map_at_1000_std": -0.17248835775535262,
        "nauc_map_at_100_diff1": 0.39958798665594625,
        "nauc_map_at_100_max": 0.1472253196444408,
        "nauc_map_at_100_std": -0.1725227417437272,
        "nauc_map_at_10_diff1": 0.3984188147928455,
        "nauc_map_at_10_max": 0.14713039060711625,
        "nauc_map_at_10_std": -0.1750696826676623,
        "nauc_map_at_1_diff1": 0.43702373480842927,
        "nauc_map_at_1_max": 0.1201109224379281,
        "nauc_map_at_1_std": -0.1695172009989644,
        "nauc_map_at_20_diff1": 0.3990270402079526,
        "nauc_map_at_20_max": 0.14686368462128477,
        "nauc_map_at_20_std": -0.173421369748744,
        "nauc_map_at_3_diff1": 0.40221882887285065,
        "nauc_map_at_3_max": 0.14764533421767131,
        "nauc_map_at_3_std": -0.18252780182411546,
        "nauc_map_at_5_diff1": 0.39836712057427354,
        "nauc_map_at_5_max": 0.14523058616536036,
        "nauc_map_at_5_std": -0.18027984691124554,
        "nauc_mrr_at_1000_diff1": 0.4357952887956368,
        "nauc_mrr_at_1000_max": 0.15531134129414156,
        "nauc_mrr_at_1000_std": -0.19940527217828966,
        "nauc_mrr_at_100_diff1": 0.43573609640049477,
        "nauc_mrr_at_100_max": 0.1553374574756117,
        "nauc_mrr_at_100_std": -0.19940941589786404,
        "nauc_mrr_at_10_diff1": 0.4342886985347483,
        "nauc_mrr_at_10_max": 0.1565059129718871,
        "nauc_mrr_at_10_std": -0.20014570585818497,
        "nauc_mrr_at_1_diff1": 0.46773062092831474,
        "nauc_mrr_at_1_max": 0.1291007782512743,
        "nauc_mrr_at_1_std": -0.18934455663638264,
        "nauc_mrr_at_20_diff1": 0.4353007172417667,
        "nauc_mrr_at_20_max": 0.15551849742193524,
        "nauc_mrr_at_20_std": -0.19967992659884726,
        "nauc_mrr_at_3_diff1": 0.4363004498939065,
        "nauc_mrr_at_3_max": 0.15994524372649457,
        "nauc_mrr_at_3_std": -0.2033417697448695,
        "nauc_mrr_at_5_diff1": 0.43366108697055344,
        "nauc_mrr_at_5_max": 0.15540436761386378,
        "nauc_mrr_at_5_std": -0.203968262078528,
        "nauc_ndcg_at_1000_diff1": 0.3964280149393664,
        "nauc_ndcg_at_1000_max": 0.15852724604449106,
        "nauc_ndcg_at_1000_std": -0.16328272026937032,
        "nauc_ndcg_at_100_diff1": 0.3938654947947798,
        "nauc_ndcg_at_100_max": 0.15806080910887055,
        "nauc_ndcg_at_100_std": -0.16408899784383896,
        "nauc_ndcg_at_10_diff1": 0.38798751361880934,
        "nauc_ndcg_at_10_max": 0.1591598256640407,
        "nauc_ndcg_at_10_std": -0.17524004379096736,
        "nauc_ndcg_at_1_diff1": 0.46846700653272577,
        "nauc_ndcg_at_1_max": 0.12952837329153272,
        "nauc_ndcg_at_1_std": -0.18947021664874522,
        "nauc_ndcg_at_20_diff1": 0.3904840413823784,
        "nauc_ndcg_at_20_max": 0.15746002558586186,
        "nauc_ndcg_at_20_std": -0.16902268385952332,
        "nauc_ndcg_at_3_diff1": 0.39752982493676475,
        "nauc_ndcg_at_3_max": 0.16088260670240281,
        "nauc_ndcg_at_3_std": -0.19132058398782192,
        "nauc_ndcg_at_5_diff1": 0.388721408047973,
        "nauc_ndcg_at_5_max": 0.15461220351573476,
        "nauc_ndcg_at_5_std": -0.18817894183528128,
        "nauc_precision_at_1000_diff1": -0.07407242379990506,
        "nauc_precision_at_1000_max": 0.10791419580975412,
        "nauc_precision_at_1000_std": 0.14833559938041047,
        "nauc_precision_at_100_diff1": -0.03790539559998272,
        "nauc_precision_at_100_max": 0.14505499965291987,
        "nauc_precision_at_100_std": 0.11921423945427548,
        "nauc_precision_at_10_diff1": 0.17479887780786169,
        "nauc_precision_at_10_max": 0.21595093950203934,
        "nauc_precision_at_10_std": -0.11039678830131522,
        "nauc_precision_at_1_diff1": 0.46846700653272577,
        "nauc_precision_at_1_max": 0.12952837329153272,
        "nauc_precision_at_1_std": -0.18947021664874522,
        "nauc_precision_at_20_diff1": 0.08652585149713796,
        "nauc_precision_at_20_max": 0.19099823359583706,
        "nauc_precision_at_20_std": -0.0030526381998622156,
        "nauc_precision_at_3_diff1": 0.33162772893855896,
        "nauc_precision_at_3_max": 0.20925104478443096,
        "nauc_precision_at_3_std": -0.2168690953169353,
        "nauc_precision_at_5_diff1": 0.26072798893490323,
        "nauc_precision_at_5_max": 0.1960357275512989,
        "nauc_precision_at_5_std": -0.20288947072097155,
        "nauc_recall_at_1000_diff1": 0.06770669512449032,
        "nauc_recall_at_1000_max": 0.25414727678761384,
        "nauc_recall_at_1000_std": 0.36813389018717335,
        "nauc_recall_at_100_diff1": 0.11234027357535567,
        "nauc_recall_at_100_max": 0.19677722207193862,
        "nauc_recall_at_100_std": 0.13928305668247362,
        "nauc_recall_at_10_diff1": 0.22527665218183066,
        "nauc_recall_at_10_max": 0.18908516541623652,
        "nauc_recall_at_10_std": -0.10701077866325436,
        "nauc_recall_at_1_diff1": 0.43702373480842927,
        "nauc_recall_at_1_max": 0.1201109224379281,
        "nauc_recall_at_1_std": -0.1695172009989644,
        "nauc_recall_at_20_diff1": 0.1910462093797034,
        "nauc_recall_at_20_max": 0.1807498586627858,
        "nauc_recall_at_20_std": -0.03319702856054666,
        "nauc_recall_at_3_diff1": 0.324331279894115,
        "nauc_recall_at_3_max": 0.18125913071666128,
        "nauc_recall_at_3_std": -0.187559288019182,
        "nauc_recall_at_5_diff1": 0.2715675336620924,
        "nauc_recall_at_5_max": 0.16482347122289168,
        "nauc_recall_at_5_std": -0.17618606691663521,
        "ndcg_at_1": 0.5312,
        "ndcg_at_10": 0.69206,
        "ndcg_at_100": 0.71166,
        "ndcg_at_1000": 0.71534,
        "ndcg_at_20": 0.70224,
        "ndcg_at_3": 0.64486,
        "ndcg_at_5": 0.67309,
        "precision_at_1": 0.5312,
        "precision_at_10": 0.09371,
        "precision_at_100": 0.01047,
        "precision_at_1000": 0.00109,
        "precision_at_20": 0.0492,
        "precision_at_3": 0.26463,
        "precision_at_5": 0.17423,
        "recall_at_1": 0.49302,
        "recall_at_10": 0.85468,
        "recall_at_100": 0.93916,
        "recall_at_1000": 0.9649,
        "recall_at_20": 0.89313,
        "recall_at_3": 0.72879,
        "recall_at_5": 0.7974
      }
    ]
  },
  "task_name": "FEVER"
}