{
  "dataset_revision": "bea83ef9e8fb933d90a2f1d5515737465d613e12",
  "evaluation_time": 1673.837152004242,
  "kg_co2_emissions": null,
  "mteb_version": "1.13.1",
  "scores": {
    "test": [
      {
        "hf_subset": "default",
        "languages": [
          "eng-Latn"
        ],
        "main_score": 0.6937,
        "map_at_1": 0.49577,
        "map_at_10": 0.62809,
        "map_at_100": 0.63267,
        "map_at_1000": 0.63284,
        "map_at_20": 0.63113,
        "map_at_3": 0.60345,
        "map_at_5": 0.61977,
        "mrr_at_1": 0.5351035103510351,
        "mrr_at_10": 0.6689717186004315,
        "mrr_at_100": 0.6725173615603489,
        "mrr_at_1000": 0.6725889270623,
        "mrr_at_20": 0.671381964063264,
        "mrr_at_3": 0.6451395139513951,
        "mrr_at_5": 0.6611686168616863,
        "nauc_map_at_1000_diff1": 0.3982298468307889,
        "nauc_map_at_1000_max": 0.14899440130566946,
        "nauc_map_at_1000_std": -0.1670685013286287,
        "nauc_map_at_100_diff1": 0.39811726335191944,
        "nauc_map_at_100_max": 0.14897785038344538,
        "nauc_map_at_100_std": -0.16709973236084993,
        "nauc_map_at_10_diff1": 0.3968890256975859,
        "nauc_map_at_10_max": 0.1486656517114143,
        "nauc_map_at_10_std": -0.1698063963945632,
        "nauc_map_at_1_diff1": 0.43527489654495677,
        "nauc_map_at_1_max": 0.1220941748771831,
        "nauc_map_at_1_std": -0.16464406774643095,
        "nauc_map_at_20_diff1": 0.39746894946930084,
        "nauc_map_at_20_max": 0.14859210393946648,
        "nauc_map_at_20_std": -0.16808000992182376,
        "nauc_map_at_3_diff1": 0.4008283747383605,
        "nauc_map_at_3_max": 0.14867333078770992,
        "nauc_map_at_3_std": -0.17737583989309413,
        "nauc_map_at_5_diff1": 0.39724086696791633,
        "nauc_map_at_5_max": 0.1486208789113103,
        "nauc_map_at_5_std": -0.17386339931941247,
        "nauc_mrr_at_1000_diff1": 0.43172089926085133,
        "nauc_mrr_at_1000_max": 0.15674661346640736,
        "nauc_mrr_at_1000_std": -0.1943895931378287,
        "nauc_mrr_at_100_diff1": 0.4316624072833308,
        "nauc_mrr_at_100_max": 0.15678940594536386,
        "nauc_mrr_at_100_std": -0.19438343546675882,
        "nauc_mrr_at_10_diff1": 0.43032107099135014,
        "nauc_mrr_at_10_max": 0.15781054976911618,
        "nauc_mrr_at_10_std": -0.19532097357052203,
        "nauc_mrr_at_1_diff1": 0.4634110051824503,
        "nauc_mrr_at_1_max": 0.13090812270346103,
        "nauc_mrr_at_1_std": -0.18436233855128467,
        "nauc_mrr_at_20_diff1": 0.43108639303779267,
        "nauc_mrr_at_20_max": 0.15679610430263038,
        "nauc_mrr_at_20_std": -0.19480077296954001,
        "nauc_mrr_at_3_diff1": 0.432834413792847,
        "nauc_mrr_at_3_max": 0.1604417155692968,
        "nauc_mrr_at_3_std": -0.1982713529481824,
        "nauc_mrr_at_5_diff1": 0.43026125775056506,
        "nauc_mrr_at_5_max": 0.1587173459125434,
        "nauc_mrr_at_5_std": -0.19752310377119886,
        "nauc_ndcg_at_1000_diff1": 0.3946569669542086,
        "nauc_ndcg_at_1000_max": 0.15971698047339633,
        "nauc_ndcg_at_1000_std": -0.15796047113026093,
        "nauc_ndcg_at_100_diff1": 0.39202492603587946,
        "nauc_ndcg_at_100_max": 0.15969968568320786,
        "nauc_ndcg_at_100_std": -0.15858377640033813,
        "nauc_ndcg_at_10_diff1": 0.3860546662301214,
        "nauc_ndcg_at_10_max": 0.16009484343782782,
        "nauc_ndcg_at_10_std": -0.1703890101565012,
        "nauc_ndcg_at_1_diff1": 0.4645216815140281,
        "nauc_ndcg_at_1_max": 0.1300197995652495,
        "nauc_ndcg_at_1_std": -0.18540911511657635,
        "nauc_ndcg_at_20_diff1": 0.38793501741092984,
        "nauc_ndcg_at_20_max": 0.15851411850710942,
        "nauc_ndcg_at_20_std": -0.16428700404548507,
        "nauc_ndcg_at_3_diff1": 0.3960580595105601,
        "nauc_ndcg_at_3_max": 0.1612166311751042,
        "nauc_ndcg_at_3_std": -0.18631564118323285,
        "nauc_ndcg_at_5_diff1": 0.38806453409207226,
        "nauc_ndcg_at_5_max": 0.16031848567757054,
        "nauc_ndcg_at_5_std": -0.1802307665480168,
        "nauc_precision_at_1000_diff1": -0.07400953117317748,
        "nauc_precision_at_1000_max": 0.09472786186688238,
        "nauc_precision_at_1000_std": 0.14122499540296082,
        "nauc_precision_at_100_diff1": -0.03655842840726559,
        "nauc_precision_at_100_max": 0.13796926303762114,
        "nauc_precision_at_100_std": 0.11577225590252721,
        "nauc_precision_at_10_diff1": 0.17365809999749837,
        "nauc_precision_at_10_max": 0.20934297699585697,
        "nauc_precision_at_10_std": -0.10985112377314091,
        "nauc_precision_at_1_diff1": 0.4645216815140281,
        "nauc_precision_at_1_max": 0.1300197995652495,
        "nauc_precision_at_1_std": -0.18540911511657635,
        "nauc_precision_at_20_diff1": 0.07873961188693432,
        "nauc_precision_at_20_max": 0.1802132103543509,
        "nauc_precision_at_20_std": -0.007752439083635094,
        "nauc_precision_at_3_diff1": 0.33344406038876345,
        "nauc_precision_at_3_max": 0.2079150704718334,
        "nauc_precision_at_3_std": -0.21290304052739162,
        "nauc_precision_at_5_diff1": 0.26506668886393797,
        "nauc_precision_at_5_max": 0.21364824463934382,
        "nauc_precision_at_5_std": -0.18651855702709078,
        "nauc_recall_at_1000_diff1": 0.07581512571099679,
        "nauc_recall_at_1000_max": 0.24306837890693397,
        "nauc_recall_at_1000_std": 0.3649510192426784,
        "nauc_recall_at_100_diff1": 0.11743780716623366,
        "nauc_recall_at_100_max": 0.20360498382378822,
        "nauc_recall_at_100_std": 0.14299772788399193,
        "nauc_recall_at_10_diff1": 0.224076229322743,
        "nauc_recall_at_10_max": 0.18843678121135593,
        "nauc_recall_at_10_std": -0.1058331178088169,
        "nauc_recall_at_1_diff1": 0.43527489654495677,
        "nauc_recall_at_1_max": 0.1220941748771831,
        "nauc_recall_at_1_std": -0.16464406774643095,
        "nauc_recall_at_20_diff1": 0.18386218878109442,
        "nauc_recall_at_20_max": 0.17893393029298704,
        "nauc_recall_at_20_std": -0.03500871940919936,
        "nauc_recall_at_3_diff1": 0.32478357107505174,
        "nauc_recall_at_3_max": 0.18049834623266217,
        "nauc_recall_at_3_std": -0.1831975326367209,
        "nauc_recall_at_5_diff1": 0.276330630515052,
        "nauc_recall_at_5_max": 0.18315310211507832,
        "nauc_recall_at_5_std": -0.16174709250482178,
        "ndcg_at_1": 0.53465,
        "ndcg_at_10": 0.6937,
        "ndcg_at_100": 0.713,
        "ndcg_at_1000": 0.71675,
        "ndcg_at_20": 0.70383,
        "ndcg_at_3": 0.6469,
        "ndcg_at_5": 0.67471,
        "precision_at_1": 0.53465,
        "precision_at_10": 0.09376,
        "precision_at_100": 0.01046,
        "precision_at_1000": 0.00109,
        "precision_at_20": 0.04924,
        "precision_at_3": 0.26513,
        "precision_at_5": 0.17429,
        "recall_at_1": 0.49577,
        "recall_at_10": 0.85536,
        "recall_at_100": 0.93848,
        "recall_at_1000": 0.96461,
        "recall_at_20": 0.89353,
        "recall_at_3": 0.73049,
        "recall_at_5": 0.79801
      }
    ]
  },
  "task_name": "FEVER"
}