{
  "dataset_revision": "27a168819829fe9bcd655c2df245fb19452e8e06",
  "evaluation_time": 43.56187438964844,
  "kg_co2_emissions": null,
  "mteb_version": "1.13.1",
  "scores": {
    "test": [
      {
        "hf_subset": "default",
        "languages": [
          "eng-Latn"
        ],
        "main_score": 0.41733,
        "map_at_1": 0.19771,
        "map_at_10": 0.33408,
        "map_at_100": 0.35282,
        "map_at_1000": 0.3544,
        "map_at_20": 0.3433,
        "map_at_3": 0.28635,
        "map_at_5": 0.31298,
        "mrr_at_1": 0.3950617283950617,
        "mrr_at_10": 0.49462019890260633,
        "mrr_at_100": 0.5022025300201147,
        "mrr_at_1000": 0.5025348179421035,
        "mrr_at_20": 0.49876105080711775,
        "mrr_at_3": 0.4691358024691358,
        "mrr_at_5": 0.48441358024691356,
        "nauc_map_at_1000_diff1": 0.39389080627007383,
        "nauc_map_at_1000_max": 0.4283122921768796,
        "nauc_map_at_1000_std": -0.04951626259582632,
        "nauc_map_at_100_diff1": 0.3936661278092866,
        "nauc_map_at_100_max": 0.4272758852425708,
        "nauc_map_at_100_std": -0.05029801976177604,
        "nauc_map_at_10_diff1": 0.39687002879927424,
        "nauc_map_at_10_max": 0.41423116541476285,
        "nauc_map_at_10_std": -0.06517929924484944,
        "nauc_map_at_1_diff1": 0.4854394462350578,
        "nauc_map_at_1_max": 0.3174283995297809,
        "nauc_map_at_1_std": -0.11509136941707146,
        "nauc_map_at_20_diff1": 0.3928763137057389,
        "nauc_map_at_20_max": 0.41969997035040024,
        "nauc_map_at_20_std": -0.05897060930258547,
        "nauc_map_at_3_diff1": 0.41103908844965664,
        "nauc_map_at_3_max": 0.3827497932676295,
        "nauc_map_at_3_std": -0.08935167182861875,
        "nauc_map_at_5_diff1": 0.4027543450450695,
        "nauc_map_at_5_max": 0.40676070257180164,
        "nauc_map_at_5_std": -0.07560528021543221,
        "nauc_mrr_at_1000_diff1": 0.4423577194333001,
        "nauc_mrr_at_1000_max": 0.49063622736908236,
        "nauc_mrr_at_1000_std": -0.02325682282867377,
        "nauc_mrr_at_100_diff1": 0.44245605591012177,
        "nauc_mrr_at_100_max": 0.4907077538003234,
        "nauc_mrr_at_100_std": -0.023073009341058815,
        "nauc_mrr_at_10_diff1": 0.4424379466282038,
        "nauc_mrr_at_10_max": 0.4887829669029037,
        "nauc_mrr_at_10_std": -0.027638849513030916,
        "nauc_mrr_at_1_diff1": 0.4845941970414615,
        "nauc_mrr_at_1_max": 0.4870769217969758,
        "nauc_mrr_at_1_std": -0.03960603197233637,
        "nauc_mrr_at_20_diff1": 0.4410970668708462,
        "nauc_mrr_at_20_max": 0.48889877857048103,
        "nauc_mrr_at_20_std": -0.025141819777921143,
        "nauc_mrr_at_3_diff1": 0.44379707554894626,
        "nauc_mrr_at_3_max": 0.49431019215360367,
        "nauc_mrr_at_3_std": -0.028987914447040648,
        "nauc_mrr_at_5_diff1": 0.4390277418463982,
        "nauc_mrr_at_5_max": 0.48811411652009545,
        "nauc_mrr_at_5_std": -0.030988519735213927,
        "nauc_ndcg_at_1000_diff1": 0.39066091773962996,
        "nauc_ndcg_at_1000_max": 0.4694952521184885,
        "nauc_ndcg_at_1000_std": 0.004384771618847105,
        "nauc_ndcg_at_100_diff1": 0.3849282657366997,
        "nauc_ndcg_at_100_max": 0.46033766096169143,
        "nauc_ndcg_at_100_std": 0.001176626295784836,
        "nauc_ndcg_at_10_diff1": 0.3881797853036132,
        "nauc_ndcg_at_10_max": 0.4281851927805683,
        "nauc_ndcg_at_10_std": -0.04731268749352614,
        "nauc_ndcg_at_1_diff1": 0.48921661107981185,
        "nauc_ndcg_at_1_max": 0.4850244699074194,
        "nauc_ndcg_at_1_std": -0.04454665069258747,
        "nauc_ndcg_at_20_diff1": 0.3788404137310556,
        "nauc_ndcg_at_20_max": 0.43100927549903667,
        "nauc_ndcg_at_20_std": -0.036264992765951055,
        "nauc_ndcg_at_3_diff1": 0.3913896433795472,
        "nauc_ndcg_at_3_max": 0.4567057744571298,
        "nauc_ndcg_at_3_std": -0.04336189550503696,
        "nauc_ndcg_at_5_diff1": 0.383801127017279,
        "nauc_ndcg_at_5_max": 0.43956711496628187,
        "nauc_ndcg_at_5_std": -0.04829009469274708,
        "nauc_precision_at_1000_diff1": -0.030751583514440003,
        "nauc_precision_at_1000_max": 0.27330096845227253,
        "nauc_precision_at_1000_std": 0.21906501118939853,
        "nauc_precision_at_100_diff1": 0.013971313946410165,
        "nauc_precision_at_100_max": 0.35809206852600023,
        "nauc_precision_at_100_std": 0.23367523835411885,
        "nauc_precision_at_10_diff1": 0.1283903876637895,
        "nauc_precision_at_10_max": 0.42714269157957946,
        "nauc_precision_at_10_std": 0.1080656695441939,
        "nauc_precision_at_1_diff1": 0.48921661107981185,
        "nauc_precision_at_1_max": 0.4850244699074194,
        "nauc_precision_at_1_std": -0.04454665069258747,
        "nauc_precision_at_20_diff1": 0.07465080566629353,
        "nauc_precision_at_20_max": 0.40562725795867477,
        "nauc_precision_at_20_std": 0.1536613055075088,
        "nauc_precision_at_3_diff1": 0.24826028550305965,
        "nauc_precision_at_3_max": 0.4876311867472781,
        "nauc_precision_at_3_std": 0.04158710275720028,
        "nauc_precision_at_5_diff1": 0.1849276169185074,
        "nauc_precision_at_5_max": 0.47690144467117884,
        "nauc_precision_at_5_std": 0.07710191200965151,
        "nauc_recall_at_1000_diff1": 0.16902096301029612,
        "nauc_recall_at_1000_max": 0.4399798824952218,
        "nauc_recall_at_1000_std": 0.3842317886281062,
        "nauc_recall_at_100_diff1": 0.21303429873179036,
        "nauc_recall_at_100_max": 0.3694411198886705,
        "nauc_recall_at_100_std": 0.1637502950194751,
        "nauc_recall_at_10_diff1": 0.27651707847907575,
        "nauc_recall_at_10_max": 0.3105673445023116,
        "nauc_recall_at_10_std": -0.04161656035475219,
        "nauc_recall_at_1_diff1": 0.4854394462350578,
        "nauc_recall_at_1_max": 0.3174283995297809,
        "nauc_recall_at_1_std": -0.11509136941707146,
        "nauc_recall_at_20_diff1": 0.23260597048238085,
        "nauc_recall_at_20_max": 0.28820304692803467,
        "nauc_recall_at_20_std": -0.020396854825669043,
        "nauc_recall_at_3_diff1": 0.3233779675719989,
        "nauc_recall_at_3_max": 0.33006255346583807,
        "nauc_recall_at_3_std": -0.08270122549260993,
        "nauc_recall_at_5_diff1": 0.2857616994443328,
        "nauc_recall_at_5_max": 0.32620147212538886,
        "nauc_recall_at_5_std": -0.062428490159771935,
        "ndcg_at_1": 0.39352,
        "ndcg_at_10": 0.41733,
        "ndcg_at_100": 0.48605,
        "ndcg_at_1000": 0.5122,
        "ndcg_at_20": 0.44053,
        "ndcg_at_3": 0.3737,
        "ndcg_at_5": 0.38913,
        "precision_at_1": 0.39352,
        "precision_at_10": 0.1179,
        "precision_at_100": 0.01892,
        "precision_at_1000": 0.00237,
        "precision_at_20": 0.06883,
        "precision_at_3": 0.2536,
        "precision_at_5": 0.18858,
        "recall_at_1": 0.19771,
        "recall_at_10": 0.49792,
        "recall_at_100": 0.75367,
        "recall_at_1000": 0.90877,
        "recall_at_20": 0.56954,
        "recall_at_3": 0.34128,
        "recall_at_5": 0.4105
      }
    ]
  },
  "task_name": "FiQA2018"
}