{
  "dataset_revision": "ab518f4d6fcca38d87c25209f94beba119d02014",
  "evaluation_time": 36104.23250603676,
  "kg_co2_emissions": null,
  "mteb_version": "1.13.1",
  "scores": {
    "test": [
      {
        "hf_subset": "default",
        "languages": [
          "eng-Latn"
        ],
        "main_score": 0.61804,
        "map_at_1": 0.36658,
        "map_at_10": 0.52062,
        "map_at_100": 0.52974,
        "map_at_1000": 0.53042,
        "map_at_20": 0.52593,
        "map_at_3": 0.48865,
        "map_at_5": 0.50818,
        "mrr_at_1": 0.7330182309250507,
        "mrr_at_10": 0.8010629347395046,
        "mrr_at_100": 0.8031188931819618,
        "mrr_at_1000": 0.803206629895233,
        "mrr_at_20": 0.8023421981224894,
        "mrr_at_3": 0.7888588791357191,
        "mrr_at_5": 0.7964686022957461,
        "nauc_map_at_1000_diff1": 0.2575838413413935,
        "nauc_map_at_1000_max": 0.25831116627416395,
        "nauc_map_at_1000_std": 0.04165842994695406,
        "nauc_map_at_100_diff1": 0.25731389818345163,
        "nauc_map_at_100_max": 0.2580550866892343,
        "nauc_map_at_100_std": 0.04149166060536832,
        "nauc_map_at_10_diff1": 0.26194049794539725,
        "nauc_map_at_10_max": 0.26204434027176954,
        "nauc_map_at_10_std": 0.03770344083546843,
        "nauc_map_at_1_diff1": 0.7415400452253885,
        "nauc_map_at_1_max": 0.5135217315977142,
        "nauc_map_at_1_std": -0.02212348324582011,
        "nauc_map_at_20_diff1": 0.25864739074950144,
        "nauc_map_at_20_max": 0.25958681093800196,
        "nauc_map_at_20_std": 0.03991866529934869,
        "nauc_map_at_3_diff1": 0.29332767185876857,
        "nauc_map_at_3_max": 0.2820190617156015,
        "nauc_map_at_3_std": 0.02093792655675153,
        "nauc_map_at_5_diff1": 0.27195515834468087,
        "nauc_map_at_5_max": 0.270037614077809,
        "nauc_map_at_5_std": 0.031117187051132762,
        "nauc_mrr_at_1000_diff1": 0.7261565133718568,
        "nauc_mrr_at_1000_max": 0.5321585629823072,
        "nauc_mrr_at_1000_std": -0.008587559116446973,
        "nauc_mrr_at_100_diff1": 0.7261305873374819,
        "nauc_mrr_at_100_max": 0.5321957690287651,
        "nauc_mrr_at_100_std": -0.008492839606507088,
        "nauc_mrr_at_10_diff1": 0.7253327753602027,
        "nauc_mrr_at_10_max": 0.5323860882205375,
        "nauc_mrr_at_10_std": -0.008760731958916497,
        "nauc_mrr_at_1_diff1": 0.7418065991722191,
        "nauc_mrr_at_1_max": 0.5141882733760441,
        "nauc_mrr_at_1_std": -0.02230272993871218,
        "nauc_mrr_at_20_diff1": 0.7261201430681878,
        "nauc_mrr_at_20_max": 0.532315949429359,
        "nauc_mrr_at_20_std": -0.00875087367692075,
        "nauc_mrr_at_3_diff1": 0.7284141633261008,
        "nauc_mrr_at_3_max": 0.5372015540916776,
        "nauc_mrr_at_3_std": -0.012725759882729752,
        "nauc_mrr_at_5_diff1": 0.7255011412555482,
        "nauc_mrr_at_5_max": 0.5344017331455853,
        "nauc_mrr_at_5_std": -0.010071404646159491,
        "nauc_ndcg_at_1000_diff1": 0.29148568465920693,
        "nauc_ndcg_at_1000_max": 0.28092445748288947,
        "nauc_ndcg_at_1000_std": 0.06442945802719313,
        "nauc_ndcg_at_100_diff1": 0.2841027717500199,
        "nauc_ndcg_at_100_max": 0.2742364322452716,
        "nauc_ndcg_at_100_std": 0.06150329269000568,
        "nauc_ndcg_at_10_diff1": 0.3012271577647208,
        "nauc_ndcg_at_10_max": 0.2885587134433568,
        "nauc_ndcg_at_10_std": 0.045043767587717276,
        "nauc_ndcg_at_1_diff1": 0.7415400452253885,
        "nauc_ndcg_at_1_max": 0.5135217315977142,
        "nauc_ndcg_at_1_std": -0.02212348324582011,
        "nauc_ndcg_at_20_diff1": 0.29178571810808274,
        "nauc_ndcg_at_20_max": 0.2814059447467386,
        "nauc_ndcg_at_20_std": 0.05138824094356761,
        "nauc_ndcg_at_3_diff1": 0.35759942677599105,
        "nauc_ndcg_at_3_max": 0.3259032583220537,
        "nauc_ndcg_at_3_std": 0.01878721262542933,
        "nauc_ndcg_at_5_diff1": 0.3237832388918568,
        "nauc_ndcg_at_5_max": 0.30620461370036955,
        "nauc_ndcg_at_5_std": 0.0329541881788127,
        "nauc_precision_at_1000_diff1": -0.13597038138224704,
        "nauc_precision_at_1000_max": 0.017838390994160635,
        "nauc_precision_at_1000_std": 0.2356315741135162,
        "nauc_precision_at_100_diff1": -0.0737264474858441,
        "nauc_precision_at_100_max": 0.03849903916432987,
        "nauc_precision_at_100_std": 0.16578921951603215,
        "nauc_precision_at_10_diff1": 0.060452444405685424,
        "nauc_precision_at_10_max": 0.14152828943503162,
        "nauc_precision_at_10_std": 0.0886026087210347,
        "nauc_precision_at_1_diff1": 0.7415400452253885,
        "nauc_precision_at_1_max": 0.5135217315977142,
        "nauc_precision_at_1_std": -0.02212348324582011,
        "nauc_precision_at_20_diff1": 0.012509238749748946,
        "nauc_precision_at_20_max": 0.10396027223651413,
        "nauc_precision_at_20_std": 0.10811261176838959,
        "nauc_precision_at_3_diff1": 0.20876436481398394,
        "nauc_precision_at_3_max": 0.24824427097740678,
        "nauc_precision_at_3_std": 0.0347224674920775,
        "nauc_precision_at_5_diff1": 0.1303872438262904,
        "nauc_precision_at_5_max": 0.1966433797415202,
        "nauc_precision_at_5_std": 0.06054656644099389,
        "nauc_recall_at_1000_diff1": -0.13597038138224793,
        "nauc_recall_at_1000_max": 0.01783839099416048,
        "nauc_recall_at_1000_std": 0.23563157411351593,
        "nauc_recall_at_100_diff1": -0.0737264474858444,
        "nauc_recall_at_100_max": 0.038499039164330354,
        "nauc_recall_at_100_std": 0.1657892195160322,
        "nauc_recall_at_10_diff1": 0.06045244440568494,
        "nauc_recall_at_10_max": 0.14152828943503043,
        "nauc_recall_at_10_std": 0.08860260872103458,
        "nauc_recall_at_1_diff1": 0.7415400452253885,
        "nauc_recall_at_1_max": 0.5135217315977142,
        "nauc_recall_at_1_std": -0.02212348324582011,
        "nauc_recall_at_20_diff1": 0.012509238749749792,
        "nauc_recall_at_20_max": 0.10396027223651383,
        "nauc_recall_at_20_std": 0.1081126117683899,
        "nauc_recall_at_3_diff1": 0.20876436481398322,
        "nauc_recall_at_3_max": 0.24824427097740637,
        "nauc_recall_at_3_std": 0.03472246749207675,
        "nauc_recall_at_5_diff1": 0.1303872438262908,
        "nauc_recall_at_5_max": 0.19664337974152019,
        "nauc_recall_at_5_std": 0.06054656644099428,
        "ndcg_at_1": 0.73315,
        "ndcg_at_10": 0.61804,
        "ndcg_at_100": 0.65011,
        "ndcg_at_1000": 0.66366,
        "ndcg_at_20": 0.63118,
        "ndcg_at_3": 0.57057,
        "ndcg_at_5": 0.59631,
        "precision_at_1": 0.73315,
        "precision_at_10": 0.12781,
        "precision_at_100": 0.0153,
        "precision_at_1000": 0.00171,
        "precision_at_20": 0.06812,
        "precision_at_3": 0.3558,
        "precision_at_5": 0.23384,
        "recall_at_1": 0.36658,
        "recall_at_10": 0.63903,
        "recall_at_100": 0.76496,
        "recall_at_1000": 0.85503,
        "recall_at_20": 0.68116,
        "recall_at_3": 0.53369,
        "recall_at_5": 0.5846
      }
    ]
  },
  "task_name": "HotpotQA"
}