{
  "dataset_revision": "ab518f4d6fcca38d87c25209f94beba119d02014",
  "evaluation_time": 1450.9854216575623,
  "kg_co2_emissions": null,
  "mteb_version": "1.13.1",
  "scores": {
    "test": [
      {
        "hf_subset": "default",
        "languages": [
          "eng-Latn"
        ],
        "main_score": 0.61843,
        "map_at_1": 0.36644,
        "map_at_10": 0.52122,
        "map_at_100": 0.53026,
        "map_at_1000": 0.53095,
        "map_at_20": 0.52652,
        "map_at_3": 0.48933,
        "map_at_5": 0.5086,
        "mrr_at_1": 0.7327481431465226,
        "mrr_at_10": 0.8005235630151227,
        "mrr_at_100": 0.8025458354463477,
        "mrr_at_1000": 0.8026384401862288,
        "mrr_at_20": 0.8018081984207971,
        "mrr_at_3": 0.7881386450596444,
        "mrr_at_5": 0.7958226423587665,
        "nauc_map_at_1000_diff1": 0.25946080514482295,
        "nauc_map_at_1000_max": 0.25617678277771594,
        "nauc_map_at_1000_std": 0.04419852750823579,
        "nauc_map_at_100_diff1": 0.25915675139073485,
        "nauc_map_at_100_max": 0.25587611168131164,
        "nauc_map_at_100_std": 0.044033685424815304,
        "nauc_map_at_10_diff1": 0.2637294916295319,
        "nauc_map_at_10_max": 0.2596742828405666,
        "nauc_map_at_10_std": 0.03983353193368619,
        "nauc_map_at_1_diff1": 0.7387653526849726,
        "nauc_map_at_1_max": 0.5090708280741656,
        "nauc_map_at_1_std": -0.017604116077154935,
        "nauc_map_at_20_diff1": 0.2602688749741721,
        "nauc_map_at_20_max": 0.257102914964083,
        "nauc_map_at_20_std": 0.04248173228776338,
        "nauc_map_at_3_diff1": 0.2950477020324319,
        "nauc_map_at_3_max": 0.28018596728108974,
        "nauc_map_at_3_std": 0.023901317864420707,
        "nauc_map_at_5_diff1": 0.27437844578467885,
        "nauc_map_at_5_max": 0.2680093430083707,
        "nauc_map_at_5_std": 0.03369374077059234,
        "nauc_mrr_at_1000_diff1": 0.7240961817546071,
        "nauc_mrr_at_1000_max": 0.5285743565535862,
        "nauc_mrr_at_1000_std": -0.003059083564475819,
        "nauc_mrr_at_100_diff1": 0.7240699445834538,
        "nauc_mrr_at_100_max": 0.5285964846779188,
        "nauc_mrr_at_100_std": -0.002983528151402416,
        "nauc_mrr_at_10_diff1": 0.7233838156473409,
        "nauc_mrr_at_10_max": 0.5286026992889996,
        "nauc_mrr_at_10_std": -0.003653218057817193,
        "nauc_mrr_at_1_diff1": 0.7390328350234209,
        "nauc_mrr_at_1_max": 0.5100679787593558,
        "nauc_mrr_at_1_std": -0.017023597665258156,
        "nauc_mrr_at_20_diff1": 0.7240226970066747,
        "nauc_mrr_at_20_max": 0.5287632282432297,
        "nauc_mrr_at_20_std": -0.0031730382156693873,
        "nauc_mrr_at_3_diff1": 0.7257764432881906,
        "nauc_mrr_at_3_max": 0.5342071418587445,
        "nauc_mrr_at_3_std": -0.006558427047501702,
        "nauc_mrr_at_5_diff1": 0.7240316209512215,
        "nauc_mrr_at_5_max": 0.5312768577808528,
        "nauc_mrr_at_5_std": -0.003409244598157217,
        "nauc_ndcg_at_1000_diff1": 0.2927764817202638,
        "nauc_ndcg_at_1000_max": 0.2784852802177059,
        "nauc_ndcg_at_1000_std": 0.06677556580705803,
        "nauc_ndcg_at_100_diff1": 0.28506047890966096,
        "nauc_ndcg_at_100_max": 0.2710545046832414,
        "nauc_ndcg_at_100_std": 0.0637165714358208,
        "nauc_ndcg_at_10_diff1": 0.30195542143759724,
        "nauc_ndcg_at_10_max": 0.28514345383840006,
        "nauc_ndcg_at_10_std": 0.04647467233514223,
        "nauc_ndcg_at_1_diff1": 0.7387653526849726,
        "nauc_ndcg_at_1_max": 0.5090708280741656,
        "nauc_ndcg_at_1_std": -0.017604116077154935,
        "nauc_ndcg_at_20_diff1": 0.2918743922420088,
        "nauc_ndcg_at_20_max": 0.27756265262729307,
        "nauc_ndcg_at_20_std": 0.05414505048811024,
        "nauc_ndcg_at_3_diff1": 0.35831000498826937,
        "nauc_ndcg_at_3_max": 0.3236735453342322,
        "nauc_ndcg_at_3_std": 0.0222358684806872,
        "nauc_ndcg_at_5_diff1": 0.32588323514596457,
        "nauc_ndcg_at_5_max": 0.30371162229279675,
        "nauc_ndcg_at_5_std": 0.03621179743593243,
        "nauc_precision_at_1000_diff1": -0.13415191491737544,
        "nauc_precision_at_1000_max": 0.01814063382154893,
        "nauc_precision_at_1000_std": 0.23558318424272748,
        "nauc_precision_at_100_diff1": -0.07282888352200748,
        "nauc_precision_at_100_max": 0.03379862635395418,
        "nauc_precision_at_100_std": 0.1649282163995534,
        "nauc_precision_at_10_diff1": 0.06040514222402875,
        "nauc_precision_at_10_max": 0.13693921334686562,
        "nauc_precision_at_10_std": 0.08701177080419877,
        "nauc_precision_at_1_diff1": 0.7387653526849726,
        "nauc_precision_at_1_max": 0.5090708280741656,
        "nauc_precision_at_1_std": -0.017604116077154935,
        "nauc_precision_at_20_diff1": 0.010168749728070688,
        "nauc_precision_at_20_max": 0.09774024443567533,
        "nauc_precision_at_20_std": 0.11033454482654033,
        "nauc_precision_at_3_diff1": 0.21110142152286254,
        "nauc_precision_at_3_max": 0.2475126947437151,
        "nauc_precision_at_3_std": 0.03831122774753131,
        "nauc_precision_at_5_diff1": 0.13477046156247274,
        "nauc_precision_at_5_max": 0.19517720748640421,
        "nauc_precision_at_5_std": 0.06357743602607145,
        "nauc_recall_at_1000_diff1": -0.1341519149173756,
        "nauc_recall_at_1000_max": 0.01814063382155105,
        "nauc_recall_at_1000_std": 0.2355831842427283,
        "nauc_recall_at_100_diff1": -0.0728288835220075,
        "nauc_recall_at_100_max": 0.03379862635395336,
        "nauc_recall_at_100_std": 0.16492821639955305,
        "nauc_recall_at_10_diff1": 0.06040514222402908,
        "nauc_recall_at_10_max": 0.13693921334686604,
        "nauc_recall_at_10_std": 0.08701177080419953,
        "nauc_recall_at_1_diff1": 0.7387653526849726,
        "nauc_recall_at_1_max": 0.5090708280741656,
        "nauc_recall_at_1_std": -0.017604116077154935,
        "nauc_recall_at_20_diff1": 0.010168749728070527,
        "nauc_recall_at_20_max": 0.09774024443567543,
        "nauc_recall_at_20_std": 0.1103345448265401,
        "nauc_recall_at_3_diff1": 0.21110142152286204,
        "nauc_recall_at_3_max": 0.24751269474371418,
        "nauc_recall_at_3_std": 0.038311227747530575,
        "nauc_recall_at_5_diff1": 0.13477046156247272,
        "nauc_recall_at_5_max": 0.19517720748640466,
        "nauc_recall_at_5_std": 0.06357743602607199,
        "ndcg_at_1": 0.73288,
        "ndcg_at_10": 0.61843,
        "ndcg_at_100": 0.65029,
        "ndcg_at_1000": 0.66389,
        "ndcg_at_20": 0.63159,
        "ndcg_at_3": 0.57073,
        "ndcg_at_5": 0.59628,
        "precision_at_1": 0.73288,
        "precision_at_10": 0.12799,
        "precision_at_100": 0.01531,
        "precision_at_1000": 0.00171,
        "precision_at_20": 0.06823,
        "precision_at_3": 0.35593,
        "precision_at_5": 0.23376,
        "recall_at_1": 0.36644,
        "recall_at_10": 0.63997,
        "recall_at_100": 0.76529,
        "recall_at_1000": 0.85564,
        "recall_at_20": 0.68231,
        "recall_at_3": 0.5339,
        "recall_at_5": 0.5844
      }
    ]
  },
  "task_name": "HotpotQA"
}