{
  "dataset_revision": "c5a29a104738b98a9e76336939199e264163d4a0",
  "evaluation_time": 2381.688254594803,
  "kg_co2_emissions": null,
  "mteb_version": "1.13.1",
  "scores": {
    "dev": [
      {
        "hf_subset": "default",
        "languages": [
          "eng-Latn"
        ],
        "main_score": 0.35712,
        "map_at_1": 0.16775,
        "map_at_10": 0.28829,
        "map_at_100": 0.30107,
        "map_at_1000": 0.30162,
        "map_at_20": 0.29603,
        "map_at_3": 0.24887,
        "map_at_5": 0.27195,
        "mrr_at_1": 0.17177650429799426,
        "mrr_at_10": 0.2928747100559421,
        "mrr_at_100": 0.3052196959988109,
        "mrr_at_1000": 0.3057120928255474,
        "mrr_at_20": 0.3004012071407804,
        "mrr_at_3": 0.2543696275071633,
        "mrr_at_5": 0.2769842406876791,
        "nauc_map_at_1000_diff1": 0.235054923846022,
        "nauc_map_at_1000_max": 0.016527558580467578,
        "nauc_map_at_1000_std": -0.19972402983151868,
        "nauc_map_at_100_diff1": 0.2349983022300038,
        "nauc_map_at_100_max": 0.01643911194655693,
        "nauc_map_at_100_std": -0.19958213562654153,
        "nauc_map_at_10_diff1": 0.2352003315346373,
        "nauc_map_at_10_max": 0.015710815554857326,
        "nauc_map_at_10_std": -0.2081824651685418,
        "nauc_map_at_1_diff1": 0.26654044289016193,
        "nauc_map_at_1_max": 0.007660406040774795,
        "nauc_map_at_1_std": -0.18774776454740147,
        "nauc_map_at_20_diff1": 0.23468810716032162,
        "nauc_map_at_20_max": 0.01567520481876288,
        "nauc_map_at_20_std": -0.20290291587285905,
        "nauc_map_at_3_diff1": 0.2366278903712299,
        "nauc_map_at_3_max": 0.014757876434784154,
        "nauc_map_at_3_std": -0.20615202576791727,
        "nauc_map_at_5_diff1": 0.2345755351969502,
        "nauc_map_at_5_max": 0.01235976544614831,
        "nauc_map_at_5_std": -0.2108464065261959,
        "nauc_mrr_at_1000_diff1": 0.2351098683279786,
        "nauc_mrr_at_1000_max": 0.016682200550242176,
        "nauc_mrr_at_1000_std": -0.1977589540334662,
        "nauc_mrr_at_100_diff1": 0.23507362157722303,
        "nauc_mrr_at_100_max": 0.016650239237473448,
        "nauc_mrr_at_100_std": -0.19755988518411094,
        "nauc_mrr_at_10_diff1": 0.23511949688319567,
        "nauc_mrr_at_10_max": 0.016413903877888072,
        "nauc_mrr_at_10_std": -0.20580245342512699,
        "nauc_mrr_at_1_diff1": 0.26844308913322595,
        "nauc_mrr_at_1_max": 0.0059527082438090495,
        "nauc_mrr_at_1_std": -0.18851788952609463,
        "nauc_mrr_at_20_diff1": 0.23471490087669974,
        "nauc_mrr_at_20_max": 0.01593330759724708,
        "nauc_mrr_at_20_std": -0.20055249059491295,
        "nauc_mrr_at_3_diff1": 0.23630371796210065,
        "nauc_mrr_at_3_max": 0.014830998499414612,
        "nauc_mrr_at_3_std": -0.2038751118752003,
        "nauc_mrr_at_5_diff1": 0.23495138723886536,
        "nauc_mrr_at_5_max": 0.012657968386984372,
        "nauc_mrr_at_5_std": -0.20783212133792675,
        "nauc_ndcg_at_1000_diff1": 0.22700202172242306,
        "nauc_ndcg_at_1000_max": 0.02728437899254825,
        "nauc_ndcg_at_1000_std": -0.17691900874057703,
        "nauc_ndcg_at_100_diff1": 0.2265071384253545,
        "nauc_ndcg_at_100_max": 0.027082143532316045,
        "nauc_ndcg_at_100_std": -0.16804396910268096,
        "nauc_ndcg_at_10_diff1": 0.2271820729254279,
        "nauc_ndcg_at_10_max": 0.02063903811480711,
        "nauc_ndcg_at_10_std": -0.2121612296772892,
        "nauc_ndcg_at_1_diff1": 0.26480096879068443,
        "nauc_ndcg_at_1_max": 0.006383794471742107,
        "nauc_ndcg_at_1_std": -0.18704055434277775,
        "nauc_ndcg_at_20_diff1": 0.22470718761194583,
        "nauc_ndcg_at_20_max": 0.02066405379699789,
        "nauc_ndcg_at_20_std": -0.19300920127496926,
        "nauc_ndcg_at_3_diff1": 0.22918287450551644,
        "nauc_ndcg_at_3_max": 0.016951568534684807,
        "nauc_ndcg_at_3_std": -0.2108278034734724,
        "nauc_ndcg_at_5_diff1": 0.22604288323825794,
        "nauc_ndcg_at_5_max": 0.013319764250672293,
        "nauc_ndcg_at_5_std": -0.21847076777401722,
        "nauc_precision_at_1000_diff1": -0.009809721969548038,
        "nauc_precision_at_1000_max": 0.15647143536361366,
        "nauc_precision_at_1000_std": 0.21985192160987374,
        "nauc_precision_at_100_diff1": 0.11234821935462269,
        "nauc_precision_at_100_max": 0.11258297182251778,
        "nauc_precision_at_100_std": 0.15870225003054192,
        "nauc_precision_at_10_diff1": 0.1952708105989413,
        "nauc_precision_at_10_max": 0.033427008322662245,
        "nauc_precision_at_10_std": -0.20679914253920276,
        "nauc_precision_at_1_diff1": 0.26480096879068443,
        "nauc_precision_at_1_max": 0.006383794471742107,
        "nauc_precision_at_1_std": -0.18704055434277775,
        "nauc_precision_at_20_diff1": 0.17029428102811403,
        "nauc_precision_at_20_max": 0.039419125370878605,
        "nauc_precision_at_20_std": -0.11745748001576137,
        "nauc_precision_at_3_diff1": 0.2094331369859914,
        "nauc_precision_at_3_max": 0.019939581375518378,
        "nauc_precision_at_3_std": -0.22175957421007622,
        "nauc_precision_at_5_diff1": 0.19906003211478657,
        "nauc_precision_at_5_max": 0.0142822677402413,
        "nauc_precision_at_5_std": -0.2327592496148177,
        "nauc_recall_at_1000_diff1": 0.037692080808214255,
        "nauc_recall_at_1000_max": 0.35814895407951824,
        "nauc_recall_at_1000_std": 0.5715422760100539,
        "nauc_recall_at_100_diff1": 0.17590239949279354,
        "nauc_recall_at_100_max": 0.11358714146765318,
        "nauc_recall_at_100_std": 0.15748457207422795,
        "nauc_recall_at_10_diff1": 0.20507445459252585,
        "nauc_recall_at_10_max": 0.033736859124494714,
        "nauc_recall_at_10_std": -0.22248477142275205,
        "nauc_recall_at_1_diff1": 0.26654044289016193,
        "nauc_recall_at_1_max": 0.007660406040774795,
        "nauc_recall_at_1_std": -0.18774776454740147,
        "nauc_recall_at_20_diff1": 0.18983078731744157,
        "nauc_recall_at_20_max": 0.03588549810051884,
        "nauc_recall_at_20_std": -0.14494252382411932,
        "nauc_recall_at_3_diff1": 0.21063136281536105,
        "nauc_recall_at_3_max": 0.02129863218991451,
        "nauc_recall_at_3_std": -0.2236022104053944,
        "nauc_recall_at_5_diff1": 0.20421814963320525,
        "nauc_recall_at_5_max": 0.013827558132745322,
        "nauc_recall_at_5_std": -0.23993371296359883,
        "ndcg_at_1": 0.17249,
        "ndcg_at_10": 0.35712,
        "ndcg_at_100": 0.41957,
        "ndcg_at_1000": 0.43369,
        "ndcg_at_20": 0.38472,
        "ndcg_at_3": 0.27699,
        "ndcg_at_5": 0.31813,
        "precision_at_1": 0.17249,
        "precision_at_10": 0.05954,
        "precision_at_100": 0.00908,
        "precision_at_1000": 0.00103,
        "precision_at_20": 0.0355,
        "precision_at_3": 0.12182,
        "precision_at_5": 0.09393,
        "recall_at_1": 0.16775,
        "recall_at_10": 0.57025,
        "recall_at_100": 0.86091,
        "recall_at_1000": 0.96897,
        "recall_at_20": 0.67758,
        "recall_at_3": 0.35284,
        "recall_at_5": 0.45149
      }
    ]
  },
  "task_name": "MSMARCO"
}