{
  "dataset_revision": "ec0fa4fe99da2ff19ca1214b7966684033a58814",
  "evaluation_time": 53.616310834884644,
  "kg_co2_emissions": null,
  "mteb_version": "1.13.1",
  "scores": {
    "test": [
      {
        "hf_subset": "default",
        "languages": [
          "eng-Latn"
        ],
        "main_score": 0.35684,
        "map_at_1": 0.05846,
        "map_at_10": 0.13521,
        "map_at_100": 0.17305,
        "map_at_1000": 0.18798,
        "map_at_20": 0.15068,
        "map_at_3": 0.09755,
        "map_at_5": 0.11366,
        "mrr_at_1": 0.4551083591331269,
        "mrr_at_10": 0.5455268072141137,
        "mrr_at_100": 0.5518398423457951,
        "mrr_at_1000": 0.5522268788302317,
        "mrr_at_20": 0.5494819227495424,
        "mrr_at_3": 0.5304437564499485,
        "mrr_at_5": 0.539422084623323,
        "nauc_map_at_1000_diff1": 0.28031840108534295,
        "nauc_map_at_1000_max": 0.38101516883460207,
        "nauc_map_at_1000_std": 0.1908540085044667,
        "nauc_map_at_100_diff1": 0.2948967207169767,
        "nauc_map_at_100_max": 0.36571738361490197,
        "nauc_map_at_100_std": 0.1483832245346346,
        "nauc_map_at_10_diff1": 0.34195588334965726,
        "nauc_map_at_10_max": 0.29794087743805686,
        "nauc_map_at_10_std": 0.016483055793605313,
        "nauc_map_at_1_diff1": 0.46708802124022325,
        "nauc_map_at_1_max": 0.14098061065699694,
        "nauc_map_at_1_std": -0.10317455693431274,
        "nauc_map_at_20_diff1": 0.32413451708147606,
        "nauc_map_at_20_max": 0.3286104952840896,
        "nauc_map_at_20_std": 0.06503578454147028,
        "nauc_map_at_3_diff1": 0.4271877200793,
        "nauc_map_at_3_max": 0.23209517344156744,
        "nauc_map_at_3_std": -0.07255197793182015,
        "nauc_map_at_5_diff1": 0.38896675619801313,
        "nauc_map_at_5_max": 0.26298288333500763,
        "nauc_map_at_5_std": -0.04558565058268033,
        "nauc_mrr_at_1000_diff1": 0.38463990869132564,
        "nauc_mrr_at_1000_max": 0.5745498218045944,
        "nauc_mrr_at_1000_std": 0.2881974646235596,
        "nauc_mrr_at_100_diff1": 0.3845658323899432,
        "nauc_mrr_at_100_max": 0.5747573501495421,
        "nauc_mrr_at_100_std": 0.2887717749922078,
        "nauc_mrr_at_10_diff1": 0.38409034910219775,
        "nauc_mrr_at_10_max": 0.5720724328113791,
        "nauc_mrr_at_10_std": 0.2832593311142363,
        "nauc_mrr_at_1_diff1": 0.41086589563201475,
        "nauc_mrr_at_1_max": 0.5040570412778987,
        "nauc_mrr_at_1_std": 0.1921988315228594,
        "nauc_mrr_at_20_diff1": 0.38387531891498045,
        "nauc_mrr_at_20_max": 0.5753692791208954,
        "nauc_mrr_at_20_std": 0.2881966607096397,
        "nauc_mrr_at_3_diff1": 0.38658218442517095,
        "nauc_mrr_at_3_max": 0.5697379770775272,
        "nauc_mrr_at_3_std": 0.28529033741613363,
        "nauc_mrr_at_5_diff1": 0.38403296673511744,
        "nauc_mrr_at_5_max": 0.5721948861380955,
        "nauc_mrr_at_5_std": 0.2841492114287599,
        "nauc_ndcg_at_1000_diff1": 0.24930136588991814,
        "nauc_ndcg_at_1000_max": 0.5172615192566129,
        "nauc_ndcg_at_1000_std": 0.35448852055702557,
        "nauc_ndcg_at_100_diff1": 0.25528449503200423,
        "nauc_ndcg_at_100_max": 0.4842881221244454,
        "nauc_ndcg_at_100_std": 0.32816284527332973,
        "nauc_ndcg_at_10_diff1": 0.22971807990657891,
        "nauc_ndcg_at_10_max": 0.5078144598561046,
        "nauc_ndcg_at_10_std": 0.3325830312882863,
        "nauc_ndcg_at_1_diff1": 0.4101220040966544,
        "nauc_ndcg_at_1_max": 0.4909922591669811,
        "nauc_ndcg_at_1_std": 0.209605351712349,
        "nauc_ndcg_at_20_diff1": 0.23148126182004278,
        "nauc_ndcg_at_20_max": 0.48846102987558354,
        "nauc_ndcg_at_20_std": 0.3312052508893639,
        "nauc_ndcg_at_3_diff1": 0.3163985872128466,
        "nauc_ndcg_at_3_max": 0.5403916216611042,
        "nauc_ndcg_at_3_std": 0.2760514044281639,
        "nauc_ndcg_at_5_diff1": 0.27407047207740215,
        "nauc_ndcg_at_5_max": 0.5278659172868079,
        "nauc_ndcg_at_5_std": 0.2921988972110081,
        "nauc_precision_at_1000_diff1": -0.1340132186980926,
        "nauc_precision_at_1000_max": 0.17417423608343674,
        "nauc_precision_at_1000_std": 0.4932618006612955,
        "nauc_precision_at_100_diff1": -0.10575479544304325,
        "nauc_precision_at_100_max": 0.322371724025596,
        "nauc_precision_at_100_std": 0.5853691509670148,
        "nauc_precision_at_10_diff1": 0.006407043589060031,
        "nauc_precision_at_10_max": 0.48096024076396754,
        "nauc_precision_at_10_std": 0.45976326549665636,
        "nauc_precision_at_1_diff1": 0.4191127857602521,
        "nauc_precision_at_1_max": 0.5045827422311671,
        "nauc_precision_at_1_std": 0.1982649195276703,
        "nauc_precision_at_20_diff1": -0.026638694352219158,
        "nauc_precision_at_20_max": 0.4360334411002068,
        "nauc_precision_at_20_std": 0.5141143530783787,
        "nauc_precision_at_3_diff1": 0.20944400686120493,
        "nauc_precision_at_3_max": 0.5504058368795752,
        "nauc_precision_at_3_std": 0.3221900538158629,
        "nauc_precision_at_5_diff1": 0.111490015874526,
        "nauc_precision_at_5_max": 0.5239668121717144,
        "nauc_precision_at_5_std": 0.3676461058213439,
        "nauc_recall_at_1000_diff1": 0.01648768043986863,
        "nauc_recall_at_1000_max": 0.21542519026123902,
        "nauc_recall_at_1000_std": 0.199886888110709,
        "nauc_recall_at_100_diff1": 0.15531040321275824,
        "nauc_recall_at_100_max": 0.2753729404113294,
        "nauc_recall_at_100_std": 0.20107088161298098,
        "nauc_recall_at_10_diff1": 0.2593669373372054,
        "nauc_recall_at_10_max": 0.25150735882368075,
        "nauc_recall_at_10_std": 0.021891705187997875,
        "nauc_recall_at_1_diff1": 0.46708802124022325,
        "nauc_recall_at_1_max": 0.14098061065699694,
        "nauc_recall_at_1_std": -0.10317455693431274,
        "nauc_recall_at_20_diff1": 0.22511940160417548,
        "nauc_recall_at_20_max": 0.2541979850263936,
        "nauc_recall_at_20_std": 0.05384272735558273,
        "nauc_recall_at_3_diff1": 0.3865522026230733,
        "nauc_recall_at_3_max": 0.24053183159511735,
        "nauc_recall_at_3_std": -0.038989157949123054,
        "nauc_recall_at_5_diff1": 0.32243340852197405,
        "nauc_recall_at_5_max": 0.24669311262030344,
        "nauc_recall_at_5_std": -0.031201735793832678,
        "ndcg_at_1": 0.43034,
        "ndcg_at_10": 0.35684,
        "ndcg_at_100": 0.33097,
        "ndcg_at_1000": 0.41786,
        "ndcg_at_20": 0.33448,
        "ndcg_at_3": 0.4055,
        "ndcg_at_5": 0.38265,
        "precision_at_1": 0.45201,
        "precision_at_10": 0.26873,
        "precision_at_100": 0.08545,
        "precision_at_1000": 0.02126,
        "precision_at_20": 0.19938,
        "precision_at_3": 0.38906,
        "precision_at_5": 0.33684,
        "recall_at_1": 0.05846,
        "recall_at_10": 0.17689,
        "recall_at_100": 0.33828,
        "recall_at_1000": 0.65892,
        "recall_at_20": 0.21808,
        "recall_at_3": 0.10837,
        "recall_at_5": 0.13548
      }
    ]
  },
  "task_name": "NFCorpus"
}