{
  "dataset_revision": "ec0fa4fe99da2ff19ca1214b7966684033a58814",
  "evaluation_time": 32.488094329833984,
  "kg_co2_emissions": null,
  "mteb_version": "1.13.1",
  "scores": {
    "test": [
      {
        "hf_subset": "default",
        "languages": [
          "eng-Latn"
        ],
        "main_score": 0.36531,
        "map_at_1": 0.06262,
        "map_at_10": 0.13962,
        "map_at_100": 0.17702,
        "map_at_1000": 0.19172,
        "map_at_20": 0.15633,
        "map_at_3": 0.10307,
        "map_at_5": 0.11922,
        "mrr_at_1": 0.48297213622291024,
        "mrr_at_10": 0.5604034596294658,
        "mrr_at_100": 0.5662306003669265,
        "mrr_at_1000": 0.5666714835372147,
        "mrr_at_20": 0.5639932943751872,
        "mrr_at_3": 0.5469556243550051,
        "mrr_at_5": 0.5525283797729619,
        "nauc_map_at_1000_diff1": 0.24450514200754533,
        "nauc_map_at_1000_max": 0.4137919596688291,
        "nauc_map_at_1000_std": 0.19772170719105636,
        "nauc_map_at_100_diff1": 0.25178150914505215,
        "nauc_map_at_100_max": 0.3968418272083986,
        "nauc_map_at_100_std": 0.15325360800277246,
        "nauc_map_at_10_diff1": 0.2838047298632016,
        "nauc_map_at_10_max": 0.3334492667465408,
        "nauc_map_at_10_std": 0.02684649298388517,
        "nauc_map_at_1_diff1": 0.40026558229501086,
        "nauc_map_at_1_max": 0.17636167755431315,
        "nauc_map_at_1_std": -0.10127297417844298,
        "nauc_map_at_20_diff1": 0.2682161598371948,
        "nauc_map_at_20_max": 0.3611123603435472,
        "nauc_map_at_20_std": 0.07572923029303477,
        "nauc_map_at_3_diff1": 0.3415326293326222,
        "nauc_map_at_3_max": 0.24541823032054272,
        "nauc_map_at_3_std": -0.08240662356232975,
        "nauc_map_at_5_diff1": 0.3065026716060599,
        "nauc_map_at_5_max": 0.2860211779929888,
        "nauc_map_at_5_std": -0.03928107114118897,
        "nauc_mrr_at_1000_diff1": 0.3126508849185404,
        "nauc_mrr_at_1000_max": 0.6392498059413279,
        "nauc_mrr_at_1000_std": 0.32892038760916426,
        "nauc_mrr_at_100_diff1": 0.3123004649411727,
        "nauc_mrr_at_100_max": 0.6394531441269558,
        "nauc_mrr_at_100_std": 0.32942692468970053,
        "nauc_mrr_at_10_diff1": 0.31432919596723424,
        "nauc_mrr_at_10_max": 0.6390502963300294,
        "nauc_mrr_at_10_std": 0.329370727334687,
        "nauc_mrr_at_1_diff1": 0.32712956458362313,
        "nauc_mrr_at_1_max": 0.5785832094617167,
        "nauc_mrr_at_1_std": 0.2191965086639346,
        "nauc_mrr_at_20_diff1": 0.3139959475223912,
        "nauc_mrr_at_20_max": 0.641289530000876,
        "nauc_mrr_at_20_std": 0.33148000134593403,
        "nauc_mrr_at_3_diff1": 0.32093278299871086,
        "nauc_mrr_at_3_max": 0.6307941798964842,
        "nauc_mrr_at_3_std": 0.31601104131322805,
        "nauc_mrr_at_5_diff1": 0.3208891028518703,
        "nauc_mrr_at_5_max": 0.638890817789006,
        "nauc_mrr_at_5_std": 0.3239046090707884,
        "nauc_ndcg_at_1000_diff1": 0.21236941182014393,
        "nauc_ndcg_at_1000_max": 0.5508052450738079,
        "nauc_ndcg_at_1000_std": 0.3631873495017776,
        "nauc_ndcg_at_100_diff1": 0.20951902606592254,
        "nauc_ndcg_at_100_max": 0.5026065969278546,
        "nauc_ndcg_at_100_std": 0.325220975208089,
        "nauc_ndcg_at_10_diff1": 0.2181504379796126,
        "nauc_ndcg_at_10_max": 0.5669422134458665,
        "nauc_ndcg_at_10_std": 0.3766435860638203,
        "nauc_ndcg_at_1_diff1": 0.32338193805401455,
        "nauc_ndcg_at_1_max": 0.5698652206438242,
        "nauc_ndcg_at_1_std": 0.23934793384792935,
        "nauc_ndcg_at_20_diff1": 0.21400960278002937,
        "nauc_ndcg_at_20_max": 0.5381476609054853,
        "nauc_ndcg_at_20_std": 0.3632064932616449,
        "nauc_ndcg_at_3_diff1": 0.25121578246121706,
        "nauc_ndcg_at_3_max": 0.5697424483640102,
        "nauc_ndcg_at_3_std": 0.31131368986470687,
        "nauc_ndcg_at_5_diff1": 0.2270276156343011,
        "nauc_ndcg_at_5_max": 0.5733868894636197,
        "nauc_ndcg_at_5_std": 0.34092009905427434,
        "nauc_precision_at_1000_diff1": -0.06328537924256376,
        "nauc_precision_at_1000_max": 0.2013314640422568,
        "nauc_precision_at_1000_std": 0.5311193259443824,
        "nauc_precision_at_100_diff1": -0.04222963531066834,
        "nauc_precision_at_100_max": 0.3533807566993193,
        "nauc_precision_at_100_std": 0.6141423237871464,
        "nauc_precision_at_10_diff1": 0.059517448450301665,
        "nauc_precision_at_10_max": 0.547805331187319,
        "nauc_precision_at_10_std": 0.5248749752990132,
        "nauc_precision_at_1_diff1": 0.33554550373797504,
        "nauc_precision_at_1_max": 0.5764519715014718,
        "nauc_precision_at_1_std": 0.22381819596440394,
        "nauc_precision_at_20_diff1": 0.03111016416294983,
        "nauc_precision_at_20_max": 0.4859402421857412,
        "nauc_precision_at_20_std": 0.5638533089004542,
        "nauc_precision_at_3_diff1": 0.16845884626789537,
        "nauc_precision_at_3_max": 0.5703487944873465,
        "nauc_precision_at_3_std": 0.36276865606777475,
        "nauc_precision_at_5_diff1": 0.10377434214807929,
        "nauc_precision_at_5_max": 0.5619756035494322,
        "nauc_precision_at_5_std": 0.421524605452242,
        "nauc_recall_at_1000_diff1": 0.025192819882857518,
        "nauc_recall_at_1000_max": 0.22578766062969774,
        "nauc_recall_at_1000_std": 0.17670338990693446,
        "nauc_recall_at_100_diff1": 0.1065243969836145,
        "nauc_recall_at_100_max": 0.26611348533234636,
        "nauc_recall_at_100_std": 0.14557771587250973,
        "nauc_recall_at_10_diff1": 0.22724241914169793,
        "nauc_recall_at_10_max": 0.3036404913154531,
        "nauc_recall_at_10_std": 0.02678222022824743,
        "nauc_recall_at_1_diff1": 0.40026558229501086,
        "nauc_recall_at_1_max": 0.17636167755431315,
        "nauc_recall_at_1_std": -0.10127297417844298,
        "nauc_recall_at_20_diff1": 0.1688657356065251,
        "nauc_recall_at_20_max": 0.2863771792410776,
        "nauc_recall_at_20_std": 0.04971876525026602,
        "nauc_recall_at_3_diff1": 0.321810932698609,
        "nauc_recall_at_3_max": 0.24483351865988986,
        "nauc_recall_at_3_std": -0.07568659388024526,
        "nauc_recall_at_5_diff1": 0.2740027363408026,
        "nauc_recall_at_5_max": 0.2864760862875046,
        "nauc_recall_at_5_std": -0.02650527306765405,
        "ndcg_at_1": 0.4644,
        "ndcg_at_10": 0.36531,
        "ndcg_at_100": 0.33483,
        "ndcg_at_1000": 0.41941,
        "ndcg_at_20": 0.3416,
        "ndcg_at_3": 0.42032,
        "ndcg_at_5": 0.39463,
        "precision_at_1": 0.47988,
        "precision_at_10": 0.27276,
        "precision_at_100": 0.08508,
        "precision_at_1000": 0.021,
        "precision_at_20": 0.20186,
        "precision_at_3": 0.39009,
        "precision_at_5": 0.33994,
        "recall_at_1": 0.06262,
        "recall_at_10": 0.17429,
        "recall_at_100": 0.33365,
        "recall_at_1000": 0.64433,
        "recall_at_20": 0.2176,
        "recall_at_3": 0.11088,
        "recall_at_5": 0.13481
      }
    ]
  },
  "task_name": "NFCorpus"
}