{
  "dataset_revision": "b774495ed302d8c44a3a7ea25c90dbce03968f31",
  "evaluation_time": 666.5239934921265,
  "kg_co2_emissions": null,
  "mteb_version": "1.13.1",
  "scores": {
    "test": [
      {
        "hf_subset": "default",
        "languages": [
          "eng-Latn"
        ],
        "main_score": 0.51264,
        "map_at_1": 0.26695,
        "map_at_10": 0.42931,
        "map_at_100": 0.44066,
        "map_at_1000": 0.4409,
        "map_at_20": 0.43698,
        "map_at_3": 0.38002,
        "map_at_5": 0.40965,
        "mrr_at_1": 0.30359212050984935,
        "mrr_at_10": 0.453122068642057,
        "mrr_at_100": 0.46161434613336366,
        "mrr_at_1000": 0.4617877237548263,
        "mrr_at_20": 0.4589137649549189,
        "mrr_at_3": 0.4119351100811124,
        "mrr_at_5": 0.4378621089223638,
        "nauc_map_at_1000_diff1": 0.269311800789595,
        "nauc_map_at_1000_max": 0.15223364165855624,
        "nauc_map_at_1000_std": -0.08421295893676412,
        "nauc_map_at_100_diff1": 0.2693145031992288,
        "nauc_map_at_100_max": 0.15244851334951834,
        "nauc_map_at_100_std": -0.08395087283576756,
        "nauc_map_at_10_diff1": 0.26890614973523863,
        "nauc_map_at_10_max": 0.15132910641560057,
        "nauc_map_at_10_std": -0.08878437598959271,
        "nauc_map_at_1_diff1": 0.3042865268543701,
        "nauc_map_at_1_max": 0.09653824966316676,
        "nauc_map_at_1_std": -0.10395155592113689,
        "nauc_map_at_20_diff1": 0.26839329361385056,
        "nauc_map_at_20_max": 0.152653388162713,
        "nauc_map_at_20_std": -0.0854199860362496,
        "nauc_map_at_3_diff1": 0.2685309888878041,
        "nauc_map_at_3_max": 0.135295489846338,
        "nauc_map_at_3_std": -0.10232500060099342,
        "nauc_map_at_5_diff1": 0.26846438374796644,
        "nauc_map_at_5_max": 0.14240261270736526,
        "nauc_map_at_5_std": -0.1019594056398827,
        "nauc_mrr_at_1000_diff1": 0.263170132099737,
        "nauc_mrr_at_1000_max": 0.15035550407228546,
        "nauc_mrr_at_1000_std": -0.0720076849375395,
        "nauc_mrr_at_100_diff1": 0.26317336585975387,
        "nauc_mrr_at_100_max": 0.15054036545682753,
        "nauc_mrr_at_100_std": -0.07180352202883009,
        "nauc_mrr_at_10_diff1": 0.26177156969819804,
        "nauc_mrr_at_10_max": 0.15112531712255847,
        "nauc_mrr_at_10_std": -0.07347793559208818,
        "nauc_mrr_at_1_diff1": 0.29956614748698823,
        "nauc_mrr_at_1_max": 0.10316829725676749,
        "nauc_mrr_at_1_std": -0.09279909917607691,
        "nauc_mrr_at_20_diff1": 0.26200300217233663,
        "nauc_mrr_at_20_max": 0.1511206086018336,
        "nauc_mrr_at_20_std": -0.07193518519578761,
        "nauc_mrr_at_3_diff1": 0.26243174031981775,
        "nauc_mrr_at_3_max": 0.1411231941351699,
        "nauc_mrr_at_3_std": -0.08232753312413969,
        "nauc_mrr_at_5_diff1": 0.2609035312409615,
        "nauc_mrr_at_5_max": 0.1462063160790528,
        "nauc_mrr_at_5_std": -0.08194395823100656,
        "nauc_ndcg_at_1000_diff1": 0.26144915134186386,
        "nauc_ndcg_at_1000_max": 0.17281075286595193,
        "nauc_ndcg_at_1000_std": -0.058991375788454044,
        "nauc_ndcg_at_100_diff1": 0.26042641815223216,
        "nauc_ndcg_at_100_max": 0.1798342243088511,
        "nauc_ndcg_at_100_std": -0.05004128875446024,
        "nauc_ndcg_at_10_diff1": 0.25397644641844663,
        "nauc_ndcg_at_10_max": 0.17882098056013485,
        "nauc_ndcg_at_10_std": -0.0676210934700554,
        "nauc_ndcg_at_1_diff1": 0.3004461658068704,
        "nauc_ndcg_at_1_max": 0.10200478538084985,
        "nauc_ndcg_at_1_std": -0.09127204783200961,
        "nauc_ndcg_at_20_diff1": 0.252998316676385,
        "nauc_ndcg_at_20_max": 0.1834392519793931,
        "nauc_ndcg_at_20_std": -0.05674228436876563,
        "nauc_ndcg_at_3_diff1": 0.2556722453182555,
        "nauc_ndcg_at_3_max": 0.14796751403393127,
        "nauc_ndcg_at_3_std": -0.09628786420248873,
        "nauc_ndcg_at_5_diff1": 0.25383159476960754,
        "nauc_ndcg_at_5_max": 0.159289536068674,
        "nauc_ndcg_at_5_std": -0.09612180424185386,
        "nauc_precision_at_1000_diff1": -0.0331561959598389,
        "nauc_precision_at_1000_max": 0.09614264492029548,
        "nauc_precision_at_1000_std": 0.15527214070946374,
        "nauc_precision_at_100_diff1": -0.002883328775125818,
        "nauc_precision_at_100_max": 0.1673239273085465,
        "nauc_precision_at_100_std": 0.2043243503549346,
        "nauc_precision_at_10_diff1": 0.1011594285257184,
        "nauc_precision_at_10_max": 0.22587617935532603,
        "nauc_precision_at_10_std": 0.0679483243420826,
        "nauc_precision_at_1_diff1": 0.3004461658068704,
        "nauc_precision_at_1_max": 0.10200478538084985,
        "nauc_precision_at_1_std": -0.09127204783200961,
        "nauc_precision_at_20_diff1": 0.047590597140243794,
        "nauc_precision_at_20_max": 0.2219049678219856,
        "nauc_precision_at_20_std": 0.12982288014923007,
        "nauc_precision_at_3_diff1": 0.18751222522253277,
        "nauc_precision_at_3_max": 0.18285671201688639,
        "nauc_precision_at_3_std": -0.05350539569407906,
        "nauc_precision_at_5_diff1": 0.15434189082267016,
        "nauc_precision_at_5_max": 0.20070351869796654,
        "nauc_precision_at_5_std": -0.03455241050248328,
        "nauc_recall_at_1000_diff1": 0.28905670514433895,
        "nauc_recall_at_1000_max": 0.8173218793116839,
        "nauc_recall_at_1000_std": 0.8003216048844825,
        "nauc_recall_at_100_diff1": 0.2206542502625351,
        "nauc_recall_at_100_max": 0.570563078281772,
        "nauc_recall_at_100_std": 0.46452549274547256,
        "nauc_recall_at_10_diff1": 0.1918223848940174,
        "nauc_recall_at_10_max": 0.2802221573864332,
        "nauc_recall_at_10_std": 0.0007507300362512896,
        "nauc_recall_at_1_diff1": 0.3042865268543701,
        "nauc_recall_at_1_max": 0.09653824966316676,
        "nauc_recall_at_1_std": -0.10395155592113689,
        "nauc_recall_at_20_diff1": 0.16927945838996566,
        "nauc_recall_at_20_max": 0.3578209842945102,
        "nauc_recall_at_20_std": 0.09347413123064208,
        "nauc_recall_at_3_diff1": 0.21542568452368072,
        "nauc_recall_at_3_max": 0.1701495592555151,
        "nauc_recall_at_3_std": -0.09683489949753558,
        "nauc_recall_at_5_diff1": 0.20218923842814646,
        "nauc_recall_at_5_max": 0.19626561573839071,
        "nauc_recall_at_5_std": -0.09911944341817105,
        "ndcg_at_1": 0.3033,
        "ndcg_at_10": 0.51264,
        "ndcg_at_100": 0.55944,
        "ndcg_at_1000": 0.56523,
        "ndcg_at_20": 0.53727,
        "ndcg_at_3": 0.42072,
        "ndcg_at_5": 0.47053,
        "precision_at_1": 0.3033,
        "precision_at_10": 0.0887,
        "precision_at_100": 0.01145,
        "precision_at_1000": 0.0012,
        "precision_at_20": 0.05019,
        "precision_at_3": 0.19737,
        "precision_at_5": 0.14629,
        "recall_at_1": 0.26695,
        "recall_at_10": 0.74278,
        "recall_at_100": 0.94378,
        "recall_at_1000": 0.98696,
        "recall_at_20": 0.83391,
        "recall_at_3": 0.50647,
        "recall_at_5": 0.62225
      }
    ]
  },
  "task_name": "NQ"
}