{
  "dataset_revision": "e4e08e0b7dbe3c8700f0daef558ff32256715259",
  "evaluation_time": 170.58827304840088,
  "kg_co2_emissions": null,
  "mteb_version": "1.13.1",
  "scores": {
    "test": [
      {
        "hf_subset": "default",
        "languages": [
          "eng-Latn"
        ],
        "main_score": 0.88354,
        "map_at_1": 0.70723,
        "map_at_10": 0.84542,
        "map_at_100": 0.8519,
        "map_at_1000": 0.85208,
        "map_at_20": 0.84973,
        "map_at_3": 0.81605,
        "map_at_5": 0.83481,
        "mrr_at_1": 0.8133,
        "mrr_at_10": 0.8766676984126983,
        "mrr_at_100": 0.8776496090435992,
        "mrr_at_1000": 0.8776554447085356,
        "mrr_at_20": 0.877399659859834,
        "mrr_at_3": 0.8671833333333334,
        "mrr_at_5": 0.8739683333333332,
        "nauc_map_at_1000_diff1": 0.7530761199010602,
        "nauc_map_at_1000_max": 0.4042931782358148,
        "nauc_map_at_1000_std": -0.517362048110574,
        "nauc_map_at_100_diff1": 0.7531425229357368,
        "nauc_map_at_100_max": 0.4041103615906138,
        "nauc_map_at_100_std": -0.5179944548077531,
        "nauc_map_at_10_diff1": 0.755440183664696,
        "nauc_map_at_10_max": 0.3999353178636005,
        "nauc_map_at_10_std": -0.5350341173111577,
        "nauc_map_at_1_diff1": 0.7897158138525338,
        "nauc_map_at_1_max": 0.3166730769195085,
        "nauc_map_at_1_std": -0.4639705570660471,
        "nauc_map_at_20_diff1": 0.7539741877506585,
        "nauc_map_at_20_max": 0.40339483556188044,
        "nauc_map_at_20_std": -0.5249594579096531,
        "nauc_map_at_3_diff1": 0.7577214105925403,
        "nauc_map_at_3_max": 0.3769295768491041,
        "nauc_map_at_3_std": -0.549896124591802,
        "nauc_map_at_5_diff1": 0.756071391482608,
        "nauc_map_at_5_max": 0.3901479477239932,
        "nauc_map_at_5_std": -0.5486178547217604,
        "nauc_mrr_at_1000_diff1": 0.7583971483844606,
        "nauc_mrr_at_1000_max": 0.43016049000771467,
        "nauc_mrr_at_1000_std": -0.4766197908988901,
        "nauc_mrr_at_100_diff1": 0.7583945304777999,
        "nauc_mrr_at_100_max": 0.4301607838563451,
        "nauc_mrr_at_100_std": -0.4766310089746931,
        "nauc_mrr_at_10_diff1": 0.758218199884296,
        "nauc_mrr_at_10_max": 0.4305132279765364,
        "nauc_mrr_at_10_std": -0.4776751464961603,
        "nauc_mrr_at_1_diff1": 0.7715026326059786,
        "nauc_mrr_at_1_max": 0.426311790635281,
        "nauc_mrr_at_1_std": -0.44780790095928164,
        "nauc_mrr_at_20_diff1": 0.7582849437088078,
        "nauc_mrr_at_20_max": 0.4304366536603568,
        "nauc_mrr_at_20_std": -0.47685200118501053,
        "nauc_mrr_at_3_diff1": 0.7546808647870386,
        "nauc_mrr_at_3_max": 0.429554641798173,
        "nauc_mrr_at_3_std": -0.48472577303739806,
        "nauc_mrr_at_5_diff1": 0.757265485755545,
        "nauc_mrr_at_5_max": 0.4301338576851049,
        "nauc_mrr_at_5_std": -0.4794531104419412,
        "nauc_ndcg_at_1000_diff1": 0.7506473687310673,
        "nauc_ndcg_at_1000_max": 0.41603376131555164,
        "nauc_ndcg_at_1000_std": -0.4979906560179803,
        "nauc_ndcg_at_100_diff1": 0.7508714776519044,
        "nauc_ndcg_at_100_max": 0.4152321777202476,
        "nauc_ndcg_at_100_std": -0.5008463098175853,
        "nauc_ndcg_at_10_diff1": 0.7507669088612304,
        "nauc_ndcg_at_10_max": 0.4122020785136132,
        "nauc_ndcg_at_10_std": -0.5278004167964744,
        "nauc_ndcg_at_1_diff1": 0.7701834200656096,
        "nauc_ndcg_at_1_max": 0.4283908402167073,
        "nauc_ndcg_at_1_std": -0.4456084438412951,
        "nauc_ndcg_at_20_diff1": 0.7504234584537384,
        "nauc_ndcg_at_20_max": 0.41509694333721286,
        "nauc_ndcg_at_20_std": -0.5160442297552447,
        "nauc_ndcg_at_3_diff1": 0.7421377015809286,
        "nauc_ndcg_at_3_max": 0.40376749921731336,
        "nauc_ndcg_at_3_std": -0.5286026593967391,
        "nauc_ndcg_at_5_diff1": 0.7467053159067784,
        "nauc_ndcg_at_5_max": 0.40615914732432923,
        "nauc_ndcg_at_5_std": -0.535285015023696,
        "nauc_precision_at_1000_diff1": -0.4331749548421379,
        "nauc_precision_at_1000_max": -0.09052116000287323,
        "nauc_precision_at_1000_std": 0.41379307808355065,
        "nauc_precision_at_100_diff1": -0.4303801545696275,
        "nauc_precision_at_100_max": -0.08635013687118816,
        "nauc_precision_at_100_std": 0.39929500515887273,
        "nauc_precision_at_10_diff1": -0.37666688416877336,
        "nauc_precision_at_10_max": -0.03147606556627025,
        "nauc_precision_at_10_std": 0.2742262719121377,
        "nauc_precision_at_1_diff1": 0.7701834200656096,
        "nauc_precision_at_1_max": 0.4283908402167073,
        "nauc_precision_at_1_std": -0.4456084438412951,
        "nauc_precision_at_20_diff1": -0.40936733826336225,
        "nauc_precision_at_20_max": -0.058996028387988834,
        "nauc_precision_at_20_std": 0.33828345945604665,
        "nauc_precision_at_3_diff1": -0.1767770876020453,
        "nauc_precision_at_3_max": 0.08124011867288047,
        "nauc_precision_at_3_std": 0.0356551247164071,
        "nauc_precision_at_5_diff1": -0.305709480442415,
        "nauc_precision_at_5_max": 0.012969643402743878,
        "nauc_precision_at_5_std": 0.16566086946548503,
        "nauc_recall_at_1000_diff1": 0.5023434596750124,
        "nauc_recall_at_1000_max": 0.3743342633620411,
        "nauc_recall_at_1000_std": 0.2000995358197148,
        "nauc_recall_at_100_diff1": 0.6961336796209862,
        "nauc_recall_at_100_max": 0.3683671231537032,
        "nauc_recall_at_100_std": -0.5317912556290875,
        "nauc_recall_at_10_diff1": 0.6957572862573522,
        "nauc_recall_at_10_max": 0.37601088766873986,
        "nauc_recall_at_10_std": -0.6809628691282722,
        "nauc_recall_at_1_diff1": 0.7897158138525338,
        "nauc_recall_at_1_max": 0.3166730769195085,
        "nauc_recall_at_1_std": -0.4639705570660471,
        "nauc_recall_at_20_diff1": 0.6872840268714008,
        "nauc_recall_at_20_max": 0.41322630034046176,
        "nauc_recall_at_20_std": -0.665643463575475,
        "nauc_recall_at_3_diff1": 0.7057972975145198,
        "nauc_recall_at_3_max": 0.3394040196942807,
        "nauc_recall_at_3_std": -0.6192400484009338,
        "nauc_recall_at_5_diff1": 0.6919603328972417,
        "nauc_recall_at_5_max": 0.34750063050597424,
        "nauc_recall_at_5_std": -0.6561207853919662,
        "ndcg_at_1": 0.814,
        "ndcg_at_10": 0.88354,
        "ndcg_at_100": 0.89573,
        "ndcg_at_1000": 0.89674,
        "ndcg_at_20": 0.89019,
        "ndcg_at_3": 0.85498,
        "ndcg_at_5": 0.87132,
        "precision_at_1": 0.814,
        "precision_at_10": 0.13359,
        "precision_at_100": 0.01524,
        "precision_at_1000": 0.00157,
        "precision_at_20": 0.07095,
        "precision_at_3": 0.3727,
        "precision_at_5": 0.24544,
        "recall_at_1": 0.70723,
        "recall_at_10": 0.95474,
        "recall_at_100": 0.99568,
        "recall_at_1000": 0.9997,
        "recall_at_20": 0.9757,
        "recall_at_3": 0.873,
        "recall_at_5": 0.91883
      }
    ]
  },
  "task_name": "QuoraRetrieval"
}