{
  "dataset_revision": "d3c5e1fc0b855ab6097bf1cda04dd73947d7caab",
  "evaluation_time": 67.96230721473694,
  "kg_co2_emissions": null,
  "mteb_version": "1.13.1",
  "scores": {
    "test": [
      {
        "hf_subset": "default",
        "languages": [
          "eng-Latn"
        ],
        "main_score": 0.8307832176492524,
        "map": 0.8307832176492524,
        "mrr": 0.9554041274629511,
        "nAUC_map_diff1": 0.0416449077802133,
        "nAUC_map_max": 0.5870610575127754,
        "nAUC_map_std": 0.7318001567392417,
        "nAUC_mrr_diff1": 0.5157267483748559,
        "nAUC_mrr_max": 0.8922420416169986,
        "nAUC_mrr_std": 0.8520335262199092
      }
    ]
  },
  "task_name": "SciDocsRR"
}