{
  "dataset_revision": "f8c2fcf00f625baaa80f62ec5bd9e1fff3b8ae88",
  "evaluation_time": 55.15292930603027,
  "kg_co2_emissions": null,
  "mteb_version": "1.13.1",
  "scores": {
    "test": [
      {
        "hf_subset": "default",
        "languages": [
          "eng-Latn"
        ],
        "main_score": 0.20997,
        "map_at_1": 0.04738,
        "map_at_10": 0.12737,
        "map_at_100": 0.14813,
        "map_at_1000": 0.15102,
        "map_at_20": 0.13821,
        "map_at_3": 0.08995,
        "map_at_5": 0.10798,
        "mrr_at_1": 0.233,
        "mrr_at_10": 0.34832420634920636,
        "mrr_at_100": 0.3593571766689208,
        "mrr_at_1000": 0.35992637080022116,
        "mrr_at_20": 0.3555899174870537,
        "mrr_at_3": 0.3178333333333333,
        "mrr_at_5": 0.3353833333333333,
        "nauc_map_at_1000_diff1": 0.16614777318963633,
        "nauc_map_at_1000_max": 0.34183860540869737,
        "nauc_map_at_1000_std": 0.1802949858723845,
        "nauc_map_at_100_diff1": 0.16609003154205432,
        "nauc_map_at_100_max": 0.3410237968330855,
        "nauc_map_at_100_std": 0.17836829998794074,
        "nauc_map_at_10_diff1": 0.1646631154725678,
        "nauc_map_at_10_max": 0.32023204058214993,
        "nauc_map_at_10_std": 0.13987710732475453,
        "nauc_map_at_1_diff1": 0.26108191984086954,
        "nauc_map_at_1_max": 0.2195858218604366,
        "nauc_map_at_1_std": 0.06085884129008605,
        "nauc_map_at_20_diff1": 0.16534899501941738,
        "nauc_map_at_20_max": 0.33091199782992636,
        "nauc_map_at_20_std": 0.15911313625828957,
        "nauc_map_at_3_diff1": 0.19380422056850494,
        "nauc_map_at_3_max": 0.2827882604240193,
        "nauc_map_at_3_std": 0.08401896766404024,
        "nauc_map_at_5_diff1": 0.16878099762990245,
        "nauc_map_at_5_max": 0.2954512973637647,
        "nauc_map_at_5_std": 0.10750607454876616,
        "nauc_mrr_at_1000_diff1": 0.2231710122580786,
        "nauc_mrr_at_1000_max": 0.28695100453979805,
        "nauc_mrr_at_1000_std": 0.11800713706869725,
        "nauc_mrr_at_100_diff1": 0.22318286666598347,
        "nauc_mrr_at_100_max": 0.28729236896232874,
        "nauc_mrr_at_100_std": 0.11843554809762294,
        "nauc_mrr_at_10_diff1": 0.22286514903855242,
        "nauc_mrr_at_10_max": 0.28679879275619735,
        "nauc_mrr_at_10_std": 0.11289749163444185,
        "nauc_mrr_at_1_diff1": 0.2617261627563023,
        "nauc_mrr_at_1_max": 0.22032034294503738,
        "nauc_mrr_at_1_std": 0.06007757523538777,
        "nauc_mrr_at_20_diff1": 0.2230004351546336,
        "nauc_mrr_at_20_max": 0.2884919572163273,
        "nauc_mrr_at_20_std": 0.11908624632205181,
        "nauc_mrr_at_3_diff1": 0.21762563317079872,
        "nauc_mrr_at_3_max": 0.27688558152841725,
        "nauc_mrr_at_3_std": 0.10316812710935183,
        "nauc_mrr_at_5_diff1": 0.2189890441638454,
        "nauc_mrr_at_5_max": 0.2786439876182511,
        "nauc_mrr_at_5_std": 0.10961349135044694,
        "nauc_ndcg_at_1000_diff1": 0.16763065201348035,
        "nauc_ndcg_at_1000_max": 0.3644611125523836,
        "nauc_ndcg_at_1000_std": 0.24703699868084558,
        "nauc_ndcg_at_100_diff1": 0.17331775225798482,
        "nauc_ndcg_at_100_max": 0.3714555203885395,
        "nauc_ndcg_at_100_std": 0.24601903903330105,
        "nauc_ndcg_at_10_diff1": 0.174114164731038,
        "nauc_ndcg_at_10_max": 0.33460541607338806,
        "nauc_ndcg_at_10_std": 0.15757130203136796,
        "nauc_ndcg_at_1_diff1": 0.2617261627563023,
        "nauc_ndcg_at_1_max": 0.22032034294503738,
        "nauc_ndcg_at_1_std": 0.06007757523538777,
        "nauc_ndcg_at_20_diff1": 0.1746533059599566,
        "nauc_ndcg_at_20_max": 0.35145856891196336,
        "nauc_ndcg_at_20_std": 0.195644946395348,
        "nauc_ndcg_at_3_diff1": 0.19115301827196512,
        "nauc_ndcg_at_3_max": 0.292938539599689,
        "nauc_ndcg_at_3_std": 0.1008557396078935,
        "nauc_ndcg_at_5_diff1": 0.1736570820962022,
        "nauc_ndcg_at_5_max": 0.3029468488822409,
        "nauc_ndcg_at_5_std": 0.12527741877757195,
        "nauc_precision_at_1000_diff1": 0.04346796035206912,
        "nauc_precision_at_1000_max": 0.2952950324200152,
        "nauc_precision_at_1000_std": 0.35175155931956253,
        "nauc_precision_at_100_diff1": 0.10873183962013794,
        "nauc_precision_at_100_max": 0.37160461728084304,
        "nauc_precision_at_100_std": 0.3593575891171886,
        "nauc_precision_at_10_diff1": 0.13356115318898124,
        "nauc_precision_at_10_max": 0.35482878414773794,
        "nauc_precision_at_10_std": 0.19676289395319052,
        "nauc_precision_at_1_diff1": 0.2617261627563023,
        "nauc_precision_at_1_max": 0.22032034294503738,
        "nauc_precision_at_1_std": 0.06007757523538777,
        "nauc_precision_at_20_diff1": 0.1278222672603688,
        "nauc_precision_at_20_max": 0.36964176066709903,
        "nauc_precision_at_20_std": 0.2659670486798432,
        "nauc_precision_at_3_diff1": 0.16492746645043949,
        "nauc_precision_at_3_max": 0.313840227791183,
        "nauc_precision_at_3_std": 0.11532124689167128,
        "nauc_precision_at_5_diff1": 0.13156821311480482,
        "nauc_precision_at_5_max": 0.3130408913724205,
        "nauc_precision_at_5_std": 0.1493588583661241,
        "nauc_recall_at_1000_diff1": 0.047834106786897417,
        "nauc_recall_at_1000_max": 0.29705351492944226,
        "nauc_recall_at_1000_std": 0.3616280619969347,
        "nauc_recall_at_100_diff1": 0.10961167953895161,
        "nauc_recall_at_100_max": 0.3719691476122857,
        "nauc_recall_at_100_std": 0.36395792027514684,
        "nauc_recall_at_10_diff1": 0.13364343636880535,
        "nauc_recall_at_10_max": 0.3535832998633111,
        "nauc_recall_at_10_std": 0.19625732325208498,
        "nauc_recall_at_1_diff1": 0.26108191984086954,
        "nauc_recall_at_1_max": 0.2195858218604366,
        "nauc_recall_at_1_std": 0.06085884129008605,
        "nauc_recall_at_20_diff1": 0.12770400620825234,
        "nauc_recall_at_20_max": 0.3683339546974549,
        "nauc_recall_at_20_std": 0.266329147277206,
        "nauc_recall_at_3_diff1": 0.16537751612285012,
        "nauc_recall_at_3_max": 0.31265022555993743,
        "nauc_recall_at_3_std": 0.11367206551685714,
        "nauc_recall_at_5_diff1": 0.13258035837078314,
        "nauc_recall_at_5_max": 0.3123319574193368,
        "nauc_recall_at_5_std": 0.1477799842793887,
        "ndcg_at_1": 0.233,
        "ndcg_at_10": 0.20997,
        "ndcg_at_100": 0.28883,
        "ndcg_at_1000": 0.34011,
        "ndcg_at_20": 0.24003,
        "ndcg_at_3": 0.19998,
        "ndcg_at_5": 0.17429,
        "precision_at_1": 0.233,
        "precision_at_10": 0.1096,
        "precision_at_100": 0.02222,
        "precision_at_1000": 0.00346,
        "precision_at_20": 0.0721,
        "precision_at_3": 0.18967,
        "precision_at_5": 0.1546,
        "recall_at_1": 0.04738,
        "recall_at_10": 0.22188,
        "recall_at_100": 0.4512,
        "recall_at_1000": 0.70175,
        "recall_at_20": 0.29202,
        "recall_at_3": 0.11548,
        "recall_at_5": 0.15663
      }
    ]
  },
  "task_name": "SCIDOCS"
}