{
  "dataset_revision": "0228b52cf27578f30900b9e5271d331663a030d7",
  "evaluation_time": 31.86031150817871,
  "kg_co2_emissions": null,
  "mteb_version": "1.13.1",
  "scores": {
    "test": [
      {
        "hf_subset": "default",
        "languages": [
          "eng-Latn"
        ],
        "main_score": 0.73142,
        "map_at_1": 0.59217,
        "map_at_10": 0.68756,
        "map_at_100": 0.69388,
        "map_at_1000": 0.69401,
        "map_at_20": 0.69172,
        "map_at_3": 0.66219,
        "map_at_5": 0.67365,
        "mrr_at_1": 0.6233333333333333,
        "mrr_at_10": 0.7011137566137566,
        "mrr_at_100": 0.7062930974589765,
        "mrr_at_1000": 0.7064101196614937,
        "mrr_at_20": 0.7042048844401786,
        "mrr_at_3": 0.685,
        "mrr_at_5": 0.692,
        "nauc_map_at_1000_diff1": 0.7528111825643529,
        "nauc_map_at_1000_max": 0.6550865241684878,
        "nauc_map_at_1000_std": -0.017166761735388194,
        "nauc_map_at_100_diff1": 0.7527957660128104,
        "nauc_map_at_100_max": 0.6551455185997362,
        "nauc_map_at_100_std": -0.017326667061600475,
        "nauc_map_at_10_diff1": 0.7525588703691825,
        "nauc_map_at_10_max": 0.6557064693789236,
        "nauc_map_at_10_std": -0.018877441507535304,
        "nauc_map_at_1_diff1": 0.801620767585829,
        "nauc_map_at_1_max": 0.5870266407355663,
        "nauc_map_at_1_std": -0.09506596262564926,
        "nauc_map_at_20_diff1": 0.7514812033303722,
        "nauc_map_at_20_max": 0.6559073602429486,
        "nauc_map_at_20_std": -0.015877824586204382,
        "nauc_map_at_3_diff1": 0.7598362400614653,
        "nauc_map_at_3_max": 0.63014094508836,
        "nauc_map_at_3_std": -0.06228473558271078,
        "nauc_map_at_5_diff1": 0.7549073523976786,
        "nauc_map_at_5_max": 0.642218366901042,
        "nauc_map_at_5_std": -0.042335023057950026,
        "nauc_mrr_at_1000_diff1": 0.7465430520479424,
        "nauc_mrr_at_1000_max": 0.6740336751423901,
        "nauc_mrr_at_1000_std": 0.032305803987242164,
        "nauc_mrr_at_100_diff1": 0.7465133993641694,
        "nauc_mrr_at_100_max": 0.6740701394908724,
        "nauc_mrr_at_100_std": 0.03206689456130808,
        "nauc_mrr_at_10_diff1": 0.7453546410005344,
        "nauc_mrr_at_10_max": 0.6765284866345503,
        "nauc_mrr_at_10_std": 0.03364293099736677,
        "nauc_mrr_at_1_diff1": 0.780458234234978,
        "nauc_mrr_at_1_max": 0.6407437406813153,
        "nauc_mrr_at_1_std": 0.0009338031584218141,
        "nauc_mrr_at_20_diff1": 0.7451363926962387,
        "nauc_mrr_at_20_max": 0.6745330023892531,
        "nauc_mrr_at_20_std": 0.03319305703960111,
        "nauc_mrr_at_3_diff1": 0.7474247349447743,
        "nauc_mrr_at_3_max": 0.6730685389067516,
        "nauc_mrr_at_3_std": 0.02630721704069181,
        "nauc_mrr_at_5_diff1": 0.7430431636311966,
        "nauc_mrr_at_5_max": 0.6749778851811448,
        "nauc_mrr_at_5_std": 0.032635311786837706,
        "nauc_ndcg_at_1000_diff1": 0.7451166931767974,
        "nauc_ndcg_at_1000_max": 0.6706351993389242,
        "nauc_ndcg_at_1000_std": 0.014943904714463583,
        "nauc_ndcg_at_100_diff1": 0.7446227080154173,
        "nauc_ndcg_at_100_max": 0.6727825579030575,
        "nauc_ndcg_at_100_std": 0.012550841434048329,
        "nauc_ndcg_at_10_diff1": 0.7378173611203156,
        "nauc_ndcg_at_10_max": 0.6804212006224952,
        "nauc_ndcg_at_10_std": 0.018582212272642694,
        "nauc_ndcg_at_1_diff1": 0.780458234234978,
        "nauc_ndcg_at_1_max": 0.6407437406813153,
        "nauc_ndcg_at_1_std": 0.0009338031584218141,
        "nauc_ndcg_at_20_diff1": 0.7340557162862915,
        "nauc_ndcg_at_20_max": 0.6778517421427117,
        "nauc_ndcg_at_20_std": 0.02505688315648428,
        "nauc_ndcg_at_3_diff1": 0.7429333902123524,
        "nauc_ndcg_at_3_max": 0.6547244382972361,
        "nauc_ndcg_at_3_std": -0.028128700794896877,
        "nauc_ndcg_at_5_diff1": 0.7387983000523386,
        "nauc_ndcg_at_5_max": 0.6628316827051566,
        "nauc_ndcg_at_5_std": -0.012708045437074192,
        "nauc_precision_at_1000_diff1": -0.35234601067917576,
        "nauc_precision_at_1000_max": 0.09990844510381817,
        "nauc_precision_at_1000_std": 0.538596737437934,
        "nauc_precision_at_100_diff1": -0.24988191716799957,
        "nauc_precision_at_100_max": 0.17970964053099947,
        "nauc_precision_at_100_std": 0.4963083577785504,
        "nauc_precision_at_10_diff1": 0.06902607585794046,
        "nauc_precision_at_10_max": 0.42604914391439597,
        "nauc_precision_at_10_std": 0.4054991317941439,
        "nauc_precision_at_1_diff1": 0.780458234234978,
        "nauc_precision_at_1_max": 0.6407437406813153,
        "nauc_precision_at_1_std": 0.0009338031584218141,
        "nauc_precision_at_20_diff1": -0.05960228189001831,
        "nauc_precision_at_20_max": 0.33333333333333354,
        "nauc_precision_at_20_std": 0.45117722947911576,
        "nauc_precision_at_3_diff1": 0.42452202506309705,
        "nauc_precision_at_3_max": 0.5801353781184527,
        "nauc_precision_at_3_std": 0.1575818894650308,
        "nauc_precision_at_5_diff1": 0.27709679703065365,
        "nauc_precision_at_5_max": 0.5130920234230403,
        "nauc_precision_at_5_std": 0.2443490397160099,
        "nauc_recall_at_1000_diff1": 1.0,
        "nauc_recall_at_1000_max": 0.5613912231559137,
        "nauc_recall_at_1000_std": 0.5613912231559137,
        "nauc_recall_at_100_diff1": 0.7730109587694726,
        "nauc_recall_at_100_max": 0.7587596442085608,
        "nauc_recall_at_100_std": 0.044007076514813025,
        "nauc_recall_at_10_diff1": 0.6737198276839531,
        "nauc_recall_at_10_max": 0.749867412618515,
        "nauc_recall_at_10_std": 0.10212300744025475,
        "nauc_recall_at_1_diff1": 0.801620767585829,
        "nauc_recall_at_1_max": 0.5870266407355663,
        "nauc_recall_at_1_std": -0.09506596262564926,
        "nauc_recall_at_20_diff1": 0.6256295433122757,
        "nauc_recall_at_20_max": 0.7500587217868503,
        "nauc_recall_at_20_std": 0.16765603980269617,
        "nauc_recall_at_3_diff1": 0.706942968686708,
        "nauc_recall_at_3_max": 0.6510143728202583,
        "nauc_recall_at_3_std": -0.05308241992577635,
        "nauc_recall_at_5_diff1": 0.6890872448493267,
        "nauc_recall_at_5_max": 0.6819700332711496,
        "nauc_recall_at_5_std": -0.004657052984189562,
        "ndcg_at_1": 0.62333,
        "ndcg_at_10": 0.73142,
        "ndcg_at_100": 0.75783,
        "ndcg_at_1000": 0.76113,
        "ndcg_at_20": 0.74394,
        "ndcg_at_3": 0.68957,
        "ndcg_at_5": 0.70417,
        "precision_at_1": 0.62333,
        "precision_at_10": 0.09633,
        "precision_at_100": 0.01097,
        "precision_at_1000": 0.00112,
        "precision_at_20": 0.051,
        "precision_at_3": 0.26778,
        "precision_at_5": 0.172,
        "recall_at_1": 0.59217,
        "recall_at_10": 0.85189,
        "recall_at_100": 0.96833,
        "recall_at_1000": 0.99333,
        "recall_at_20": 0.89767,
        "recall_at_3": 0.737,
        "recall_at_5": 0.774
      }
    ]
  },
  "task_name": "SciFact"
}