{
  "dataset_revision": "20a6d6f312dd54037fe07a32d58e5e168867909d",
  "evaluation_time": 53.13757514953613,
  "kg_co2_emissions": null,
  "mteb_version": "1.13.1",
  "scores": {
    "test": [
      {
        "cosine_pearson": 0.8035095281884379,
        "cosine_spearman": 0.7376821519514439,
        "euclidean_pearson": 0.7722353341158767,
        "euclidean_spearman": 0.7352055421803916,
        "hf_subset": "default",
        "languages": [
          "eng-Latn"
        ],
        "main_score": 0.7376821519514439,
        "manhattan_pearson": 0.7719704100522347,
        "manhattan_spearman": 0.7355618772876424,
        "pearson": 0.8035095281884379,
        "spearman": 0.7376821519514439
      }
    ]
  },
  "task_name": "SICK-R"
}