{
  "dataset_revision": "d66bd1f72af766a5cc4b0ca5e00c162f89e8cc46",
  "evaluation_time": 20.567275285720825,
  "kg_co2_emissions": null,
  "mteb_version": "1.13.1",
  "scores": {
    "test": [
      {
        "cosine_accuracy": 0.9985841584158416,
        "cosine_accuracy_threshold": 0.7896286249160767,
        "cosine_ap": 0.9665530620162791,
        "cosine_f1": 0.9278557114228457,
        "cosine_f1_threshold": 0.7841353416442871,
        "cosine_precision": 0.929718875502008,
        "cosine_recall": 0.926,
        "dot_accuracy": 0.9981683168316832,
        "dot_accuracy_threshold": 6.242720127105713,
        "dot_ap": 0.9494713632117086,
        "dot_f1": 0.9062341611758743,
        "dot_f1_threshold": 6.242720127105713,
        "dot_precision": 0.9188078108941419,
        "dot_recall": 0.894,
        "euclidean_accuracy": 0.9986039603960396,
        "euclidean_accuracy_threshold": 1.8316730260849,
        "euclidean_ap": 0.9655727981593502,
        "euclidean_f1": 0.9290387518872674,
        "euclidean_f1_threshold": 1.8316730260849,
        "euclidean_precision": 0.9351570415400202,
        "euclidean_recall": 0.923,
        "hf_subset": "default",
        "languages": [
          "eng-Latn"
        ],
        "main_score": 0.9665530620162791,
        "manhattan_accuracy": 0.9986138613861386,
        "manhattan_accuracy_threshold": 40.87767791748047,
        "manhattan_ap": 0.9650742259858822,
        "manhattan_f1": 0.9298597194388778,
        "manhattan_f1_threshold": 40.93090057373047,
        "manhattan_precision": 0.9317269076305221,
        "manhattan_recall": 0.928,
        "max_ap": 0.9665530620162791,
        "max_f1": 0.9298597194388778,
        "max_precision": 0.9351570415400202,
        "max_recall": 0.928,
        "similarity_accuracy": 0.9985841584158416,
        "similarity_accuracy_threshold": 0.7896286249160767,
        "similarity_ap": 0.9665530620162791,
        "similarity_f1": 0.9278557114228457,
        "similarity_f1_threshold": 0.7841353416442871,
        "similarity_precision": 0.929718875502008,
        "similarity_recall": 0.926
      }
    ]
  },
  "task_name": "SprintDuplicateQuestions"
}