{
  "dataset_revision": "e185fbe320c72810689fc5848eb6114e1ef5ec69",
  "evaluation_time": 56.523653745651245,
  "kg_co2_emissions": null,
  "mteb_version": "1.13.1",
  "scores": {
    "test": [
      {
        "hf_subset": "default",
        "languages": [
          "eng-Latn"
        ],
        "main_score": 0.5119988480567231,
        "map": 0.5119988480567231,
        "mrr": 0.5197536021984551,
        "nAUC_map_diff1": 0.36963401687197184,
        "nAUC_map_max": 0.13382270726353776,
        "nAUC_map_std": 0.0932993113711208,
        "nAUC_mrr_diff1": 0.3685928039716614,
        "nAUC_mrr_max": 0.13719324325552654,
        "nAUC_mrr_std": 0.10112708305059687
      }
    ]
  },
  "task_name": "StackOverflowDupQuestions"
}