{
  "dataset_revision": "faeb762787bd10488a50c8b5be4a3b82e411949c",
  "evaluation_time": 32.64723539352417,
  "kg_co2_emissions": null,
  "mteb_version": "1.13.1",
  "scores": {
    "test": [
      {
        "cosine_pearson": 0.8972254186277537,
        "cosine_spearman": 0.8989167162380675,
        "euclidean_pearson": 0.8820863845878605,
        "euclidean_spearman": 0.8880871122046622,
        "hf_subset": "en-en",
        "languages": [
          "eng-Latn"
        ],
        "main_score": 0.8989167162380675,
        "manhattan_pearson": 0.8812385884679086,
        "manhattan_spearman": 0.88590297100146,
        "pearson": 0.8972254186277537,
        "spearman": 0.8989167162380675
      }
    ]
  },
  "task_name": "STS17"
}