{
  "dataset_revision": "b0fddb56ed78048fa8b90373c8a3cfc37b684831",
  "evaluation_time": 31.612547636032104,
  "kg_co2_emissions": null,
  "mteb_version": "1.13.1",
  "scores": {
    "test": [
      {
        "cosine_pearson": 0.8529817271956872,
        "cosine_spearman": 0.8463447588954262,
        "euclidean_pearson": 0.8486220646743231,
        "euclidean_spearman": 0.8452901890892688,
        "hf_subset": "default",
        "languages": [
          "eng-Latn"
        ],
        "main_score": 0.8463447588954262,
        "manhattan_pearson": 0.8480703992394706,
        "manhattan_spearman": 0.8452068940935555,
        "pearson": 0.8529817271956872,
        "spearman": 0.8463447588954262
      }
    ]
  },
  "task_name": "STSBenchmark"
}