{
  "dataset_revision": "cda12ad7615edc362dbf25a00fdd61d3b1eaf93c",
  "evaluation_time": 51.88594174385071,
  "kg_co2_emissions": null,
  "mteb_version": "1.13.1",
  "scores": {
    "test": [
      {
        "cosine_pearson": 0.31948332016164793,
        "cosine_spearman": 0.31687007188845634,
        "dot_pearson": 0.3023538924932583,
        "dot_spearman": 0.2960442583296886,
        "hf_subset": "default",
        "languages": [
          "eng-Latn"
        ],
        "main_score": 0.31687007188845634,
        "pearson": 0.31948332016164793,
        "spearman": 0.31687007188845634
      }
    ]
  },
  "task_name": "SummEval"
}