{
  "dataset_revision": "a34f9a33db75fa0cbb21bb5cfc3dae8dc8bec93f",
  "evaluation_time": 119.73874187469482,
  "kg_co2_emissions": null,
  "mteb_version": "1.13.1",
  "scores": {
    "test": [
      {
        "hf_subset": "default",
        "languages": [
          "eng-Latn"
        ],
        "main_score": 0.16399,
        "map_at_1": 0.01257,
        "map_at_10": 0.06778,
        "map_at_100": 0.124,
        "map_at_1000": 0.14038,
        "map_at_20": 0.09262,
        "map_at_3": 0.03703,
        "map_at_5": 0.05061,
        "mrr_at_1": 0.14285714285714285,
        "mrr_at_10": 0.2858114674441205,
        "mrr_at_100": 0.29766047525335526,
        "mrr_at_1000": 0.29807958208329605,
        "mrr_at_20": 0.289913108100383,
        "mrr_at_3": 0.23809523809523808,
        "mrr_at_5": 0.26666666666666666,
        "nauc_map_at_1000_diff1": 0.18500803411824607,
        "nauc_map_at_1000_max": -0.21818627448097214,
        "nauc_map_at_1000_std": -0.03151202840246287,
        "nauc_map_at_100_diff1": 0.20394716816302963,
        "nauc_map_at_100_max": -0.2184078301433668,
        "nauc_map_at_100_std": -0.07262071257935049,
        "nauc_map_at_10_diff1": 0.13629270551230296,
        "nauc_map_at_10_max": -0.2808133660565568,
        "nauc_map_at_10_std": -0.25898639534039347,
        "nauc_map_at_1_diff1": 0.09805077040249974,
        "nauc_map_at_1_max": -0.3126986049296904,
        "nauc_map_at_1_std": -0.2585954038955884,
        "nauc_map_at_20_diff1": 0.20001732363996072,
        "nauc_map_at_20_max": -0.22824302100681368,
        "nauc_map_at_20_std": -0.21677494976522385,
        "nauc_map_at_3_diff1": 0.08885491023872613,
        "nauc_map_at_3_max": -0.26554526798976275,
        "nauc_map_at_3_std": -0.27245634166044075,
        "nauc_map_at_5_diff1": 0.14425222938769858,
        "nauc_map_at_5_max": -0.29173602133228427,
        "nauc_map_at_5_std": -0.2901774867121424,
        "nauc_mrr_at_1000_diff1": 0.11406921670567781,
        "nauc_mrr_at_1000_max": -0.3595752707069131,
        "nauc_mrr_at_1000_std": -0.17575734653442837,
        "nauc_mrr_at_100_diff1": 0.11340090327952264,
        "nauc_mrr_at_100_max": -0.36081223587081557,
        "nauc_mrr_at_100_std": -0.17398460560177895,
        "nauc_mrr_at_10_diff1": 0.12653148711040654,
        "nauc_mrr_at_10_max": -0.35778248520998746,
        "nauc_mrr_at_10_std": -0.18862689156021703,
        "nauc_mrr_at_1_diff1": 0.15454813515030943,
        "nauc_mrr_at_1_max": -0.3775945152886757,
        "nauc_mrr_at_1_std": -0.253247487242239,
        "nauc_mrr_at_20_diff1": 0.11848179905132786,
        "nauc_mrr_at_20_max": -0.3618209095796195,
        "nauc_mrr_at_20_std": -0.17448490752208362,
        "nauc_mrr_at_3_diff1": 0.09621161959634214,
        "nauc_mrr_at_3_max": -0.33397218760331515,
        "nauc_mrr_at_3_std": -0.19908495718139613,
        "nauc_mrr_at_5_diff1": 0.09216219149441159,
        "nauc_mrr_at_5_max": -0.35215825488786084,
        "nauc_mrr_at_5_std": -0.2082415225127598,
        "nauc_ndcg_at_1000_diff1": 0.04953920747451353,
        "nauc_ndcg_at_1000_max": -0.24656152472108164,
        "nauc_ndcg_at_1000_std": 0.24851095609813034,
        "nauc_ndcg_at_100_diff1": 0.12036976219592246,
        "nauc_ndcg_at_100_max": -0.2670199893177305,
        "nauc_ndcg_at_100_std": 0.17219309216576226,
        "nauc_ndcg_at_10_diff1": 0.12453112041529607,
        "nauc_ndcg_at_10_max": -0.31506590063524287,
        "nauc_ndcg_at_10_std": -0.17651171725527656,
        "nauc_ndcg_at_1_diff1": -0.013853356340857293,
        "nauc_ndcg_at_1_max": -0.3815694084040218,
        "nauc_ndcg_at_1_std": -0.23089616672261168,
        "nauc_ndcg_at_20_diff1": 0.18825697524415524,
        "nauc_ndcg_at_20_max": -0.25280323672185084,
        "nauc_ndcg_at_20_std": -0.13977061905438265,
        "nauc_ndcg_at_3_diff1": 0.022377621043179946,
        "nauc_ndcg_at_3_max": -0.3084145455195499,
        "nauc_ndcg_at_3_std": -0.231718838851186,
        "nauc_ndcg_at_5_diff1": 0.07484839607657333,
        "nauc_ndcg_at_5_max": -0.3557482618702172,
        "nauc_ndcg_at_5_std": -0.2464737759039048,
        "nauc_precision_at_1000_diff1": -0.11913510087245852,
        "nauc_precision_at_1000_max": 0.2158025607691884,
        "nauc_precision_at_1000_std": 0.36793031444218366,
        "nauc_precision_at_100_diff1": 0.09841839304005177,
        "nauc_precision_at_100_max": -0.14269418216379082,
        "nauc_precision_at_100_std": 0.6230496254558353,
        "nauc_precision_at_10_diff1": 0.29169421384467564,
        "nauc_precision_at_10_max": -0.3003757661910296,
        "nauc_precision_at_10_std": -0.11710701095730944,
        "nauc_precision_at_1_diff1": 0.15454813515030943,
        "nauc_precision_at_1_max": -0.3775945152886757,
        "nauc_precision_at_1_std": -0.253247487242239,
        "nauc_precision_at_20_diff1": 0.3536054547096046,
        "nauc_precision_at_20_max": -0.18667145145785186,
        "nauc_precision_at_20_std": 0.00741713209983843,
        "nauc_precision_at_3_diff1": 0.14671036223456124,
        "nauc_precision_at_3_max": -0.2890856012858357,
        "nauc_precision_at_3_std": -0.24300668179466473,
        "nauc_precision_at_5_diff1": 0.2051463750816418,
        "nauc_precision_at_5_max": -0.351699194448851,
        "nauc_precision_at_5_std": -0.25172472974682814,
        "nauc_recall_at_1000_diff1": -0.13653716159870463,
        "nauc_recall_at_1000_max": -0.12298241847442945,
        "nauc_recall_at_1000_std": 0.666638192135121,
        "nauc_recall_at_100_diff1": 0.09595727099213901,
        "nauc_recall_at_100_max": -0.22175244117166867,
        "nauc_recall_at_100_std": 0.34293781944475815,
        "nauc_recall_at_10_diff1": 0.17104608229326135,
        "nauc_recall_at_10_max": -0.2589231660983275,
        "nauc_recall_at_10_std": -0.1854411518771012,
        "nauc_recall_at_1_diff1": 0.09805077040249974,
        "nauc_recall_at_1_max": -0.3126986049296904,
        "nauc_recall_at_1_std": -0.2585954038955884,
        "nauc_recall_at_20_diff1": 0.23010408523951076,
        "nauc_recall_at_20_max": -0.2089605094045415,
        "nauc_recall_at_20_std": -0.1264204883871054,
        "nauc_recall_at_3_diff1": 0.08983889388990025,
        "nauc_recall_at_3_max": -0.24431335845586133,
        "nauc_recall_at_3_std": -0.24878677951722675,
        "nauc_recall_at_5_diff1": 0.14596916214140832,
        "nauc_recall_at_5_max": -0.2912974666965221,
        "nauc_recall_at_5_std": -0.2747237991472356,
        "ndcg_at_1": 0.11224,
        "ndcg_at_10": 0.16399,
        "ndcg_at_100": 0.29999,
        "ndcg_at_1000": 0.42792,
        "ndcg_at_20": 0.19443,
        "ndcg_at_3": 0.15485,
        "ndcg_at_5": 0.16073,
        "precision_at_1": 0.14286,
        "precision_at_10": 0.15714,
        "precision_at_100": 0.06816,
        "precision_at_1000": 0.0152,
        "precision_at_20": 0.14082,
        "precision_at_3": 0.18367,
        "precision_at_5": 0.18367,
        "recall_at_1": 0.01257,
        "recall_at_10": 0.1193,
        "recall_at_100": 0.4291,
        "recall_at_1000": 0.82325,
        "recall_at_20": 0.20432,
        "recall_at_3": 0.04449,
        "recall_at_5": 0.0702
      }
    ]
  },
  "task_name": "Touche2020"
}