{
  "dataset_revision": "a34f9a33db75fa0cbb21bb5cfc3dae8dc8bec93f",
  "evaluation_time": 146.69069051742554,
  "kg_co2_emissions": null,
  "mteb_version": "1.13.1",
  "scores": {
    "test": [
      {
        "hf_subset": "default",
        "languages": [
          "eng-Latn"
        ],
        "main_score": 0.16401,
        "map_at_1": 0.01257,
        "map_at_10": 0.06773,
        "map_at_100": 0.12362,
        "map_at_1000": 0.13991,
        "map_at_20": 0.09148,
        "map_at_3": 0.03667,
        "map_at_5": 0.05025,
        "mrr_at_1": 0.14285714285714285,
        "mrr_at_10": 0.2858114674441205,
        "mrr_at_100": 0.29748461765216677,
        "mrr_at_1000": 0.2979533765843111,
        "mrr_at_20": 0.289913108100383,
        "mrr_at_3": 0.23809523809523808,
        "mrr_at_5": 0.26666666666666666,
        "nauc_map_at_1000_diff1": 0.1668457900922184,
        "nauc_map_at_1000_max": -0.2150241686447419,
        "nauc_map_at_1000_std": -0.036955724825603074,
        "nauc_map_at_100_diff1": 0.18482956720360783,
        "nauc_map_at_100_max": -0.21684767197794103,
        "nauc_map_at_100_std": -0.08053716540819454,
        "nauc_map_at_10_diff1": 0.1170262625412399,
        "nauc_map_at_10_max": -0.2792379973029511,
        "nauc_map_at_10_std": -0.2665565777013885,
        "nauc_map_at_1_diff1": 0.08925134232323235,
        "nauc_map_at_1_max": -0.3126986049296905,
        "nauc_map_at_1_std": -0.2929131734047312,
        "nauc_map_at_20_diff1": 0.18343485817301547,
        "nauc_map_at_20_max": -0.2221297058038543,
        "nauc_map_at_20_std": -0.22637016339553803,
        "nauc_map_at_3_diff1": 0.07119431942490789,
        "nauc_map_at_3_max": -0.26381473070989014,
        "nauc_map_at_3_std": -0.28324826499892397,
        "nauc_map_at_5_diff1": 0.1261298297319351,
        "nauc_map_at_5_max": -0.2906194464461063,
        "nauc_map_at_5_std": -0.29590744060905,
        "nauc_mrr_at_1000_diff1": 0.09254853921140675,
        "nauc_mrr_at_1000_max": -0.35970411033385224,
        "nauc_mrr_at_1000_std": -0.21379202399519545,
        "nauc_mrr_at_100_diff1": 0.09227586314268953,
        "nauc_mrr_at_100_max": -0.3610819939827932,
        "nauc_mrr_at_100_std": -0.21175474461799743,
        "nauc_mrr_at_10_diff1": 0.10367873774106683,
        "nauc_mrr_at_10_max": -0.3563918327712782,
        "nauc_mrr_at_10_std": -0.2257480406574964,
        "nauc_mrr_at_1_diff1": 0.1408232976175902,
        "nauc_mrr_at_1_max": -0.3775945152886757,
        "nauc_mrr_at_1_std": -0.30677435361984423,
        "nauc_mrr_at_20_diff1": 0.09805569885346345,
        "nauc_mrr_at_20_max": -0.36099608437541525,
        "nauc_mrr_at_20_std": -0.21191437552192624,
        "nauc_mrr_at_3_diff1": 0.0759323773982884,
        "nauc_mrr_at_3_max": -0.33397218760331515,
        "nauc_mrr_at_3_std": -0.23524074317899513,
        "nauc_mrr_at_5_diff1": 0.06626986889298263,
        "nauc_mrr_at_5_max": -0.35215825488786084,
        "nauc_mrr_at_5_std": -0.2444681768080626,
        "nauc_ndcg_at_1000_diff1": 0.04740917674998,
        "nauc_ndcg_at_1000_max": -0.24625204516347546,
        "nauc_ndcg_at_1000_std": 0.24225620759635771,
        "nauc_ndcg_at_100_diff1": 0.11838807294678248,
        "nauc_ndcg_at_100_max": -0.2643875507687281,
        "nauc_ndcg_at_100_std": 0.15933375467044286,
        "nauc_ndcg_at_10_diff1": 0.09253641610587776,
        "nauc_ndcg_at_10_max": -0.3116030408791093,
        "nauc_ndcg_at_10_std": -0.19099980380364576,
        "nauc_ndcg_at_1_diff1": -0.030666806789404755,
        "nauc_ndcg_at_1_max": -0.3815694084040218,
        "nauc_ndcg_at_1_std": -0.29646862347194697,
        "nauc_ndcg_at_20_diff1": 0.17340395273125403,
        "nauc_ndcg_at_20_max": -0.24075854696376867,
        "nauc_ndcg_at_20_std": -0.16159863913158118,
        "nauc_ndcg_at_3_diff1": 0.0007089097977362354,
        "nauc_ndcg_at_3_max": -0.3071652467782441,
        "nauc_ndcg_at_3_std": -0.25430068649422616,
        "nauc_ndcg_at_5_diff1": 0.04131472904098721,
        "nauc_ndcg_at_5_max": -0.3554400126926163,
        "nauc_ndcg_at_5_std": -0.2572614520282065,
        "nauc_precision_at_1000_diff1": -0.08796135242198266,
        "nauc_precision_at_1000_max": 0.20656317633130308,
        "nauc_precision_at_1000_std": 0.393434302951888,
        "nauc_precision_at_100_diff1": 0.12200492897842662,
        "nauc_precision_at_100_max": -0.15034385026912842,
        "nauc_precision_at_100_std": 0.6133284410007144,
        "nauc_precision_at_10_diff1": 0.2611352240747693,
        "nauc_precision_at_10_max": -0.2983922597273374,
        "nauc_precision_at_10_std": -0.12408895370950557,
        "nauc_precision_at_1_diff1": 0.1408232976175902,
        "nauc_precision_at_1_max": -0.3775945152886757,
        "nauc_precision_at_1_std": -0.30677435361984423,
        "nauc_precision_at_20_diff1": 0.3454303669318834,
        "nauc_precision_at_20_max": -0.1771577550566199,
        "nauc_precision_at_20_std": -0.02064377629581641,
        "nauc_precision_at_3_diff1": 0.1339379430919174,
        "nauc_precision_at_3_max": -0.28908560128583555,
        "nauc_precision_at_3_std": -0.2537643387002203,
        "nauc_precision_at_5_diff1": 0.17543021435793818,
        "nauc_precision_at_5_max": -0.351699194448851,
        "nauc_precision_at_5_std": -0.24928442703296083,
        "nauc_recall_at_1000_diff1": -0.12312990976285665,
        "nauc_recall_at_1000_max": -0.135309310408877,
        "nauc_recall_at_1000_std": 0.6815860924171371,
        "nauc_recall_at_100_diff1": 0.1101508704029143,
        "nauc_recall_at_100_max": -0.22419853974954382,
        "nauc_recall_at_100_std": 0.32986530440278805,
        "nauc_recall_at_10_diff1": 0.15095365385569695,
        "nauc_recall_at_10_max": -0.255386430538303,
        "nauc_recall_at_10_std": -0.19211646018840162,
        "nauc_recall_at_1_diff1": 0.08925134232323235,
        "nauc_recall_at_1_max": -0.3126986049296905,
        "nauc_recall_at_1_std": -0.2929131734047312,
        "nauc_recall_at_20_diff1": 0.22353507899971553,
        "nauc_recall_at_20_max": -0.19891951273047487,
        "nauc_recall_at_20_std": -0.14707983480303896,
        "nauc_recall_at_3_diff1": 0.08022483856668192,
        "nauc_recall_at_3_max": -0.24431335845586133,
        "nauc_recall_at_3_std": -0.2570072668157209,
        "nauc_recall_at_5_diff1": 0.12737249186868868,
        "nauc_recall_at_5_max": -0.2912974666965221,
        "nauc_recall_at_5_std": -0.27646330518205314,
        "ndcg_at_1": 0.11224,
        "ndcg_at_10": 0.16401,
        "ndcg_at_100": 0.30023,
        "ndcg_at_1000": 0.42767,
        "ndcg_at_20": 0.19271,
        "ndcg_at_3": 0.15422,
        "ndcg_at_5": 0.16027,
        "precision_at_1": 0.14286,
        "precision_at_10": 0.15714,
        "precision_at_100": 0.06837,
        "precision_at_1000": 0.01518,
        "precision_at_20": 0.13878,
        "precision_at_3": 0.18367,
        "precision_at_5": 0.18367,
        "recall_at_1": 0.01257,
        "recall_at_10": 0.1193,
        "recall_at_100": 0.43029,
        "recall_at_1000": 0.8224,
        "recall_at_20": 0.20161,
        "recall_at_3": 0.04449,
        "recall_at_5": 0.0702
      }
    ]
  },
  "task_name": "Touche2020"
}