{
  "dataset_revision": "bb9466bac8153a0349341eb1b22e06409e78ef4e",
  "evaluation_time": 68.59139084815979,
  "kg_co2_emissions": null,
  "mteb_version": "1.13.1",
  "scores": {
    "test": [
      {
        "hf_subset": "default",
        "languages": [
          "eng-Latn"
        ],
        "main_score": 0.73985,
        "map_at_1": 0.00249,
        "map_at_10": 0.01957,
        "map_at_100": 0.11729,
        "map_at_1000": 0.29772,
        "map_at_20": 0.03488,
        "map_at_3": 0.00654,
        "map_at_5": 0.01052,
        "mrr_at_1": 0.9,
        "mrr_at_10": 0.9433333333333332,
        "mrr_at_100": 0.9433333333333332,
        "mrr_at_1000": 0.9433333333333332,
        "mrr_at_20": 0.9433333333333332,
        "mrr_at_3": 0.9433333333333332,
        "mrr_at_5": 0.9433333333333332,
        "nauc_map_at_1000_diff1": -0.10888554284384358,
        "nauc_map_at_1000_max": 0.4238478927339815,
        "nauc_map_at_1000_std": 0.7602842207624196,
        "nauc_map_at_100_diff1": -0.03523807016023837,
        "nauc_map_at_100_max": 0.28190665116163144,
        "nauc_map_at_100_std": 0.560974518669039,
        "nauc_map_at_10_diff1": -0.04689285949669645,
        "nauc_map_at_10_max": 0.15398609271341399,
        "nauc_map_at_10_std": 0.13188333063461993,
        "nauc_map_at_1_diff1": -0.07251702488429923,
        "nauc_map_at_1_max": 0.04390816898923624,
        "nauc_map_at_1_std": -0.0017102613866614657,
        "nauc_map_at_20_diff1": -0.017567501270459092,
        "nauc_map_at_20_max": 0.1654208522956119,
        "nauc_map_at_20_std": 0.22817965951205574,
        "nauc_map_at_3_diff1": -0.08953788618270642,
        "nauc_map_at_3_max": 0.10352589237805664,
        "nauc_map_at_3_std": 0.046415185873590545,
        "nauc_map_at_5_diff1": -0.058167273196338826,
        "nauc_map_at_5_max": 0.12267303446241894,
        "nauc_map_at_5_std": 0.04973973904120581,
        "nauc_mrr_at_1000_diff1": -0.14832207392760852,
        "nauc_mrr_at_1000_max": 0.4440050530015928,
        "nauc_mrr_at_1000_std": 0.1968473663975381,
        "nauc_mrr_at_100_diff1": -0.14832207392760852,
        "nauc_mrr_at_100_max": 0.4440050530015928,
        "nauc_mrr_at_100_std": 0.1968473663975381,
        "nauc_mrr_at_10_diff1": -0.14832207392760852,
        "nauc_mrr_at_10_max": 0.4440050530015928,
        "nauc_mrr_at_10_std": 0.1968473663975381,
        "nauc_mrr_at_1_diff1": -0.24295051353874947,
        "nauc_mrr_at_1_max": 0.48281979458450003,
        "nauc_mrr_at_1_std": 0.26293183940242765,
        "nauc_mrr_at_20_diff1": -0.14832207392760852,
        "nauc_mrr_at_20_max": 0.4440050530015928,
        "nauc_mrr_at_20_std": 0.1968473663975381,
        "nauc_mrr_at_3_diff1": -0.14832207392760852,
        "nauc_mrr_at_3_max": 0.4440050530015928,
        "nauc_mrr_at_3_std": 0.1968473663975381,
        "nauc_mrr_at_5_diff1": -0.14832207392760852,
        "nauc_mrr_at_5_max": 0.4440050530015928,
        "nauc_mrr_at_5_std": 0.1968473663975381,
        "nauc_ndcg_at_1000_diff1": -0.08448802429323474,
        "nauc_ndcg_at_1000_max": 0.420624538887719,
        "nauc_ndcg_at_1000_std": 0.745811176351543,
        "nauc_ndcg_at_100_diff1": -0.06777412765058771,
        "nauc_ndcg_at_100_max": 0.4164576265780602,
        "nauc_ndcg_at_100_std": 0.7576914448438224,
        "nauc_ndcg_at_10_diff1": -0.030954431141314274,
        "nauc_ndcg_at_10_max": 0.33210804305791547,
        "nauc_ndcg_at_10_std": 0.5005198534495863,
        "nauc_ndcg_at_1_diff1": -0.1003033750474032,
        "nauc_ndcg_at_1_max": 0.28533506690503235,
        "nauc_ndcg_at_1_std": 0.3783520234032177,
        "nauc_ndcg_at_20_diff1": -0.02603233015304055,
        "nauc_ndcg_at_20_max": 0.33896690330812734,
        "nauc_ndcg_at_20_std": 0.6116034194538083,
        "nauc_ndcg_at_3_diff1": -0.13774506930676006,
        "nauc_ndcg_at_3_max": 0.3207626012889051,
        "nauc_ndcg_at_3_std": 0.3320379319084915,
        "nauc_ndcg_at_5_diff1": -0.02209114539185276,
        "nauc_ndcg_at_5_max": 0.32026232432458285,
        "nauc_ndcg_at_5_std": 0.3372450500277056,
        "nauc_precision_at_1000_diff1": -0.09505204294001271,
        "nauc_precision_at_1000_max": 0.34837616289384016,
        "nauc_precision_at_1000_std": 0.4396542395759803,
        "nauc_precision_at_100_diff1": -0.043391035227245314,
        "nauc_precision_at_100_max": 0.41788036743377155,
        "nauc_precision_at_100_std": 0.7560060737223024,
        "nauc_precision_at_10_diff1": 0.0898730525100967,
        "nauc_precision_at_10_max": 0.38959174841315614,
        "nauc_precision_at_10_std": 0.491409405654934,
        "nauc_precision_at_1_diff1": -0.24295051353874947,
        "nauc_precision_at_1_max": 0.48281979458450003,
        "nauc_precision_at_1_std": 0.26293183940242765,
        "nauc_precision_at_20_diff1": 0.06931592777824873,
        "nauc_precision_at_20_max": 0.35945070780706945,
        "nauc_precision_at_20_std": 0.6227244214630848,
        "nauc_precision_at_3_diff1": -0.1338918074684093,
        "nauc_precision_at_3_max": 0.3263287424866295,
        "nauc_precision_at_3_std": 0.1996308391310519,
        "nauc_precision_at_5_diff1": 0.059767125889348585,
        "nauc_precision_at_5_max": 0.3628687051673516,
        "nauc_precision_at_5_std": 0.2482870458297429,
        "nauc_recall_at_1000_diff1": -0.09096537377752183,
        "nauc_recall_at_1000_max": 0.35663889252332964,
        "nauc_recall_at_1000_std": 0.6246375224382986,
        "nauc_recall_at_100_diff1": -0.01971238546843645,
        "nauc_recall_at_100_max": 0.21054938414701882,
        "nauc_recall_at_100_std": 0.44796839253949344,
        "nauc_recall_at_10_diff1": -0.03295355578796194,
        "nauc_recall_at_10_max": 0.10640447103949459,
        "nauc_recall_at_10_std": 0.10912056491763554,
        "nauc_recall_at_1_diff1": -0.07251702488429923,
        "nauc_recall_at_1_max": 0.04390816898923624,
        "nauc_recall_at_1_std": -0.0017102613866614657,
        "nauc_recall_at_20_diff1": -0.010923712010864593,
        "nauc_recall_at_20_max": 0.11191510825603578,
        "nauc_recall_at_20_std": 0.18845101449286755,
        "nauc_recall_at_3_diff1": -0.08572462107811622,
        "nauc_recall_at_3_max": 0.07104055179514097,
        "nauc_recall_at_3_std": 0.025072990736515633,
        "nauc_recall_at_5_diff1": -0.0485328248414989,
        "nauc_recall_at_5_max": 0.0814682549144023,
        "nauc_recall_at_5_std": 0.02215077138139511,
        "ndcg_at_1": 0.81,
        "ndcg_at_10": 0.73985,
        "ndcg_at_100": 0.59221,
        "ndcg_at_1000": 0.55788,
        "ndcg_at_20": 0.71065,
        "ndcg_at_3": 0.78866,
        "ndcg_at_5": 0.76947,
        "precision_at_1": 0.9,
        "precision_at_10": 0.8,
        "precision_at_100": 0.6142,
        "precision_at_1000": 0.24562,
        "precision_at_20": 0.76,
        "precision_at_3": 0.84,
        "precision_at_5": 0.828,
        "recall_at_1": 0.00249,
        "recall_at_10": 0.02169,
        "recall_at_100": 0.15253,
        "recall_at_1000": 0.535,
        "recall_at_20": 0.03994,
        "recall_at_3": 0.00686,
        "recall_at_5": 0.01134
      }
    ]
  },
  "task_name": "TRECCOVID"
}