{
  "dataset_revision": "bb9466bac8153a0349341eb1b22e06409e78ef4e",
  "evaluation_time": 76.58766889572144,
  "kg_co2_emissions": null,
  "mteb_version": "1.13.1",
  "scores": {
    "test": [
      {
        "hf_subset": "default",
        "languages": [
          "eng-Latn"
        ],
        "main_score": 0.74784,
        "map_at_1": 0.00244,
        "map_at_10": 0.01988,
        "map_at_100": 0.11897,
        "map_at_1000": 0.30066,
        "map_at_20": 0.03529,
        "map_at_3": 0.00655,
        "map_at_5": 0.01056,
        "mrr_at_1": 0.88,
        "mrr_at_10": 0.9333333333333332,
        "mrr_at_100": 0.9333333333333332,
        "mrr_at_1000": 0.9333333333333332,
        "mrr_at_20": 0.9333333333333332,
        "mrr_at_3": 0.9333333333333332,
        "mrr_at_5": 0.9333333333333332,
        "nauc_map_at_1000_diff1": -0.07335383162648815,
        "nauc_map_at_1000_max": 0.40774344759249326,
        "nauc_map_at_1000_std": 0.7720166650253704,
        "nauc_map_at_100_diff1": -0.02913401210829658,
        "nauc_map_at_100_max": 0.24778451085924602,
        "nauc_map_at_100_std": 0.5558705452363696,
        "nauc_map_at_10_diff1": -0.07485089643261865,
        "nauc_map_at_10_max": 0.11192710536632951,
        "nauc_map_at_10_std": 0.08091837029592634,
        "nauc_map_at_1_diff1": -0.08167909182015812,
        "nauc_map_at_1_max": 0.026276268303912022,
        "nauc_map_at_1_std": -0.03374221426682318,
        "nauc_map_at_20_diff1": -0.02684471740392228,
        "nauc_map_at_20_max": 0.12793781473765314,
        "nauc_map_at_20_std": 0.20853951794261275,
        "nauc_map_at_3_diff1": -0.08925453414876662,
        "nauc_map_at_3_max": 0.0755197351376338,
        "nauc_map_at_3_std": 0.019645893621971663,
        "nauc_map_at_5_diff1": -0.09047807606896444,
        "nauc_map_at_5_max": 0.10516147471681253,
        "nauc_map_at_5_std": 0.020152169080584294,
        "nauc_mrr_at_1000_diff1": 0.003452380952381871,
        "nauc_mrr_at_1000_max": 0.40373809523809473,
        "nauc_mrr_at_1000_std": 0.14445238095238228,
        "nauc_mrr_at_100_diff1": 0.003452380952381871,
        "nauc_mrr_at_100_max": 0.40373809523809473,
        "nauc_mrr_at_100_std": 0.14445238095238228,
        "nauc_mrr_at_10_diff1": 0.003452380952381871,
        "nauc_mrr_at_10_max": 0.40373809523809473,
        "nauc_mrr_at_10_std": 0.14445238095238228,
        "nauc_mrr_at_1_diff1": -0.05249761374483006,
        "nauc_mrr_at_1_max": 0.4322303531657653,
        "nauc_mrr_at_1_std": 0.19479796372892186,
        "nauc_mrr_at_20_diff1": 0.003452380952381871,
        "nauc_mrr_at_20_max": 0.40373809523809473,
        "nauc_mrr_at_20_std": 0.14445238095238228,
        "nauc_mrr_at_3_diff1": 0.003452380952381871,
        "nauc_mrr_at_3_max": 0.40373809523809473,
        "nauc_mrr_at_3_std": 0.14445238095238228,
        "nauc_mrr_at_5_diff1": 0.003452380952381871,
        "nauc_mrr_at_5_max": 0.40373809523809473,
        "nauc_mrr_at_5_std": 0.14445238095238228,
        "nauc_ndcg_at_1000_diff1": -0.07049029127117187,
        "nauc_ndcg_at_1000_max": 0.4028736496304097,
        "nauc_ndcg_at_1000_std": 0.7540429013910628,
        "nauc_ndcg_at_100_diff1": -0.0445040942010417,
        "nauc_ndcg_at_100_max": 0.4035777345895652,
        "nauc_ndcg_at_100_std": 0.7727837631868912,
        "nauc_ndcg_at_10_diff1": -0.04269504464421954,
        "nauc_ndcg_at_10_max": 0.29768175438826666,
        "nauc_ndcg_at_10_std": 0.48648005905871256,
        "nauc_ndcg_at_1_diff1": -0.06681279009798871,
        "nauc_ndcg_at_1_max": 0.25675605982465166,
        "nauc_ndcg_at_1_std": 0.35072202166065003,
        "nauc_ndcg_at_20_diff1": -0.0067310145945913774,
        "nauc_ndcg_at_20_max": 0.32173217385216096,
        "nauc_ndcg_at_20_std": 0.6451583837352401,
        "nauc_ndcg_at_3_diff1": -0.1227055190310978,
        "nauc_ndcg_at_3_max": 0.2986350098967871,
        "nauc_ndcg_at_3_std": 0.3361526210733518,
        "nauc_ndcg_at_5_diff1": -0.05772960790506668,
        "nauc_ndcg_at_5_max": 0.3386438752321323,
        "nauc_ndcg_at_5_std": 0.36495867380314656,
        "nauc_precision_at_1000_diff1": -0.048675662662866,
        "nauc_precision_at_1000_max": 0.35773852966322345,
        "nauc_precision_at_1000_std": 0.45346457801523915,
        "nauc_precision_at_100_diff1": -0.02019102363119132,
        "nauc_precision_at_100_max": 0.4111867851129295,
        "nauc_precision_at_100_std": 0.777874354061429,
        "nauc_precision_at_10_diff1": 0.03576789337517239,
        "nauc_precision_at_10_max": 0.3563966600541569,
        "nauc_precision_at_10_std": 0.4627952058049286,
        "nauc_precision_at_1_diff1": -0.05249761374483006,
        "nauc_precision_at_1_max": 0.4322303531657653,
        "nauc_precision_at_1_std": 0.19479796372892186,
        "nauc_precision_at_20_diff1": 0.09750557599232161,
        "nauc_precision_at_20_max": 0.3469377299136184,
        "nauc_precision_at_20_std": 0.6590566753081739,
        "nauc_precision_at_3_diff1": -0.12371621941407572,
        "nauc_precision_at_3_max": 0.3263287424866295,
        "nauc_precision_at_3_std": 0.1996308391310519,
        "nauc_precision_at_5_diff1": -0.041544798860695516,
        "nauc_precision_at_5_max": 0.42708604505152786,
        "nauc_precision_at_5_std": 0.2783639342756065,
        "nauc_recall_at_1000_diff1": -0.0697975065170446,
        "nauc_recall_at_1000_max": 0.33786360557193235,
        "nauc_recall_at_1000_std": 0.6273259473268689,
        "nauc_recall_at_100_diff1": -0.03519335695122673,
        "nauc_recall_at_100_max": 0.17393221932619754,
        "nauc_recall_at_100_std": 0.4296872424183046,
        "nauc_recall_at_10_diff1": -0.07579066010631821,
        "nauc_recall_at_10_max": 0.060215275573268175,
        "nauc_recall_at_10_std": 0.05107730275367019,
        "nauc_recall_at_1_diff1": -0.08167909182015812,
        "nauc_recall_at_1_max": 0.026276268303912022,
        "nauc_recall_at_1_std": -0.03374221426682318,
        "nauc_recall_at_20_diff1": -0.028733070473500506,
        "nauc_recall_at_20_max": 0.0780473490096325,
        "nauc_recall_at_20_std": 0.16922482506778513,
        "nauc_recall_at_3_diff1": -0.108509977627558,
        "nauc_recall_at_3_max": 0.047527603753732925,
        "nauc_recall_at_3_std": -0.0061044599919505135,
        "nauc_recall_at_5_diff1": -0.10069523798872104,
        "nauc_recall_at_5_max": 0.0669718288529284,
        "nauc_recall_at_5_std": -0.010256811527217628,
        "ndcg_at_1": 0.8,
        "ndcg_at_10": 0.74784,
        "ndcg_at_100": 0.59788,
        "ndcg_at_1000": 0.56086,
        "ndcg_at_20": 0.71539,
        "ndcg_at_3": 0.78693,
        "ndcg_at_5": 0.7729,
        "precision_at_1": 0.88,
        "precision_at_10": 0.808,
        "precision_at_100": 0.6202,
        "precision_at_1000": 0.24698,
        "precision_at_20": 0.765,
        "precision_at_3": 0.84,
        "precision_at_5": 0.832,
        "recall_at_1": 0.00244,
        "recall_at_10": 0.02203,
        "recall_at_100": 0.15407,
        "recall_at_1000": 0.53759,
        "recall_at_20": 0.04025,
        "recall_at_3": 0.00686,
        "recall_at_5": 0.01135
      }
    ]
  },
  "task_name": "TRECCOVID"
}