{
  "dataset_revision": "8b6510b0b1fa4e4c4f879467980e9be563ec1cdf",
  "evaluation_time": 27.14149022102356,
  "kg_co2_emissions": null,
  "mteb_version": "1.13.1",
  "scores": {
    "test": [
      {
        "cosine_accuracy": 0.8859005704971475,
        "cosine_accuracy_threshold": 0.6796697974205017,
        "cosine_ap": 0.8553639682057654,
        "cosine_f1": 0.775992438563327,
        "cosine_f1_threshold": 0.6418421268463135,
        "cosine_precision": 0.7350550964187328,
        "cosine_recall": 0.8217585463504774,
        "dot_accuracy": 0.881709162882757,
        "dot_accuracy_threshold": 4.707460403442383,
        "dot_ap": 0.8469028002690464,
        "dot_f1": 0.7738704330907257,
        "dot_f1_threshold": 4.3822197914123535,
        "dot_precision": 0.7272788839225247,
        "dot_recall": 0.8268401601478288,
        "euclidean_accuracy": 0.8801373850273606,
        "euclidean_accuracy_threshold": 2.0765128135681152,
        "euclidean_ap": 0.8425228764382326,
        "euclidean_f1": 0.7632587740518813,
        "euclidean_f1_threshold": 2.197416067123413,
        "euclidean_precision": 0.7387075859087961,
        "euclidean_recall": 0.7894979981521404,
        "hf_subset": "default",
        "languages": [
          "eng-Latn"
        ],
        "main_score": 0.8553639682057654,
        "manhattan_accuracy": 0.8795940544106803,
        "manhattan_accuracy_threshold": 45.59135818481445,
        "manhattan_ap": 0.8423216504242372,
        "manhattan_f1": 0.7628911905557413,
        "manhattan_f1_threshold": 48.67928695678711,
        "manhattan_precision": 0.7366119435084952,
        "manhattan_recall": 0.7911148752694795,
        "max_ap": 0.8553639682057654,
        "max_f1": 0.775992438563327,
        "max_precision": 0.7387075859087961,
        "max_recall": 0.8268401601478288,
        "similarity_accuracy": 0.8859005704971475,
        "similarity_accuracy_threshold": 0.6796697974205017,
        "similarity_ap": 0.8553639682057654,
        "similarity_f1": 0.775992438563327,
        "similarity_f1_threshold": 0.6418421268463135,
        "similarity_precision": 0.7350550964187328,
        "similarity_recall": 0.8217585463504774
      }
    ]
  },
  "task_name": "TwitterURLCorpus"
}