{
  "dataset_revision": "70970daeab8776df92f5ea462b6173c0b46fd2d1",
  "evaluation_time": 17.963035106658936,
  "kg_co2_emissions": null,
  "mteb_version": "1.13.1",
  "scores": {
    "test": [
      {
        "cosine_accuracy": 0.8493175180306372,
        "cosine_accuracy_threshold": 0.7270028591156006,
        "cosine_ap": 0.7120308347490206,
        "cosine_f1": 0.6714844212770998,
        "cosine_f1_threshold": 0.6664860248565674,
        "cosine_precision": 0.6093313265964309,
        "cosine_recall": 0.7477572559366754,
        "dot_accuracy": 0.8449067175299517,
        "dot_accuracy_threshold": 5.463202953338623,
        "dot_ap": 0.6864036777383062,
        "dot_f1": 0.6575576430401365,
        "dot_f1_threshold": 5.083123207092285,
        "dot_precision": 0.6115271159518947,
        "dot_recall": 0.7110817941952506,
        "euclidean_accuracy": 0.845085533766466,
        "euclidean_accuracy_threshold": 2.0447182655334473,
        "euclidean_ap": 0.6988420817820808,
        "euclidean_f1": 0.6589840075258702,
        "euclidean_f1_threshold": 2.2549071311950684,
        "euclidean_precision": 0.59439966058549,
        "euclidean_recall": 0.7393139841688654,
        "hf_subset": "default",
        "languages": [
          "eng-Latn"
        ],
        "main_score": 0.7120308347490206,
        "manhattan_accuracy": 0.8460988257733802,
        "manhattan_accuracy_threshold": 44.234710693359375,
        "manhattan_ap": 0.6986108063180578,
        "manhattan_f1": 0.6601778418649363,
        "manhattan_f1_threshold": 49.48622131347656,
        "manhattan_precision": 0.6061341571050309,
        "manhattan_recall": 0.724802110817942,
        "max_ap": 0.7120308347490206,
        "max_f1": 0.6714844212770998,
        "max_precision": 0.6115271159518947,
        "max_recall": 0.7477572559366754,
        "similarity_accuracy": 0.8493175180306372,
        "similarity_accuracy_threshold": 0.7270028591156006,
        "similarity_ap": 0.7120308347490206,
        "similarity_f1": 0.6714844212770998,
        "similarity_f1_threshold": 0.6664860248565674,
        "similarity_precision": 0.6093313265964309,
        "similarity_recall": 0.7477572559366754
      }
    ]
  },
  "task_name": "TwitterSemEval2015"
}