{
  "dataset_revision": "47f2ac6acb640fc46020b02a5b59fdda04d39380",
  "mteb_dataset_name": "ClimateFEVER",
  "mteb_version": "1.10.15",
  "test": {
    "evaluation_time": 587.25,
    "map_at_1": 0.07112,
    "map_at_10": 0.11989,
    "map_at_100": 0.13348,
    "map_at_1000": 0.13538,
    "map_at_20": 0.12657,
    "map_at_3": 0.10092,
    "map_at_5": 0.11037,
    "mrr_at_1": 0.15635,
    "mrr_at_10": 0.24003,
    "mrr_at_100": 0.25126,
    "mrr_at_1000": 0.252,
    "mrr_at_20": 0.24661,
    "mrr_at_3": 0.2101,
    "mrr_at_5": 0.22674,
    "ndcg_at_1": 0.1557,
    "ndcg_at_10": 0.17621,
    "ndcg_at_100": 0.23966,
    "ndcg_at_1000": 0.27854,
    "ndcg_at_20": 0.19845,
    "ndcg_at_3": 0.13953,
    "ndcg_at_5": 0.15268,
    "precision_at_1": 0.1557,
    "precision_at_10": 0.0557,
    "precision_at_100": 0.01225,
    "precision_at_1000": 0.00193,
    "precision_at_20": 0.03707,
    "precision_at_3": 0.10271,
    "precision_at_5": 0.08104,
    "recall_at_1": 0.07112,
    "recall_at_10": 0.22013,
    "recall_at_100": 0.44612,
    "recall_at_1000": 0.66872,
    "recall_at_20": 0.2849,
    "recall_at_3": 0.13168,
    "recall_at_5": 0.16629
  }
}