{
  "dataset_revision": "46989137a86843e03a6195de44b09deda022eec7",
  "mteb_dataset_name": "CQADupstackTexRetrieval",
  "mteb_version": "1.10.15",
  "test": {
    "evaluation_time": 31.55,
    "map_at_1": 0.19295,
    "map_at_10": 0.2641,
    "map_at_100": 0.27404,
    "map_at_1000": 0.27527,
    "map_at_20": 0.26903,
    "map_at_3": 0.24332,
    "map_at_5": 0.25435,
    "mrr_at_1": 0.23262,
    "mrr_at_10": 0.30435,
    "mrr_at_100": 0.31272,
    "mrr_at_1000": 0.31349,
    "mrr_at_20": 0.30895,
    "mrr_at_3": 0.28499,
    "mrr_at_5": 0.29539,
    "ndcg_at_1": 0.23193,
    "ndcg_at_10": 0.30859,
    "ndcg_at_100": 0.35663,
    "ndcg_at_1000": 0.38582,
    "ndcg_at_20": 0.32482,
    "ndcg_at_3": 0.27166,
    "ndcg_at_5": 0.28746,
    "precision_at_1": 0.23193,
    "precision_at_10": 0.05437,
    "precision_at_100": 0.00926,
    "precision_at_1000": 0.00135,
    "precision_at_20": 0.03219,
    "precision_at_3": 0.12641,
    "precision_at_5": 0.08926,
    "recall_at_1": 0.19295,
    "recall_at_10": 0.40208,
    "recall_at_100": 0.61965,
    "recall_at_1000": 0.82998,
    "recall_at_20": 0.46192,
    "recall_at_3": 0.29802,
    "recall_at_5": 0.33895
  }
}