{
  "dataset_revision": "f46a197baaae43b4f621051089b82a364682dfeb",
  "mteb_dataset_name": "CQADupstackAndroidRetrieval",
  "mteb_version": "1.10.15",
  "test": {
    "evaluation_time": 22.99,
    "map_at_1": 0.33386,
    "map_at_10": 0.45054,
    "map_at_100": 0.46481,
    "map_at_1000": 0.4659,
    "map_at_20": 0.45846,
    "map_at_3": 0.41514,
    "map_at_5": 0.43332,
    "mrr_at_1": 0.41202,
    "mrr_at_10": 0.51077,
    "mrr_at_100": 0.51757,
    "mrr_at_1000": 0.51794,
    "mrr_at_20": 0.51476,
    "mrr_at_3": 0.48689,
    "mrr_at_5": 0.50026,
    "ndcg_at_1": 0.41202,
    "ndcg_at_10": 0.51448,
    "ndcg_at_100": 0.56377,
    "ndcg_at_1000": 0.58013,
    "ndcg_at_20": 0.53321,
    "ndcg_at_3": 0.46621,
    "ndcg_at_5": 0.48528,
    "precision_at_1": 0.41202,
    "precision_at_10": 0.09871,
    "precision_at_100": 0.01541,
    "precision_at_1000": 0.00195,
    "precision_at_20": 0.05815,
    "precision_at_3": 0.22699,
    "precision_at_5": 0.16023,
    "recall_at_1": 0.33386,
    "recall_at_10": 0.63409,
    "recall_at_100": 0.83869,
    "recall_at_1000": 0.94304,
    "recall_at_20": 0.69936,
    "recall_at_3": 0.48771,
    "recall_at_5": 0.54622
  }
}