{
  "dataset_revision": "6184bc1440d2dbc7612be22b50686b8826d22b32",
  "mteb_dataset_name": "CQADupstackProgrammersRetrieval",
  "mteb_version": "1.10.15",
  "test": {
    "evaluation_time": 20.11,
    "map_at_1": 0.2757,
    "map_at_10": 0.37326,
    "map_at_100": 0.38483,
    "map_at_1000": 0.38594,
    "map_at_20": 0.37994,
    "map_at_3": 0.34188,
    "map_at_5": 0.35875,
    "mrr_at_1": 0.3379,
    "mrr_at_10": 0.42708,
    "mrr_at_100": 0.43466,
    "mrr_at_1000": 0.43527,
    "mrr_at_20": 0.43181,
    "mrr_at_3": 0.4024,
    "mrr_at_5": 0.41575,
    "ndcg_at_1": 0.3379,
    "ndcg_at_10": 0.43122,
    "ndcg_at_100": 0.481,
    "ndcg_at_1000": 0.5047,
    "ndcg_at_20": 0.45127,
    "ndcg_at_3": 0.38005,
    "ndcg_at_5": 0.40199,
    "precision_at_1": 0.3379,
    "precision_at_10": 0.07797,
    "precision_at_100": 0.01184,
    "precision_at_1000": 0.00157,
    "precision_at_20": 0.04543,
    "precision_at_3": 0.1796,
    "precision_at_5": 0.12717,
    "recall_at_1": 0.2757,
    "recall_at_10": 0.55201,
    "recall_at_100": 0.76676,
    "recall_at_1000": 0.92653,
    "recall_at_20": 0.6226,
    "recall_at_3": 0.40679,
    "recall_at_5": 0.46497
  }
}