{
  "dataset_revision": "90fceea13679c63fe563ded68f3b6f06e50061de",
  "mteb_dataset_name": "CQADupstackMathematicaRetrieval",
  "mteb_version": "1.10.15",
  "test": {
    "evaluation_time": 15.73,
    "map_at_1": 0.17139,
    "map_at_10": 0.24885,
    "map_at_100": 0.26115,
    "map_at_1000": 0.2623,
    "map_at_20": 0.25538,
    "map_at_3": 0.22358,
    "map_at_5": 0.23807,
    "mrr_at_1": 0.20771,
    "mrr_at_10": 0.29038,
    "mrr_at_100": 0.30022,
    "mrr_at_1000": 0.30083,
    "mrr_at_20": 0.29618,
    "mrr_at_3": 0.26368,
    "mrr_at_5": 0.28016,
    "ndcg_at_1": 0.20771,
    "ndcg_at_10": 0.29863,
    "ndcg_at_100": 0.35665,
    "ndcg_at_1000": 0.38333,
    "ndcg_at_20": 0.32099,
    "ndcg_at_3": 0.25259,
    "ndcg_at_5": 0.27556,
    "precision_at_1": 0.20771,
    "precision_at_10": 0.0556,
    "precision_at_100": 0.00981,
    "precision_at_1000": 0.00134,
    "precision_at_20": 0.03383,
    "precision_at_3": 0.12023,
    "precision_at_5": 0.09005,
    "recall_at_1": 0.17139,
    "recall_at_10": 0.4085,
    "recall_at_100": 0.65935,
    "recall_at_1000": 0.84714,
    "recall_at_20": 0.48953,
    "recall_at_3": 0.28496,
    "recall_at_5": 0.34093
  }
}