{
  "dataset_revision": "79531abbd1fb92d06c6d6315a0cbbbf5bb247ea4",
  "mteb_dataset_name": "CQADupstackPhysicsRetrieval",
  "mteb_version": "1.10.15",
  "test": {
    "evaluation_time": 21.35,
    "map_at_1": 0.3061,
    "map_at_10": 0.40247,
    "map_at_100": 0.41664,
    "map_at_1000": 0.41778,
    "map_at_20": 0.4106,
    "map_at_3": 0.37373,
    "map_at_5": 0.39001,
    "mrr_at_1": 0.37536,
    "mrr_at_10": 0.46118,
    "mrr_at_100": 0.46996,
    "mrr_at_1000": 0.47047,
    "mrr_at_20": 0.46641,
    "mrr_at_3": 0.4392,
    "mrr_at_5": 0.45176,
    "ndcg_at_1": 0.37344,
    "ndcg_at_10": 0.45742,
    "ndcg_at_100": 0.51474,
    "ndcg_at_1000": 0.53548,
    "ndcg_at_20": 0.48065,
    "ndcg_at_3": 0.41339,
    "ndcg_at_5": 0.43413,
    "precision_at_1": 0.37344,
    "precision_at_10": 0.08017,
    "precision_at_100": 0.01272,
    "precision_at_1000": 0.00163,
    "precision_at_20": 0.04759,
    "precision_at_3": 0.19185,
    "precision_at_5": 0.13378,
    "recall_at_1": 0.3061,
    "recall_at_10": 0.56292,
    "recall_at_100": 0.8031,
    "recall_at_1000": 0.9378,
    "recall_at_20": 0.64405,
    "recall_at_3": 0.43829,
    "recall_at_5": 0.49422
  }
}