{
  "dataset_revision": "65ac3a16b8e91f9cee4c9828cc7c335575432a2a",
  "mteb_dataset_name": "CQADupstackStatsRetrieval",
  "mteb_version": "1.10.15",
  "test": {
    "evaluation_time": 22.49,
    "map_at_1": 0.25938,
    "map_at_10": 0.33103,
    "map_at_100": 0.33841,
    "map_at_1000": 0.33946,
    "map_at_20": 0.33463,
    "map_at_3": 0.30728,
    "map_at_5": 0.31853,
    "mrr_at_1": 0.28528,
    "mrr_at_10": 0.35552,
    "mrr_at_100": 0.36218,
    "mrr_at_1000": 0.36295,
    "mrr_at_20": 0.35906,
    "mrr_at_3": 0.33308,
    "mrr_at_5": 0.3442,
    "ndcg_at_1": 0.28528,
    "ndcg_at_10": 0.37458,
    "ndcg_at_100": 0.41333,
    "ndcg_at_1000": 0.43892,
    "ndcg_at_20": 0.38702,
    "ndcg_at_3": 0.32952,
    "ndcg_at_5": 0.34733,
    "precision_at_1": 0.28528,
    "precision_at_10": 0.05813,
    "precision_at_100": 0.00845,
    "precision_at_1000": 0.00114,
    "precision_at_20": 0.03236,
    "precision_at_3": 0.13855,
    "precision_at_5": 0.0954,
    "recall_at_1": 0.25938,
    "recall_at_10": 0.48469,
    "recall_at_100": 0.66423,
    "recall_at_1000": 0.85114,
    "recall_at_20": 0.53116,
    "recall_at_3": 0.36043,
    "recall_at_5": 0.4036
  }
}