{
  "dataset_revision": "160c094312a0e1facb97e55eeddb698c0abe3571",
  "mteb_dataset_name": "CQADupstackWebmastersRetrieval",
  "mteb_version": "1.10.15",
  "test": {
    "evaluation_time": 14.69,
    "map_at_1": 0.27871,
    "map_at_10": 0.36243,
    "map_at_100": 0.3771,
    "map_at_1000": 0.3793,
    "map_at_20": 0.36939,
    "map_at_3": 0.33431,
    "map_at_5": 0.34935,
    "mrr_at_1": 0.33597,
    "mrr_at_10": 0.41003,
    "mrr_at_100": 0.41917,
    "mrr_at_1000": 0.41971,
    "mrr_at_20": 0.4147,
    "mrr_at_3": 0.38636,
    "mrr_at_5": 0.40049,
    "ndcg_at_1": 0.33597,
    "ndcg_at_10": 0.41749,
    "ndcg_at_100": 0.47281,
    "ndcg_at_1000": 0.49759,
    "ndcg_at_20": 0.43524,
    "ndcg_at_3": 0.37238,
    "ndcg_at_5": 0.39389,
    "precision_at_1": 0.33597,
    "precision_at_10": 0.07806,
    "precision_at_100": 0.01532,
    "precision_at_1000": 0.00237,
    "precision_at_20": 0.04783,
    "precision_at_3": 0.16798,
    "precision_at_5": 0.12292,
    "recall_at_1": 0.27871,
    "recall_at_10": 0.51382,
    "recall_at_100": 0.77205,
    "recall_at_1000": 0.92727,
    "recall_at_20": 0.58548,
    "recall_at_3": 0.38664,
    "recall_at_5": 0.44435
  }
}