{
  "dataset_revision": "c0f706b76e590d620bd6618b3ca8efdd34e2d659",
  "mteb_dataset_name": "DBPedia",
  "mteb_version": "1.10.15",
  "test": {
    "evaluation_time": 456.31,
    "map_at_1": 0.05859,
    "map_at_10": 0.13531,
    "map_at_100": 0.18982,
    "map_at_1000": 0.20158,
    "map_at_20": 0.1559,
    "map_at_3": 0.09653,
    "map_at_5": 0.11522,
    "mrr_at_1": 0.4525,
    "mrr_at_10": 0.55272,
    "mrr_at_100": 0.5604,
    "mrr_at_1000": 0.56058,
    "mrr_at_20": 0.55804,
    "mrr_at_3": 0.52333,
    "mrr_at_5": 0.54108,
    "ndcg_at_1": 0.34875,
    "ndcg_at_10": 0.28931,
    "ndcg_at_100": 0.34241,
    "ndcg_at_1000": 0.41433,
    "ndcg_at_20": 0.29117,
    "ndcg_at_3": 0.31343,
    "ndcg_at_5": 0.30167,
    "precision_at_1": 0.455,
    "precision_at_10": 0.22975,
    "precision_at_100": 0.07705,
    "precision_at_1000": 0.0156,
    "precision_at_20": 0.17575,
    "precision_at_3": 0.35,
    "precision_at_5": 0.302,
    "recall_at_1": 0.05859,
    "recall_at_10": 0.19189,
    "recall_at_100": 0.4259,
    "recall_at_1000": 0.6601,
    "recall_at_20": 0.25732,
    "recall_at_3": 0.11118,
    "recall_at_5": 0.14652
  }
}