{
  "dataset_revision": "27a168819829fe9bcd655c2df245fb19452e8e06",
  "dev": {
    "evaluation_time": 35.21,
    "map_at_1": 0.22823,
    "map_at_10": 0.34895,
    "map_at_100": 0.36742,
    "map_at_1000": 0.36905,
    "map_at_20": 0.35973,
    "map_at_3": 0.3103,
    "map_at_5": 0.33172,
    "mrr_at_1": 0.416,
    "mrr_at_10": 0.5025,
    "mrr_at_100": 0.51019,
    "mrr_at_1000": 0.5106,
    "mrr_at_20": 0.50747,
    "mrr_at_3": 0.482,
    "mrr_at_5": 0.4922,
    "ndcg_at_1": 0.412,
    "ndcg_at_10": 0.42807,
    "ndcg_at_100": 0.49017,
    "ndcg_at_1000": 0.51791,
    "ndcg_at_20": 0.45422,
    "ndcg_at_3": 0.39575,
    "ndcg_at_5": 0.40262,
    "precision_at_1": 0.412,
    "precision_at_10": 0.1118,
    "precision_at_100": 0.01762,
    "precision_at_1000": 0.00222,
    "precision_at_20": 0.0671,
    "precision_at_3": 0.24933,
    "precision_at_5": 0.1804,
    "recall_at_1": 0.22823,
    "recall_at_10": 0.50268,
    "recall_at_100": 0.73106,
    "recall_at_1000": 0.9027,
    "recall_at_20": 0.58242,
    "recall_at_3": 0.36893,
    "recall_at_5": 0.42114
  },
  "mteb_dataset_name": "FiQA2018",
  "mteb_version": "1.10.15",
  "test": {
    "evaluation_time": 35.76,
    "map_at_1": 0.19719,
    "map_at_10": 0.32495,
    "map_at_100": 0.34362,
    "map_at_1000": 0.34541,
    "map_at_20": 0.33515,
    "map_at_3": 0.28323,
    "map_at_5": 0.30641,
    "mrr_at_1": 0.38889,
    "mrr_at_10": 0.48854,
    "mrr_at_100": 0.4964,
    "mrr_at_1000": 0.4967,
    "mrr_at_20": 0.49341,
    "mrr_at_3": 0.46579,
    "mrr_at_5": 0.4776,
    "ndcg_at_1": 0.39198,
    "ndcg_at_10": 0.40305,
    "ndcg_at_100": 0.47171,
    "ndcg_at_1000": 0.50193,
    "ndcg_at_20": 0.43008,
    "ndcg_at_3": 0.36866,
    "ndcg_at_5": 0.37958,
    "precision_at_1": 0.39198,
    "precision_at_10": 0.11157,
    "precision_at_100": 0.0181,
    "precision_at_1000": 0.00236,
    "precision_at_20": 0.06667,
    "precision_at_3": 0.24743,
    "precision_at_5": 0.18086,
    "recall_at_1": 0.19719,
    "recall_at_10": 0.46801,
    "recall_at_100": 0.72418,
    "recall_at_1000": 0.90435,
    "recall_at_20": 0.55217,
    "recall_at_3": 0.33389,
    "recall_at_5": 0.39282
  },
  "train": {
    "evaluation_time": 43.74,
    "map_at_1": 0.20898,
    "map_at_10": 0.33473,
    "map_at_100": 0.35254,
    "map_at_1000": 0.35423,
    "map_at_20": 0.34431,
    "map_at_3": 0.29304,
    "map_at_5": 0.31593,
    "mrr_at_1": 0.392,
    "mrr_at_10": 0.48067,
    "mrr_at_100": 0.48903,
    "mrr_at_1000": 0.48945,
    "mrr_at_20": 0.48573,
    "mrr_at_3": 0.45703,
    "mrr_at_5": 0.47059,
    "ndcg_at_1": 0.38964,
    "ndcg_at_10": 0.41141,
    "ndcg_at_100": 0.47635,
    "ndcg_at_1000": 0.5052,
    "ndcg_at_20": 0.43564,
    "ndcg_at_3": 0.37112,
    "ndcg_at_5": 0.38481,
    "precision_at_1": 0.38964,
    "precision_at_10": 0.11104,
    "precision_at_100": 0.01785,
    "precision_at_1000": 0.00229,
    "precision_at_20": 0.06584,
    "precision_at_3": 0.24303,
    "precision_at_5": 0.17818,
    "recall_at_1": 0.20898,
    "recall_at_10": 0.48509,
    "recall_at_100": 0.73024,
    "recall_at_1000": 0.90507,
    "recall_at_20": 0.56175,
    "recall_at_3": 0.34308,
    "recall_at_5": 0.40453
  }
}