{
  "dataset_revision": "ab518f4d6fcca38d87c25209f94beba119d02014",
  "mteb_dataset_name": "HotpotQA",
  "mteb_version": "1.10.15",
  "test": {
    "evaluation_time": 609.06,
    "map_at_1": 0.30358,
    "map_at_10": 0.42315,
    "map_at_100": 0.43309,
    "map_at_1000": 0.43393,
    "map_at_20": 0.42893,
    "map_at_3": 0.39265,
    "map_at_5": 0.41077,
    "mrr_at_1": 0.60675,
    "mrr_at_10": 0.69432,
    "mrr_at_100": 0.69833,
    "mrr_at_1000": 0.69849,
    "mrr_at_20": 0.69693,
    "mrr_at_3": 0.67655,
    "mrr_at_5": 0.68761,
    "ndcg_at_1": 0.60716,
    "ndcg_at_10": 0.52206,
    "ndcg_at_100": 0.55944,
    "ndcg_at_1000": 0.57644,
    "ndcg_at_20": 0.53777,
    "ndcg_at_3": 0.47267,
    "ndcg_at_5": 0.49878,
    "precision_at_1": 0.60716,
    "precision_at_10": 0.11064,
    "precision_at_100": 0.01398,
    "precision_at_1000": 0.00162,
    "precision_at_20": 0.06037,
    "precision_at_3": 0.29539,
    "precision_at_5": 0.19787,
    "recall_at_1": 0.30358,
    "recall_at_10": 0.55321,
    "recall_at_100": 0.69919,
    "recall_at_1000": 0.81182,
    "recall_at_20": 0.60371,
    "recall_at_3": 0.44308,
    "recall_at_5": 0.49467
  }
}