{
  "dataset_revision": "ec0fa4fe99da2ff19ca1214b7966684033a58814",
  "mteb_dataset_name": "NFCorpus",
  "mteb_version": "1.10.15",
  "test": {
    "evaluation_time": 4.09,
    "map_at_1": 0.06034,
    "map_at_10": 0.13298,
    "map_at_100": 0.16616,
    "map_at_1000": 0.18081,
    "map_at_20": 0.14649,
    "map_at_3": 0.09853,
    "map_at_5": 0.11364,
    "mrr_at_1": 0.4582,
    "mrr_at_10": 0.54039,
    "mrr_at_100": 0.54679,
    "mrr_at_1000": 0.54724,
    "mrr_at_20": 0.54432,
    "mrr_at_3": 0.51909,
    "mrr_at_5": 0.53535,
    "ndcg_at_1": 0.4257,
    "ndcg_at_10": 0.34813,
    "ndcg_at_100": 0.31867,
    "ndcg_at_1000": 0.4092,
    "ndcg_at_20": 0.3253,
    "ndcg_at_3": 0.39752,
    "ndcg_at_5": 0.37638,
    "precision_at_1": 0.44892,
    "precision_at_10": 0.25913,
    "precision_at_100": 0.07981,
    "precision_at_1000": 0.02095,
    "precision_at_20": 0.19009,
    "precision_at_3": 0.37461,
    "precision_at_5": 0.32446,
    "recall_at_1": 0.06034,
    "recall_at_10": 0.17139,
    "recall_at_100": 0.3163,
    "recall_at_1000": 0.64474,
    "recall_at_20": 0.20999,
    "recall_at_3": 0.10882,
    "recall_at_5": 0.1349
  }
}