{
  "dataset_revision": "e4e08e0b7dbe3c8700f0daef558ff32256715259",
  "mteb_dataset_name": "QuoraRetrieval",
  "mteb_version": "1.10.15",
  "test": {
    "evaluation_time": 62.28,
    "map_at_1": 0.70261,
    "map_at_10": 0.83916,
    "map_at_100": 0.84588,
    "map_at_1000": 0.84605,
    "map_at_20": 0.84372,
    "map_at_3": 0.81001,
    "map_at_5": 0.82837,
    "mrr_at_1": 0.8087,
    "mrr_at_10": 0.87126,
    "mrr_at_100": 0.87234,
    "mrr_at_1000": 0.87235,
    "mrr_at_20": 0.8721,
    "mrr_at_3": 0.86125,
    "mrr_at_5": 0.86812,
    "ndcg_at_1": 0.8084,
    "ndcg_at_10": 0.87756,
    "ndcg_at_100": 0.89079,
    "ndcg_at_1000": 0.8919,
    "ndcg_at_20": 0.88502,
    "ndcg_at_3": 0.84861,
    "ndcg_at_5": 0.86471,
    "precision_at_1": 0.8084,
    "precision_at_10": 0.13275,
    "precision_at_100": 0.01522,
    "precision_at_1000": 0.00156,
    "precision_at_20": 0.07072,
    "precision_at_3": 0.36993,
    "precision_at_5": 0.2434,
    "recall_at_1": 0.70261,
    "recall_at_10": 0.94967,
    "recall_at_100": 0.99474,
    "recall_at_1000": 0.99961,
    "recall_at_20": 0.97353,
    "recall_at_3": 0.86668,
    "recall_at_5": 0.91205
  }
}