{
  "dataset_revision": "a34f9a33db75fa0cbb21bb5cfc3dae8dc8bec93f",
  "mteb_dataset_name": "Touche2020",
  "mteb_version": "1.10.15",
  "test": {
    "evaluation_time": 289.36,
    "map_at_1": 0.0159,
    "map_at_10": 0.06975,
    "map_at_100": 0.11936,
    "map_at_1000": 0.13552,
    "map_at_20": 0.09009,
    "map_at_3": 0.0333,
    "map_at_5": 0.05037,
    "mrr_at_1": 0.16327,
    "mrr_at_10": 0.31862,
    "mrr_at_100": 0.32729,
    "mrr_at_1000": 0.32797,
    "mrr_at_20": 0.32592,
    "mrr_at_3": 0.26531,
    "mrr_at_5": 0.28878,
    "ndcg_at_1": 0.14286,
    "ndcg_at_10": 0.17917,
    "ndcg_at_100": 0.30299,
    "ndcg_at_1000": 0.42848,
    "ndcg_at_20": 0.20133,
    "ndcg_at_3": 0.16358,
    "ndcg_at_5": 0.17719,
    "precision_at_1": 0.16327,
    "precision_at_10": 0.17143,
    "precision_at_100": 0.06898,
    "precision_at_1000": 0.01498,
    "precision_at_20": 0.13878,
    "precision_at_3": 0.18367,
    "precision_at_5": 0.2,
    "recall_at_1": 0.0159,
    "recall_at_10": 0.12861,
    "recall_at_100": 0.42643,
    "recall_at_1000": 0.80703,
    "recall_at_20": 0.19973,
    "recall_at_3": 0.04421,
    "recall_at_5": 0.07687
  }
}