{
  "dataset_revision": "65ac3a16b8e91f9cee4c9828cc7c335575432a2a",
  "mteb_dataset_name": "CQADupstackStatsRetrieval",
  "mteb_version": "1.2.0",
  "test": {
    "evaluation_time": 18.24,
    "map_at_1": 0.21809,
    "map_at_10": 0.27592,
    "map_at_100": 0.28515,
    "map_at_1000": 0.28611,
    "map_at_3": 0.25729,
    "map_at_5": 0.26657,
    "mrr_at_1": 0.24387,
    "mrr_at_10": 0.30089,
    "mrr_at_100": 0.30988,
    "mrr_at_1000": 0.31056,
    "mrr_at_3": 0.28349,
    "mrr_at_5": 0.29185,
    "ndcg_at_1": 0.2454,
    "ndcg_at_10": 0.3131,
    "ndcg_at_100": 0.35864,
    "ndcg_at_1000": 0.38266,
    "ndcg_at_3": 0.27741,
    "ndcg_at_5": 0.29146,
    "precision_at_1": 0.2454,
    "precision_at_10": 0.04831,
    "precision_at_100": 0.00779,
    "precision_at_1000": 0.00106,
    "precision_at_3": 0.11963,
    "precision_at_5": 0.08067,
    "recall_at_1": 0.21809,
    "recall_at_10": 0.40484,
    "recall_at_100": 0.60632,
    "recall_at_1000": 0.78408,
    "recall_at_3": 0.30106,
    "recall_at_5": 0.33849
  }
}