{
  "dataset_revision": "6c6430d3a6d36f8d2a829195bc5dc94d7e063e53",
  "mteb_dataset_name": "CQADupstackUnixRetrieval",
  "mteb_version": "1.2.0",
  "test": {
    "evaluation_time": 20.63,
    "map_at_1": 0.24447,
    "map_at_10": 0.30901,
    "map_at_100": 0.31938,
    "map_at_1000": 0.3204,
    "map_at_3": 0.29052,
    "map_at_5": 0.30135,
    "mrr_at_1": 0.28451,
    "mrr_at_10": 0.34871,
    "mrr_at_100": 0.35681,
    "mrr_at_1000": 0.35747,
    "mrr_at_3": 0.32976,
    "mrr_at_5": 0.34081,
    "ndcg_at_1": 0.28451,
    "ndcg_at_10": 0.34958,
    "ndcg_at_100": 0.39756,
    "ndcg_at_1000": 0.42321,
    "ndcg_at_3": 0.31563,
    "ndcg_at_5": 0.33184,
    "precision_at_1": 0.28451,
    "precision_at_10": 0.0555,
    "precision_at_100": 0.0089,
    "precision_at_1000": 0.00122,
    "precision_at_3": 0.13899,
    "precision_at_5": 0.0959,
    "recall_at_1": 0.24447,
    "recall_at_10": 0.43379,
    "recall_at_100": 0.64254,
    "recall_at_1000": 0.8276,
    "recall_at_3": 0.33927,
    "recall_at_5": 0.38117
  }
}