{
  "dataset_revision": "6184bc1440d2dbc7612be22b50686b8826d22b32",
  "mteb_dataset_name": "CQADupstackProgrammersRetrieval",
  "mteb_version": "1.2.0",
  "test": {
    "evaluation_time": 16.27,
    "map_at_1": 0.23462,
    "map_at_10": 0.32344,
    "map_at_100": 0.33363,
    "map_at_1000": 0.33481,
    "map_at_3": 0.29309,
    "map_at_5": 0.30947,
    "mrr_at_1": 0.29452,
    "mrr_at_10": 0.3776,
    "mrr_at_100": 0.38483,
    "mrr_at_1000": 0.38551,
    "mrr_at_3": 0.35255,
    "mrr_at_5": 0.36636,
    "ndcg_at_1": 0.29452,
    "ndcg_at_10": 0.37824,
    "ndcg_at_100": 0.42472,
    "ndcg_at_1000": 0.45032,
    "ndcg_at_3": 0.32805,
    "ndcg_at_5": 0.35011,
    "precision_at_1": 0.29452,
    "precision_at_10": 0.06884,
    "precision_at_100": 0.01073,
    "precision_at_1000": 0.00146,
    "precision_at_3": 0.15601,
    "precision_at_5": 0.1121,
    "recall_at_1": 0.23462,
    "recall_at_10": 0.49129,
    "recall_at_100": 0.69417,
    "recall_at_1000": 0.87109,
    "recall_at_3": 0.3483,
    "recall_at_5": 0.40652
  }
}