{
  "dataset_revision": "79531abbd1fb92d06c6d6315a0cbbbf5bb247ea4",
  "mteb_dataset_name": "CQADupstackPhysicsRetrieval",
  "mteb_version": "1.2.0",
  "test": {
    "evaluation_time": 16.28,
    "map_at_1": 0.27192,
    "map_at_10": 0.36039,
    "map_at_100": 0.37231,
    "map_at_1000": 0.37344,
    "map_at_3": 0.33264,
    "map_at_5": 0.34783,
    "mrr_at_1": 0.33301,
    "mrr_at_10": 0.41308,
    "mrr_at_100": 0.42122,
    "mrr_at_1000": 0.42179,
    "mrr_at_3": 0.38996,
    "mrr_at_5": 0.40314,
    "ndcg_at_1": 0.33301,
    "ndcg_at_10": 0.41357,
    "ndcg_at_100": 0.464,
    "ndcg_at_1000": 0.4877,
    "ndcg_at_3": 0.3686,
    "ndcg_at_5": 0.38915,
    "precision_at_1": 0.33301,
    "precision_at_10": 0.07324,
    "precision_at_100": 0.0115,
    "precision_at_1000": 0.00152,
    "precision_at_3": 0.17324,
    "precision_at_5": 0.12166,
    "recall_at_1": 0.27192,
    "recall_at_10": 0.52165,
    "recall_at_100": 0.73157,
    "recall_at_1000": 0.89328,
    "recall_at_3": 0.3918,
    "recall_at_5": 0.44706
  }
}