{
  "dataset_revision": "90fceea13679c63fe563ded68f3b6f06e50061de",
  "mteb_dataset_name": "CQADupstackMathematicaRetrieval",
  "mteb_version": "1.2.0",
  "test": {
    "evaluation_time": 15.62,
    "map_at_1": 0.1419,
    "map_at_10": 0.20108,
    "map_at_100": 0.2103,
    "map_at_1000": 0.2117,
    "map_at_3": 0.17864,
    "map_at_5": 0.19028,
    "mrr_at_1": 0.17413,
    "mrr_at_10": 0.23861,
    "mrr_at_100": 0.24725,
    "mrr_at_1000": 0.24811,
    "mrr_at_3": 0.21559,
    "mrr_at_5": 0.22734,
    "ndcg_at_1": 0.17537,
    "ndcg_at_10": 0.24429,
    "ndcg_at_100": 0.29045,
    "ndcg_at_1000": 0.32329,
    "ndcg_at_3": 0.20097,
    "ndcg_at_5": 0.21927,
    "precision_at_1": 0.17537,
    "precision_at_10": 0.04552,
    "precision_at_100": 0.00782,
    "precision_at_1000": 0.00123,
    "precision_at_3": 0.0937,
    "precision_at_5": 0.06915,
    "recall_at_1": 0.1419,
    "recall_at_10": 0.3423,
    "recall_at_100": 0.54686,
    "recall_at_1000": 0.77647,
    "recall_at_3": 0.22067,
    "recall_at_5": 0.26722
  }
}