{
  "dataset_revision": "5003b3064772da1887988e05400cf3806fe491f2",
  "mteb_dataset_name": "CQADupstackGisRetrieval",
  "mteb_version": "1.2.0",
  "test": {
    "evaluation_time": 19.07,
    "map_at_1": 0.23243,
    "map_at_10": 0.2996,
    "map_at_100": 0.3092,
    "map_at_1000": 0.31012,
    "map_at_3": 0.28218,
    "map_at_5": 0.29039,
    "mrr_at_1": 0.25311,
    "mrr_at_10": 0.31636,
    "mrr_at_100": 0.32559,
    "mrr_at_1000": 0.32637,
    "mrr_at_3": 0.29981,
    "mrr_at_5": 0.3075,
    "ndcg_at_1": 0.25311,
    "ndcg_at_10": 0.33734,
    "ndcg_at_100": 0.38619,
    "ndcg_at_1000": 0.4109,
    "ndcg_at_3": 0.30189,
    "ndcg_at_5": 0.31551,
    "precision_at_1": 0.25311,
    "precision_at_10": 0.0496,
    "precision_at_100": 0.0078,
    "precision_at_1000": 0.00103,
    "precision_at_3": 0.12655,
    "precision_at_5": 0.08384,
    "recall_at_1": 0.23243,
    "recall_at_10": 0.43892,
    "recall_at_100": 0.66539,
    "recall_at_1000": 0.85392,
    "recall_at_3": 0.33913,
    "recall_at_5": 0.37293
  }
}