{
  "dataset_revision": "4ffe81d471b1924886b33c7567bfb200e9eec5c4",
  "mteb_dataset_name": "CQADupstackWordpressRetrieval",
  "mteb_version": "1.2.0",
  "test": {
    "evaluation_time": 20.08,
    "map_at_1": 0.17505,
    "map_at_10": 0.23666,
    "map_at_100": 0.24582,
    "map_at_1000": 0.24679,
    "map_at_3": 0.21845,
    "map_at_5": 0.22774,
    "mrr_at_1": 0.19039,
    "mrr_at_10": 0.25362,
    "mrr_at_100": 0.26207,
    "mrr_at_1000": 0.2629,
    "mrr_at_3": 0.2366,
    "mrr_at_5": 0.24547,
    "ndcg_at_1": 0.19039,
    "ndcg_at_10": 0.27365,
    "ndcg_at_100": 0.32196,
    "ndcg_at_1000": 0.34876,
    "ndcg_at_3": 0.2371,
    "ndcg_at_5": 0.25252,
    "precision_at_1": 0.19039,
    "precision_at_10": 0.04251,
    "precision_at_100": 0.00715,
    "precision_at_1000": 0.00101,
    "precision_at_3": 0.10105,
    "precision_at_5": 0.06913,
    "recall_at_1": 0.17505,
    "recall_at_10": 0.37252,
    "recall_at_100": 0.60052,
    "recall_at_1000": 0.80341,
    "recall_at_3": 0.27067,
    "recall_at_5": 0.30893
  }
}