{
  "dataset_revision": "f46a197baaae43b4f621051089b82a364682dfeb",
  "mteb_dataset_name": "CQADupstackAndroidRetrieval",
  "mteb_version": "1.2.0",
  "test": {
    "evaluation_time": 13.42,
    "map_at_1": 0.30497,
    "map_at_10": 0.40076,
    "map_at_100": 0.41375,
    "map_at_1000": 0.41495,
    "map_at_3": 0.37156,
    "map_at_5": 0.3863,
    "mrr_at_1": 0.37768,
    "mrr_at_10": 0.45975,
    "mrr_at_100": 0.46781,
    "mrr_at_1000": 0.46832,
    "mrr_at_3": 0.43872,
    "mrr_at_5": 0.44995,
    "ndcg_at_1": 0.37768,
    "ndcg_at_10": 0.45489,
    "ndcg_at_100": 0.50517,
    "ndcg_at_1000": 0.52751,
    "ndcg_at_3": 0.41475,
    "ndcg_at_5": 0.43079,
    "precision_at_1": 0.37768,
    "precision_at_10": 0.08484,
    "precision_at_100": 0.01356,
    "precision_at_1000": 0.00182,
    "precision_at_3": 0.19599,
    "precision_at_5": 0.13791,
    "recall_at_1": 0.30497,
    "recall_at_10": 0.54852,
    "recall_at_100": 0.76387,
    "recall_at_1000": 0.91232,
    "recall_at_3": 0.42674,
    "recall_at_5": 0.47586
  }
}