{
  "dataset_revision": "c0f706b76e590d620bd6618b3ca8efdd34e2d659",
  "dev": {
    "evaluation_time": 260.89,
    "map_at_1": 0.07255,
    "map_at_10": 0.12265,
    "map_at_100": 0.15217,
    "map_at_1000": 0.16074,
    "map_at_3": 0.09922,
    "map_at_5": 0.10835,
    "mrr_at_1": 0.40299,
    "mrr_at_10": 0.51084,
    "mrr_at_100": 0.51376,
    "mrr_at_1000": 0.51417,
    "mrr_at_3": 0.49005,
    "mrr_at_5": 0.50721,
    "ndcg_at_1": 0.31343,
    "ndcg_at_10": 0.24412,
    "ndcg_at_100": 0.29115,
    "ndcg_at_1000": 0.35471,
    "ndcg_at_3": 0.27645,
    "ndcg_at_5": 0.26314,
    "precision_at_1": 0.40299,
    "precision_at_10": 0.16119,
    "precision_at_100": 0.0503,
    "precision_at_1000": 0.0101,
    "precision_at_3": 0.27861,
    "precision_at_5": 0.22687,
    "recall_at_1": 0.07255,
    "recall_at_10": 0.16693,
    "recall_at_100": 0.33555,
    "recall_at_1000": 0.54372,
    "recall_at_3": 0.11206,
    "recall_at_5": 0.13142
  },
  "mteb_dataset_name": "DBPedia",
  "mteb_version": "1.2.0",
  "test": {
    "evaluation_time": 261.78,
    "map_at_1": 0.05487,
    "map_at_10": 0.11228,
    "map_at_100": 0.14477,
    "map_at_1000": 0.15354,
    "map_at_3": 0.08258,
    "map_at_5": 0.09725,
    "mrr_at_1": 0.4075,
    "mrr_at_10": 0.4949,
    "mrr_at_100": 0.503,
    "mrr_at_1000": 0.5033,
    "mrr_at_3": 0.47125,
    "mrr_at_5": 0.4845,
    "ndcg_at_1": 0.3225,
    "ndcg_at_10": 0.23213,
    "ndcg_at_100": 0.26847,
    "ndcg_at_1000": 0.33417,
    "ndcg_at_3": 0.25761,
    "ndcg_at_5": 0.2453,
    "precision_at_1": 0.4075,
    "precision_at_10": 0.176,
    "precision_at_100": 0.0552,
    "precision_at_1000": 0.01298,
    "precision_at_3": 0.28,
    "precision_at_5": 0.239,
    "recall_at_1": 0.05487,
    "recall_at_10": 0.15816,
    "recall_at_100": 0.32564,
    "recall_at_1000": 0.54611,
    "recall_at_3": 0.09274,
    "recall_at_5": 0.12041
  }
}