{
  "dataset_revision": "c22ab2a51041ffd869aaddef7af8d8215647e41a",
  "evaluation_time": 32.255231857299805,
  "kg_co2_emissions": null,
  "mteb_version": "1.13.1",
  "scores": {
    "test": [
      {
        "hf_subset": "default",
        "languages": [
          "eng-Latn"
        ],
        "main_score": 0.53816,
        "map_at_1": 0.29161,
        "map_at_10": 0.44732,
        "map_at_100": 0.4557,
        "map_at_1000": 0.45576,
        "map_at_20": 0.45384,
        "map_at_3": 0.39557,
        "map_at_5": 0.42508,
        "mrr_at_1": 0.29943100995732574,
        "mrr_at_10": 0.45082554358870147,
        "mrr_at_100": 0.4591431885792528,
        "mrr_at_1000": 0.4592106600676027,
        "mrr_at_20": 0.4573140489325107,
        "mrr_at_3": 0.3991228070175438,
        "mrr_at_5": 0.4282479848269322,
        "nauc_map_at_1000_diff1": 0.0548864214507042,
        "nauc_map_at_1000_max": -0.09263988697169405,
        "nauc_map_at_1000_std": -0.1385506019311615,
        "nauc_map_at_100_diff1": 0.05490049869736834,
        "nauc_map_at_100_max": -0.09255347869693646,
        "nauc_map_at_100_std": -0.138477136801852,
        "nauc_map_at_10_diff1": 0.05208897746200824,
        "nauc_map_at_10_max": -0.09247689087744257,
        "nauc_map_at_10_std": -0.1401300825654549,
        "nauc_map_at_1_diff1": 0.09517313767296189,
        "nauc_map_at_1_max": -0.11448712856482834,
        "nauc_map_at_1_std": -0.14614172927214658,
        "nauc_map_at_20_diff1": 0.05491509082394149,
        "nauc_map_at_20_max": -0.09074877387606102,
        "nauc_map_at_20_std": -0.13863503709712488,
        "nauc_map_at_3_diff1": 0.05628633833416923,
        "nauc_map_at_3_max": -0.09816662424284037,
        "nauc_map_at_3_std": -0.145132656311156,
        "nauc_map_at_5_diff1": 0.04720172718570479,
        "nauc_map_at_5_max": -0.09673402356914634,
        "nauc_map_at_5_std": -0.14047128973454592,
        "nauc_mrr_at_1000_diff1": 0.029261442314296105,
        "nauc_mrr_at_1000_max": -0.10213203661265902,
        "nauc_mrr_at_1000_std": -0.13280105621476954,
        "nauc_mrr_at_100_diff1": 0.029281204784003326,
        "nauc_mrr_at_100_max": -0.10204380327232991,
        "nauc_mrr_at_100_std": -0.13272902410488882,
        "nauc_mrr_at_10_diff1": 0.02752262326562165,
        "nauc_mrr_at_10_max": -0.10130914054167607,
        "nauc_mrr_at_10_std": -0.13419635524600088,
        "nauc_mrr_at_1_diff1": 0.07129314221528045,
        "nauc_mrr_at_1_max": -0.10891975077200158,
        "nauc_mrr_at_1_std": -0.13004982710315088,
        "nauc_mrr_at_20_diff1": 0.02958427041558856,
        "nauc_mrr_at_20_max": -0.10001506065381495,
        "nauc_mrr_at_20_std": -0.13275735328284963,
        "nauc_mrr_at_3_diff1": 0.02754937469018414,
        "nauc_mrr_at_3_max": -0.1115185355182264,
        "nauc_mrr_at_3_std": -0.1394361956162675,
        "nauc_mrr_at_5_diff1": 0.02202509225069459,
        "nauc_mrr_at_5_max": -0.10715998434641405,
        "nauc_mrr_at_5_std": -0.13680541235841337,
        "nauc_ndcg_at_1000_diff1": 0.05167631143122056,
        "nauc_ndcg_at_1000_max": -0.0837095129750178,
        "nauc_ndcg_at_1000_std": -0.13285353446677253,
        "nauc_ndcg_at_100_diff1": 0.052038002879583344,
        "nauc_ndcg_at_100_max": -0.08089113624537235,
        "nauc_ndcg_at_100_std": -0.1299300196049491,
        "nauc_ndcg_at_10_diff1": 0.042066568918644964,
        "nauc_ndcg_at_10_max": -0.07411941260122272,
        "nauc_ndcg_at_10_std": -0.13684554430470966,
        "nauc_ndcg_at_1_diff1": 0.09517313767296189,
        "nauc_ndcg_at_1_max": -0.11448712856482834,
        "nauc_ndcg_at_1_std": -0.14614172927214658,
        "nauc_ndcg_at_20_diff1": 0.053226264411985476,
        "nauc_ndcg_at_20_max": -0.06594204702349019,
        "nauc_ndcg_at_20_std": -0.13054990653800735,
        "nauc_ndcg_at_3_diff1": 0.04783318498749044,
        "nauc_ndcg_at_3_max": -0.08949786552521857,
        "nauc_ndcg_at_3_std": -0.14518666557847434,
        "nauc_ndcg_at_5_diff1": 0.03085274368719361,
        "nauc_ndcg_at_5_max": -0.08565046927797682,
        "nauc_ndcg_at_5_std": -0.1367937601127508,
        "nauc_precision_at_1000_diff1": 0.03733355117431035,
        "nauc_precision_at_1000_max": 0.1320892454242326,
        "nauc_precision_at_1000_std": 0.747399826472572,
        "nauc_precision_at_100_diff1": 0.0911555069571513,
        "nauc_precision_at_100_max": 0.3153821474850234,
        "nauc_precision_at_100_std": 0.44075708300295635,
        "nauc_precision_at_10_diff1": -0.006601422890976208,
        "nauc_precision_at_10_max": 0.039992889684587724,
        "nauc_precision_at_10_std": -0.11906499145213757,
        "nauc_precision_at_1_diff1": 0.09517313767296189,
        "nauc_precision_at_1_max": -0.11448712856482834,
        "nauc_precision_at_1_std": -0.14614172927214658,
        "nauc_precision_at_20_diff1": 0.08533865454525663,
        "nauc_precision_at_20_max": 0.259571477493832,
        "nauc_precision_at_20_std": -0.021748957862306878,
        "nauc_precision_at_3_diff1": 0.02423889380291679,
        "nauc_precision_at_3_max": -0.06292798556963414,
        "nauc_precision_at_3_std": -0.14546412813624038,
        "nauc_precision_at_5_diff1": -0.026120255601115062,
        "nauc_precision_at_5_max": -0.04526951143311881,
        "nauc_precision_at_5_std": -0.12311364297475083,
        "nauc_recall_at_1000_diff1": 0.03733355117431255,
        "nauc_recall_at_1000_max": 0.13208924542421252,
        "nauc_recall_at_1000_std": 0.7473998264725755,
        "nauc_recall_at_100_diff1": 0.09115550695716258,
        "nauc_recall_at_100_max": 0.31538214748503957,
        "nauc_recall_at_100_std": 0.44075708300293753,
        "nauc_recall_at_10_diff1": -0.006601422890976001,
        "nauc_recall_at_10_max": 0.0399928896845881,
        "nauc_recall_at_10_std": -0.11906499145213649,
        "nauc_recall_at_1_diff1": 0.09517313767296189,
        "nauc_recall_at_1_max": -0.11448712856482834,
        "nauc_recall_at_1_std": -0.14614172927214658,
        "nauc_recall_at_20_diff1": 0.08533865454525628,
        "nauc_recall_at_20_max": 0.2595714774938335,
        "nauc_recall_at_20_std": -0.021748957862306482,
        "nauc_recall_at_3_diff1": 0.02423889380291688,
        "nauc_recall_at_3_max": -0.06292798556963403,
        "nauc_recall_at_3_std": -0.14546412813624013,
        "nauc_recall_at_5_diff1": -0.026120255601114282,
        "nauc_recall_at_5_max": -0.045269511433118956,
        "nauc_recall_at_5_std": -0.12311364297474998,
        "ndcg_at_1": 0.29161,
        "ndcg_at_10": 0.53816,
        "ndcg_at_100": 0.57373,
        "ndcg_at_1000": 0.57532,
        "ndcg_at_20": 0.56153,
        "ndcg_at_3": 0.43188,
        "ndcg_at_5": 0.48498,
        "precision_at_1": 0.29161,
        "precision_at_10": 0.08293,
        "precision_at_100": 0.00984,
        "precision_at_1000": 0.001,
        "precision_at_20": 0.04605,
        "precision_at_3": 0.17923,
        "precision_at_5": 0.13329,
        "recall_at_1": 0.29161,
        "recall_at_10": 0.8293,
        "recall_at_100": 0.98435,
        "recall_at_1000": 0.99644,
        "recall_at_20": 0.92105,
        "recall_at_3": 0.5377,
        "recall_at_5": 0.66643
      }
    ]
  },
  "task_name": "ArguAna"
}