{
  "dataset_revision": "47f2ac6acb640fc46020b02a5b59fdda04d39380",
  "evaluation_time": 1331.4443516731262,
  "kg_co2_emissions": null,
  "mteb_version": "1.13.1",
  "scores": {
    "test": [
      {
        "hf_subset": "default",
        "languages": [
          "eng-Latn"
        ],
        "main_score": 0.38745,
        "map_at_1": 0.17591,
        "map_at_10": 0.28859,
        "map_at_100": 0.30912,
        "map_at_1000": 0.31088,
        "map_at_20": 0.30002,
        "map_at_3": 0.2435,
        "map_at_5": 0.26931,
        "mrr_at_1": 0.40325732899022804,
        "mrr_at_10": 0.5212310635437671,
        "mrr_at_100": 0.5273556565192166,
        "mrr_at_1000": 0.527585108925313,
        "mrr_at_20": 0.525137184259319,
        "mrr_at_3": 0.49022801302931596,
        "mrr_at_5": 0.508957654723127,
        "nauc_map_at_1000_diff1": 0.3371186125358412,
        "nauc_map_at_1000_max": 0.39585339993506696,
        "nauc_map_at_1000_std": 0.21612113014987655,
        "nauc_map_at_100_diff1": 0.33661117589354356,
        "nauc_map_at_100_max": 0.3952590525912462,
        "nauc_map_at_100_std": 0.21555276868955173,
        "nauc_map_at_10_diff1": 0.3400725731467338,
        "nauc_map_at_10_max": 0.3890700783689799,
        "nauc_map_at_10_std": 0.2002885077887191,
        "nauc_map_at_1_diff1": 0.4347836614790976,
        "nauc_map_at_1_max": 0.3618747521175018,
        "nauc_map_at_1_std": 0.1400287660679936,
        "nauc_map_at_20_diff1": 0.33740466486516985,
        "nauc_map_at_20_max": 0.39204469114496177,
        "nauc_map_at_20_std": 0.20908074632153972,
        "nauc_map_at_3_diff1": 0.36124861095076927,
        "nauc_map_at_3_max": 0.37437468110568956,
        "nauc_map_at_3_std": 0.16637778715653845,
        "nauc_map_at_5_diff1": 0.34871465936573964,
        "nauc_map_at_5_max": 0.38270817934293844,
        "nauc_map_at_5_std": 0.1839051641603262,
        "nauc_mrr_at_1000_diff1": 0.3708078249366772,
        "nauc_mrr_at_1000_max": 0.3943688028245972,
        "nauc_mrr_at_1000_std": 0.22390051828513508,
        "nauc_mrr_at_100_diff1": 0.37069075387573486,
        "nauc_mrr_at_100_max": 0.3943856004850321,
        "nauc_mrr_at_100_std": 0.2239901581793395,
        "nauc_mrr_at_10_diff1": 0.3698209277360296,
        "nauc_mrr_at_10_max": 0.39420656741323545,
        "nauc_mrr_at_10_std": 0.22312132532634166,
        "nauc_mrr_at_1_diff1": 0.4099260568793165,
        "nauc_mrr_at_1_max": 0.36143935410955,
        "nauc_mrr_at_1_std": 0.1791115308046757,
        "nauc_mrr_at_20_diff1": 0.37002349048485933,
        "nauc_mrr_at_20_max": 0.3942177343202922,
        "nauc_mrr_at_20_std": 0.22417268704203436,
        "nauc_mrr_at_3_diff1": 0.36933374735199265,
        "nauc_mrr_at_3_max": 0.38812666892927417,
        "nauc_mrr_at_3_std": 0.2127101636515464,
        "nauc_mrr_at_5_diff1": 0.37029487049000465,
        "nauc_mrr_at_5_max": 0.39348134027504544,
        "nauc_mrr_at_5_std": 0.22142652284492256,
        "nauc_ndcg_at_1000_diff1": 0.322507975779725,
        "nauc_ndcg_at_1000_max": 0.4237557140897379,
        "nauc_ndcg_at_1000_std": 0.2755147207953018,
        "nauc_ndcg_at_100_diff1": 0.3138226682565019,
        "nauc_ndcg_at_100_max": 0.4153884815596931,
        "nauc_ndcg_at_100_std": 0.271459978272355,
        "nauc_ndcg_at_10_diff1": 0.32260783952448796,
        "nauc_ndcg_at_10_max": 0.3981627704960159,
        "nauc_ndcg_at_10_std": 0.22934870284007317,
        "nauc_ndcg_at_1_diff1": 0.4048000549932672,
        "nauc_ndcg_at_1_max": 0.3604840691499681,
        "nauc_ndcg_at_1_std": 0.1782836628684144,
        "nauc_ndcg_at_20_diff1": 0.31629921543838574,
        "nauc_ndcg_at_20_max": 0.40237938883593044,
        "nauc_ndcg_at_20_std": 0.24741480852954864,
        "nauc_ndcg_at_3_diff1": 0.34224295952869854,
        "nauc_ndcg_at_3_max": 0.37985077375319454,
        "nauc_ndcg_at_3_std": 0.191032973667186,
        "nauc_ndcg_at_5_diff1": 0.33478471281738104,
        "nauc_ndcg_at_5_max": 0.38896037962604346,
        "nauc_ndcg_at_5_std": 0.2056434061789316,
        "nauc_precision_at_1000_diff1": -0.0937671931451204,
        "nauc_precision_at_1000_max": 0.0994713328256056,
        "nauc_precision_at_1000_std": 0.2212770005847363,
        "nauc_precision_at_100_diff1": -0.030975340391577927,
        "nauc_precision_at_100_max": 0.18985947940556858,
        "nauc_precision_at_100_std": 0.28847740797658167,
        "nauc_precision_at_10_diff1": 0.08857145153323137,
        "nauc_precision_at_10_max": 0.2853649266268276,
        "nauc_precision_at_10_std": 0.2653027160689348,
        "nauc_precision_at_1_diff1": 0.4048000549932672,
        "nauc_precision_at_1_max": 0.3604840691499681,
        "nauc_precision_at_1_std": 0.1782836628684144,
        "nauc_precision_at_20_diff1": 0.04811379585693639,
        "nauc_precision_at_20_max": 0.25197057428151187,
        "nauc_precision_at_20_std": 0.28126861396003233,
        "nauc_precision_at_3_diff1": 0.2105811930802469,
        "nauc_precision_at_3_max": 0.3340337962950958,
        "nauc_precision_at_3_std": 0.20948635588315406,
        "nauc_precision_at_5_diff1": 0.1515605117839458,
        "nauc_precision_at_5_max": 0.3123147881719412,
        "nauc_precision_at_5_std": 0.23613314228419058,
        "nauc_recall_at_1000_diff1": 0.14439888045164612,
        "nauc_recall_at_1000_max": 0.4440588213497384,
        "nauc_recall_at_1000_std": 0.4496390625171654,
        "nauc_recall_at_100_diff1": 0.1418482943258739,
        "nauc_recall_at_100_max": 0.3588972739039323,
        "nauc_recall_at_100_std": 0.342497492373272,
        "nauc_recall_at_10_diff1": 0.2205861301402048,
        "nauc_recall_at_10_max": 0.34730623084207995,
        "nauc_recall_at_10_std": 0.2292991240314031,
        "nauc_recall_at_1_diff1": 0.4347836614790976,
        "nauc_recall_at_1_max": 0.3618747521175018,
        "nauc_recall_at_1_std": 0.1400287660679936,
        "nauc_recall_at_20_diff1": 0.19045783234553407,
        "nauc_recall_at_20_max": 0.3401133585688765,
        "nauc_recall_at_20_std": 0.2642121304120133,
        "nauc_recall_at_3_diff1": 0.3010791963466237,
        "nauc_recall_at_3_max": 0.3562086816362971,
        "nauc_recall_at_3_std": 0.1715848578617304,
        "nauc_recall_at_5_diff1": 0.26191741656682427,
        "nauc_recall_at_5_max": 0.3503599023940641,
        "nauc_recall_at_5_std": 0.19371547700096212,
        "ndcg_at_1": 0.40521,
        "ndcg_at_10": 0.38745,
        "ndcg_at_100": 0.45833,
        "ndcg_at_1000": 0.48788,
        "ndcg_at_20": 0.41597,
        "ndcg_at_3": 0.32841,
        "ndcg_at_5": 0.35092,
        "precision_at_1": 0.40521,
        "precision_at_10": 0.11752,
        "precision_at_100": 0.01939,
        "precision_at_1000": 0.0025,
        "precision_at_20": 0.07114,
        "precision_at_3": 0.24213,
        "precision_at_5": 0.18541,
        "recall_at_1": 0.17591,
        "recall_at_10": 0.43794,
        "recall_at_100": 0.67795,
        "recall_at_1000": 0.84155,
        "recall_at_20": 0.51725,
        "recall_at_3": 0.28928,
        "recall_at_5": 0.35839
      }
    ]
  },
  "task_name": "ClimateFEVER"
}