{
  "dataset_revision": "46989137a86843e03a6195de44b09deda022eec7",
  "evaluation_time": 52.60260367393494,
  "kg_co2_emissions": null,
  "mteb_version": "1.13.1",
  "scores": {
    "test": [
      {
        "hf_subset": "default",
        "languages": [
          "eng-Latn"
        ],
        "main_score": 0.29952,
        "map_at_1": 0.18227,
        "map_at_10": 0.25366,
        "map_at_100": 0.26366,
        "map_at_1000": 0.26497,
        "map_at_20": 0.25853,
        "map_at_3": 0.2313,
        "map_at_5": 0.2433,
        "mrr_at_1": 0.2202339986235375,
        "mrr_at_10": 0.2934863828532101,
        "mrr_at_100": 0.3016181955424326,
        "mrr_at_1000": 0.3024275660452862,
        "mrr_at_20": 0.2976612568939563,
        "mrr_at_3": 0.27242486808901123,
        "mrr_at_5": 0.2840903877036018,
        "nauc_map_at_1000_diff1": 0.38754308502909035,
        "nauc_map_at_1000_max": 0.31082791713496827,
        "nauc_map_at_1000_std": -0.023898994912834145,
        "nauc_map_at_100_diff1": 0.38736254262094666,
        "nauc_map_at_100_max": 0.3106220537768954,
        "nauc_map_at_100_std": -0.02401221389298441,
        "nauc_map_at_10_diff1": 0.39003173905503247,
        "nauc_map_at_10_max": 0.3088065616594916,
        "nauc_map_at_10_std": -0.030308631500479633,
        "nauc_map_at_1_diff1": 0.45360326440200877,
        "nauc_map_at_1_max": 0.3006669858576181,
        "nauc_map_at_1_std": -0.03730948370253023,
        "nauc_map_at_20_diff1": 0.3876034426828311,
        "nauc_map_at_20_max": 0.30953831375682683,
        "nauc_map_at_20_std": -0.027447431023992292,
        "nauc_map_at_3_diff1": 0.40511021145170684,
        "nauc_map_at_3_max": 0.30507832564054355,
        "nauc_map_at_3_std": -0.03799921246341538,
        "nauc_map_at_5_diff1": 0.3953980135284213,
        "nauc_map_at_5_max": 0.307119404978572,
        "nauc_map_at_5_std": -0.03438897753235742,
        "nauc_mrr_at_1000_diff1": 0.38702619826691614,
        "nauc_mrr_at_1000_max": 0.31470829814949064,
        "nauc_mrr_at_1000_std": -0.021648813154790003,
        "nauc_mrr_at_100_diff1": 0.3868702619622583,
        "nauc_mrr_at_100_max": 0.31465300527827034,
        "nauc_mrr_at_100_std": -0.021652986662123827,
        "nauc_mrr_at_10_diff1": 0.3884347145316479,
        "nauc_mrr_at_10_max": 0.314684173612028,
        "nauc_mrr_at_10_std": -0.02574574329485377,
        "nauc_mrr_at_1_diff1": 0.44720136378937103,
        "nauc_mrr_at_1_max": 0.313218636128366,
        "nauc_mrr_at_1_std": -0.03849568094324569,
        "nauc_mrr_at_20_diff1": 0.3867374482821003,
        "nauc_mrr_at_20_max": 0.3141360433913949,
        "nauc_mrr_at_20_std": -0.023904990972324194,
        "nauc_mrr_at_3_diff1": 0.40204540213712026,
        "nauc_mrr_at_3_max": 0.3128221668172808,
        "nauc_mrr_at_3_std": -0.032349366703973835,
        "nauc_mrr_at_5_diff1": 0.3941104143145281,
        "nauc_mrr_at_5_max": 0.3135356626807438,
        "nauc_mrr_at_5_std": -0.029578793234002754,
        "nauc_ndcg_at_1000_diff1": 0.3570878647860068,
        "nauc_ndcg_at_1000_max": 0.31819462423789446,
        "nauc_ndcg_at_1000_std": 0.008744170414280562,
        "nauc_ndcg_at_100_diff1": 0.3537556300887333,
        "nauc_ndcg_at_100_max": 0.3154316010838773,
        "nauc_ndcg_at_100_std": 0.00861033131012349,
        "nauc_ndcg_at_10_diff1": 0.36405030266146343,
        "nauc_ndcg_at_10_max": 0.31284887766121044,
        "nauc_ndcg_at_10_std": -0.02027269248719073,
        "nauc_ndcg_at_1_diff1": 0.44720136378937103,
        "nauc_ndcg_at_1_max": 0.313218636128366,
        "nauc_ndcg_at_1_std": -0.03849568094324569,
        "nauc_ndcg_at_20_diff1": 0.35693505884960197,
        "nauc_ndcg_at_20_max": 0.31313232866240637,
        "nauc_ndcg_at_20_std": -0.012329757369782007,
        "nauc_ndcg_at_3_diff1": 0.38984333189419806,
        "nauc_ndcg_at_3_max": 0.3083299204581597,
        "nauc_ndcg_at_3_std": -0.035815584324410184,
        "nauc_ndcg_at_5_diff1": 0.375281782342575,
        "nauc_ndcg_at_5_max": 0.31010182942266595,
        "nauc_ndcg_at_5_std": -0.029590729328163888,
        "nauc_precision_at_1000_diff1": 0.05040750288686951,
        "nauc_precision_at_1000_max": 0.11838051613369806,
        "nauc_precision_at_1000_std": 0.043384271083890126,
        "nauc_precision_at_100_diff1": 0.10932597557412335,
        "nauc_precision_at_100_max": 0.20397794637208486,
        "nauc_precision_at_100_std": 0.08834971018954962,
        "nauc_precision_at_10_diff1": 0.23527300461442036,
        "nauc_precision_at_10_max": 0.2987272077530376,
        "nauc_precision_at_10_std": 0.01106092228158916,
        "nauc_precision_at_1_diff1": 0.44720136378937103,
        "nauc_precision_at_1_max": 0.313218636128366,
        "nauc_precision_at_1_std": -0.03849568094324569,
        "nauc_precision_at_20_diff1": 0.18577019068958694,
        "nauc_precision_at_20_max": 0.27209958074558327,
        "nauc_precision_at_20_std": 0.035151851451810275,
        "nauc_precision_at_3_diff1": 0.32968149760386684,
        "nauc_precision_at_3_max": 0.3182148658598383,
        "nauc_precision_at_3_std": -0.023310782066080907,
        "nauc_precision_at_5_diff1": 0.2847270964987718,
        "nauc_precision_at_5_max": 0.3134790970196382,
        "nauc_precision_at_5_std": -0.01016529836032238,
        "nauc_recall_at_1000_diff1": 0.14353912263029583,
        "nauc_recall_at_1000_max": 0.324041525154225,
        "nauc_recall_at_1000_std": 0.24745954157129246,
        "nauc_recall_at_100_diff1": 0.2140987806120959,
        "nauc_recall_at_100_max": 0.2922792559193575,
        "nauc_recall_at_100_std": 0.13603295738803217,
        "nauc_recall_at_10_diff1": 0.275975860866651,
        "nauc_recall_at_10_max": 0.2947617641665802,
        "nauc_recall_at_10_std": 0.0035208323401494327,
        "nauc_recall_at_1_diff1": 0.45360326440200877,
        "nauc_recall_at_1_max": 0.3006669858576181,
        "nauc_recall_at_1_std": -0.03730948370253023,
        "nauc_recall_at_20_diff1": 0.24972570021426455,
        "nauc_recall_at_20_max": 0.29207333201789637,
        "nauc_recall_at_20_std": 0.027677047573575416,
        "nauc_recall_at_3_diff1": 0.3444513492983429,
        "nauc_recall_at_3_max": 0.2908929957831289,
        "nauc_recall_at_3_std": -0.03251576238827876,
        "nauc_recall_at_5_diff1": 0.3090514321877839,
        "nauc_recall_at_5_max": 0.2911484678869146,
        "nauc_recall_at_5_std": -0.020114302971559195,
        "ndcg_at_1": 0.22023,
        "ndcg_at_10": 0.29952,
        "ndcg_at_100": 0.34866,
        "ndcg_at_1000": 0.37913,
        "ndcg_at_20": 0.31519,
        "ndcg_at_3": 0.25944,
        "ndcg_at_5": 0.27734,
        "precision_at_1": 0.22023,
        "precision_at_10": 0.05348,
        "precision_at_100": 0.00927,
        "precision_at_1000": 0.00137,
        "precision_at_20": 0.03169,
        "precision_at_3": 0.12101,
        "precision_at_5": 0.0861,
        "recall_at_1": 0.18227,
        "recall_at_10": 0.39838,
        "recall_at_100": 0.62182,
        "recall_at_1000": 0.84054,
        "recall_at_20": 0.45528,
        "recall_at_3": 0.28613,
        "recall_at_5": 0.33279
      }
    ]
  },
  "task_name": "CQADupstackTexRetrieval"
}