{
  "dataset_revision": "f46a197baaae43b4f621051089b82a364682dfeb",
  "evaluation_time": 37.00088834762573,
  "kg_co2_emissions": null,
  "mteb_version": "1.13.1",
  "scores": {
    "test": [
      {
        "hf_subset": "default",
        "languages": [
          "eng-Latn"
        ],
        "main_score": 0.49621,
        "map_at_1": 0.33442,
        "map_at_10": 0.4371,
        "map_at_100": 0.45191,
        "map_at_1000": 0.45311,
        "map_at_20": 0.44572,
        "map_at_3": 0.40336,
        "map_at_5": 0.42307,
        "mrr_at_1": 0.4105865522174535,
        "mrr_at_10": 0.49725231055703156,
        "mrr_at_100": 0.5050123160113736,
        "mrr_at_1000": 0.5054218917124904,
        "mrr_at_20": 0.5022067177593428,
        "mrr_at_3": 0.4704339532665713,
        "mrr_at_5": 0.4873867429661421,
        "nauc_map_at_1000_diff1": 0.4920866153635268,
        "nauc_map_at_1000_max": 0.4158862741264346,
        "nauc_map_at_1000_std": -0.07878093425736588,
        "nauc_map_at_100_diff1": 0.4921446420486801,
        "nauc_map_at_100_max": 0.41613553047915475,
        "nauc_map_at_100_std": -0.07843371876813968,
        "nauc_map_at_10_diff1": 0.49448712683205653,
        "nauc_map_at_10_max": 0.4127517070911207,
        "nauc_map_at_10_std": -0.08517442217591117,
        "nauc_map_at_1_diff1": 0.5570023108003542,
        "nauc_map_at_1_max": 0.37394599810849927,
        "nauc_map_at_1_std": -0.10555024014004794,
        "nauc_map_at_20_diff1": 0.4923005579628761,
        "nauc_map_at_20_max": 0.414405662609123,
        "nauc_map_at_20_std": -0.08276779895186684,
        "nauc_map_at_3_diff1": 0.5107816293019224,
        "nauc_map_at_3_max": 0.4019506349669673,
        "nauc_map_at_3_std": -0.08860649645337654,
        "nauc_map_at_5_diff1": 0.4977612552787463,
        "nauc_map_at_5_max": 0.4097219851291453,
        "nauc_map_at_5_std": -0.09078496763709006,
        "nauc_mrr_at_1000_diff1": 0.4700387903251102,
        "nauc_mrr_at_1000_max": 0.4177095056499097,
        "nauc_mrr_at_1000_std": -0.07343728835615872,
        "nauc_mrr_at_100_diff1": 0.4699903208276918,
        "nauc_mrr_at_100_max": 0.417713261092572,
        "nauc_mrr_at_100_std": -0.07337012531007796,
        "nauc_mrr_at_10_diff1": 0.46778718076740206,
        "nauc_mrr_at_10_max": 0.41746762700078754,
        "nauc_mrr_at_10_std": -0.07411518484104378,
        "nauc_mrr_at_1_diff1": 0.5085376840647349,
        "nauc_mrr_at_1_max": 0.41140994309505885,
        "nauc_mrr_at_1_std": -0.09607359347353359,
        "nauc_mrr_at_20_diff1": 0.47021933724932646,
        "nauc_mrr_at_20_max": 0.41798648426693735,
        "nauc_mrr_at_20_std": -0.07466969277810692,
        "nauc_mrr_at_3_diff1": 0.4745102539512069,
        "nauc_mrr_at_3_max": 0.41826263493533017,
        "nauc_mrr_at_3_std": -0.07348887769267712,
        "nauc_mrr_at_5_diff1": 0.46607295446214264,
        "nauc_mrr_at_5_max": 0.41484402130567827,
        "nauc_mrr_at_5_std": -0.08102919315745102,
        "nauc_ndcg_at_1000_diff1": 0.4735458232205529,
        "nauc_ndcg_at_1000_max": 0.4258643450799828,
        "nauc_ndcg_at_1000_std": -0.05394292527153244,
        "nauc_ndcg_at_100_diff1": 0.47253625566641067,
        "nauc_ndcg_at_100_max": 0.42721420408495275,
        "nauc_ndcg_at_100_std": -0.04799625880242944,
        "nauc_ndcg_at_10_diff1": 0.4705728609462205,
        "nauc_ndcg_at_10_max": 0.41939419396566324,
        "nauc_ndcg_at_10_std": -0.07042149331214519,
        "nauc_ndcg_at_1_diff1": 0.5122462113767345,
        "nauc_ndcg_at_1_max": 0.40433928205742503,
        "nauc_ndcg_at_1_std": -0.09825416211882769,
        "nauc_ndcg_at_20_diff1": 0.47046913111058014,
        "nauc_ndcg_at_20_max": 0.42144124031402785,
        "nauc_ndcg_at_20_std": -0.06915242269045649,
        "nauc_ndcg_at_3_diff1": 0.4844467608232717,
        "nauc_ndcg_at_3_max": 0.4119386475530067,
        "nauc_ndcg_at_3_std": -0.07229293498066502,
        "nauc_ndcg_at_5_diff1": 0.4690461789907925,
        "nauc_ndcg_at_5_max": 0.41549532973306635,
        "nauc_ndcg_at_5_std": -0.08171495553015162,
        "nauc_precision_at_1000_diff1": -0.1812515683399903,
        "nauc_precision_at_1000_max": -0.10993769319470231,
        "nauc_precision_at_1000_std": 0.009215258817857237,
        "nauc_precision_at_100_diff1": -0.1125314135224142,
        "nauc_precision_at_100_max": 0.028969332510654006,
        "nauc_precision_at_100_std": 0.08315165721687683,
        "nauc_precision_at_10_diff1": 0.04943967459160693,
        "nauc_precision_at_10_max": 0.253205590138149,
        "nauc_precision_at_10_std": 0.03271664725475994,
        "nauc_precision_at_1_diff1": 0.5122462113767345,
        "nauc_precision_at_1_max": 0.40433928205742503,
        "nauc_precision_at_1_std": -0.09825416211882769,
        "nauc_precision_at_20_diff1": -0.014315270931144741,
        "nauc_precision_at_20_max": 0.1886163721878871,
        "nauc_precision_at_20_std": 0.058388667005121124,
        "nauc_precision_at_3_diff1": 0.26561515893014104,
        "nauc_precision_at_3_max": 0.358000956504171,
        "nauc_precision_at_3_std": -0.03789540545963271,
        "nauc_precision_at_5_diff1": 0.13277254435659236,
        "nauc_precision_at_5_max": 0.3104864605190506,
        "nauc_precision_at_5_std": -0.025045490642152803,
        "nauc_recall_at_1000_diff1": 0.36542793991033334,
        "nauc_recall_at_1000_max": 0.5956870379123702,
        "nauc_recall_at_1000_std": 0.3578363244243796,
        "nauc_recall_at_100_diff1": 0.37154929180167506,
        "nauc_recall_at_100_max": 0.4588449063602031,
        "nauc_recall_at_100_std": 0.17462666542106398,
        "nauc_recall_at_10_diff1": 0.40207154432106823,
        "nauc_recall_at_10_max": 0.4083707336634901,
        "nauc_recall_at_10_std": -0.03772065627464689,
        "nauc_recall_at_1_diff1": 0.5570023108003542,
        "nauc_recall_at_1_max": 0.37394599810849927,
        "nauc_recall_at_1_std": -0.10555024014004794,
        "nauc_recall_at_20_diff1": 0.3885213136814571,
        "nauc_recall_at_20_max": 0.41238152486510965,
        "nauc_recall_at_20_std": -0.029412649521439474,
        "nauc_recall_at_3_diff1": 0.46095016357073826,
        "nauc_recall_at_3_max": 0.3984507105807197,
        "nauc_recall_at_3_std": -0.05755653561981598,
        "nauc_recall_at_5_diff1": 0.4136890376787679,
        "nauc_recall_at_5_max": 0.40022149499273807,
        "nauc_recall_at_5_std": -0.07705082853231955,
        "ndcg_at_1": 0.40916,
        "ndcg_at_10": 0.49621,
        "ndcg_at_100": 0.54991,
        "ndcg_at_1000": 0.56868,
        "ndcg_at_20": 0.51823,
        "ndcg_at_3": 0.44705,
        "ndcg_at_5": 0.4721,
        "precision_at_1": 0.40916,
        "precision_at_10": 0.09156,
        "precision_at_100": 0.01496,
        "precision_at_1000": 0.00194,
        "precision_at_20": 0.05443,
        "precision_at_3": 0.20839,
        "precision_at_5": 0.15136,
        "recall_at_1": 0.33442,
        "recall_at_10": 0.60551,
        "recall_at_100": 0.82735,
        "recall_at_1000": 0.94607,
        "recall_at_20": 0.68351,
        "recall_at_3": 0.46474,
        "recall_at_5": 0.5334
      }
    ]
  },
  "task_name": "CQADupstackAndroidRetrieval"
}