{
  "dataset_revision": "79531abbd1fb92d06c6d6315a0cbbbf5bb247ea4",
  "evaluation_time": 37.08171844482422,
  "kg_co2_emissions": null,
  "mteb_version": "1.13.1",
  "scores": {
    "test": [
      {
        "hf_subset": "default",
        "languages": [
          "eng-Latn"
        ],
        "main_score": 0.45245,
        "map_at_1": 0.29942,
        "map_at_10": 0.3966,
        "map_at_100": 0.40943,
        "map_at_1000": 0.41049,
        "map_at_20": 0.40384,
        "map_at_3": 0.36933,
        "map_at_5": 0.38253,
        "mrr_at_1": 0.36092396535129934,
        "mrr_at_10": 0.450430053317445,
        "mrr_at_100": 0.45862587195697196,
        "mrr_at_1000": 0.45909777492403203,
        "mrr_at_20": 0.4552761127876892,
        "mrr_at_3": 0.42765479627847286,
        "mrr_at_5": 0.43958934873275585,
        "nauc_map_at_1000_diff1": 0.5072376162095882,
        "nauc_map_at_1000_max": 0.37363101971949075,
        "nauc_map_at_1000_std": -0.07928442502608338,
        "nauc_map_at_100_diff1": 0.5068596645191832,
        "nauc_map_at_100_max": 0.37333480100226635,
        "nauc_map_at_100_std": -0.0797731069818587,
        "nauc_map_at_10_diff1": 0.5057008121117008,
        "nauc_map_at_10_max": 0.3689249598889836,
        "nauc_map_at_10_std": -0.08876932008535388,
        "nauc_map_at_1_diff1": 0.556141111011321,
        "nauc_map_at_1_max": 0.3455041127107408,
        "nauc_map_at_1_std": -0.09683554748191454,
        "nauc_map_at_20_diff1": 0.5066260152854165,
        "nauc_map_at_20_max": 0.37119766243824015,
        "nauc_map_at_20_std": -0.08334387208192963,
        "nauc_map_at_3_diff1": 0.5107362163929687,
        "nauc_map_at_3_max": 0.3592515873325265,
        "nauc_map_at_3_std": -0.09427654998660699,
        "nauc_map_at_5_diff1": 0.5069543347209172,
        "nauc_map_at_5_max": 0.3652829017886497,
        "nauc_map_at_5_std": -0.09086849746551676,
        "nauc_mrr_at_1000_diff1": 0.5133607433640768,
        "nauc_mrr_at_1000_max": 0.38873065288039804,
        "nauc_mrr_at_1000_std": -0.06769996832489814,
        "nauc_mrr_at_100_diff1": 0.5131995273100701,
        "nauc_mrr_at_100_max": 0.388721992079176,
        "nauc_mrr_at_100_std": -0.06771860342178485,
        "nauc_mrr_at_10_diff1": 0.5140296619383323,
        "nauc_mrr_at_10_max": 0.38874541597736845,
        "nauc_mrr_at_10_std": -0.07223850873704786,
        "nauc_mrr_at_1_diff1": 0.558077579407017,
        "nauc_mrr_at_1_max": 0.3753376787948714,
        "nauc_mrr_at_1_std": -0.08214219717909567,
        "nauc_mrr_at_20_diff1": 0.5131012554433297,
        "nauc_mrr_at_20_max": 0.3889183016750606,
        "nauc_mrr_at_20_std": -0.06844666335186905,
        "nauc_mrr_at_3_diff1": 0.5141823597019493,
        "nauc_mrr_at_3_max": 0.3862935302847778,
        "nauc_mrr_at_3_std": -0.07086283738048492,
        "nauc_mrr_at_5_diff1": 0.5166648115897766,
        "nauc_mrr_at_5_max": 0.38982684663187417,
        "nauc_mrr_at_5_std": -0.07348041835269224,
        "nauc_ndcg_at_1000_diff1": 0.4955467680017192,
        "nauc_ndcg_at_1000_max": 0.39341235487254655,
        "nauc_ndcg_at_1000_std": -0.04225952144033971,
        "nauc_ndcg_at_100_diff1": 0.4897456728171789,
        "nauc_ndcg_at_100_max": 0.391241845318674,
        "nauc_ndcg_at_100_std": -0.04645284132920963,
        "nauc_ndcg_at_10_diff1": 0.4892798077775592,
        "nauc_ndcg_at_10_max": 0.3779379452170354,
        "nauc_ndcg_at_10_std": -0.08091810005231302,
        "nauc_ndcg_at_1_diff1": 0.5551168137917498,
        "nauc_ndcg_at_1_max": 0.37419681751369316,
        "nauc_ndcg_at_1_std": -0.0830710275575306,
        "nauc_ndcg_at_20_diff1": 0.4888682782608117,
        "nauc_ndcg_at_20_max": 0.3810335006889298,
        "nauc_ndcg_at_20_std": -0.06560464492871292,
        "nauc_ndcg_at_3_diff1": 0.4980314519202616,
        "nauc_ndcg_at_3_max": 0.37369974944668033,
        "nauc_ndcg_at_3_std": -0.08201129132751446,
        "nauc_ndcg_at_5_diff1": 0.4958279266626625,
        "nauc_ndcg_at_5_max": 0.377955773547271,
        "nauc_ndcg_at_5_std": -0.08212956497255215,
        "nauc_precision_at_1000_diff1": -0.02874193963454123,
        "nauc_precision_at_1000_max": 0.1337526129843745,
        "nauc_precision_at_1000_std": 0.22778865093031875,
        "nauc_precision_at_100_diff1": 0.04425568535281843,
        "nauc_precision_at_100_max": 0.22423116086077147,
        "nauc_precision_at_100_std": 0.2084293719456776,
        "nauc_precision_at_10_diff1": 0.22813831755123032,
        "nauc_precision_at_10_max": 0.3296746924597964,
        "nauc_precision_at_10_std": 0.04317155237408488,
        "nauc_precision_at_1_diff1": 0.5551168137917498,
        "nauc_precision_at_1_max": 0.37419681751369316,
        "nauc_precision_at_1_std": -0.0830710275575306,
        "nauc_precision_at_20_diff1": 0.1732986328037068,
        "nauc_precision_at_20_max": 0.29751727050487803,
        "nauc_precision_at_20_std": 0.11796695022738252,
        "nauc_precision_at_3_diff1": 0.3667093042173652,
        "nauc_precision_at_3_max": 0.37206936172056576,
        "nauc_precision_at_3_std": -0.029207933520240873,
        "nauc_precision_at_5_diff1": 0.3172937845666398,
        "nauc_precision_at_5_max": 0.37471087349665994,
        "nauc_precision_at_5_std": 0.001015951017603205,
        "nauc_recall_at_1000_diff1": 0.33021333201663816,
        "nauc_recall_at_1000_max": 0.4750493475679744,
        "nauc_recall_at_1000_std": 0.40140113814629663,
        "nauc_recall_at_100_diff1": 0.34763789635675185,
        "nauc_recall_at_100_max": 0.40515783669274785,
        "nauc_recall_at_100_std": 0.12313891989928519,
        "nauc_recall_at_10_diff1": 0.40454938112000993,
        "nauc_recall_at_10_max": 0.35326196365478735,
        "nauc_recall_at_10_std": -0.0765611276726016,
        "nauc_recall_at_1_diff1": 0.556141111011321,
        "nauc_recall_at_1_max": 0.3455041127107408,
        "nauc_recall_at_1_std": -0.09683554748191454,
        "nauc_recall_at_20_diff1": 0.38710654115940096,
        "nauc_recall_at_20_max": 0.3517020543353344,
        "nauc_recall_at_20_std": -0.0227592396772777,
        "nauc_recall_at_3_diff1": 0.45010587972188737,
        "nauc_recall_at_3_max": 0.35118587725229816,
        "nauc_recall_at_3_std": -0.08878523646832608,
        "nauc_recall_at_5_diff1": 0.4349078003958938,
        "nauc_recall_at_5_max": 0.35581286406099283,
        "nauc_recall_at_5_std": -0.0871812471582328,
        "ndcg_at_1": 0.36189,
        "ndcg_at_10": 0.45245,
        "ndcg_at_100": 0.50677,
        "ndcg_at_1000": 0.52689,
        "ndcg_at_20": 0.47386,
        "ndcg_at_3": 0.40657,
        "ndcg_at_5": 0.42478,
        "precision_at_1": 0.36189,
        "precision_at_10": 0.08008,
        "precision_at_100": 0.01253,
        "precision_at_1000": 0.00159,
        "precision_at_20": 0.04702,
        "precision_at_3": 0.18896,
        "precision_at_5": 0.13013,
        "recall_at_1": 0.29942,
        "recall_at_10": 0.56544,
        "recall_at_100": 0.79459,
        "recall_at_1000": 0.92625,
        "recall_at_20": 0.63937,
        "recall_at_3": 0.43553,
        "recall_at_5": 0.48346
      }
    ]
  },
  "task_name": "CQADupstackPhysicsRetrieval"
}