{
  "dataset_revision": "5003b3064772da1887988e05400cf3806fe491f2",
  "evaluation_time": 40.54866576194763,
  "kg_co2_emissions": null,
  "mteb_version": "1.13.1",
  "scores": {
    "test": [
      {
        "hf_subset": "default",
        "languages": [
          "eng-Latn"
        ],
        "main_score": 0.39177,
        "map_at_1": 0.26705,
        "map_at_10": 0.34641,
        "map_at_100": 0.35771,
        "map_at_1000": 0.35848,
        "map_at_20": 0.35322,
        "map_at_3": 0.32363,
        "map_at_5": 0.33722,
        "mrr_at_1": 0.28700564971751413,
        "mrr_at_10": 0.3674208591157744,
        "mrr_at_100": 0.3769167569030995,
        "mrr_at_1000": 0.37752663240833434,
        "mrr_at_20": 0.3730782159764948,
        "mrr_at_3": 0.34500941619585684,
        "mrr_at_5": 0.35811676082862526,
        "nauc_map_at_1000_diff1": 0.4439724771881739,
        "nauc_map_at_1000_max": 0.36699426938495655,
        "nauc_map_at_1000_std": -0.04074961620287801,
        "nauc_map_at_100_diff1": 0.4439065310037572,
        "nauc_map_at_100_max": 0.3667286484297714,
        "nauc_map_at_100_std": -0.04092042154188437,
        "nauc_map_at_10_diff1": 0.44354712869903806,
        "nauc_map_at_10_max": 0.36361419136952594,
        "nauc_map_at_10_std": -0.045019216762954374,
        "nauc_map_at_1_diff1": 0.49368173052020564,
        "nauc_map_at_1_max": 0.3572129608237645,
        "nauc_map_at_1_std": -0.05617262686245461,
        "nauc_map_at_20_diff1": 0.44370695283377665,
        "nauc_map_at_20_max": 0.36592152472408657,
        "nauc_map_at_20_std": -0.04291823678824174,
        "nauc_map_at_3_diff1": 0.4482043628149589,
        "nauc_map_at_3_max": 0.3629315874952571,
        "nauc_map_at_3_std": -0.05699057322738232,
        "nauc_map_at_5_diff1": 0.4479385609332553,
        "nauc_map_at_5_max": 0.36794266252602714,
        "nauc_map_at_5_std": -0.050374317554062714,
        "nauc_mrr_at_1000_diff1": 0.4379753675379018,
        "nauc_mrr_at_1000_max": 0.37932330053557956,
        "nauc_mrr_at_1000_std": -0.023957427228798556,
        "nauc_mrr_at_100_diff1": 0.4378887677929048,
        "nauc_mrr_at_100_max": 0.37914723436961467,
        "nauc_mrr_at_100_std": -0.02397098004324389,
        "nauc_mrr_at_10_diff1": 0.4370779145262471,
        "nauc_mrr_at_10_max": 0.37792827021431,
        "nauc_mrr_at_10_std": -0.02666465999880478,
        "nauc_mrr_at_1_diff1": 0.48674810805404584,
        "nauc_mrr_at_1_max": 0.3831095575816829,
        "nauc_mrr_at_1_std": -0.034264695495770256,
        "nauc_mrr_at_20_diff1": 0.4376856393561683,
        "nauc_mrr_at_20_max": 0.37866208522347655,
        "nauc_mrr_at_20_std": -0.025809033235552076,
        "nauc_mrr_at_3_diff1": 0.4424810649879857,
        "nauc_mrr_at_3_max": 0.3815710185516847,
        "nauc_mrr_at_3_std": -0.03710445519051251,
        "nauc_mrr_at_5_diff1": 0.4426604234623496,
        "nauc_mrr_at_5_max": 0.38237291181686855,
        "nauc_mrr_at_5_std": -0.03318117411822597,
        "nauc_ndcg_at_1000_diff1": 0.4280766703369671,
        "nauc_ndcg_at_1000_max": 0.37737444339531123,
        "nauc_ndcg_at_1000_std": -0.008355973492859773,
        "nauc_ndcg_at_100_diff1": 0.4239579960376379,
        "nauc_ndcg_at_100_max": 0.37156525735235063,
        "nauc_ndcg_at_100_std": -0.007308392435847863,
        "nauc_ndcg_at_10_diff1": 0.4222684207380993,
        "nauc_ndcg_at_10_max": 0.3618956098527771,
        "nauc_ndcg_at_10_std": -0.02862508703782937,
        "nauc_ndcg_at_1_diff1": 0.48674810805404584,
        "nauc_ndcg_at_1_max": 0.3831095575816829,
        "nauc_ndcg_at_1_std": -0.034264695495770256,
        "nauc_ndcg_at_20_diff1": 0.42254581436530725,
        "nauc_ndcg_at_20_max": 0.3677271727542174,
        "nauc_ndcg_at_20_std": -0.022068499576915493,
        "nauc_ndcg_at_3_diff1": 0.4354627650386928,
        "nauc_ndcg_at_3_max": 0.36742465387793016,
        "nauc_ndcg_at_3_std": -0.05306529863659409,
        "nauc_ndcg_at_5_diff1": 0.4345991825963758,
        "nauc_ndcg_at_5_max": 0.3733485407348289,
        "nauc_ndcg_at_5_std": -0.04218906975108809,
        "nauc_precision_at_1000_diff1": 0.07145908348531307,
        "nauc_precision_at_1000_max": 0.20184138678661917,
        "nauc_precision_at_1000_std": 0.11913404971111582,
        "nauc_precision_at_100_diff1": 0.19241545768996784,
        "nauc_precision_at_100_max": 0.27511724975145274,
        "nauc_precision_at_100_std": 0.11380228258321846,
        "nauc_precision_at_10_diff1": 0.3195622718391912,
        "nauc_precision_at_10_max": 0.356101021845924,
        "nauc_precision_at_10_std": 0.019026338893415668,
        "nauc_precision_at_1_diff1": 0.48674810805404584,
        "nauc_precision_at_1_max": 0.3831095575816829,
        "nauc_precision_at_1_std": -0.034264695495770256,
        "nauc_precision_at_20_diff1": 0.2828994309491901,
        "nauc_precision_at_20_max": 0.345928429174617,
        "nauc_precision_at_20_std": 0.0465134428333665,
        "nauc_precision_at_3_diff1": 0.3804873973532697,
        "nauc_precision_at_3_max": 0.39329388234626284,
        "nauc_precision_at_3_std": -0.03095999237079605,
        "nauc_precision_at_5_diff1": 0.3662924109361977,
        "nauc_precision_at_5_max": 0.39462476655187806,
        "nauc_precision_at_5_std": -0.018236232248085914,
        "nauc_recall_at_1000_diff1": 0.32185643681704273,
        "nauc_recall_at_1000_max": 0.4766374301273052,
        "nauc_recall_at_1000_std": 0.32351543393330723,
        "nauc_recall_at_100_diff1": 0.3239136536336022,
        "nauc_recall_at_100_max": 0.3610069484024692,
        "nauc_recall_at_100_std": 0.17042024243431306,
        "nauc_recall_at_10_diff1": 0.34970579676271235,
        "nauc_recall_at_10_max": 0.3250830071879581,
        "nauc_recall_at_10_std": 0.008601672981867791,
        "nauc_recall_at_1_diff1": 0.49368173052020564,
        "nauc_recall_at_1_max": 0.3572129608237645,
        "nauc_recall_at_1_std": -0.05617262686245461,
        "nauc_recall_at_20_diff1": 0.342075027226273,
        "nauc_recall_at_20_max": 0.3426824694594397,
        "nauc_recall_at_20_std": 0.038238674564686694,
        "nauc_recall_at_3_diff1": 0.3947617693261926,
        "nauc_recall_at_3_max": 0.353795721434007,
        "nauc_recall_at_3_std": -0.054916879741386045,
        "nauc_recall_at_5_diff1": 0.39171365103218575,
        "nauc_recall_at_5_max": 0.36398053277856995,
        "nauc_recall_at_5_std": -0.030233788592033507,
        "ndcg_at_1": 0.28701,
        "ndcg_at_10": 0.39177,
        "ndcg_at_100": 0.44474,
        "ndcg_at_1000": 0.46446,
        "ndcg_at_20": 0.41458,
        "ndcg_at_3": 0.3471,
        "ndcg_at_5": 0.37024,
        "precision_at_1": 0.28701,
        "precision_at_10": 0.05831,
        "precision_at_100": 0.00887,
        "precision_at_1000": 0.00109,
        "precision_at_20": 0.03452,
        "precision_at_3": 0.14539,
        "precision_at_5": 0.10079,
        "recall_at_1": 0.26705,
        "recall_at_10": 0.51135,
        "recall_at_100": 0.7513,
        "recall_at_1000": 0.89911,
        "recall_at_20": 0.59696,
        "recall_at_3": 0.39087,
        "recall_at_5": 0.44665
      }
    ]
  },
  "task_name": "CQADupstackGisRetrieval"
}