{
  "dataset_revision": "160c094312a0e1facb97e55eeddb698c0abe3571",
  "evaluation_time": 33.22887873649597,
  "kg_co2_emissions": null,
  "mteb_version": "1.13.1",
  "scores": {
    "test": [
      {
        "hf_subset": "default",
        "languages": [
          "eng-Latn"
        ],
        "main_score": 0.3875,
        "map_at_1": 0.25354,
        "map_at_10": 0.33485,
        "map_at_100": 0.35188,
        "map_at_1000": 0.35378,
        "map_at_20": 0.34342,
        "map_at_3": 0.30977,
        "map_at_5": 0.32077,
        "mrr_at_1": 0.2984189723320158,
        "mrr_at_10": 0.37542662651358305,
        "mrr_at_100": 0.38572987761140615,
        "mrr_at_1000": 0.38615165716959843,
        "mrr_at_20": 0.38114397416441614,
        "mrr_at_3": 0.3534255599472991,
        "mrr_at_5": 0.3636034255599473,
        "nauc_map_at_1000_diff1": 0.4544363136146888,
        "nauc_map_at_1000_max": 0.36584494142350266,
        "nauc_map_at_1000_std": -0.04647989297393615,
        "nauc_map_at_100_diff1": 0.45514540486529603,
        "nauc_map_at_100_max": 0.3675683015868498,
        "nauc_map_at_100_std": -0.0468379550368885,
        "nauc_map_at_10_diff1": 0.46358067725640334,
        "nauc_map_at_10_max": 0.3696048217833989,
        "nauc_map_at_10_std": -0.062354781747071354,
        "nauc_map_at_1_diff1": 0.5383208177808039,
        "nauc_map_at_1_max": 0.367383347113413,
        "nauc_map_at_1_std": -0.09767188612726539,
        "nauc_map_at_20_diff1": 0.45914440476048846,
        "nauc_map_at_20_max": 0.36841955947661525,
        "nauc_map_at_20_std": -0.05379540239108463,
        "nauc_map_at_3_diff1": 0.47510389133626263,
        "nauc_map_at_3_max": 0.3750493278753047,
        "nauc_map_at_3_std": -0.0716730675481936,
        "nauc_map_at_5_diff1": 0.46898968007823566,
        "nauc_map_at_5_max": 0.3741569020234841,
        "nauc_map_at_5_std": -0.07159345807833316,
        "nauc_mrr_at_1000_diff1": 0.4304469929160806,
        "nauc_mrr_at_1000_max": 0.36289870267889024,
        "nauc_mrr_at_1000_std": -0.0444833905817898,
        "nauc_mrr_at_100_diff1": 0.4305020279190858,
        "nauc_mrr_at_100_max": 0.36307561762401147,
        "nauc_mrr_at_100_std": -0.044069715132396374,
        "nauc_mrr_at_10_diff1": 0.43239837855334795,
        "nauc_mrr_at_10_max": 0.3626350129147834,
        "nauc_mrr_at_10_std": -0.04973529588722697,
        "nauc_mrr_at_1_diff1": 0.48334330194929853,
        "nauc_mrr_at_1_max": 0.36297587622668737,
        "nauc_mrr_at_1_std": -0.0752231882987587,
        "nauc_mrr_at_20_diff1": 0.42917747104605414,
        "nauc_mrr_at_20_max": 0.3620855385005989,
        "nauc_mrr_at_20_std": -0.044783782814088145,
        "nauc_mrr_at_3_diff1": 0.44064646047912426,
        "nauc_mrr_at_3_max": 0.37230113765461936,
        "nauc_mrr_at_3_std": -0.05495747817599408,
        "nauc_mrr_at_5_diff1": 0.43888207451160804,
        "nauc_mrr_at_5_max": 0.3661753416825483,
        "nauc_mrr_at_5_std": -0.05869034936246012,
        "nauc_ndcg_at_1000_diff1": 0.41593120150045754,
        "nauc_ndcg_at_1000_max": 0.36061988033900355,
        "nauc_ndcg_at_1000_std": -0.010466203956959685,
        "nauc_ndcg_at_100_diff1": 0.42149653602558446,
        "nauc_ndcg_at_100_max": 0.36568829038581824,
        "nauc_ndcg_at_100_std": -0.008539143513315207,
        "nauc_ndcg_at_10_diff1": 0.42830957450507867,
        "nauc_ndcg_at_10_max": 0.35600529718594753,
        "nauc_ndcg_at_10_std": -0.04091378496599182,
        "nauc_ndcg_at_1_diff1": 0.4760701900327211,
        "nauc_ndcg_at_1_max": 0.3597592168938917,
        "nauc_ndcg_at_1_std": -0.06839087836749728,
        "nauc_ndcg_at_20_diff1": 0.41762093206588485,
        "nauc_ndcg_at_20_max": 0.3546259639890036,
        "nauc_ndcg_at_20_std": -0.027502653475458806,
        "nauc_ndcg_at_3_diff1": 0.44135623113366645,
        "nauc_ndcg_at_3_max": 0.3730475192197981,
        "nauc_ndcg_at_3_std": -0.05431542411327497,
        "nauc_ndcg_at_5_diff1": 0.43729682009125836,
        "nauc_ndcg_at_5_max": 0.36703621395652714,
        "nauc_ndcg_at_5_std": -0.0543022971630118,
        "nauc_precision_at_1000_diff1": -0.12860558538756736,
        "nauc_precision_at_1000_max": -0.20906978380406355,
        "nauc_precision_at_1000_std": 0.09409277600836236,
        "nauc_precision_at_100_diff1": -0.11611193186324822,
        "nauc_precision_at_100_max": -0.067152692605823,
        "nauc_precision_at_100_std": 0.16180434774488897,
        "nauc_precision_at_10_diff1": 0.12460623074613662,
        "nauc_precision_at_10_max": 0.1806657124551187,
        "nauc_precision_at_10_std": 0.10909464507429395,
        "nauc_precision_at_1_diff1": 0.4760701900327211,
        "nauc_precision_at_1_max": 0.3597592168938917,
        "nauc_precision_at_1_std": -0.06839087836749728,
        "nauc_precision_at_20_diff1": 0.013041425276664992,
        "nauc_precision_at_20_max": 0.08997663217085175,
        "nauc_precision_at_20_std": 0.16766958020450864,
        "nauc_precision_at_3_diff1": 0.2832704092538792,
        "nauc_precision_at_3_max": 0.32070539995650094,
        "nauc_precision_at_3_std": -0.008155183746300886,
        "nauc_precision_at_5_diff1": 0.22688999022156567,
        "nauc_precision_at_5_max": 0.27816221860626816,
        "nauc_precision_at_5_std": 0.02847027086068228,
        "nauc_recall_at_1000_diff1": 0.061716635060037855,
        "nauc_recall_at_1000_max": 0.3192167588253262,
        "nauc_recall_at_1000_std": 0.39574112870091016,
        "nauc_recall_at_100_diff1": 0.2867724565005476,
        "nauc_recall_at_100_max": 0.3534816255408421,
        "nauc_recall_at_100_std": 0.19479742676280162,
        "nauc_recall_at_10_diff1": 0.35215909029270087,
        "nauc_recall_at_10_max": 0.31626636135708125,
        "nauc_recall_at_10_std": -0.023183814500204927,
        "nauc_recall_at_1_diff1": 0.5383208177808039,
        "nauc_recall_at_1_max": 0.367383347113413,
        "nauc_recall_at_1_std": -0.09767188612726539,
        "nauc_recall_at_20_diff1": 0.29422283262408605,
        "nauc_recall_at_20_max": 0.2985490679404046,
        "nauc_recall_at_20_std": 0.038095298525609146,
        "nauc_recall_at_3_diff1": 0.4198764939730695,
        "nauc_recall_at_3_max": 0.3733614826670285,
        "nauc_recall_at_3_std": -0.056285247555532276,
        "nauc_recall_at_5_diff1": 0.39439693667294035,
        "nauc_recall_at_5_max": 0.3537134974527631,
        "nauc_recall_at_5_std": -0.0634570004179088,
        "ndcg_at_1": 0.3004,
        "ndcg_at_10": 0.3875,
        "ndcg_at_100": 0.4526,
        "ndcg_at_1000": 0.47519,
        "ndcg_at_20": 0.41025,
        "ndcg_at_3": 0.3444,
        "ndcg_at_5": 0.35896,
        "precision_at_1": 0.3004,
        "precision_at_10": 0.07312,
        "precision_at_100": 0.01534,
        "precision_at_1000": 0.00235,
        "precision_at_20": 0.04694,
        "precision_at_3": 0.1581,
        "precision_at_5": 0.11067,
        "recall_at_1": 0.25354,
        "recall_at_10": 0.48627,
        "recall_at_100": 0.77921,
        "recall_at_1000": 0.92095,
        "recall_at_20": 0.57272,
        "recall_at_3": 0.36539,
        "recall_at_5": 0.40488
      }
    ]
  },
  "task_name": "CQADupstackWebmastersRetrieval"
}