{
  "dataset_revision": "4885aa143210c98657558c04aaf3dc47cfb54340",
  "evaluation_time": 43.07475709915161,
  "kg_co2_emissions": null,
  "mteb_version": "1.13.1",
  "scores": {
    "test": [
      {
        "hf_subset": "default",
        "languages": [
          "eng-Latn"
        ],
        "main_score": 0.60647,
        "map_at_1": 0.42071,
        "map_at_10": 0.54871,
        "map_at_100": 0.55776,
        "map_at_1000": 0.55827,
        "map_at_20": 0.55391,
        "map_at_3": 0.51722,
        "map_at_5": 0.53515,
        "mrr_at_1": 0.47711598746081507,
        "mrr_at_10": 0.5818838632631735,
        "mrr_at_100": 0.5872882045502137,
        "mrr_at_1000": 0.5875541209769382,
        "mrr_at_20": 0.5850158929122311,
        "mrr_at_3": 0.5584117032392895,
        "mrr_at_5": 0.5735527690700105,
        "nauc_map_at_1000_diff1": 0.5461478861717269,
        "nauc_map_at_1000_max": 0.4843883363656939,
        "nauc_map_at_1000_std": -0.05388823111460997,
        "nauc_map_at_100_diff1": 0.545861859828976,
        "nauc_map_at_100_max": 0.48426204559945435,
        "nauc_map_at_100_std": -0.05386328402643059,
        "nauc_map_at_10_diff1": 0.5461334142693981,
        "nauc_map_at_10_max": 0.4779030594653431,
        "nauc_map_at_10_std": -0.06566297607441988,
        "nauc_map_at_1_diff1": 0.5968096414640957,
        "nauc_map_at_1_max": 0.4187609045584561,
        "nauc_map_at_1_std": -0.08502164490271617,
        "nauc_map_at_20_diff1": 0.5458623184423167,
        "nauc_map_at_20_max": 0.48228781827992123,
        "nauc_map_at_20_std": -0.058000676815740414,
        "nauc_map_at_3_diff1": 0.5560876653031973,
        "nauc_map_at_3_max": 0.4649977959176786,
        "nauc_map_at_3_std": -0.08683493770890002,
        "nauc_map_at_5_diff1": 0.5472560334612108,
        "nauc_map_at_5_max": 0.47241312945183056,
        "nauc_map_at_5_std": -0.07380796309828214,
        "nauc_mrr_at_1000_diff1": 0.5516410555408371,
        "nauc_mrr_at_1000_max": 0.49961479819436877,
        "nauc_mrr_at_1000_std": -0.03863220136445123,
        "nauc_mrr_at_100_diff1": 0.5515166409264715,
        "nauc_mrr_at_100_max": 0.4996358306355999,
        "nauc_mrr_at_100_std": -0.03849913759718403,
        "nauc_mrr_at_10_diff1": 0.5498234610157302,
        "nauc_mrr_at_10_max": 0.49861410689383917,
        "nauc_mrr_at_10_std": -0.04159951595320741,
        "nauc_mrr_at_1_diff1": 0.600920020894921,
        "nauc_mrr_at_1_max": 0.4767726179156644,
        "nauc_mrr_at_1_std": -0.06113253967251814,
        "nauc_mrr_at_20_diff1": 0.5508822557181249,
        "nauc_mrr_at_20_max": 0.49975038106395253,
        "nauc_mrr_at_20_std": -0.03971329587315301,
        "nauc_mrr_at_3_diff1": 0.5578514793471592,
        "nauc_mrr_at_3_max": 0.4986767735748181,
        "nauc_mrr_at_3_std": -0.05120307277653827,
        "nauc_mrr_at_5_diff1": 0.5495171479613419,
        "nauc_mrr_at_5_max": 0.5006316280478823,
        "nauc_mrr_at_5_std": -0.040413389310419726,
        "nauc_ndcg_at_1000_diff1": 0.5354647085485503,
        "nauc_ndcg_at_1000_max": 0.5051337695746325,
        "nauc_ndcg_at_1000_std": -0.022198661063569346,
        "nauc_ndcg_at_100_diff1": 0.5294075442779786,
        "nauc_ndcg_at_100_max": 0.5055671863071041,
        "nauc_ndcg_at_100_std": -0.016986948039539713,
        "nauc_ndcg_at_10_diff1": 0.5253685730107618,
        "nauc_ndcg_at_10_max": 0.4938854299706505,
        "nauc_ndcg_at_10_std": -0.04662342555190886,
        "nauc_ndcg_at_1_diff1": 0.6025635447033527,
        "nauc_ndcg_at_1_max": 0.4768863448915791,
        "nauc_ndcg_at_1_std": -0.06142370064309751,
        "nauc_ndcg_at_20_diff1": 0.5269234989520538,
        "nauc_ndcg_at_20_max": 0.5010530794298598,
        "nauc_ndcg_at_20_std": -0.03263913811354736,
        "nauc_ndcg_at_3_diff1": 0.5416892047615063,
        "nauc_ndcg_at_3_max": 0.48146020606707945,
        "nauc_ndcg_at_3_std": -0.07474468602493788,
        "nauc_ndcg_at_5_diff1": 0.5272872482500023,
        "nauc_ndcg_at_5_max": 0.48965234885529396,
        "nauc_ndcg_at_5_std": -0.056396505732587456,
        "nauc_precision_at_1000_diff1": -0.09943938842142516,
        "nauc_precision_at_1000_max": 0.17559881322828885,
        "nauc_precision_at_1000_std": 0.3032424076213935,
        "nauc_precision_at_100_diff1": -0.06354722279526649,
        "nauc_precision_at_100_max": 0.2530043727270807,
        "nauc_precision_at_100_std": 0.32707509605638435,
        "nauc_precision_at_10_diff1": 0.10870943858944357,
        "nauc_precision_at_10_max": 0.3620616681231954,
        "nauc_precision_at_10_std": 0.1525914469217643,
        "nauc_precision_at_1_diff1": 0.6025635447033527,
        "nauc_precision_at_1_max": 0.4768863448915791,
        "nauc_precision_at_1_std": -0.06142370064309751,
        "nauc_precision_at_20_diff1": 0.030821847426571587,
        "nauc_precision_at_20_max": 0.3385011290552632,
        "nauc_precision_at_20_std": 0.2465415182255902,
        "nauc_precision_at_3_diff1": 0.328888105321733,
        "nauc_precision_at_3_max": 0.45271166950729197,
        "nauc_precision_at_3_std": 8.761884671695214e-05,
        "nauc_precision_at_5_diff1": 0.21671397094994205,
        "nauc_precision_at_5_max": 0.4245875593786094,
        "nauc_precision_at_5_std": 0.08049102290285992,
        "nauc_recall_at_1000_diff1": 0.3995593183661536,
        "nauc_recall_at_1000_max": 0.7118316158706889,
        "nauc_recall_at_1000_std": 0.44478767641101624,
        "nauc_recall_at_100_diff1": 0.36359281158144385,
        "nauc_recall_at_100_max": 0.5765949350426809,
        "nauc_recall_at_100_std": 0.24856445185657924,
        "nauc_recall_at_10_diff1": 0.4155819808569778,
        "nauc_recall_at_10_max": 0.4832397755037873,
        "nauc_recall_at_10_std": -0.024739578200681546,
        "nauc_recall_at_1_diff1": 0.5968096414640957,
        "nauc_recall_at_1_max": 0.4187609045584561,
        "nauc_recall_at_1_std": -0.08502164490271617,
        "nauc_recall_at_20_diff1": 0.41375094555964587,
        "nauc_recall_at_20_max": 0.5241012765534432,
        "nauc_recall_at_20_std": 0.04049622190389031,
        "nauc_recall_at_3_diff1": 0.4913572366134067,
        "nauc_recall_at_3_max": 0.46614926829431264,
        "nauc_recall_at_3_std": -0.09682941369935542,
        "nauc_recall_at_5_diff1": 0.4413834745615524,
        "nauc_recall_at_5_max": 0.4764814813180341,
        "nauc_recall_at_5_std": -0.05261920205702518,
        "ndcg_at_1": 0.47649,
        "ndcg_at_10": 0.60647,
        "ndcg_at_100": 0.64154,
        "ndcg_at_1000": 0.65191,
        "ndcg_at_20": 0.62073,
        "ndcg_at_3": 0.55336,
        "ndcg_at_5": 0.58021,
        "precision_at_1": 0.47649,
        "precision_at_10": 0.09542,
        "precision_at_100": 0.01232,
        "precision_at_1000": 0.00136,
        "precision_at_20": 0.05251,
        "precision_at_3": 0.24347,
        "precision_at_5": 0.16577,
        "recall_at_1": 0.42071,
        "recall_at_10": 0.74359,
        "recall_at_100": 0.89293,
        "recall_at_1000": 0.96696,
        "recall_at_20": 0.79501,
        "recall_at_3": 0.60311,
        "recall_at_5": 0.66775
      }
    ]
  },
  "task_name": "CQADupstackGamingRetrieval"
}