{
  "dataset_revision": "ad9991cb51e31e31e430383c75ffb2885547b5f0",
  "evaluation_time": 31.85750651359558,
  "kg_co2_emissions": null,
  "mteb_version": "1.13.1",
  "scores": {
    "test": [
      {
        "hf_subset": "default",
        "languages": [
          "eng-Latn"
        ],
        "main_score": 0.4886,
        "map_at_1": 0.32175,
        "map_at_10": 0.43033,
        "map_at_100": 0.44338,
        "map_at_1000": 0.44471,
        "map_at_20": 0.43719,
        "map_at_3": 0.39979,
        "map_at_5": 0.41847,
        "mrr_at_1": 0.410828025477707,
        "mrr_at_10": 0.49495425133960164,
        "mrr_at_100": 0.5016784523459117,
        "mrr_at_1000": 0.5020820072964289,
        "mrr_at_20": 0.4990247222157705,
        "mrr_at_3": 0.4749469214437367,
        "mrr_at_5": 0.4871125265392781,
        "nauc_map_at_1000_diff1": 0.5411597866266562,
        "nauc_map_at_1000_max": 0.4580374161540815,
        "nauc_map_at_1000_std": -0.06720917491941182,
        "nauc_map_at_100_diff1": 0.5410060379667105,
        "nauc_map_at_100_max": 0.4569690526180246,
        "nauc_map_at_100_std": -0.06859212685801558,
        "nauc_map_at_10_diff1": 0.5450211576760494,
        "nauc_map_at_10_max": 0.44668299318071625,
        "nauc_map_at_10_std": -0.08598869488806063,
        "nauc_map_at_1_diff1": 0.6112563908401997,
        "nauc_map_at_1_max": 0.3985204667177676,
        "nauc_map_at_1_std": -0.11669210760606902,
        "nauc_map_at_20_diff1": 0.5434170799949525,
        "nauc_map_at_20_max": 0.4513295913582971,
        "nauc_map_at_20_std": -0.07805117826242187,
        "nauc_map_at_3_diff1": 0.5588424296870113,
        "nauc_map_at_3_max": 0.4341156734828957,
        "nauc_map_at_3_std": -0.10211128282063435,
        "nauc_map_at_5_diff1": 0.5506791528835431,
        "nauc_map_at_5_max": 0.4416470109629403,
        "nauc_map_at_5_std": -0.09415536979940023,
        "nauc_mrr_at_1000_diff1": 0.5317805516732975,
        "nauc_mrr_at_1000_max": 0.4812221577934298,
        "nauc_mrr_at_1000_std": -0.01144275314813325,
        "nauc_mrr_at_100_diff1": 0.5315228314849955,
        "nauc_mrr_at_100_max": 0.4810875822482787,
        "nauc_mrr_at_100_std": -0.011449628656519656,
        "nauc_mrr_at_10_diff1": 0.5317945963313019,
        "nauc_mrr_at_10_max": 0.48167690000762003,
        "nauc_mrr_at_10_std": -0.014308718689840927,
        "nauc_mrr_at_1_diff1": 0.5739380547360103,
        "nauc_mrr_at_1_max": 0.46780072504022274,
        "nauc_mrr_at_1_std": -0.03246715304438726,
        "nauc_mrr_at_20_diff1": 0.5316140449591513,
        "nauc_mrr_at_20_max": 0.48067376741877155,
        "nauc_mrr_at_20_std": -0.012872694383736534,
        "nauc_mrr_at_3_diff1": 0.541125766830202,
        "nauc_mrr_at_3_max": 0.4842657566185854,
        "nauc_mrr_at_3_std": -0.014798462631704586,
        "nauc_mrr_at_5_diff1": 0.5353195562993887,
        "nauc_mrr_at_5_max": 0.4825032742241538,
        "nauc_mrr_at_5_std": -0.016108609686645972,
        "nauc_ndcg_at_1000_diff1": 0.5160662663205755,
        "nauc_ndcg_at_1000_max": 0.47867260128368516,
        "nauc_ndcg_at_1000_std": -0.013568774875176748,
        "nauc_ndcg_at_100_diff1": 0.5112164427320701,
        "nauc_ndcg_at_100_max": 0.4723294736680002,
        "nauc_ndcg_at_100_std": -0.019783649825460565,
        "nauc_ndcg_at_10_diff1": 0.5175690297029593,
        "nauc_ndcg_at_10_max": 0.4650577474131835,
        "nauc_ndcg_at_10_std": -0.05372278529675556,
        "nauc_ndcg_at_1_diff1": 0.5755762863593576,
        "nauc_ndcg_at_1_max": 0.4679158904957182,
        "nauc_ndcg_at_1_std": -0.03448996517927075,
        "nauc_ndcg_at_20_diff1": 0.5170432766567398,
        "nauc_ndcg_at_20_max": 0.46516616547245254,
        "nauc_ndcg_at_20_std": -0.044831512388476186,
        "nauc_ndcg_at_3_diff1": 0.5328573030162831,
        "nauc_ndcg_at_3_max": 0.46915687612407925,
        "nauc_ndcg_at_3_std": -0.048117404905044646,
        "nauc_ndcg_at_5_diff1": 0.5243105508217645,
        "nauc_ndcg_at_5_max": 0.4689389639323351,
        "nauc_ndcg_at_5_std": -0.05289522667673926,
        "nauc_precision_at_1000_diff1": -0.1401804108675282,
        "nauc_precision_at_1000_max": 0.19472944695883923,
        "nauc_precision_at_1000_std": 0.36122800568216573,
        "nauc_precision_at_100_diff1": -0.109544771405275,
        "nauc_precision_at_100_max": 0.2682913631788688,
        "nauc_precision_at_100_std": 0.3770366518526976,
        "nauc_precision_at_10_diff1": 0.0802786664549132,
        "nauc_precision_at_10_max": 0.37548396421596636,
        "nauc_precision_at_10_std": 0.21595654956611465,
        "nauc_precision_at_1_diff1": 0.5755762863593576,
        "nauc_precision_at_1_max": 0.4679158904957182,
        "nauc_precision_at_1_std": -0.03448996517927075,
        "nauc_precision_at_20_diff1": 0.00021503392232777047,
        "nauc_precision_at_20_max": 0.34456280189200783,
        "nauc_precision_at_20_std": 0.2907302217827911,
        "nauc_precision_at_3_diff1": 0.29183962998429164,
        "nauc_precision_at_3_max": 0.44354123524111855,
        "nauc_precision_at_3_std": 0.09191486902745849,
        "nauc_precision_at_5_diff1": 0.1885677146244749,
        "nauc_precision_at_5_max": 0.41266535330797616,
        "nauc_precision_at_5_std": 0.14759213642488148,
        "nauc_recall_at_1000_diff1": 0.3682469485095721,
        "nauc_recall_at_1000_max": 0.5187031499687534,
        "nauc_recall_at_1000_std": 0.2698967107648471,
        "nauc_recall_at_100_diff1": 0.3548204048508931,
        "nauc_recall_at_100_max": 0.4391777699367091,
        "nauc_recall_at_100_std": 0.12071534649646576,
        "nauc_recall_at_10_diff1": 0.42641992265831496,
        "nauc_recall_at_10_max": 0.4123283116315425,
        "nauc_recall_at_10_std": -0.07533152548341128,
        "nauc_recall_at_1_diff1": 0.6112563908401997,
        "nauc_recall_at_1_max": 0.3985204667177676,
        "nauc_recall_at_1_std": -0.11669210760606902,
        "nauc_recall_at_20_diff1": 0.40995138256932545,
        "nauc_recall_at_20_max": 0.40585727426077284,
        "nauc_recall_at_20_std": -0.037153353186714685,
        "nauc_recall_at_3_diff1": 0.5009353353036565,
        "nauc_recall_at_3_max": 0.4230361786932675,
        "nauc_recall_at_3_std": -0.0961070704467059,
        "nauc_recall_at_5_diff1": 0.4677436001671073,
        "nauc_recall_at_5_max": 0.4225544014805567,
        "nauc_recall_at_5_std": -0.09084058377043006,
        "ndcg_at_1": 0.41019,
        "ndcg_at_10": 0.4886,
        "ndcg_at_100": 0.53199,
        "ndcg_at_1000": 0.55139,
        "ndcg_at_20": 0.50532,
        "ndcg_at_3": 0.44936,
        "ndcg_at_5": 0.46992,
        "precision_at_1": 0.41019,
        "precision_at_10": 0.09204,
        "precision_at_100": 0.01476,
        "precision_at_1000": 0.00194,
        "precision_at_20": 0.05414,
        "precision_at_3": 0.21868,
        "precision_at_5": 0.1549,
        "recall_at_1": 0.32175,
        "recall_at_10": 0.58519,
        "recall_at_100": 0.76758,
        "recall_at_1000": 0.88849,
        "recall_at_20": 0.64692,
        "recall_at_3": 0.46605,
        "recall_at_5": 0.52436
      }
    ]
  },
  "task_name": "CQADupstackEnglishRetrieval"
}