{
  "dataset_revision": "c0f706b76e590d620bd6618b3ca8efdd34e2d659",
  "evaluation_time": 1081.7680020332336,
  "kg_co2_emissions": null,
  "mteb_version": "1.13.1",
  "scores": {
    "test": [
      {
        "hf_subset": "default",
        "languages": [
          "eng-Latn"
        ],
        "main_score": 0.43254,
        "map_at_1": 0.08683,
        "map_at_10": 0.19968,
        "map_at_100": 0.2871,
        "map_at_1000": 0.30349,
        "map_at_20": 0.23503,
        "map_at_3": 0.14166,
        "map_at_5": 0.17032,
        "mrr_at_1": 0.6925,
        "mrr_at_10": 0.7640744047619047,
        "mrr_at_100": 0.7672338622579595,
        "mrr_at_1000": 0.7672972470445372,
        "mrr_at_20": 0.7665594599436512,
        "mrr_at_3": 0.7479166666666667,
        "mrr_at_5": 0.7571666666666667,
        "nauc_map_at_1000_diff1": 0.2322884809337789,
        "nauc_map_at_1000_max": 0.2973345201614767,
        "nauc_map_at_1000_std": 0.22853365714016088,
        "nauc_map_at_100_diff1": 0.23808606999018156,
        "nauc_map_at_100_max": 0.2768186801174211,
        "nauc_map_at_100_std": 0.19382117986918831,
        "nauc_map_at_10_diff1": 0.23978212931950224,
        "nauc_map_at_10_max": 0.1237425214260784,
        "nauc_map_at_10_std": -0.06500157602353548,
        "nauc_map_at_1_diff1": 0.3045507878059014,
        "nauc_map_at_1_max": -0.031152220281805094,
        "nauc_map_at_1_std": -0.24521920353305043,
        "nauc_map_at_20_diff1": 0.23911697216376035,
        "nauc_map_at_20_max": 0.1868196458086936,
        "nauc_map_at_20_std": 0.04363567454727722,
        "nauc_map_at_3_diff1": 0.24180018675756634,
        "nauc_map_at_3_max": 0.023929578023837262,
        "nauc_map_at_3_std": -0.20307594163665962,
        "nauc_map_at_5_diff1": 0.2363424007950244,
        "nauc_map_at_5_max": 0.05927957454084599,
        "nauc_map_at_5_std": -0.1528190237461575,
        "nauc_mrr_at_1000_diff1": 0.48696522358009753,
        "nauc_mrr_at_1000_max": 0.5823891813822221,
        "nauc_mrr_at_1000_std": 0.3998377427831851,
        "nauc_mrr_at_100_diff1": 0.48681596427002616,
        "nauc_mrr_at_100_max": 0.5824510720482184,
        "nauc_mrr_at_100_std": 0.3999505163504518,
        "nauc_mrr_at_10_diff1": 0.48583703497071107,
        "nauc_mrr_at_10_max": 0.5817643023677564,
        "nauc_mrr_at_10_std": 0.39988621173774186,
        "nauc_mrr_at_1_diff1": 0.5052504199892734,
        "nauc_mrr_at_1_max": 0.5569390206603698,
        "nauc_mrr_at_1_std": 0.3685932243208141,
        "nauc_mrr_at_20_diff1": 0.4870274607410606,
        "nauc_mrr_at_20_max": 0.5823319430971109,
        "nauc_mrr_at_20_std": 0.3999333397716103,
        "nauc_mrr_at_3_diff1": 0.49043547268866305,
        "nauc_mrr_at_3_max": 0.5840793243131288,
        "nauc_mrr_at_3_std": 0.39701574538779166,
        "nauc_mrr_at_5_diff1": 0.48653157926829504,
        "nauc_mrr_at_5_max": 0.5848002159680662,
        "nauc_mrr_at_5_std": 0.40461624504703736,
        "nauc_ndcg_at_1000_diff1": 0.3021904165029727,
        "nauc_ndcg_at_1000_max": 0.4712538945964075,
        "nauc_ndcg_at_1000_std": 0.40718962723038776,
        "nauc_ndcg_at_100_diff1": 0.3114454867592282,
        "nauc_ndcg_at_100_max": 0.4053425886492426,
        "nauc_ndcg_at_100_std": 0.3084727420532974,
        "nauc_ndcg_at_10_diff1": 0.32557670529108657,
        "nauc_ndcg_at_10_max": 0.4252357354546161,
        "nauc_ndcg_at_10_std": 0.3013832500016289,
        "nauc_ndcg_at_1_diff1": 0.462457707785537,
        "nauc_ndcg_at_1_max": 0.4527090578378427,
        "nauc_ndcg_at_1_std": 0.26402970586294994,
        "nauc_ndcg_at_20_diff1": 0.3172120226648165,
        "nauc_ndcg_at_20_max": 0.38917624727073885,
        "nauc_ndcg_at_20_std": 0.27310744042027596,
        "nauc_ndcg_at_3_diff1": 0.3362983706437169,
        "nauc_ndcg_at_3_max": 0.4392965881343045,
        "nauc_ndcg_at_3_std": 0.30206191763355983,
        "nauc_ndcg_at_5_diff1": 0.3242611279076966,
        "nauc_ndcg_at_5_max": 0.42424624736040056,
        "nauc_ndcg_at_5_std": 0.298469652024425,
        "nauc_precision_at_1000_diff1": -0.13980412922709962,
        "nauc_precision_at_1000_max": 0.13305944212982793,
        "nauc_precision_at_1000_std": 0.27847633107039493,
        "nauc_precision_at_100_diff1": -0.009072795637397742,
        "nauc_precision_at_100_max": 0.35045710190669765,
        "nauc_precision_at_100_std": 0.5219694134795396,
        "nauc_precision_at_10_diff1": 0.08157179083061872,
        "nauc_precision_at_10_max": 0.4513664572863656,
        "nauc_precision_at_10_std": 0.5442589046789678,
        "nauc_precision_at_1_diff1": 0.5052504199892734,
        "nauc_precision_at_1_max": 0.5569390206603698,
        "nauc_precision_at_1_std": 0.3685932243208141,
        "nauc_precision_at_20_diff1": 0.05020571227837627,
        "nauc_precision_at_20_max": 0.42051077716354784,
        "nauc_precision_at_20_std": 0.574306539534058,
        "nauc_precision_at_3_diff1": 0.18345654703803968,
        "nauc_precision_at_3_max": 0.47979402608424065,
        "nauc_precision_at_3_std": 0.4382463368488562,
        "nauc_precision_at_5_diff1": 0.1378218330917621,
        "nauc_precision_at_5_max": 0.45662795782253973,
        "nauc_precision_at_5_std": 0.46395478425560716,
        "nauc_recall_at_1000_diff1": 0.15822642215281682,
        "nauc_recall_at_1000_max": 0.4148155616456155,
        "nauc_recall_at_1000_std": 0.4400794020530142,
        "nauc_recall_at_100_diff1": 0.18116738801847457,
        "nauc_recall_at_100_max": 0.2756321295380986,
        "nauc_recall_at_100_std": 0.2364324193671878,
        "nauc_recall_at_10_diff1": 0.18555985095959485,
        "nauc_recall_at_10_max": 0.08222317569673762,
        "nauc_recall_at_10_std": -0.09256582032159985,
        "nauc_recall_at_1_diff1": 0.3045507878059014,
        "nauc_recall_at_1_max": -0.031152220281805094,
        "nauc_recall_at_1_std": -0.24521920353305043,
        "nauc_recall_at_20_diff1": 0.16020430959272086,
        "nauc_recall_at_20_max": 0.11295700183612757,
        "nauc_recall_at_20_std": 0.004228782258102791,
        "nauc_recall_at_3_diff1": 0.20627845642551348,
        "nauc_recall_at_3_max": -0.0037659054131116577,
        "nauc_recall_at_3_std": -0.22210690118083348,
        "nauc_recall_at_5_diff1": 0.18813921759017713,
        "nauc_recall_at_5_max": 0.020156472287540105,
        "nauc_recall_at_5_std": -0.17592102722348968,
        "ndcg_at_1": 0.57375,
        "ndcg_at_10": 0.43254,
        "ndcg_at_100": 0.48004,
        "ndcg_at_1000": 0.55291,
        "ndcg_at_20": 0.42929,
        "ndcg_at_3": 0.48617,
        "ndcg_at_5": 0.46353,
        "precision_at_1": 0.6925,
        "precision_at_10": 0.34275,
        "precision_at_100": 0.11142,
        "precision_at_1000": 0.02033,
        "precision_at_20": 0.26625,
        "precision_at_3": 0.52167,
        "precision_at_5": 0.449,
        "recall_at_1": 0.08683,
        "recall_at_10": 0.25327,
        "recall_at_100": 0.54052,
        "recall_at_1000": 0.77271,
        "recall_at_20": 0.33742,
        "recall_at_3": 0.15585,
        "recall_at_5": 0.2018
      }
    ]
  },
  "task_name": "DBPedia"
}