{
  "dataset_revision": "bea83ef9e8fb933d90a2f1d5515737465d613e12",
  "evaluation_time": 1672.5278928279877,
  "kg_co2_emissions": null,
  "mteb_version": "1.13.1",
  "scores": {
    "test": [
      {
        "hf_subset": "default",
        "languages": [
          "eng-Latn"
        ],
        "main_score": 0.89176,
        "map_at_1": 0.78092,
        "map_at_10": 0.85957,
        "map_at_100": 0.86195,
        "map_at_1000": 0.86207,
        "map_at_20": 0.86111,
        "map_at_3": 0.84927,
        "map_at_5": 0.85603,
        "mrr_at_1": 0.8391839183918391,
        "mrr_at_10": 0.8994126198334119,
        "mrr_at_100": 0.9001017147345438,
        "mrr_at_1000": 0.9001082663241289,
        "mrr_at_20": 0.8999251587305923,
        "mrr_at_3": 0.8938143814381438,
        "mrr_at_5": 0.897962296229623,
        "nauc_map_at_1000_diff1": 0.5433021724610246,
        "nauc_map_at_1000_max": 0.25127686020632645,
        "nauc_map_at_1000_std": -0.012473994883689062,
        "nauc_map_at_100_diff1": 0.5427826087365278,
        "nauc_map_at_100_max": 0.2511230220354333,
        "nauc_map_at_100_std": -0.012427438257870196,
        "nauc_map_at_10_diff1": 0.5388639402952738,
        "nauc_map_at_10_max": 0.24926072135708938,
        "nauc_map_at_10_std": -0.01340183287440157,
        "nauc_map_at_1_diff1": 0.5798868894350394,
        "nauc_map_at_1_max": 0.19260793032493329,
        "nauc_map_at_1_std": -0.06532621318250213,
        "nauc_map_at_20_diff1": 0.540941748379234,
        "nauc_map_at_20_max": 0.250355669625242,
        "nauc_map_at_20_std": -0.012726098453625429,
        "nauc_map_at_3_diff1": 0.5383749202289755,
        "nauc_map_at_3_max": 0.24319623971652035,
        "nauc_map_at_3_std": -0.022847993122040652,
        "nauc_map_at_5_diff1": 0.5365401876484416,
        "nauc_map_at_5_max": 0.24743844268198792,
        "nauc_map_at_5_std": -0.015730431368915335,
        "nauc_mrr_at_1000_diff1": 0.7090356229070895,
        "nauc_mrr_at_1000_max": 0.30700324685740715,
        "nauc_mrr_at_1000_std": -0.05862437572448003,
        "nauc_mrr_at_100_diff1": 0.7090305749215238,
        "nauc_mrr_at_100_max": 0.3069971911592502,
        "nauc_mrr_at_100_std": -0.0586371703948681,
        "nauc_mrr_at_10_diff1": 0.7084684490610017,
        "nauc_mrr_at_10_max": 0.30868020067219076,
        "nauc_mrr_at_10_std": -0.05783667501197934,
        "nauc_mrr_at_1_diff1": 0.7175280090597511,
        "nauc_mrr_at_1_max": 0.2713295143831088,
        "nauc_mrr_at_1_std": -0.07741818366328522,
        "nauc_mrr_at_20_diff1": 0.7089145525563174,
        "nauc_mrr_at_20_max": 0.3075611234616511,
        "nauc_mrr_at_20_std": -0.058399692597948936,
        "nauc_mrr_at_3_diff1": 0.710758620299145,
        "nauc_mrr_at_3_max": 0.3155915645831135,
        "nauc_mrr_at_3_std": -0.05543397465290614,
        "nauc_mrr_at_5_diff1": 0.7080459355337224,
        "nauc_mrr_at_5_max": 0.31116238809184127,
        "nauc_mrr_at_5_std": -0.0566868926496227,
        "nauc_ndcg_at_1000_diff1": 0.5688048870216246,
        "nauc_ndcg_at_1000_max": 0.2778704520137119,
        "nauc_ndcg_at_1000_std": -0.0004276798544533668,
        "nauc_ndcg_at_100_diff1": 0.5573163090014845,
        "nauc_ndcg_at_100_max": 0.27505843975985383,
        "nauc_ndcg_at_100_std": 0.002320021073615853,
        "nauc_ndcg_at_10_diff1": 0.5427243951264998,
        "nauc_ndcg_at_10_max": 0.2715569231497084,
        "nauc_ndcg_at_10_std": 0.0001392843270691264,
        "nauc_ndcg_at_1_diff1": 0.7175280090597511,
        "nauc_ndcg_at_1_max": 0.27195942547545404,
        "nauc_ndcg_at_1_std": -0.07593652010537338,
        "nauc_ndcg_at_20_diff1": 0.5476566932491096,
        "nauc_ndcg_at_20_max": 0.2724853714610817,
        "nauc_ndcg_at_20_std": 0.0015402155833958964,
        "nauc_ndcg_at_3_diff1": 0.5625096568305329,
        "nauc_ndcg_at_3_max": 0.2762525231724389,
        "nauc_ndcg_at_3_std": -0.012750753726735863,
        "nauc_ndcg_at_5_diff1": 0.5452405352972285,
        "nauc_ndcg_at_5_max": 0.27379467943599345,
        "nauc_ndcg_at_5_std": -0.0027330863645268393,
        "nauc_precision_at_1000_diff1": -0.05099293559362448,
        "nauc_precision_at_1000_max": 0.05927195063117318,
        "nauc_precision_at_1000_std": 0.06959956962006372,
        "nauc_precision_at_100_diff1": -0.08298361167938212,
        "nauc_precision_at_100_max": 0.07840919782901602,
        "nauc_precision_at_100_std": 0.10094732714093424,
        "nauc_precision_at_10_diff1": -0.05952959916650726,
        "nauc_precision_at_10_max": 0.1465500330716338,
        "nauc_precision_at_10_std": 0.12670129176372324,
        "nauc_precision_at_1_diff1": 0.7175280090597511,
        "nauc_precision_at_1_max": 0.27195942547545404,
        "nauc_precision_at_1_std": -0.07593652010537338,
        "nauc_precision_at_20_diff1": -0.08411964857063467,
        "nauc_precision_at_20_max": 0.11347666951687334,
        "nauc_precision_at_20_std": 0.11813456007501881,
        "nauc_precision_at_3_diff1": 0.13749591471714417,
        "nauc_precision_at_3_max": 0.24912416552294084,
        "nauc_precision_at_3_std": 0.10097097161939517,
        "nauc_precision_at_5_diff1": 0.0038613519960130336,
        "nauc_precision_at_5_max": 0.20322595192288073,
        "nauc_precision_at_5_std": 0.13061432333251835,
        "nauc_recall_at_1000_diff1": 0.23206010947234143,
        "nauc_recall_at_1000_max": 0.5630956416796368,
        "nauc_recall_at_1000_std": 0.5986353037274056,
        "nauc_recall_at_100_diff1": 0.10708477607647263,
        "nauc_recall_at_100_max": 0.34742372628506313,
        "nauc_recall_at_100_std": 0.3707550142010573,
        "nauc_recall_at_10_diff1": 0.24832789223956492,
        "nauc_recall_at_10_max": 0.2910059848465909,
        "nauc_recall_at_10_std": 0.1530944237390943,
        "nauc_recall_at_1_diff1": 0.5798868894350394,
        "nauc_recall_at_1_max": 0.19260793032493329,
        "nauc_recall_at_1_std": -0.06532621318250213,
        "nauc_recall_at_20_diff1": 0.1925002536943242,
        "nauc_recall_at_20_max": 0.29867710393849006,
        "nauc_recall_at_20_std": 0.2158456217340736,
        "nauc_recall_at_3_diff1": 0.39764725333783724,
        "nauc_recall_at_3_max": 0.2798320808840487,
        "nauc_recall_at_3_std": 0.04471067211140254,
        "nauc_recall_at_5_diff1": 0.30982515658697013,
        "nauc_recall_at_5_max": 0.28621598474168175,
        "nauc_recall_at_5_std": 0.10029671995085221,
        "ndcg_at_1": 0.83918,
        "ndcg_at_10": 0.89176,
        "ndcg_at_100": 0.89937,
        "ndcg_at_1000": 0.90125,
        "ndcg_at_20": 0.89566,
        "ndcg_at_3": 0.87739,
        "ndcg_at_5": 0.88604,
        "precision_at_1": 0.83918,
        "precision_at_10": 0.10647,
        "precision_at_100": 0.01126,
        "precision_at_1000": 0.00116,
        "precision_at_20": 0.05449,
        "precision_at_3": 0.33388,
        "precision_at_5": 0.20681,
        "recall_at_1": 0.78092,
        "recall_at_10": 0.94968,
        "recall_at_100": 0.97847,
        "recall_at_1000": 0.98969,
        "recall_at_20": 0.96271,
        "recall_at_3": 0.91026,
        "recall_at_5": 0.93323
      }
    ]
  },
  "task_name": "FEVER"
}