{
  "dataset_revision": "c5a29a104738b98a9e76336939199e264163d4a0",
  "evaluation_time": 2457.5340552330017,
  "kg_co2_emissions": null,
  "mteb_version": "1.13.1",
  "scores": {
    "dev": [
      {
        "hf_subset": "default",
        "languages": [
          "eng-Latn"
        ],
        "main_score": 0.42162,
        "map_at_1": 0.22024,
        "map_at_10": 0.35043,
        "map_at_100": 0.36201,
        "map_at_1000": 0.36246,
        "map_at_20": 0.35779,
        "map_at_3": 0.3122,
        "map_at_5": 0.33467,
        "mrr_at_1": 0.22679083094555874,
        "mrr_at_10": 0.35643977122845316,
        "mrr_at_100": 0.36745361923754444,
        "mrr_at_1000": 0.3678444169391292,
        "mrr_at_20": 0.36355471375909026,
        "mrr_at_3": 0.31893505253104104,
        "mrr_at_5": 0.3411413562559694,
        "nauc_map_at_1000_diff1": 0.3303264863910401,
        "nauc_map_at_1000_max": 0.059745442113487805,
        "nauc_map_at_1000_std": -0.22585817307430994,
        "nauc_map_at_100_diff1": 0.3302007789823125,
        "nauc_map_at_100_max": 0.0597039478348807,
        "nauc_map_at_100_std": -0.2257652206091964,
        "nauc_map_at_10_diff1": 0.32938025514413083,
        "nauc_map_at_10_max": 0.05918288752302375,
        "nauc_map_at_10_std": -0.2324689100105248,
        "nauc_map_at_1_diff1": 0.36852597749664734,
        "nauc_map_at_1_max": 0.05831882246175539,
        "nauc_map_at_1_std": -0.194648379806786,
        "nauc_map_at_20_diff1": 0.32987439418691783,
        "nauc_map_at_20_max": 0.05889542460986217,
        "nauc_map_at_20_std": -0.22889718655009839,
        "nauc_map_at_3_diff1": 0.33438299656782133,
        "nauc_map_at_3_max": 0.05339266257355858,
        "nauc_map_at_3_std": -0.2327853352731323,
        "nauc_map_at_5_diff1": 0.3299156296626322,
        "nauc_map_at_5_max": 0.056499722951345255,
        "nauc_map_at_5_std": -0.23547589106026026,
        "nauc_mrr_at_1000_diff1": 0.32800559992022427,
        "nauc_mrr_at_1000_max": 0.05907179416735157,
        "nauc_mrr_at_1000_std": -0.22337970539920607,
        "nauc_mrr_at_100_diff1": 0.3278699885870874,
        "nauc_mrr_at_100_max": 0.05910741070004187,
        "nauc_mrr_at_100_std": -0.22318137305422145,
        "nauc_mrr_at_10_diff1": 0.3270531583144418,
        "nauc_mrr_at_10_max": 0.05890121200108466,
        "nauc_mrr_at_10_std": -0.22945442659323892,
        "nauc_mrr_at_1_diff1": 0.36555259796343076,
        "nauc_mrr_at_1_max": 0.05544763482879449,
        "nauc_mrr_at_1_std": -0.19495326679593697,
        "nauc_mrr_at_20_diff1": 0.32750221295799514,
        "nauc_mrr_at_20_max": 0.05840256617162887,
        "nauc_mrr_at_20_std": -0.22594505150913263,
        "nauc_mrr_at_3_diff1": 0.3325323025553275,
        "nauc_mrr_at_3_max": 0.0525655371267142,
        "nauc_mrr_at_3_std": -0.23168956444507863,
        "nauc_mrr_at_5_diff1": 0.32747901882553765,
        "nauc_mrr_at_5_max": 0.05638988254340611,
        "nauc_mrr_at_5_std": -0.23242698478001017,
        "nauc_ndcg_at_1000_diff1": 0.32140327584608086,
        "nauc_ndcg_at_1000_max": 0.0693996590803503,
        "nauc_ndcg_at_1000_std": -0.21114805788420293,
        "nauc_ndcg_at_100_diff1": 0.3183622144062646,
        "nauc_ndcg_at_100_max": 0.07090791470354214,
        "nauc_ndcg_at_100_std": -0.20323212574704524,
        "nauc_ndcg_at_10_diff1": 0.3151726564755119,
        "nauc_ndcg_at_10_max": 0.06552908983315801,
        "nauc_ndcg_at_10_std": -0.23850797695715903,
        "nauc_ndcg_at_1_diff1": 0.36441749871197293,
        "nauc_ndcg_at_1_max": 0.056381638282469546,
        "nauc_ndcg_at_1_std": -0.19391480017181006,
        "nauc_ndcg_at_20_diff1": 0.3160376747755469,
        "nauc_ndcg_at_20_max": 0.06477439931498753,
        "nauc_ndcg_at_20_std": -0.22538989696354908,
        "nauc_ndcg_at_3_diff1": 0.3249161745782445,
        "nauc_ndcg_at_3_max": 0.052831691625369444,
        "nauc_ndcg_at_3_std": -0.24190124984723513,
        "nauc_ndcg_at_5_diff1": 0.31660933670101754,
        "nauc_ndcg_at_5_max": 0.058657199569039545,
        "nauc_ndcg_at_5_std": -0.24621098040148387,
        "nauc_precision_at_1000_diff1": -0.033304188161231214,
        "nauc_precision_at_1000_max": 0.11695757191571209,
        "nauc_precision_at_1000_std": 0.17051565095741944,
        "nauc_precision_at_100_diff1": 0.10677811014642187,
        "nauc_precision_at_100_max": 0.13630747488448738,
        "nauc_precision_at_100_std": 0.11699064715900637,
        "nauc_precision_at_10_diff1": 0.24160361327232674,
        "nauc_precision_at_10_max": 0.08049697687663585,
        "nauc_precision_at_10_std": -0.2382117391257559,
        "nauc_precision_at_1_diff1": 0.36441749871197293,
        "nauc_precision_at_1_max": 0.056381638282469546,
        "nauc_precision_at_1_std": -0.19391480017181006,
        "nauc_precision_at_20_diff1": 0.21137589525571077,
        "nauc_precision_at_20_max": 0.08210806129930692,
        "nauc_precision_at_20_std": -0.15994916868573816,
        "nauc_precision_at_3_diff1": 0.2923652773878975,
        "nauc_precision_at_3_max": 0.04563881943583066,
        "nauc_precision_at_3_std": -0.26690846485892866,
        "nauc_precision_at_5_diff1": 0.2645100303445463,
        "nauc_precision_at_5_max": 0.05770385728726544,
        "nauc_precision_at_5_std": -0.272298770832641,
        "nauc_recall_at_1000_diff1": 0.19685286524083437,
        "nauc_recall_at_1000_max": 0.4889898805480334,
        "nauc_recall_at_1000_std": 0.5620953411703387,
        "nauc_recall_at_100_diff1": 0.23689003453945176,
        "nauc_recall_at_100_max": 0.19550928268121823,
        "nauc_recall_at_100_std": 0.12367943806827986,
        "nauc_recall_at_10_diff1": 0.26830958177503716,
        "nauc_recall_at_10_max": 0.08757644992726524,
        "nauc_recall_at_10_std": -0.25483720094186463,
        "nauc_recall_at_1_diff1": 0.36852597749664734,
        "nauc_recall_at_1_max": 0.05831882246175539,
        "nauc_recall_at_1_std": -0.194648379806786,
        "nauc_recall_at_20_diff1": 0.2606223417360845,
        "nauc_recall_at_20_max": 0.08916137314357843,
        "nauc_recall_at_20_std": -0.19496968359986008,
        "nauc_recall_at_3_diff1": 0.3006246559902793,
        "nauc_recall_at_3_max": 0.05172485841367883,
        "nauc_recall_at_3_std": -0.26635954147332586,
        "nauc_recall_at_5_diff1": 0.2793207766947796,
        "nauc_recall_at_5_max": 0.06430489429947024,
        "nauc_recall_at_5_std": -0.2763680671821484,
        "ndcg_at_1": 0.22708,
        "ndcg_at_10": 0.42162,
        "ndcg_at_100": 0.47672,
        "ndcg_at_1000": 0.48801,
        "ndcg_at_20": 0.4478,
        "ndcg_at_3": 0.34397,
        "ndcg_at_5": 0.38405,
        "precision_at_1": 0.22708,
        "precision_at_10": 0.06686,
        "precision_at_100": 0.00944,
        "precision_at_1000": 0.00104,
        "precision_at_20": 0.0389,
        "precision_at_3": 0.14842,
        "precision_at_5": 0.10943,
        "recall_at_1": 0.22024,
        "recall_at_10": 0.63988,
        "recall_at_100": 0.89304,
        "recall_at_1000": 0.97967,
        "recall_at_20": 0.74152,
        "recall_at_3": 0.42925,
        "recall_at_5": 0.52543
      }
    ]
  },
  "task_name": "MSMARCO"
}