{
  "dataset_revision": "b774495ed302d8c44a3a7ea25c90dbce03968f31",
  "evaluation_time": 664.2369501590729,
  "kg_co2_emissions": null,
  "mteb_version": "1.13.1",
  "scores": {
    "test": [
      {
        "hf_subset": "default",
        "languages": [
          "eng-Latn"
        ],
        "main_score": 0.61554,
        "map_at_1": 0.3793,
        "map_at_10": 0.54118,
        "map_at_100": 0.54958,
        "map_at_1000": 0.54977,
        "map_at_20": 0.547,
        "map_at_3": 0.50003,
        "map_at_5": 0.52415,
        "mrr_at_1": 0.4249710312862109,
        "mrr_at_10": 0.565359281024113,
        "mrr_at_100": 0.5714477771473643,
        "mrr_at_1000": 0.5715828557318757,
        "mrr_at_20": 0.569688310095529,
        "mrr_at_3": 0.5341830822711472,
        "mrr_at_5": 0.5528099652375434,
        "nauc_map_at_1000_diff1": 0.3522323715478813,
        "nauc_map_at_1000_max": 0.30556494860379424,
        "nauc_map_at_1000_std": -0.014847911694568389,
        "nauc_map_at_100_diff1": 0.3521334382376351,
        "nauc_map_at_100_max": 0.30564331099681524,
        "nauc_map_at_100_std": -0.014752294254170996,
        "nauc_map_at_10_diff1": 0.35145654869809795,
        "nauc_map_at_10_max": 0.3052427276316775,
        "nauc_map_at_10_std": -0.018843772863479855,
        "nauc_map_at_1_diff1": 0.3924397272748473,
        "nauc_map_at_1_max": 0.2567307038857774,
        "nauc_map_at_1_std": -0.02835661539461956,
        "nauc_map_at_20_diff1": 0.35154416997480953,
        "nauc_map_at_20_max": 0.30577773456599655,
        "nauc_map_at_20_std": -0.01523256875211828,
        "nauc_map_at_3_diff1": 0.34802476761010986,
        "nauc_map_at_3_max": 0.2946504200751709,
        "nauc_map_at_3_std": -0.03321192447187975,
        "nauc_map_at_5_diff1": 0.34819331595457775,
        "nauc_map_at_5_max": 0.2985836878495558,
        "nauc_map_at_5_std": -0.028594573931351175,
        "nauc_mrr_at_1000_diff1": 0.3558070419088906,
        "nauc_mrr_at_1000_max": 0.31136751148600045,
        "nauc_mrr_at_1000_std": 0.005223407312243153,
        "nauc_mrr_at_100_diff1": 0.35575199742711394,
        "nauc_mrr_at_100_max": 0.3114794051632602,
        "nauc_mrr_at_100_std": 0.005309714601666753,
        "nauc_mrr_at_10_diff1": 0.3542581934793164,
        "nauc_mrr_at_10_max": 0.31231776424560564,
        "nauc_mrr_at_10_std": 0.004945644709947717,
        "nauc_mrr_at_1_diff1": 0.3939389617072284,
        "nauc_mrr_at_1_max": 0.27644440463618586,
        "nauc_mrr_at_1_std": -0.008924618322742972,
        "nauc_mrr_at_20_diff1": 0.35504825556173253,
        "nauc_mrr_at_20_max": 0.311708448540664,
        "nauc_mrr_at_20_std": 0.0051774504238954674,
        "nauc_mrr_at_3_diff1": 0.3508595134418185,
        "nauc_mrr_at_3_max": 0.309550534195776,
        "nauc_mrr_at_3_std": -0.002481581386827447,
        "nauc_mrr_at_5_diff1": 0.3523769709512625,
        "nauc_mrr_at_5_max": 0.31009615235172383,
        "nauc_mrr_at_5_std": 0.0002398496023945013,
        "nauc_ndcg_at_1000_diff1": 0.3480399402184458,
        "nauc_ndcg_at_1000_max": 0.32056099110759667,
        "nauc_ndcg_at_1000_std": 0.0060184599009419255,
        "nauc_ndcg_at_100_diff1": 0.34554666520793736,
        "nauc_ndcg_at_100_max": 0.32414238593170613,
        "nauc_ndcg_at_100_std": 0.01049564588498007,
        "nauc_ndcg_at_10_diff1": 0.34147953902508704,
        "nauc_ndcg_at_10_max": 0.3257728021738856,
        "nauc_ndcg_at_10_std": -3.142999669943199e-05,
        "nauc_ndcg_at_1_diff1": 0.3939389617072284,
        "nauc_ndcg_at_1_max": 0.2750929567046565,
        "nauc_ndcg_at_1_std": -0.00839431980041384,
        "nauc_ndcg_at_20_diff1": 0.3422715464654797,
        "nauc_ndcg_at_20_max": 0.32667839243270247,
        "nauc_ndcg_at_20_std": 0.009156578101607131,
        "nauc_ndcg_at_3_diff1": 0.33447815528402747,
        "nauc_ndcg_at_3_max": 0.3068860765367547,
        "nauc_ndcg_at_3_std": -0.026678143574429363,
        "nauc_ndcg_at_5_diff1": 0.33549958008057906,
        "nauc_ndcg_at_5_max": 0.3118932583975241,
        "nauc_ndcg_at_5_std": -0.02060536371648744,
        "nauc_precision_at_1000_diff1": -0.07534134838073318,
        "nauc_precision_at_1000_max": 0.05887925047273077,
        "nauc_precision_at_1000_std": 0.15083720965421205,
        "nauc_precision_at_100_diff1": -0.047505903203071326,
        "nauc_precision_at_100_max": 0.12085378185184847,
        "nauc_precision_at_100_std": 0.18158918337707508,
        "nauc_precision_at_10_diff1": 0.09042200455915993,
        "nauc_precision_at_10_max": 0.25033232940893263,
        "nauc_precision_at_10_std": 0.11621541874693085,
        "nauc_precision_at_1_diff1": 0.3939389617072284,
        "nauc_precision_at_1_max": 0.2750929567046565,
        "nauc_precision_at_1_std": -0.00839431980041384,
        "nauc_precision_at_20_diff1": 0.031588150935581746,
        "nauc_precision_at_20_max": 0.20627506711496682,
        "nauc_precision_at_20_std": 0.16362460506978913,
        "nauc_precision_at_3_diff1": 0.20725823927419998,
        "nauc_precision_at_3_max": 0.30174151213414735,
        "nauc_precision_at_3_std": 0.01088201656979074,
        "nauc_precision_at_5_diff1": 0.15196163801784182,
        "nauc_precision_at_5_max": 0.2709965656528116,
        "nauc_precision_at_5_std": 0.04132026932167782,
        "nauc_recall_at_1000_diff1": 0.38031951368040384,
        "nauc_recall_at_1000_max": 0.8192715999177775,
        "nauc_recall_at_1000_std": 0.7790827044893186,
        "nauc_recall_at_100_diff1": 0.2374397910071806,
        "nauc_recall_at_100_max": 0.5735554747819867,
        "nauc_recall_at_100_std": 0.36442570172160055,
        "nauc_recall_at_10_diff1": 0.2820219578107786,
        "nauc_recall_at_10_max": 0.4024723976277613,
        "nauc_recall_at_10_std": 0.053355119428949445,
        "nauc_recall_at_1_diff1": 0.3924397272748473,
        "nauc_recall_at_1_max": 0.2567307038857774,
        "nauc_recall_at_1_std": -0.02835661539461956,
        "nauc_recall_at_20_diff1": 0.26789742859803484,
        "nauc_recall_at_20_max": 0.4508382687479464,
        "nauc_recall_at_20_std": 0.1423598988994131,
        "nauc_recall_at_3_diff1": 0.2780947632256916,
        "nauc_recall_at_3_max": 0.3171223932025036,
        "nauc_recall_at_3_std": -0.03646814624051529,
        "nauc_recall_at_5_diff1": 0.27388804448034154,
        "nauc_recall_at_5_max": 0.3315498506273984,
        "nauc_recall_at_5_std": -0.027740755952991143,
        "ndcg_at_1": 0.42497,
        "ndcg_at_10": 0.61554,
        "ndcg_at_100": 0.64923,
        "ndcg_at_1000": 0.65381,
        "ndcg_at_20": 0.6339,
        "ndcg_at_3": 0.54097,
        "ndcg_at_5": 0.57985,
        "precision_at_1": 0.42497,
        "precision_at_10": 0.09733,
        "precision_at_100": 0.01163,
        "precision_at_1000": 0.00121,
        "precision_at_20": 0.05316,
        "precision_at_3": 0.24199,
        "precision_at_5": 0.16796,
        "recall_at_1": 0.3793,
        "recall_at_10": 0.81561,
        "recall_at_100": 0.95812,
        "recall_at_1000": 0.99208,
        "recall_at_20": 0.88251,
        "recall_at_3": 0.62543,
        "recall_at_5": 0.71393
      }
    ]
  },
  "task_name": "NQ"
}