{
  "dataset_revision": "e4e08e0b7dbe3c8700f0daef558ff32256715259",
  "evaluation_time": 143.18336129188538,
  "kg_co2_emissions": null,
  "mteb_version": "1.13.1",
  "scores": {
    "test": [
      {
        "hf_subset": "default",
        "languages": [
          "eng-Latn"
        ],
        "main_score": 0.87102,
        "map_at_1": 0.69334,
        "map_at_10": 0.8318,
        "map_at_100": 0.83847,
        "map_at_1000": 0.83867,
        "map_at_20": 0.83617,
        "map_at_3": 0.80233,
        "map_at_5": 0.82116,
        "mrr_at_1": 0.7934,
        "mrr_at_10": 0.8612747222222222,
        "mrr_at_100": 0.8625227814975855,
        "mrr_at_1000": 0.862533855794002,
        "mrr_at_20": 0.8621862659966453,
        "mrr_at_3": 0.85125,
        "mrr_at_5": 0.8579899999999999,
        "nauc_map_at_1000_diff1": 0.747166675001102,
        "nauc_map_at_1000_max": 0.36625286485186187,
        "nauc_map_at_1000_std": -0.482394825088105,
        "nauc_map_at_100_diff1": 0.7472569216072796,
        "nauc_map_at_100_max": 0.36601457946737265,
        "nauc_map_at_100_std": -0.4831215692247916,
        "nauc_map_at_10_diff1": 0.7481846291376615,
        "nauc_map_at_10_max": 0.35932220764608336,
        "nauc_map_at_10_std": -0.5006227093426683,
        "nauc_map_at_1_diff1": 0.7817628334304736,
        "nauc_map_at_1_max": 0.2878977440300971,
        "nauc_map_at_1_std": -0.4379712045856517,
        "nauc_map_at_20_diff1": 0.748126787378021,
        "nauc_map_at_20_max": 0.36433289717054834,
        "nauc_map_at_20_std": -0.4905881386553897,
        "nauc_map_at_3_diff1": 0.7507887809264077,
        "nauc_map_at_3_max": 0.3372896031122457,
        "nauc_map_at_3_std": -0.5139670378613791,
        "nauc_map_at_5_diff1": 0.7493189674231961,
        "nauc_map_at_5_max": 0.34871824729251943,
        "nauc_map_at_5_std": -0.5136237120737415,
        "nauc_mrr_at_1000_diff1": 0.7517992054745292,
        "nauc_mrr_at_1000_max": 0.39602908963960204,
        "nauc_mrr_at_1000_std": -0.4449395126513421,
        "nauc_mrr_at_100_diff1": 0.7517965345719273,
        "nauc_mrr_at_100_max": 0.3960276546450121,
        "nauc_mrr_at_100_std": -0.4449483399910577,
        "nauc_mrr_at_10_diff1": 0.7510362386703054,
        "nauc_mrr_at_10_max": 0.3966390371814224,
        "nauc_mrr_at_10_std": -0.4464642643634384,
        "nauc_mrr_at_1_diff1": 0.7647065270175947,
        "nauc_mrr_at_1_max": 0.3908000824139289,
        "nauc_mrr_at_1_std": -0.4221575596514649,
        "nauc_mrr_at_20_diff1": 0.7518568917836251,
        "nauc_mrr_at_20_max": 0.3963397462084342,
        "nauc_mrr_at_20_std": -0.44526917884456074,
        "nauc_mrr_at_3_diff1": 0.748007178573361,
        "nauc_mrr_at_3_max": 0.39601060335566873,
        "nauc_mrr_at_3_std": -0.4492508426708881,
        "nauc_mrr_at_5_diff1": 0.7503564364889673,
        "nauc_mrr_at_5_max": 0.39645413611264835,
        "nauc_mrr_at_5_std": -0.4489169771115373,
        "nauc_ndcg_at_1000_diff1": 0.7446021870502508,
        "nauc_ndcg_at_1000_max": 0.3805337674011163,
        "nauc_ndcg_at_1000_std": -0.462744281107736,
        "nauc_ndcg_at_100_diff1": 0.7450155640947093,
        "nauc_ndcg_at_100_max": 0.38002367630074074,
        "nauc_ndcg_at_100_std": -0.46609790329959655,
        "nauc_ndcg_at_10_diff1": 0.7433097558739015,
        "nauc_ndcg_at_10_max": 0.374667950662353,
        "nauc_ndcg_at_10_std": -0.49451597502354655,
        "nauc_ndcg_at_1_diff1": 0.7630673217634086,
        "nauc_ndcg_at_1_max": 0.392386539310078,
        "nauc_ndcg_at_1_std": -0.42069796079528776,
        "nauc_ndcg_at_20_diff1": 0.7465204690845088,
        "nauc_ndcg_at_20_max": 0.37839989544391933,
        "nauc_ndcg_at_20_std": -0.48358577165443956,
        "nauc_ndcg_at_3_diff1": 0.7374934814223452,
        "nauc_ndcg_at_3_max": 0.36950758975492376,
        "nauc_ndcg_at_3_std": -0.48903869174595055,
        "nauc_ndcg_at_5_diff1": 0.7412718575510615,
        "nauc_ndcg_at_5_max": 0.3701626442058369,
        "nauc_ndcg_at_5_std": -0.5014476284706963,
        "nauc_precision_at_1000_diff1": -0.42704105081576166,
        "nauc_precision_at_1000_max": -0.03717589252859422,
        "nauc_precision_at_1000_std": 0.4288096726460966,
        "nauc_precision_at_100_diff1": -0.4204585465879065,
        "nauc_precision_at_100_max": -0.033993576588500066,
        "nauc_precision_at_100_std": 0.4110897974327475,
        "nauc_precision_at_10_diff1": -0.3551409922593224,
        "nauc_precision_at_10_max": 0.008455602720856183,
        "nauc_precision_at_10_std": 0.2676164652499487,
        "nauc_precision_at_1_diff1": 0.7630673217634086,
        "nauc_precision_at_1_max": 0.392386539310078,
        "nauc_precision_at_1_std": -0.42069796079528776,
        "nauc_precision_at_20_diff1": -0.39041854572895945,
        "nauc_precision_at_20_max": -0.012549459967864615,
        "nauc_precision_at_20_std": 0.3380974407889349,
        "nauc_precision_at_3_diff1": -0.13648065479934574,
        "nauc_precision_at_3_max": 0.10435483935479456,
        "nauc_precision_at_3_std": 0.031105497729380267,
        "nauc_precision_at_5_diff1": -0.27215885933770684,
        "nauc_precision_at_5_max": 0.04283557246106296,
        "nauc_precision_at_5_std": 0.15508415625066993,
        "nauc_recall_at_1000_diff1": 0.5425293111300151,
        "nauc_recall_at_1000_max": 0.32439622558045716,
        "nauc_recall_at_1000_std": 0.00043919995670594746,
        "nauc_recall_at_100_diff1": 0.6952380745361721,
        "nauc_recall_at_100_max": 0.3860946440002586,
        "nauc_recall_at_100_std": -0.49586250262748616,
        "nauc_recall_at_10_diff1": 0.6807937191915759,
        "nauc_recall_at_10_max": 0.3276240691770835,
        "nauc_recall_at_10_std": -0.6521758095100484,
        "nauc_recall_at_1_diff1": 0.7817628334304736,
        "nauc_recall_at_1_max": 0.2878977440300971,
        "nauc_recall_at_1_std": -0.4379712045856517,
        "nauc_recall_at_20_diff1": 0.7142935340368096,
        "nauc_recall_at_20_max": 0.3585628821866468,
        "nauc_recall_at_20_std": -0.6489575586376987,
        "nauc_recall_at_3_diff1": 0.7045747460215589,
        "nauc_recall_at_3_max": 0.30454806453226674,
        "nauc_recall_at_3_std": -0.5836571867986605,
        "nauc_recall_at_5_diff1": 0.6915989143383275,
        "nauc_recall_at_5_max": 0.3104970538499374,
        "nauc_recall_at_5_std": -0.6325659814749297,
        "ndcg_at_1": 0.7941,
        "ndcg_at_10": 0.87102,
        "ndcg_at_100": 0.88463,
        "ndcg_at_1000": 0.886,
        "ndcg_at_20": 0.87829,
        "ndcg_at_3": 0.84138,
        "ndcg_at_5": 0.85812,
        "precision_at_1": 0.7941,
        "precision_at_10": 0.13185,
        "precision_at_100": 0.01515,
        "precision_at_1000": 0.00156,
        "precision_at_20": 0.0702,
        "precision_at_3": 0.3671,
        "precision_at_5": 0.242,
        "recall_at_1": 0.69334,
        "recall_at_10": 0.94698,
        "recall_at_100": 0.99345,
        "recall_at_1000": 0.99948,
        "recall_at_20": 0.96991,
        "recall_at_3": 0.86281,
        "recall_at_5": 0.90926
      }
    ]
  },
  "task_name": "QuoraRetrieval"
}