{
  "dataset_revision": "f8c2fcf00f625baaa80f62ec5bd9e1fff3b8ae88",
  "evaluation_time": 32.04591107368469,
  "kg_co2_emissions": null,
  "mteb_version": "1.13.1",
  "scores": {
    "test": [
      {
        "hf_subset": "default",
        "languages": [
          "eng-Latn"
        ],
        "main_score": 0.20093,
        "map_at_1": 0.04688,
        "map_at_10": 0.12072,
        "map_at_100": 0.14053,
        "map_at_1000": 0.14333,
        "map_at_20": 0.13093,
        "map_at_3": 0.08667,
        "map_at_5": 0.10304,
        "mrr_at_1": 0.231,
        "mrr_at_10": 0.3405757936507936,
        "mrr_at_100": 0.35154844456251894,
        "mrr_at_1000": 0.3521894502812775,
        "mrr_at_20": 0.34767163519744787,
        "mrr_at_3": 0.311,
        "mrr_at_5": 0.3252,
        "nauc_map_at_1000_diff1": 0.18021846578442938,
        "nauc_map_at_1000_max": 0.3200010369064042,
        "nauc_map_at_1000_std": 0.11940796416251152,
        "nauc_map_at_100_diff1": 0.18093905362052143,
        "nauc_map_at_100_max": 0.3202898926074261,
        "nauc_map_at_100_std": 0.11782242265627033,
        "nauc_map_at_10_diff1": 0.17930795104067632,
        "nauc_map_at_10_max": 0.2957891100065203,
        "nauc_map_at_10_std": 0.07734645338990108,
        "nauc_map_at_1_diff1": 0.24357955848764798,
        "nauc_map_at_1_max": 0.21147483057985023,
        "nauc_map_at_1_std": 0.0122158994380685,
        "nauc_map_at_20_diff1": 0.18058113495015074,
        "nauc_map_at_20_max": 0.3115654087517815,
        "nauc_map_at_20_std": 0.09888909344870797,
        "nauc_map_at_3_diff1": 0.2034520577101869,
        "nauc_map_at_3_max": 0.2500833268051432,
        "nauc_map_at_3_std": 0.03002429225796038,
        "nauc_map_at_5_diff1": 0.18952759498661695,
        "nauc_map_at_5_max": 0.27707156267155764,
        "nauc_map_at_5_std": 0.05568457961606711,
        "nauc_mrr_at_1000_diff1": 0.21770968284285105,
        "nauc_mrr_at_1000_max": 0.26158230376024716,
        "nauc_mrr_at_1000_std": 0.0756359624094515,
        "nauc_mrr_at_100_diff1": 0.2178753111330472,
        "nauc_mrr_at_100_max": 0.26196941207266655,
        "nauc_mrr_at_100_std": 0.07610449391375575,
        "nauc_mrr_at_10_diff1": 0.21728598919168332,
        "nauc_mrr_at_10_max": 0.2609514139926877,
        "nauc_mrr_at_10_std": 0.07210487397866057,
        "nauc_mrr_at_1_diff1": 0.2433310952670227,
        "nauc_mrr_at_1_max": 0.21131152208301549,
        "nauc_mrr_at_1_std": 0.011470470465898426,
        "nauc_mrr_at_20_diff1": 0.21728824247831652,
        "nauc_mrr_at_20_max": 0.26096745005755423,
        "nauc_mrr_at_20_std": 0.07657166030761833,
        "nauc_mrr_at_3_diff1": 0.21439283372612708,
        "nauc_mrr_at_3_max": 0.24979846256731347,
        "nauc_mrr_at_3_std": 0.06002427328522628,
        "nauc_mrr_at_5_diff1": 0.2182513206350174,
        "nauc_mrr_at_5_max": 0.2621193901786585,
        "nauc_mrr_at_5_std": 0.07018366368235407,
        "nauc_ndcg_at_1000_diff1": 0.16931868017958104,
        "nauc_ndcg_at_1000_max": 0.3421651604795288,
        "nauc_ndcg_at_1000_std": 0.19665738459065873,
        "nauc_ndcg_at_100_diff1": 0.17727850217278338,
        "nauc_ndcg_at_100_max": 0.3499918303458369,
        "nauc_ndcg_at_100_std": 0.19417398971307726,
        "nauc_ndcg_at_10_diff1": 0.1802383331691492,
        "nauc_ndcg_at_10_max": 0.3071349599022268,
        "nauc_ndcg_at_10_std": 0.10531360234881552,
        "nauc_ndcg_at_1_diff1": 0.2433310952670227,
        "nauc_ndcg_at_1_max": 0.21131152208301549,
        "nauc_ndcg_at_1_std": 0.011470470465898426,
        "nauc_ndcg_at_20_diff1": 0.1817420451026521,
        "nauc_ndcg_at_20_max": 0.32729935706169594,
        "nauc_ndcg_at_20_std": 0.14324815413113381,
        "nauc_ndcg_at_3_diff1": 0.1968647092978072,
        "nauc_ndcg_at_3_max": 0.25595296673950546,
        "nauc_ndcg_at_3_std": 0.051046338957254134,
        "nauc_ndcg_at_5_diff1": 0.19429141068164804,
        "nauc_ndcg_at_5_max": 0.2909194725215746,
        "nauc_ndcg_at_5_std": 0.0823185766325409,
        "nauc_precision_at_1000_diff1": 0.03835210818449355,
        "nauc_precision_at_1000_max": 0.2925281645842729,
        "nauc_precision_at_1000_std": 0.3279307851101408,
        "nauc_precision_at_100_diff1": 0.10187400627017805,
        "nauc_precision_at_100_max": 0.3559530328285556,
        "nauc_precision_at_100_std": 0.31563176815037214,
        "nauc_precision_at_10_diff1": 0.1328555449272941,
        "nauc_precision_at_10_max": 0.3227071831768344,
        "nauc_precision_at_10_std": 0.1456921289918689,
        "nauc_precision_at_1_diff1": 0.2433310952670227,
        "nauc_precision_at_1_max": 0.21131152208301549,
        "nauc_precision_at_1_std": 0.011470470465898426,
        "nauc_precision_at_20_diff1": 0.12904638361361506,
        "nauc_precision_at_20_max": 0.3438897372955316,
        "nauc_precision_at_20_std": 0.21537479735964724,
        "nauc_precision_at_3_diff1": 0.17175203699800806,
        "nauc_precision_at_3_max": 0.26356944880762556,
        "nauc_precision_at_3_std": 0.06492864045046612,
        "nauc_precision_at_5_diff1": 0.16359138414398694,
        "nauc_precision_at_5_max": 0.31203626671354895,
        "nauc_precision_at_5_std": 0.11378869741844547,
        "nauc_recall_at_1000_diff1": 0.03750700880179406,
        "nauc_recall_at_1000_max": 0.29215923074959355,
        "nauc_recall_at_1000_std": 0.3356523252920634,
        "nauc_recall_at_100_diff1": 0.10080967546928575,
        "nauc_recall_at_100_max": 0.3547992411323669,
        "nauc_recall_at_100_std": 0.3185162003007163,
        "nauc_recall_at_10_diff1": 0.13419011060040387,
        "nauc_recall_at_10_max": 0.3192680956847468,
        "nauc_recall_at_10_std": 0.14383104185930448,
        "nauc_recall_at_1_diff1": 0.24357955848764798,
        "nauc_recall_at_1_max": 0.21147483057985023,
        "nauc_recall_at_1_std": 0.0122158994380685,
        "nauc_recall_at_20_diff1": 0.130813151343426,
        "nauc_recall_at_20_max": 0.33982903246335217,
        "nauc_recall_at_20_std": 0.21424330450462373,
        "nauc_recall_at_3_diff1": 0.17207794430409376,
        "nauc_recall_at_3_max": 0.2613445803847823,
        "nauc_recall_at_3_std": 0.06375592206717044,
        "nauc_recall_at_5_diff1": 0.16415997266303753,
        "nauc_recall_at_5_max": 0.30900827803057024,
        "nauc_recall_at_5_std": 0.11179810682070425,
        "ndcg_at_1": 0.231,
        "ndcg_at_10": 0.20093,
        "ndcg_at_100": 0.27783,
        "ndcg_at_1000": 0.32819,
        "ndcg_at_20": 0.22962,
        "ndcg_at_3": 0.19345,
        "ndcg_at_5": 0.16621,
        "precision_at_1": 0.231,
        "precision_at_10": 0.1039,
        "precision_at_100": 0.02143,
        "precision_at_1000": 0.00335,
        "precision_at_20": 0.06855,
        "precision_at_3": 0.18167,
        "precision_at_5": 0.145,
        "recall_at_1": 0.04688,
        "recall_at_10": 0.21043,
        "recall_at_100": 0.4349,
        "recall_at_1000": 0.68028,
        "recall_at_20": 0.27775,
        "recall_at_3": 0.11048,
        "recall_at_5": 0.14693
      }
    ]
  },
  "task_name": "SCIDOCS"
}