{
  "dataset_revision": "0228b52cf27578f30900b9e5271d331663a030d7",
  "evaluation_time": 25.11613965034485,
  "kg_co2_emissions": null,
  "mteb_version": "1.13.1",
  "scores": {
    "test": [
      {
        "hf_subset": "default",
        "languages": [
          "eng-Latn"
        ],
        "main_score": 0.72652,
        "map_at_1": 0.60417,
        "map_at_10": 0.68758,
        "map_at_100": 0.69423,
        "map_at_1000": 0.69446,
        "map_at_20": 0.6921,
        "map_at_3": 0.66389,
        "map_at_5": 0.67817,
        "mrr_at_1": 0.63,
        "mrr_at_10": 0.6991322751322752,
        "mrr_at_100": 0.7042706259916967,
        "mrr_at_1000": 0.7044727910814129,
        "mrr_at_20": 0.7023987886325348,
        "mrr_at_3": 0.6827777777777778,
        "mrr_at_5": 0.6916111111111111,
        "nauc_map_at_1000_diff1": 0.7105315626519907,
        "nauc_map_at_1000_max": 0.5363494671935848,
        "nauc_map_at_1000_std": -0.04076682682253547,
        "nauc_map_at_100_diff1": 0.7101804472574368,
        "nauc_map_at_100_max": 0.5365068126777638,
        "nauc_map_at_100_std": -0.04058749427398155,
        "nauc_map_at_10_diff1": 0.7097942464806138,
        "nauc_map_at_10_max": 0.5364908804731101,
        "nauc_map_at_10_std": -0.048342262289923964,
        "nauc_map_at_1_diff1": 0.7478771120967391,
        "nauc_map_at_1_max": 0.4595109256629529,
        "nauc_map_at_1_std": -0.12593695457701742,
        "nauc_map_at_20_diff1": 0.7088874598311633,
        "nauc_map_at_20_max": 0.5377558472468287,
        "nauc_map_at_20_std": -0.03904621737365702,
        "nauc_map_at_3_diff1": 0.7120729672460572,
        "nauc_map_at_3_max": 0.5083896694893384,
        "nauc_map_at_3_std": -0.07324210081865298,
        "nauc_map_at_5_diff1": 0.7090266510520207,
        "nauc_map_at_5_max": 0.528413285544395,
        "nauc_map_at_5_std": -0.05781497697051343,
        "nauc_mrr_at_1000_diff1": 0.7157138570020464,
        "nauc_mrr_at_1000_max": 0.5554876607554835,
        "nauc_mrr_at_1000_std": -0.0037838784605587995,
        "nauc_mrr_at_100_diff1": 0.715321213919471,
        "nauc_mrr_at_100_max": 0.5556061194835793,
        "nauc_mrr_at_100_std": -0.003677113853955886,
        "nauc_mrr_at_10_diff1": 0.7136375273818362,
        "nauc_mrr_at_10_max": 0.5567742002464028,
        "nauc_mrr_at_10_std": -0.004582108745054274,
        "nauc_mrr_at_1_diff1": 0.7519756394386204,
        "nauc_mrr_at_1_max": 0.5121254380879255,
        "nauc_mrr_at_1_std": -0.05777798670197542,
        "nauc_mrr_at_20_diff1": 0.713812310110651,
        "nauc_mrr_at_20_max": 0.5565463714565586,
        "nauc_mrr_at_20_std": -0.002030708307340004,
        "nauc_mrr_at_3_diff1": 0.7171857872023909,
        "nauc_mrr_at_3_max": 0.5515702464817951,
        "nauc_mrr_at_3_std": -0.010720801361111235,
        "nauc_mrr_at_5_diff1": 0.7131627567347696,
        "nauc_mrr_at_5_max": 0.5563279528117794,
        "nauc_mrr_at_5_std": -0.006374694369619796,
        "nauc_ndcg_at_1000_diff1": 0.704595355974784,
        "nauc_ndcg_at_1000_max": 0.5575463795214743,
        "nauc_ndcg_at_1000_std": -0.006008969477885888,
        "nauc_ndcg_at_100_diff1": 0.697267908935264,
        "nauc_ndcg_at_100_max": 0.5611474715652287,
        "nauc_ndcg_at_100_std": -0.0038635730780597274,
        "nauc_ndcg_at_10_diff1": 0.6931110845392907,
        "nauc_ndcg_at_10_max": 0.5700936188415737,
        "nauc_ndcg_at_10_std": -0.01217538756327245,
        "nauc_ndcg_at_1_diff1": 0.7519756394386204,
        "nauc_ndcg_at_1_max": 0.5121254380879255,
        "nauc_ndcg_at_1_std": -0.05777798670197542,
        "nauc_ndcg_at_20_diff1": 0.6912165619278479,
        "nauc_ndcg_at_20_max": 0.5729008250844011,
        "nauc_ndcg_at_20_std": 0.013328361527686815,
        "nauc_ndcg_at_3_diff1": 0.6977050763504739,
        "nauc_ndcg_at_3_max": 0.5406140826761074,
        "nauc_ndcg_at_3_std": -0.03889756801383377,
        "nauc_ndcg_at_5_diff1": 0.6923756727769507,
        "nauc_ndcg_at_5_max": 0.5581054407780108,
        "nauc_ndcg_at_5_std": -0.02877461453813041,
        "nauc_precision_at_1000_diff1": -0.25892660237775383,
        "nauc_precision_at_1000_max": 0.119977011033369,
        "nauc_precision_at_1000_std": 0.5034851006101432,
        "nauc_precision_at_100_diff1": -0.18383296607501726,
        "nauc_precision_at_100_max": 0.20272659030922327,
        "nauc_precision_at_100_std": 0.46867205850303784,
        "nauc_precision_at_10_diff1": 0.1422329854696164,
        "nauc_precision_at_10_max": 0.46171168921955297,
        "nauc_precision_at_10_std": 0.32896090278124474,
        "nauc_precision_at_1_diff1": 0.7519756394386204,
        "nauc_precision_at_1_max": 0.5121254380879255,
        "nauc_precision_at_1_std": -0.05777798670197542,
        "nauc_precision_at_20_diff1": 0.011548401538429183,
        "nauc_precision_at_20_max": 0.37937262163977103,
        "nauc_precision_at_20_std": 0.45771860564498035,
        "nauc_precision_at_3_diff1": 0.4141811279826459,
        "nauc_precision_at_3_max": 0.49273110295344513,
        "nauc_precision_at_3_std": 0.13160145169364215,
        "nauc_precision_at_5_diff1": 0.24630134643342458,
        "nauc_precision_at_5_max": 0.4632367613382614,
        "nauc_precision_at_5_std": 0.22806700810520553,
        "nauc_recall_at_1000_diff1": 0.869281045751621,
        "nauc_recall_at_1000_max": 0.6136788048552888,
        "nauc_recall_at_1000_std": 0.7117180205415388,
        "nauc_recall_at_100_diff1": 0.45349734096537386,
        "nauc_recall_at_100_max": 0.7059838428124879,
        "nauc_recall_at_100_std": 0.18408232858360685,
        "nauc_recall_at_10_diff1": 0.6100457264838145,
        "nauc_recall_at_10_max": 0.6813565796786846,
        "nauc_recall_at_10_std": 0.07345634178292305,
        "nauc_recall_at_1_diff1": 0.7478771120967391,
        "nauc_recall_at_1_max": 0.4595109256629529,
        "nauc_recall_at_1_std": -0.12593695457701742,
        "nauc_recall_at_20_diff1": 0.5689833115884181,
        "nauc_recall_at_20_max": 0.7444647829727562,
        "nauc_recall_at_20_std": 0.26751949392301455,
        "nauc_recall_at_3_diff1": 0.6486272764334297,
        "nauc_recall_at_3_max": 0.565601876446395,
        "nauc_recall_at_3_std": -0.0349967172630203,
        "nauc_recall_at_5_diff1": 0.6273754170444592,
        "nauc_recall_at_5_max": 0.625232042147694,
        "nauc_recall_at_5_std": 0.0024938058953224993,
        "ndcg_at_1": 0.63,
        "ndcg_at_10": 0.72652,
        "ndcg_at_100": 0.75504,
        "ndcg_at_1000": 0.75943,
        "ndcg_at_20": 0.74075,
        "ndcg_at_3": 0.6876,
        "ndcg_at_5": 0.7065,
        "precision_at_1": 0.63,
        "precision_at_10": 0.09367,
        "precision_at_100": 0.0109,
        "precision_at_1000": 0.00112,
        "precision_at_20": 0.05017,
        "precision_at_3": 0.26444,
        "precision_at_5": 0.17333,
        "recall_at_1": 0.60417,
        "recall_at_10": 0.83306,
        "recall_at_100": 0.96167,
        "recall_at_1000": 0.99333,
        "recall_at_20": 0.88633,
        "recall_at_3": 0.72867,
        "recall_at_5": 0.77444
      }
    ]
  },
  "task_name": "SciFact"
}