{
  "dataset_revision": "7e90230a92c190f1bf69ae9002b8cea547a64cca",
  "evaluation_time": 30.86980128288269,
  "kg_co2_emissions": null,
  "mteb_version": "1.13.1",
  "scores": {
    "test": [
      {
        "cosine_pearson": 0.8535290966340042,
        "cosine_spearman": 0.8573916657997606,
        "euclidean_pearson": 0.868114491777209,
        "euclidean_spearman": 0.8781602196072481,
        "hf_subset": "default",
        "languages": [
          "eng-Latn"
        ],
        "main_score": 0.8573916657997606,
        "manhattan_pearson": 0.8676101479108375,
        "manhattan_spearman": 0.8775990108980275,
        "pearson": 0.8535290966340042,
        "spearman": 0.8573916657997606
      }
    ]
  },
  "task_name": "STS13"
}