{
  "dataset_revision": "cda12ad7615edc362dbf25a00fdd61d3b1eaf93c",
  "evaluation_time": 32.16963028907776,
  "kg_co2_emissions": null,
  "mteb_version": "1.13.1",
  "scores": {
    "test": [
      {
        "cosine_pearson": 0.31243437508153327,
        "cosine_spearman": 0.31307499272667577,
        "dot_pearson": 0.2846188866462604,
        "dot_spearman": 0.2846183446628119,
        "hf_subset": "default",
        "languages": [
          "eng-Latn"
        ],
        "main_score": 0.31307499272667577,
        "pearson": 0.31243437508153327,
        "spearman": 0.31307499272667577
      }
    ]
  },
  "task_name": "SummEval"
}