{
  "dataset_revision": "a34f9a33db75fa0cbb21bb5cfc3dae8dc8bec93f",
  "evaluation_time": 118.17119336128235,
  "kg_co2_emissions": null,
  "mteb_version": "1.13.1",
  "scores": {
    "test": [
      {
        "hf_subset": "default",
        "languages": [
          "eng-Latn"
        ],
        "main_score": 0.27783,
        "map_at_1": 0.03074,
        "map_at_10": 0.11053,
        "map_at_100": 0.17508,
        "map_at_1000": 0.19072,
        "map_at_20": 0.13961,
        "map_at_3": 0.05914,
        "map_at_5": 0.07799,
        "mrr_at_1": 0.3877551020408163,
        "mrr_at_10": 0.5253644314868805,
        "mrr_at_100": 0.5346506355080531,
        "mrr_at_1000": 0.534791381461607,
        "mrr_at_20": 0.5318652614839511,
        "mrr_at_3": 0.4965986394557823,
        "mrr_at_5": 0.5149659863945578,
        "nauc_map_at_1000_diff1": -0.0425837976066017,
        "nauc_map_at_1000_max": -0.0566120337210086,
        "nauc_map_at_1000_std": 0.06498798735769801,
        "nauc_map_at_100_diff1": -0.047265698034600165,
        "nauc_map_at_100_max": -0.07877939491952436,
        "nauc_map_at_100_std": 0.028850456986380543,
        "nauc_map_at_10_diff1": 0.035670089431197385,
        "nauc_map_at_10_max": -0.013309792732762242,
        "nauc_map_at_10_std": -0.12033456813126157,
        "nauc_map_at_1_diff1": 0.03018780773070876,
        "nauc_map_at_1_max": -0.09720835644604905,
        "nauc_map_at_1_std": -0.1421612022902,
        "nauc_map_at_20_diff1": -0.005241115539229154,
        "nauc_map_at_20_max": -0.05399767762792801,
        "nauc_map_at_20_std": -0.0885099529601466,
        "nauc_map_at_3_diff1": 0.08668981770265359,
        "nauc_map_at_3_max": 0.016282651590639956,
        "nauc_map_at_3_std": -0.19095689205357022,
        "nauc_map_at_5_diff1": 0.06366046439975494,
        "nauc_map_at_5_max": -0.020044736643864688,
        "nauc_map_at_5_std": -0.19762496857808745,
        "nauc_mrr_at_1000_diff1": -0.04332394038383106,
        "nauc_mrr_at_1000_max": -0.1470873832496198,
        "nauc_mrr_at_1000_std": 0.04530782134284919,
        "nauc_mrr_at_100_diff1": -0.04324819806118257,
        "nauc_mrr_at_100_max": -0.1472718342910758,
        "nauc_mrr_at_100_std": 0.04574454931171246,
        "nauc_mrr_at_10_diff1": -0.04303722488936943,
        "nauc_mrr_at_10_max": -0.14703930917591565,
        "nauc_mrr_at_10_std": 0.04418773900595871,
        "nauc_mrr_at_1_diff1": -0.02564569302973132,
        "nauc_mrr_at_1_max": -0.1599508000850564,
        "nauc_mrr_at_1_std": 0.043914303379379634,
        "nauc_mrr_at_20_diff1": -0.04001624802181993,
        "nauc_mrr_at_20_max": -0.14799049322878663,
        "nauc_mrr_at_20_std": 0.04836145947353939,
        "nauc_mrr_at_3_diff1": -0.09019849533624355,
        "nauc_mrr_at_3_max": -0.14429584898823195,
        "nauc_mrr_at_3_std": 0.02385691752838563,
        "nauc_mrr_at_5_diff1": -0.04861351035646594,
        "nauc_mrr_at_5_max": -0.14376650957002463,
        "nauc_mrr_at_5_std": 0.03439870410841292,
        "nauc_ndcg_at_1000_diff1": -0.09460755972704796,
        "nauc_ndcg_at_1000_max": -0.0367971699067881,
        "nauc_ndcg_at_1000_std": 0.3034632896510909,
        "nauc_ndcg_at_100_diff1": -0.12842906982305685,
        "nauc_ndcg_at_100_max": -0.1548157420359249,
        "nauc_ndcg_at_100_std": 0.21756657317824024,
        "nauc_ndcg_at_10_diff1": -0.0718820636411955,
        "nauc_ndcg_at_10_max": -0.1558576436554009,
        "nauc_ndcg_at_10_std": -0.034230157489632165,
        "nauc_ndcg_at_1_diff1": -0.12361807980808008,
        "nauc_ndcg_at_1_max": -0.21887360729996447,
        "nauc_ndcg_at_1_std": 0.08482637278633194,
        "nauc_ndcg_at_20_diff1": -0.07812319660817098,
        "nauc_ndcg_at_20_max": -0.15679866918592625,
        "nauc_ndcg_at_20_std": -0.008480259930232454,
        "nauc_ndcg_at_3_diff1": -0.08046649146635917,
        "nauc_ndcg_at_3_max": -0.11244471556272717,
        "nauc_ndcg_at_3_std": -0.0397144211527834,
        "nauc_ndcg_at_5_diff1": -0.0874323599477158,
        "nauc_ndcg_at_5_max": -0.17235845422333146,
        "nauc_ndcg_at_5_std": -0.040061543406238465,
        "nauc_precision_at_1000_diff1": 0.015856030051832663,
        "nauc_precision_at_1000_max": 0.3018315986014266,
        "nauc_precision_at_1000_std": 0.34895370425763256,
        "nauc_precision_at_100_diff1": -0.17150621718890574,
        "nauc_precision_at_100_max": -0.07447171991886604,
        "nauc_precision_at_100_std": 0.6368101517040587,
        "nauc_precision_at_10_diff1": -0.029149157781363077,
        "nauc_precision_at_10_max": -0.15352000686436792,
        "nauc_precision_at_10_std": 0.011092553948284576,
        "nauc_precision_at_1_diff1": -0.02564569302973132,
        "nauc_precision_at_1_max": -0.1599508000850564,
        "nauc_precision_at_1_std": 0.043914303379379634,
        "nauc_precision_at_20_diff1": -0.05607498489527654,
        "nauc_precision_at_20_max": -0.1263814993322642,
        "nauc_precision_at_20_std": 0.2069274247257856,
        "nauc_precision_at_3_diff1": 0.033503253517361165,
        "nauc_precision_at_3_max": -0.017844874345016956,
        "nauc_precision_at_3_std": -0.11169117313412949,
        "nauc_precision_at_5_diff1": 0.010592821326714767,
        "nauc_precision_at_5_max": -0.10921760542422179,
        "nauc_precision_at_5_std": -0.09588341437738884,
        "nauc_recall_at_1000_diff1": 0.01854682760335381,
        "nauc_recall_at_1000_max": 0.20309647924010013,
        "nauc_recall_at_1000_std": 0.6901898194320079,
        "nauc_recall_at_100_diff1": -0.1310504134768091,
        "nauc_recall_at_100_max": -0.15074736121998195,
        "nauc_recall_at_100_std": 0.3369524337777639,
        "nauc_recall_at_10_diff1": 0.015396802232645368,
        "nauc_recall_at_10_max": -0.08406426362602536,
        "nauc_recall_at_10_std": -0.113392634878368,
        "nauc_recall_at_1_diff1": 0.03018780773070876,
        "nauc_recall_at_1_max": -0.09720835644604905,
        "nauc_recall_at_1_std": -0.1421612022902,
        "nauc_recall_at_20_diff1": -0.04021798250063186,
        "nauc_recall_at_20_max": -0.12556579188665304,
        "nauc_recall_at_20_std": -0.021293829583614247,
        "nauc_recall_at_3_diff1": 0.06372023236815097,
        "nauc_recall_at_3_max": 0.004524498821558299,
        "nauc_recall_at_3_std": -0.20424000639845502,
        "nauc_recall_at_5_diff1": 0.026573743787683398,
        "nauc_recall_at_5_max": -0.08793763224558762,
        "nauc_recall_at_5_std": -0.221415046363949,
        "ndcg_at_1": 0.35714,
        "ndcg_at_10": 0.27783,
        "ndcg_at_100": 0.38965,
        "ndcg_at_1000": 0.50419,
        "ndcg_at_20": 0.29085,
        "ndcg_at_3": 0.31506,
        "ndcg_at_5": 0.29133,
        "precision_at_1": 0.38776,
        "precision_at_10": 0.24286,
        "precision_at_100": 0.07857,
        "precision_at_1000": 0.01545,
        "precision_at_20": 0.19286,
        "precision_at_3": 0.31973,
        "precision_at_5": 0.28163,
        "recall_at_1": 0.03074,
        "recall_at_10": 0.17231,
        "recall_at_100": 0.48621,
        "recall_at_1000": 0.83553,
        "recall_at_20": 0.26356,
        "recall_at_3": 0.06833,
        "recall_at_5": 0.10708
      }
    ]
  },
  "task_name": "Touche2020"
}