{
  "dataset_revision": "bb9466bac8153a0349341eb1b22e06409e78ef4e",
  "evaluation_time": 65.13726019859314,
  "kg_co2_emissions": null,
  "mteb_version": "1.13.1",
  "scores": {
    "test": [
      {
        "hf_subset": "default",
        "languages": [
          "eng-Latn"
        ],
        "main_score": 0.82624,
        "map_at_1": 0.00233,
        "map_at_10": 0.02189,
        "map_at_100": 0.13028,
        "map_at_1000": 0.31448,
        "map_at_20": 0.03891,
        "map_at_3": 0.00717,
        "map_at_5": 0.01178,
        "mrr_at_1": 0.9,
        "mrr_at_10": 0.9466666666666668,
        "mrr_at_100": 0.9466666666666668,
        "mrr_at_1000": 0.9466666666666668,
        "mrr_at_20": 0.9466666666666668,
        "mrr_at_3": 0.9466666666666668,
        "mrr_at_5": 0.9466666666666668,
        "nauc_map_at_1000_diff1": -0.2320189940488271,
        "nauc_map_at_1000_max": 0.509344769811108,
        "nauc_map_at_1000_std": 0.7770527759886502,
        "nauc_map_at_100_diff1": -0.07632231102830521,
        "nauc_map_at_100_max": 0.34450564746534157,
        "nauc_map_at_100_std": 0.5905611117003259,
        "nauc_map_at_10_diff1": 0.18571512970777523,
        "nauc_map_at_10_max": 0.09219344289528925,
        "nauc_map_at_10_std": 0.14607230589447023,
        "nauc_map_at_1_diff1": 0.3072750715416558,
        "nauc_map_at_1_max": 0.0600379463875518,
        "nauc_map_at_1_std": 0.0951436878963785,
        "nauc_map_at_20_diff1": 0.1011120348691424,
        "nauc_map_at_20_max": 0.1526673943645302,
        "nauc_map_at_20_std": 0.24375719201743204,
        "nauc_map_at_3_diff1": 0.3504061216277166,
        "nauc_map_at_3_max": 0.05053752133653324,
        "nauc_map_at_3_std": 0.0648712431256769,
        "nauc_map_at_5_diff1": 0.29307884431597897,
        "nauc_map_at_5_max": 0.06333989551812177,
        "nauc_map_at_5_std": 0.0684555545101552,
        "nauc_mrr_at_1000_diff1": 0.0909197012138202,
        "nauc_mrr_at_1000_max": 0.12820961718021026,
        "nauc_mrr_at_1000_std": 0.33339169000933794,
        "nauc_mrr_at_100_diff1": 0.0909197012138202,
        "nauc_mrr_at_100_max": 0.12820961718021026,
        "nauc_mrr_at_100_std": 0.33339169000933794,
        "nauc_mrr_at_10_diff1": 0.0909197012138202,
        "nauc_mrr_at_10_max": 0.12820961718021026,
        "nauc_mrr_at_10_std": 0.33339169000933794,
        "nauc_mrr_at_1_diff1": 0.06003734827264184,
        "nauc_mrr_at_1_max": 0.21353874883286644,
        "nauc_mrr_at_1_std": 0.4323996265172738,
        "nauc_mrr_at_20_diff1": 0.0909197012138202,
        "nauc_mrr_at_20_max": 0.12820961718021026,
        "nauc_mrr_at_20_std": 0.33339169000933794,
        "nauc_mrr_at_3_diff1": 0.0909197012138202,
        "nauc_mrr_at_3_max": 0.12820961718021026,
        "nauc_mrr_at_3_std": 0.33339169000933794,
        "nauc_mrr_at_5_diff1": 0.0909197012138202,
        "nauc_mrr_at_5_max": 0.12820961718021026,
        "nauc_mrr_at_5_std": 0.33339169000933794,
        "nauc_ndcg_at_1000_diff1": -0.1676864283380279,
        "nauc_ndcg_at_1000_max": 0.4992134397873235,
        "nauc_ndcg_at_1000_std": 0.753663674653347,
        "nauc_ndcg_at_100_diff1": -0.22310402536375784,
        "nauc_ndcg_at_100_max": 0.5020326520707181,
        "nauc_ndcg_at_100_std": 0.7842741850846823,
        "nauc_ndcg_at_10_diff1": -0.18367642353674093,
        "nauc_ndcg_at_10_max": 0.4054003189012815,
        "nauc_ndcg_at_10_std": 0.6477716027621682,
        "nauc_ndcg_at_1_diff1": 0.0686514107976004,
        "nauc_ndcg_at_1_max": 0.22150633192623856,
        "nauc_ndcg_at_1_std": 0.4215359549729683,
        "nauc_ndcg_at_20_diff1": -0.2645074316759228,
        "nauc_ndcg_at_20_max": 0.461826896558339,
        "nauc_ndcg_at_20_std": 0.7105446783525453,
        "nauc_ndcg_at_3_diff1": 0.037509805612425236,
        "nauc_ndcg_at_3_max": 0.27006911327368593,
        "nauc_ndcg_at_3_std": 0.48870177458513625,
        "nauc_ndcg_at_5_diff1": -0.06838304051896427,
        "nauc_ndcg_at_5_max": 0.37713873521100577,
        "nauc_ndcg_at_5_std": 0.5428500401676233,
        "nauc_precision_at_1000_diff1": -0.30047101161598083,
        "nauc_precision_at_1000_max": 0.36555244872016274,
        "nauc_precision_at_1000_std": 0.402709508798956,
        "nauc_precision_at_100_diff1": -0.26973309712061444,
        "nauc_precision_at_100_max": 0.4765015497181766,
        "nauc_precision_at_100_std": 0.7568191592393898,
        "nauc_precision_at_10_diff1": -0.3551246168199403,
        "nauc_precision_at_10_max": 0.4730869556939122,
        "nauc_precision_at_10_std": 0.66239218598275,
        "nauc_precision_at_1_diff1": 0.06003734827264184,
        "nauc_precision_at_1_max": 0.21353874883286644,
        "nauc_precision_at_1_std": 0.4323996265172738,
        "nauc_precision_at_20_diff1": -0.3560062820807466,
        "nauc_precision_at_20_max": 0.5056270589136591,
        "nauc_precision_at_20_std": 0.7040527081896868,
        "nauc_precision_at_3_diff1": 0.21664735763301166,
        "nauc_precision_at_3_max": 0.2816593886462889,
        "nauc_precision_at_3_std": 0.44688530434007717,
        "nauc_precision_at_5_diff1": -0.08223059924606888,
        "nauc_precision_at_5_max": 0.39415052645261817,
        "nauc_precision_at_5_std": 0.49652931236188586,
        "nauc_recall_at_1000_diff1": -0.11370037799192066,
        "nauc_recall_at_1000_max": 0.42538766194786587,
        "nauc_recall_at_1000_std": 0.6408281507763189,
        "nauc_recall_at_100_diff1": 0.019854416371400646,
        "nauc_recall_at_100_max": 0.24052953504911276,
        "nauc_recall_at_100_std": 0.4639864728682276,
        "nauc_recall_at_10_diff1": 0.19910359548573361,
        "nauc_recall_at_10_max": 0.055487970464155115,
        "nauc_recall_at_10_std": 0.09052708723651774,
        "nauc_recall_at_1_diff1": 0.3072750715416558,
        "nauc_recall_at_1_max": 0.0600379463875518,
        "nauc_recall_at_1_std": 0.0951436878963785,
        "nauc_recall_at_20_diff1": 0.14568415513895788,
        "nauc_recall_at_20_max": 0.11074393212032954,
        "nauc_recall_at_20_std": 0.1722586363902997,
        "nauc_recall_at_3_diff1": 0.34703245694194224,
        "nauc_recall_at_3_max": 0.01965949808155005,
        "nauc_recall_at_3_std": 0.018152916149898193,
        "nauc_recall_at_5_diff1": 0.2819647403232967,
        "nauc_recall_at_5_max": 0.03035262323727754,
        "nauc_recall_at_5_std": 0.02218268114898526,
        "ndcg_at_1": 0.87,
        "ndcg_at_10": 0.82624,
        "ndcg_at_100": 0.64022,
        "ndcg_at_1000": 0.56607,
        "ndcg_at_20": 0.78489,
        "ndcg_at_3": 0.87061,
        "ndcg_at_5": 0.86416,
        "precision_at_1": 0.9,
        "precision_at_10": 0.878,
        "precision_at_100": 0.658,
        "precision_at_1000": 0.24876,
        "precision_at_20": 0.823,
        "precision_at_3": 0.92667,
        "precision_at_5": 0.92,
        "recall_at_1": 0.00233,
        "recall_at_10": 0.02332,
        "recall_at_100": 0.15849,
        "recall_at_1000": 0.53221,
        "recall_at_20": 0.04253,
        "recall_at_3": 0.00745,
        "recall_at_5": 0.01235
      }
    ]
  },
  "task_name": "TRECCOVID"
}