{
  "dataset_revision": "c22ab2a51041ffd869aaddef7af8d8215647e41a",
  "mteb_dataset_name": "ArguAna",
  "mteb_version": "1.10.3",
  "test": {
    "evaluation_time": 117.88,
    "map_at_1": 0.29161,
    "map_at_10": 0.45206,
    "map_at_100": 0.46078,
    "map_at_1000": 0.46083,
    "map_at_20": 0.45888,
    "map_at_3": 0.40315,
    "map_at_5": 0.43374,
    "mrr_at_1": 0.29516,
    "mrr_at_10": 0.4532,
    "mrr_at_100": 0.46192,
    "mrr_at_1000": 0.46198,
    "mrr_at_20": 0.46002,
    "mrr_at_3": 0.40505,
    "mrr_at_5": 0.43446,
    "ndcg_at_1": 0.29161,
    "ndcg_at_10": 0.54079,
    "ndcg_at_100": 0.57773,
    "ndcg_at_1000": 0.57926,
    "ndcg_at_20": 0.56527,
    "ndcg_at_3": 0.44157,
    "ndcg_at_5": 0.49666,
    "precision_at_1": 0.29161,
    "precision_at_10": 0.08229,
    "precision_at_100": 0.00984,
    "precision_at_1000": 0.001,
    "precision_at_20": 0.04595,
    "precision_at_3": 0.18445,
    "precision_at_5": 0.13741,
    "recall_at_1": 0.29161,
    "recall_at_10": 0.8229,
    "recall_at_100": 0.98364,
    "recall_at_1000": 0.99573,
    "recall_at_20": 0.91892,
    "recall_at_3": 0.55334,
    "recall_at_5": 0.68706
  }
}