{
  "dataset_revision": "f46a197baaae43b4f621051089b82a364682dfeb",
  "mteb_dataset_name": "CQADupstackAndroidRetrieval",
  "mteb_version": "1.10.3",
  "test": {
    "evaluation_time": 237.08,
    "map_at_1": 0.35363,
    "map_at_10": 0.46519,
    "map_at_100": 0.47871,
    "map_at_1000": 0.47975,
    "map_at_20": 0.47197,
    "map_at_3": 0.42984,
    "map_at_5": 0.45142,
    "mrr_at_1": 0.43777,
    "mrr_at_10": 0.52645,
    "mrr_at_100": 0.53272,
    "mrr_at_1000": 0.53305,
    "mrr_at_20": 0.52969,
    "mrr_at_3": 0.50072,
    "mrr_at_5": 0.51745,
    "ndcg_at_1": 0.43634,
    "ndcg_at_10": 0.52509,
    "ndcg_at_100": 0.57495,
    "ndcg_at_1000": 0.59168,
    "ndcg_at_20": 0.5415,
    "ndcg_at_3": 0.4771,
    "ndcg_at_5": 0.50305,
    "precision_at_1": 0.43634,
    "precision_at_10": 0.09714,
    "precision_at_100": 0.01544,
    "precision_at_1000": 0.00196,
    "precision_at_20": 0.05615,
    "precision_at_3": 0.22461,
    "precision_at_5": 0.1628,
    "recall_at_1": 0.35363,
    "recall_at_10": 0.63362,
    "recall_at_100": 0.84329,
    "recall_at_1000": 0.94844,
    "recall_at_20": 0.69086,
    "recall_at_3": 0.4978,
    "recall_at_5": 0.56789
  }
}