{
  "dataset_revision": "ad9991cb51e31e31e430383c75ffb2885547b5f0",
  "mteb_dataset_name": "CQADupstackEnglishRetrieval",
  "mteb_version": "1.10.3",
  "test": {
    "evaluation_time": 475.38,
    "map_at_1": 0.3324,
    "map_at_10": 0.43654,
    "map_at_100": 0.44872,
    "map_at_1000": 0.44994,
    "map_at_20": 0.44259,
    "map_at_3": 0.40703,
    "map_at_5": 0.42248,
    "mrr_at_1": 0.41975,
    "mrr_at_10": 0.49898,
    "mrr_at_100": 0.50513,
    "mrr_at_1000": 0.50555,
    "mrr_at_20": 0.50249,
    "mrr_at_3": 0.47845,
    "mrr_at_5": 0.49023,
    "ndcg_at_1": 0.41911,
    "ndcg_at_10": 0.49275,
    "ndcg_at_100": 0.53424,
    "ndcg_at_1000": 0.55298,
    "ndcg_at_20": 0.50706,
    "ndcg_at_3": 0.45415,
    "ndcg_at_5": 0.47045,
    "precision_at_1": 0.41911,
    "precision_at_10": 0.09242,
    "precision_at_100": 0.01459,
    "precision_at_1000": 0.00189,
    "precision_at_20": 0.05331,
    "precision_at_3": 0.21953,
    "precision_at_5": 0.15299,
    "recall_at_1": 0.3324,
    "recall_at_10": 0.58618,
    "recall_at_100": 0.76288,
    "recall_at_1000": 0.88116,
    "recall_at_20": 0.63865,
    "recall_at_3": 0.46632,
    "recall_at_5": 0.51596
  }
}