{
  "dataset_revision": "4885aa143210c98657558c04aaf3dc47cfb54340",
  "mteb_dataset_name": "CQADupstackGamingRetrieval",
  "mteb_version": "1.10.3",
  "test": {
    "evaluation_time": 305.67,
    "map_at_1": 0.42973,
    "map_at_10": 0.55793,
    "map_at_100": 0.56709,
    "map_at_1000": 0.56758,
    "map_at_20": 0.56346,
    "map_at_3": 0.5256,
    "map_at_5": 0.54332,
    "mrr_at_1": 0.4884,
    "mrr_at_10": 0.59069,
    "mrr_at_100": 0.59657,
    "mrr_at_1000": 0.59681,
    "mrr_at_20": 0.59439,
    "mrr_at_3": 0.56865,
    "mrr_at_5": 0.58172,
    "ndcg_at_1": 0.4884,
    "ndcg_at_10": 0.61552,
    "ndcg_at_100": 0.6508,
    "ndcg_at_1000": 0.66061,
    "ndcg_at_20": 0.63106,
    "ndcg_at_3": 0.56314,
    "ndcg_at_5": 0.58797,
    "precision_at_1": 0.4884,
    "precision_at_10": 0.09749,
    "precision_at_100": 0.01246,
    "precision_at_1000": 0.00136,
    "precision_at_20": 0.05367,
    "precision_at_3": 0.2489,
    "precision_at_5": 0.16865,
    "recall_at_1": 0.42973,
    "recall_at_10": 0.75175,
    "recall_at_100": 0.90275,
    "recall_at_1000": 0.97245,
    "recall_at_20": 0.80904,
    "recall_at_3": 0.61299,
    "recall_at_5": 0.67339
  }
}