{
  "dataset_revision": "5003b3064772da1887988e05400cf3806fe491f2",
  "mteb_dataset_name": "CQADupstackGisRetrieval",
  "mteb_version": "1.10.3",
  "test": {
    "evaluation_time": 231.62,
    "map_at_1": 0.28268,
    "map_at_10": 0.3632,
    "map_at_100": 0.37266,
    "map_at_1000": 0.37348,
    "map_at_20": 0.36835,
    "map_at_3": 0.33774,
    "map_at_5": 0.35131,
    "mrr_at_1": 0.30508,
    "mrr_at_10": 0.38427,
    "mrr_at_100": 0.39202,
    "mrr_at_1000": 0.39268,
    "mrr_at_20": 0.3883,
    "mrr_at_3": 0.35989,
    "mrr_at_5": 0.37299,
    "ndcg_at_1": 0.30508,
    "ndcg_at_10": 0.41077,
    "ndcg_at_100": 0.45718,
    "ndcg_at_1000": 0.47684,
    "ndcg_at_20": 0.42775,
    "ndcg_at_3": 0.36048,
    "ndcg_at_5": 0.38314,
    "precision_at_1": 0.30508,
    "precision_at_10": 0.06124,
    "precision_at_100": 0.00888,
    "precision_at_1000": 0.00109,
    "precision_at_20": 0.03492,
    "precision_at_3": 0.14878,
    "precision_at_5": 0.10237,
    "recall_at_1": 0.28268,
    "recall_at_10": 0.53846,
    "recall_at_100": 0.75337,
    "recall_at_1000": 0.89964,
    "recall_at_20": 0.6014,
    "recall_at_3": 0.40098,
    "recall_at_5": 0.45538
  }
}