{
  "dataset_revision": "46989137a86843e03a6195de44b09deda022eec7",
  "mteb_dataset_name": "CQADupstackTexRetrieval",
  "mteb_version": "1.10.3",
  "test": {
    "evaluation_time": 458.86,
    "map_at_1": 0.18529,
    "map_at_10": 0.25537,
    "map_at_100": 0.26557,
    "map_at_1000": 0.26682,
    "map_at_20": 0.2609,
    "map_at_3": 0.23378,
    "map_at_5": 0.24526,
    "mrr_at_1": 0.22195,
    "mrr_at_10": 0.29444,
    "mrr_at_100": 0.30306,
    "mrr_at_1000": 0.30387,
    "mrr_at_20": 0.29943,
    "mrr_at_3": 0.27415,
    "mrr_at_5": 0.28542,
    "ndcg_at_1": 0.2223,
    "ndcg_at_10": 0.30009,
    "ndcg_at_100": 0.34823,
    "ndcg_at_1000": 0.37828,
    "ndcg_at_20": 0.31821,
    "ndcg_at_3": 0.26181,
    "ndcg_at_5": 0.27882,
    "precision_at_1": 0.2223,
    "precision_at_10": 0.05348,
    "precision_at_100": 0.00908,
    "precision_at_1000": 0.00134,
    "precision_at_20": 0.03214,
    "precision_at_3": 0.12239,
    "precision_at_5": 0.08679,
    "recall_at_1": 0.18529,
    "recall_at_10": 0.39466,
    "recall_at_100": 0.61033,
    "recall_at_1000": 0.82679,
    "recall_at_20": 0.46106,
    "recall_at_3": 0.28766,
    "recall_at_5": 0.3321
  }
}