{
  "dataset_revision": "f46a197baaae43b4f621051089b82a364682dfeb",
  "mteb_dataset_name": "CQADupstackAndroidRetrieval",
  "mteb_version": "1.10.3",
  "test": {
    "evaluation_time": 190.01,
    "map_at_1": 0.35149,
    "map_at_10": 0.46449,
    "map_at_100": 0.47855,
    "map_at_1000": 0.47961,
    "map_at_20": 0.47171,
    "map_at_3": 0.43365,
    "map_at_5": 0.45151,
    "mrr_at_1": 0.43491,
    "mrr_at_10": 0.5255,
    "mrr_at_100": 0.53233,
    "mrr_at_1000": 0.53267,
    "mrr_at_20": 0.52927,
    "mrr_at_3": 0.50477,
    "mrr_at_5": 0.51629,
    "ndcg_at_1": 0.43491,
    "ndcg_at_10": 0.52323,
    "ndcg_at_100": 0.57476,
    "ndcg_at_1000": 0.59136,
    "ndcg_at_20": 0.54102,
    "ndcg_at_3": 0.48381,
    "ndcg_at_5": 0.50198,
    "precision_at_1": 0.43491,
    "precision_at_10": 0.09671,
    "precision_at_100": 0.01538,
    "precision_at_1000": 0.00196,
    "precision_at_20": 0.05622,
    "precision_at_3": 0.23033,
    "precision_at_5": 0.16137,
    "recall_at_1": 0.35149,
    "recall_at_10": 0.62678,
    "recall_at_100": 0.84328,
    "recall_at_1000": 0.94566,
    "recall_at_20": 0.68869,
    "recall_at_3": 0.50999,
    "recall_at_5": 0.56454
  }
}