{
  "dataset_revision": "6c6430d3a6d36f8d2a829195bc5dc94d7e063e53",
  "mteb_dataset_name": "CQADupstackUnixRetrieval",
  "mteb_version": "1.10.3",
  "test": {
    "evaluation_time": 421.29,
    "map_at_1": 0.28026,
    "map_at_10": 0.36604,
    "map_at_100": 0.37792,
    "map_at_1000": 0.37887,
    "map_at_20": 0.3731,
    "map_at_3": 0.33992,
    "map_at_5": 0.35747,
    "mrr_at_1": 0.33209,
    "mrr_at_10": 0.40917,
    "mrr_at_100": 0.41828,
    "mrr_at_1000": 0.41884,
    "mrr_at_20": 0.4149,
    "mrr_at_3": 0.38557,
    "mrr_at_5": 0.40185,
    "ndcg_at_1": 0.33209,
    "ndcg_at_10": 0.41491,
    "ndcg_at_100": 0.46806,
    "ndcg_at_1000": 0.48965,
    "ndcg_at_20": 0.43718,
    "ndcg_at_3": 0.37028,
    "ndcg_at_5": 0.39682,
    "precision_at_1": 0.33209,
    "precision_at_10": 0.06791,
    "precision_at_100": 0.01062,
    "precision_at_1000": 0.00135,
    "precision_at_20": 0.04016,
    "precision_at_3": 0.16667,
    "precision_at_5": 0.11959,
    "recall_at_1": 0.28026,
    "recall_at_10": 0.51929,
    "recall_at_100": 0.74842,
    "recall_at_1000": 0.90014,
    "recall_at_20": 0.5981,
    "recall_at_3": 0.39994,
    "recall_at_5": 0.4668
  }
}