{
  "dataset_revision": "f46a197baaae43b4f621051089b82a364682dfeb",
  "mteb_dataset_name": "CQADupstackAndroidRetrieval",
  "mteb_version": "1.10.3",
  "test": {
    "evaluation_time": 193.74,
    "map_at_1": 0.35249,
    "map_at_10": 0.46481,
    "map_at_100": 0.47828,
    "map_at_1000": 0.47932,
    "map_at_20": 0.47154,
    "map_at_3": 0.42926,
    "map_at_5": 0.45144,
    "mrr_at_1": 0.43777,
    "mrr_at_10": 0.52648,
    "mrr_at_100": 0.53275,
    "mrr_at_1000": 0.53307,
    "mrr_at_20": 0.52971,
    "mrr_at_3": 0.50072,
    "mrr_at_5": 0.51774,
    "ndcg_at_1": 0.43634,
    "ndcg_at_10": 0.52499,
    "ndcg_at_100": 0.57471,
    "ndcg_at_1000": 0.59144,
    "ndcg_at_20": 0.54125,
    "ndcg_at_3": 0.47682,
    "ndcg_at_5": 0.50347,
    "precision_at_1": 0.43634,
    "precision_at_10": 0.09728,
    "precision_at_100": 0.01544,
    "precision_at_1000": 0.00196,
    "precision_at_20": 0.05615,
    "precision_at_3": 0.22461,
    "precision_at_5": 0.16309,
    "recall_at_1": 0.35249,
    "recall_at_10": 0.63398,
    "recall_at_100": 0.84329,
    "recall_at_1000": 0.94844,
    "recall_at_20": 0.69086,
    "recall_at_3": 0.4978,
    "recall_at_5": 0.56994
  }
}