{
  "dataset_revision": "27a168819829fe9bcd655c2df245fb19452e8e06",
  "mteb_dataset_name": "FiQA2018",
  "mteb_version": "1.10.3",
  "test": {
    "evaluation_time": 340.32,
    "map_at_1": 0.19722,
    "map_at_10": 0.32359,
    "map_at_100": 0.34317,
    "map_at_1000": 0.34481,
    "map_at_20": 0.33484,
    "map_at_3": 0.28045,
    "map_at_5": 0.30498,
    "mrr_at_1": 0.38889,
    "mrr_at_10": 0.48243,
    "mrr_at_100": 0.49184,
    "mrr_at_1000": 0.49221,
    "mrr_at_20": 0.48916,
    "mrr_at_3": 0.45936,
    "mrr_at_5": 0.47178,
    "ndcg_at_1": 0.38889,
    "ndcg_at_10": 0.40366,
    "ndcg_at_100": 0.47325,
    "ndcg_at_1000": 0.50127,
    "ndcg_at_20": 0.43356,
    "ndcg_at_3": 0.3659,
    "ndcg_at_5": 0.37759,
    "precision_at_1": 0.38889,
    "precision_at_10": 0.11327,
    "precision_at_100": 0.01827,
    "precision_at_1000": 0.00233,
    "precision_at_20": 0.06813,
    "precision_at_3": 0.24486,
    "precision_at_5": 0.18148,
    "recall_at_1": 0.19722,
    "recall_at_10": 0.47599,
    "recall_at_100": 0.73066,
    "recall_at_1000": 0.8987,
    "recall_at_20": 0.57095,
    "recall_at_3": 0.33463,
    "recall_at_5": 0.3926
  }
}