{
  "dataset_revision": "ec0fa4fe99da2ff19ca1214b7966684033a58814",
  "mteb_dataset_name": "NFCorpus",
  "mteb_version": "1.10.3",
  "test": {
    "evaluation_time": 207.86,
    "map_at_1": 0.06334,
    "map_at_10": 0.14144,
    "map_at_100": 0.17492,
    "map_at_1000": 0.18933,
    "map_at_20": 0.15566,
    "map_at_3": 0.10338,
    "map_at_5": 0.12048,
    "mrr_at_1": 0.48607,
    "mrr_at_10": 0.56436,
    "mrr_at_100": 0.57018,
    "mrr_at_1000": 0.57063,
    "mrr_at_20": 0.56763,
    "mrr_at_3": 0.54592,
    "mrr_at_5": 0.56156,
    "ndcg_at_1": 0.46904,
    "ndcg_at_10": 0.36389,
    "ndcg_at_100": 0.32902,
    "ndcg_at_1000": 0.41634,
    "ndcg_at_20": 0.33915,
    "ndcg_at_3": 0.4164,
    "ndcg_at_5": 0.39554,
    "precision_at_1": 0.48297,
    "precision_at_10": 0.26811,
    "precision_at_100": 0.08136,
    "precision_at_1000": 0.0208,
    "precision_at_20": 0.19814,
    "precision_at_3": 0.38596,
    "precision_at_5": 0.33746,
    "recall_at_1": 0.06334,
    "recall_at_10": 0.17768,
    "recall_at_100": 0.32432,
    "recall_at_1000": 0.63847,
    "recall_at_20": 0.21277,
    "recall_at_3": 0.11203,
    "recall_at_5": 0.14321
  }
}