{
  "dataset_revision": "e4e08e0b7dbe3c8700f0daef558ff32256715259",
  "mteb_dataset_name": "QuoraRetrieval",
  "mteb_version": "1.10.3",
  "test": {
    "evaluation_time": 3200.77,
    "map_at_1": 0.7127,
    "map_at_10": 0.85151,
    "map_at_100": 0.85772,
    "map_at_1000": 0.8579,
    "map_at_20": 0.85565,
    "map_at_3": 0.82292,
    "map_at_5": 0.84116,
    "mrr_at_1": 0.8188,
    "mrr_at_10": 0.88032,
    "mrr_at_100": 0.88133,
    "mrr_at_1000": 0.88134,
    "mrr_at_20": 0.88112,
    "mrr_at_3": 0.87148,
    "mrr_at_5": 0.87785,
    "ndcg_at_1": 0.819,
    "ndcg_at_10": 0.88785,
    "ndcg_at_100": 0.89961,
    "ndcg_at_1000": 0.90062,
    "ndcg_at_20": 0.89429,
    "ndcg_at_3": 0.86132,
    "ndcg_at_5": 0.87642,
    "precision_at_1": 0.819,
    "precision_at_10": 0.13405,
    "precision_at_100": 0.01525,
    "precision_at_1000": 0.00157,
    "precision_at_20": 0.07105,
    "precision_at_3": 0.37613,
    "precision_at_5": 0.24692,
    "recall_at_1": 0.7127,
    "recall_at_10": 0.95583,
    "recall_at_100": 0.99564,
    "recall_at_1000": 0.99967,
    "recall_at_20": 0.97646,
    "recall_at_3": 0.87875,
    "recall_at_5": 0.92208
  }
}