{
  "dataset_revision": "f8c2fcf00f625baaa80f62ec5bd9e1fff3b8ae88",
  "mteb_dataset_name": "SCIDOCS",
  "mteb_version": "1.10.3",
  "test": {
    "evaluation_time": 216.61,
    "map_at_1": 0.05013,
    "map_at_10": 0.12383,
    "map_at_100": 0.14425,
    "map_at_1000": 0.14683,
    "map_at_20": 0.13475,
    "map_at_3": 0.09014,
    "map_at_5": 0.10633,
    "mrr_at_1": 0.247,
    "mrr_at_10": 0.35062,
    "mrr_at_100": 0.36142,
    "mrr_at_1000": 0.36195,
    "mrr_at_20": 0.35741,
    "mrr_at_3": 0.31817,
    "mrr_at_5": 0.33807,
    "ndcg_at_1": 0.247,
    "ndcg_at_10": 0.20511,
    "ndcg_at_100": 0.28273,
    "ndcg_at_1000": 0.32995,
    "ndcg_at_20": 0.2351,
    "ndcg_at_3": 0.19817,
    "ndcg_at_5": 0.17181,
    "precision_at_1": 0.247,
    "precision_at_10": 0.1049,
    "precision_at_100": 0.02155,
    "precision_at_1000": 0.00329,
    "precision_at_20": 0.0698,
    "precision_at_3": 0.184,
    "precision_at_5": 0.1494,
    "recall_at_1": 0.05013,
    "recall_at_10": 0.21228,
    "recall_at_100": 0.43742,
    "recall_at_1000": 0.66858,
    "recall_at_20": 0.28293,
    "recall_at_3": 0.11193,
    "recall_at_5": 0.15133
  }
}