{
  "dataset_revision": "f8c2fcf00f625baaa80f62ec5bd9e1fff3b8ae88",
  "mteb_dataset_name": "SCIDOCS",
  "mteb_version": "1.10.3",
  "test": {
    "evaluation_time": 190.56,
    "map_at_1": 0.04993,
    "map_at_10": 0.1237,
    "map_at_100": 0.14395,
    "map_at_1000": 0.14651,
    "map_at_20": 0.13442,
    "map_at_3": 0.08985,
    "map_at_5": 0.1058,
    "mrr_at_1": 0.246,
    "mrr_at_10": 0.35013,
    "mrr_at_100": 0.36063,
    "mrr_at_1000": 0.36115,
    "mrr_at_20": 0.35667,
    "mrr_at_3": 0.318,
    "mrr_at_5": 0.33625,
    "ndcg_at_1": 0.246,
    "ndcg_at_10": 0.20529,
    "ndcg_at_100": 0.28262,
    "ndcg_at_1000": 0.32989,
    "ndcg_at_20": 0.23487,
    "ndcg_at_3": 0.19804,
    "ndcg_at_5": 0.17053,
    "precision_at_1": 0.246,
    "precision_at_10": 0.1054,
    "precision_at_100": 0.02159,
    "precision_at_1000": 0.0033,
    "precision_at_20": 0.06985,
    "precision_at_3": 0.18433,
    "precision_at_5": 0.1478,
    "recall_at_1": 0.04993,
    "recall_at_10": 0.21333,
    "recall_at_100": 0.43822,
    "recall_at_1000": 0.67012,
    "recall_at_20": 0.28327,
    "recall_at_3": 0.11213,
    "recall_at_5": 0.14968
  }
}