{
  "dataset_revision": "bb9466bac8153a0349341eb1b22e06409e78ef4e",
  "mteb_dataset_name": "TRECCOVID",
  "mteb_version": "1.10.3",
  "test": {
    "evaluation_time": 896.66,
    "map_at_1": 0.00257,
    "map_at_10": 0.02004,
    "map_at_100": 0.11954,
    "map_at_1000": 0.2874,
    "map_at_20": 0.03602,
    "map_at_3": 0.00684,
    "map_at_5": 0.01097,
    "mrr_at_1": 0.94,
    "mrr_at_10": 0.96167,
    "mrr_at_100": 0.96167,
    "mrr_at_1000": 0.96167,
    "mrr_at_20": 0.96167,
    "mrr_at_3": 0.95667,
    "mrr_at_5": 0.96167,
    "ndcg_at_1": 0.87,
    "ndcg_at_10": 0.77634,
    "ndcg_at_100": 0.59546,
    "ndcg_at_1000": 0.5417,
    "ndcg_at_20": 0.736,
    "ndcg_at_3": 0.81989,
    "ndcg_at_5": 0.80006,
    "precision_at_1": 0.94,
    "precision_at_10": 0.82,
    "precision_at_100": 0.6122,
    "precision_at_1000": 0.23644,
    "precision_at_20": 0.772,
    "precision_at_3": 0.87333,
    "precision_at_5": 0.86,
    "recall_at_1": 0.00257,
    "recall_at_10": 0.02165,
    "recall_at_100": 0.15105,
    "recall_at_1000": 0.51303,
    "recall_at_20": 0.04025,
    "recall_at_3": 0.00702,
    "recall_at_5": 0.01151
  }
}