{
  "dataset_revision": "ad9991cb51e31e31e430383c75ffb2885547b5f0",
  "mteb_dataset_name": "CQADupstackEnglishRetrieval",
  "mteb_version": "1.10.3",
  "test": {
    "evaluation_time": 375.7,
    "map_at_1": 0.33043,
    "map_at_10": 0.43487,
    "map_at_100": 0.44724,
    "map_at_1000": 0.44844,
    "map_at_20": 0.44115,
    "map_at_3": 0.40556,
    "map_at_5": 0.42119,
    "mrr_at_1": 0.41656,
    "mrr_at_10": 0.49679,
    "mrr_at_100": 0.50306,
    "mrr_at_1000": 0.50347,
    "mrr_at_20": 0.5005,
    "mrr_at_3": 0.47654,
    "mrr_at_5": 0.48835,
    "ndcg_at_1": 0.41656,
    "ndcg_at_10": 0.49106,
    "ndcg_at_100": 0.53331,
    "ndcg_at_1000": 0.5516,
    "ndcg_at_20": 0.50596,
    "ndcg_at_3": 0.45295,
    "ndcg_at_5": 0.46938,
    "precision_at_1": 0.41656,
    "precision_at_10": 0.09204,
    "precision_at_100": 0.01462,
    "precision_at_1000": 0.00189,
    "precision_at_20": 0.05341,
    "precision_at_3": 0.21932,
    "precision_at_5": 0.15287,
    "recall_at_1": 0.33043,
    "recall_at_10": 0.58461,
    "recall_at_100": 0.76478,
    "recall_at_1000": 0.87971,
    "recall_at_20": 0.63877,
    "recall_at_3": 0.46578,
    "recall_at_5": 0.51562
  }
}