{
  "dataset_revision": "79531abbd1fb92d06c6d6315a0cbbbf5bb247ea4",
  "mteb_dataset_name": "CQADupstackPhysicsRetrieval",
  "mteb_version": "1.10.3",
  "test": {
    "evaluation_time": 253.35,
    "map_at_1": 0.31148,
    "map_at_10": 0.41562,
    "map_at_100": 0.42917,
    "map_at_1000": 0.43018,
    "map_at_20": 0.42316,
    "map_at_3": 0.38422,
    "map_at_5": 0.40316,
    "mrr_at_1": 0.37729,
    "mrr_at_10": 0.47296,
    "mrr_at_100": 0.48096,
    "mrr_at_1000": 0.48141,
    "mrr_at_20": 0.4777,
    "mrr_at_3": 0.44851,
    "mrr_at_5": 0.46396,
    "ndcg_at_1": 0.37825,
    "ndcg_at_10": 0.47391,
    "ndcg_at_100": 0.52854,
    "ndcg_at_1000": 0.54682,
    "ndcg_at_20": 0.4962,
    "ndcg_at_3": 0.42556,
    "ndcg_at_5": 0.45082,
    "precision_at_1": 0.37825,
    "precision_at_10": 0.08412,
    "precision_at_100": 0.01297,
    "precision_at_1000": 0.00161,
    "precision_at_20": 0.04947,
    "precision_at_3": 0.19987,
    "precision_at_5": 0.14206,
    "recall_at_1": 0.31148,
    "recall_at_10": 0.58885,
    "recall_at_100": 0.81485,
    "recall_at_1000": 0.93368,
    "recall_at_20": 0.66631,
    "recall_at_3": 0.45435,
    "recall_at_5": 0.51994
  }
}