{
  "dataset_revision": "6184bc1440d2dbc7612be22b50686b8826d22b32",
  "mteb_dataset_name": "CQADupstackProgrammersRetrieval",
  "mteb_version": "1.10.3",
  "test": {
    "evaluation_time": 328.04,
    "map_at_1": 0.29036,
    "map_at_10": 0.38744,
    "map_at_100": 0.40026,
    "map_at_1000": 0.4013,
    "map_at_20": 0.39443,
    "map_at_3": 0.35917,
    "map_at_5": 0.37648,
    "mrr_at_1": 0.3516,
    "mrr_at_10": 0.43919,
    "mrr_at_100": 0.44804,
    "mrr_at_1000": 0.44855,
    "mrr_at_20": 0.44423,
    "mrr_at_3": 0.418,
    "mrr_at_5": 0.43004,
    "ndcg_at_1": 0.35274,
    "ndcg_at_10": 0.44008,
    "ndcg_at_100": 0.49586,
    "ndcg_at_1000": 0.51695,
    "ndcg_at_20": 0.46173,
    "ndcg_at_3": 0.39797,
    "ndcg_at_5": 0.41898,
    "precision_at_1": 0.35274,
    "precision_at_10": 0.07751,
    "precision_at_100": 0.01216,
    "precision_at_1000": 0.00156,
    "precision_at_20": 0.04572,
    "precision_at_3": 0.18874,
    "precision_at_5": 0.13265,
    "recall_at_1": 0.29036,
    "recall_at_10": 0.54431,
    "recall_at_100": 0.78369,
    "recall_at_1000": 0.92439,
    "recall_at_20": 0.62094,
    "recall_at_3": 0.42526,
    "recall_at_5": 0.48236
  }
}