{
  "dataset_revision": "6184bc1440d2dbc7612be22b50686b8826d22b32",
  "mteb_dataset_name": "CQADupstackProgrammersRetrieval",
  "mteb_version": "1.10.3",
  "test": {
    "evaluation_time": 207.86,
    "map_at_1": 0.28459,
    "map_at_10": 0.3843,
    "map_at_100": 0.39714,
    "map_at_1000": 0.39814,
    "map_at_20": 0.39151,
    "map_at_3": 0.35412,
    "map_at_5": 0.37166,
    "mrr_at_1": 0.34475,
    "mrr_at_10": 0.43783,
    "mrr_at_100": 0.44635,
    "mrr_at_1000": 0.44686,
    "mrr_at_20": 0.44303,
    "mrr_at_3": 0.41457,
    "mrr_at_5": 0.42822,
    "ndcg_at_1": 0.34475,
    "ndcg_at_10": 0.43903,
    "ndcg_at_100": 0.49373,
    "ndcg_at_1000": 0.51472,
    "ndcg_at_20": 0.46134,
    "ndcg_at_3": 0.39241,
    "ndcg_at_5": 0.41461,
    "precision_at_1": 0.34475,
    "precision_at_10": 0.07785,
    "precision_at_100": 0.01218,
    "precision_at_1000": 0.00156,
    "precision_at_20": 0.04612,
    "precision_at_3": 0.18493,
    "precision_at_5": 0.13082,
    "recall_at_1": 0.28459,
    "recall_at_10": 0.54876,
    "recall_at_100": 0.7829,
    "recall_at_1000": 0.92482,
    "recall_at_20": 0.62818,
    "recall_at_3": 0.41904,
    "recall_at_5": 0.47741
  }
}