{
  "dataset_revision": "ec0fa4fe99da2ff19ca1214b7966684033a58814",
  "mteb_dataset_name": "NFCorpus",
  "mteb_version": "1.10.3",
  "test": {
    "evaluation_time": 82.56,
    "map_at_1": 0.06474,
    "map_at_10": 0.14222,
    "map_at_100": 0.17595,
    "map_at_1000": 0.19035,
    "map_at_20": 0.1567,
    "map_at_3": 0.10603,
    "map_at_5": 0.12096,
    "mrr_at_1": 0.47988,
    "mrr_at_10": 0.56014,
    "mrr_at_100": 0.5662,
    "mrr_at_1000": 0.56662,
    "mrr_at_20": 0.56334,
    "mrr_at_3": 0.54283,
    "mrr_at_5": 0.5566,
    "ndcg_at_1": 0.46594,
    "ndcg_at_10": 0.3637,
    "ndcg_at_100": 0.3294,
    "ndcg_at_1000": 0.4167,
    "ndcg_at_20": 0.33907,
    "ndcg_at_3": 0.41859,
    "ndcg_at_5": 0.39061,
    "precision_at_1": 0.47988,
    "precision_at_10": 0.26811,
    "precision_at_100": 0.08176,
    "precision_at_1000": 0.02085,
    "precision_at_20": 0.19768,
    "precision_at_3": 0.39009,
    "precision_at_5": 0.33127,
    "recall_at_1": 0.06474,
    "recall_at_10": 0.17713,
    "recall_at_100": 0.32383,
    "recall_at_1000": 0.63834,
    "recall_at_20": 0.21453,
    "recall_at_3": 0.11687,
    "recall_at_5": 0.14139
  }
}