{
  "dataset_revision": "e4e08e0b7dbe3c8700f0daef558ff32256715259",
  "mteb_dataset_name": "QuoraRetrieval",
  "mteb_version": "1.10.3",
  "test": {
    "evaluation_time": 3631.39,
    "map_at_1": 0.7139,
    "map_at_10": 0.85203,
    "map_at_100": 0.85812,
    "map_at_1000": 0.8583,
    "map_at_20": 0.856,
    "map_at_3": 0.82328,
    "map_at_5": 0.84143,
    "mrr_at_1": 0.8199,
    "mrr_at_10": 0.88107,
    "mrr_at_100": 0.88196,
    "mrr_at_1000": 0.88196,
    "mrr_at_20": 0.88172,
    "mrr_at_3": 0.87207,
    "mrr_at_5": 0.87833,
    "ndcg_at_1": 0.8196,
    "ndcg_at_10": 0.88848,
    "ndcg_at_100": 0.89992,
    "ndcg_at_1000": 0.90093,
    "ndcg_at_20": 0.89447,
    "ndcg_at_3": 0.86142,
    "ndcg_at_5": 0.87643,
    "precision_at_1": 0.8196,
    "precision_at_10": 0.13424,
    "precision_at_100": 0.01525,
    "precision_at_1000": 0.00157,
    "precision_at_20": 0.07103,
    "precision_at_3": 0.37603,
    "precision_at_5": 0.24664,
    "recall_at_1": 0.7139,
    "recall_at_10": 0.95678,
    "recall_at_100": 0.99565,
    "recall_at_1000": 0.99971,
    "recall_at_20": 0.97591,
    "recall_at_3": 0.87826,
    "recall_at_5": 0.92145
  }
}