{
  "dataset_revision": "0228b52cf27578f30900b9e5271d331663a030d7",
  "mteb_dataset_name": "SciFact",
  "mteb_version": "1.10.3",
  "test": {
    "evaluation_time": 124.89,
    "map_at_1": 0.60583,
    "map_at_10": 0.69214,
    "map_at_100": 0.69839,
    "map_at_1000": 0.69857,
    "map_at_20": 0.69631,
    "map_at_3": 0.6662,
    "map_at_5": 0.68285,
    "mrr_at_1": 0.63,
    "mrr_at_10": 0.70095,
    "mrr_at_100": 0.70581,
    "mrr_at_1000": 0.70598,
    "mrr_at_20": 0.70411,
    "mrr_at_3": 0.68222,
    "mrr_at_5": 0.69406,
    "ndcg_at_1": 0.63,
    "ndcg_at_10": 0.73136,
    "ndcg_at_100": 0.75797,
    "ndcg_at_1000": 0.76241,
    "ndcg_at_20": 0.74544,
    "ndcg_at_3": 0.6883,
    "ndcg_at_5": 0.7112,
    "precision_at_1": 0.63,
    "precision_at_10": 0.095,
    "precision_at_100": 0.01087,
    "precision_at_1000": 0.00112,
    "precision_at_20": 0.05067,
    "precision_at_3": 0.26444,
    "precision_at_5": 0.17533,
    "recall_at_1": 0.60583,
    "recall_at_10": 0.84078,
    "recall_at_100": 0.96,
    "recall_at_1000": 0.99333,
    "recall_at_20": 0.89589,
    "recall_at_3": 0.72617,
    "recall_at_5": 0.7805
  }
}