{
  "dataset_revision": "c22ab2a51041ffd869aaddef7af8d8215647e41a",
  "mteb_dataset_name": "ArguAna",
  "mteb_version": "1.6.34",
  "test": {
    "evaluation_time": 24.16,
    "map_at_1": 0.23542,
    "map_at_10": 0.38681,
    "map_at_100": 0.3971,
    "map_at_1000": 0.39725,
    "map_at_20": 0.39453,
    "map_at_3": 0.33487,
    "map_at_5": 0.36453,
    "mrr_at_1": 0.24111,
    "mrr_at_10": 0.38956,
    "mrr_at_100": 0.39987,
    "mrr_at_1000": 0.40002,
    "mrr_at_20": 0.39733,
    "mrr_at_3": 0.33748,
    "mrr_at_5": 0.36711,
    "ndcg_at_1": 0.23542,
    "ndcg_at_10": 0.47611,
    "ndcg_at_100": 0.52177,
    "ndcg_at_1000": 0.52525,
    "ndcg_at_20": 0.50396,
    "ndcg_at_3": 0.36826,
    "ndcg_at_5": 0.42209,
    "precision_at_1": 0.23542,
    "precision_at_10": 0.07639,
    "precision_at_100": 0.00968,
    "precision_at_1000": 0.00099,
    "precision_at_20": 0.04367,
    "precision_at_3": 0.15505,
    "precision_at_5": 0.11935,
    "recall_at_1": 0.23542,
    "recall_at_10": 0.76387,
    "recall_at_100": 0.96799,
    "recall_at_1000": 0.99431,
    "recall_at_20": 0.8734,
    "recall_at_3": 0.46515,
    "recall_at_5": 0.59673
  }
}