{
  "dataset_revision": "6184bc1440d2dbc7612be22b50686b8826d22b32",
  "mteb_dataset_name": "CQADupstackProgrammersRetrieval",
  "mteb_version": "1.6.8",
  "test": {
    "evaluation_time": 17.56,
    "map_at_1": 0.27328,
    "map_at_10": 0.36503,
    "map_at_100": 0.37716,
    "map_at_1000": 0.37827,
    "map_at_3": 0.33866,
    "map_at_5": 0.35437,
    "mrr_at_1": 0.33904,
    "mrr_at_10": 0.41968,
    "mrr_at_100": 0.42865,
    "mrr_at_1000": 0.42924,
    "mrr_at_3": 0.40011,
    "mrr_at_5": 0.41193,
    "ndcg_at_1": 0.3379,
    "ndcg_at_10": 0.41554,
    "ndcg_at_100": 0.47011,
    "ndcg_at_1000": 0.49295,
    "ndcg_at_3": 0.37617,
    "ndcg_at_5": 0.39566,
    "precision_at_1": 0.3379,
    "precision_at_10": 0.07374,
    "precision_at_100": 0.01166,
    "precision_at_1000": 0.00153,
    "precision_at_3": 0.17618,
    "precision_at_5": 0.12397,
    "recall_at_1": 0.27328,
    "recall_at_10": 0.51097,
    "recall_at_100": 0.75014,
    "recall_at_1000": 0.9038,
    "recall_at_3": 0.39956,
    "recall_at_5": 0.45279
  }
}