{
  "dataset_revision": "79531abbd1fb92d06c6d6315a0cbbbf5bb247ea4",
  "mteb_dataset_name": "CQADupstackPhysicsRetrieval",
  "mteb_version": "1.6.8",
  "test": {
    "evaluation_time": 17.64,
    "map_at_1": 0.29964,
    "map_at_10": 0.39836,
    "map_at_100": 0.41022,
    "map_at_1000": 0.41133,
    "map_at_3": 0.37157,
    "map_at_5": 0.38737,
    "mrr_at_1": 0.36959,
    "mrr_at_10": 0.45598,
    "mrr_at_100": 0.46368,
    "mrr_at_1000": 0.46422,
    "mrr_at_3": 0.43551,
    "mrr_at_5": 0.4474,
    "ndcg_at_1": 0.36862,
    "ndcg_at_10": 0.4534,
    "ndcg_at_100": 0.50236,
    "ndcg_at_1000": 0.52426,
    "ndcg_at_3": 0.41267,
    "ndcg_at_5": 0.43253,
    "precision_at_1": 0.36862,
    "precision_at_10": 0.07969,
    "precision_at_100": 0.01216,
    "precision_at_1000": 0.00158,
    "precision_at_3": 0.19313,
    "precision_at_5": 0.13474,
    "recall_at_1": 0.29964,
    "recall_at_10": 0.55908,
    "recall_at_100": 0.76336,
    "recall_at_1000": 0.90983,
    "recall_at_3": 0.44402,
    "recall_at_5": 0.49675
  }
}