{
  "dataset_revision": "46989137a86843e03a6195de44b09deda022eec7",
  "mteb_dataset_name": "CQADupstackTexRetrieval",
  "mteb_version": "1.6.8",
  "test": {
    "evaluation_time": 35.21,
    "map_at_1": 0.16735,
    "map_at_10": 0.22971,
    "map_at_100": 0.23941,
    "map_at_1000": 0.24057,
    "map_at_3": 0.20922,
    "map_at_5": 0.22025,
    "mrr_at_1": 0.20131,
    "mrr_at_10": 0.26596,
    "mrr_at_100": 0.27455,
    "mrr_at_1000": 0.27532,
    "mrr_at_3": 0.24576,
    "mrr_at_5": 0.25658,
    "ndcg_at_1": 0.202,
    "ndcg_at_10": 0.27055,
    "ndcg_at_100": 0.31796,
    "ndcg_at_1000": 0.34706,
    "ndcg_at_3": 0.23315,
    "ndcg_at_5": 0.24979,
    "precision_at_1": 0.202,
    "precision_at_10": 0.04804,
    "precision_at_100": 0.00836,
    "precision_at_1000": 0.00126,
    "precision_at_3": 0.10794,
    "precision_at_5": 0.07736,
    "recall_at_1": 0.16735,
    "recall_at_10": 0.35786,
    "recall_at_100": 0.572,
    "recall_at_1000": 0.78232,
    "recall_at_3": 0.25285,
    "recall_at_5": 0.29607
  }
}