{
  "dataset_revision": "6c6430d3a6d36f8d2a829195bc5dc94d7e063e53",
  "mteb_dataset_name": "CQADupstackUnixRetrieval",
  "mteb_version": "1.6.8",
  "test": {
    "evaluation_time": 23.77,
    "map_at_1": 0.25595,
    "map_at_10": 0.33502,
    "map_at_100": 0.34578,
    "map_at_1000": 0.34688,
    "map_at_3": 0.31416,
    "map_at_5": 0.32562,
    "mrr_at_1": 0.29944,
    "mrr_at_10": 0.3774,
    "mrr_at_100": 0.38604,
    "mrr_at_1000": 0.38674,
    "mrr_at_3": 0.35805,
    "mrr_at_5": 0.36906,
    "ndcg_at_1": 0.29944,
    "ndcg_at_10": 0.38248,
    "ndcg_at_100": 0.43123,
    "ndcg_at_1000": 0.45696,
    "ndcg_at_3": 0.34417,
    "ndcg_at_5": 0.3616,
    "precision_at_1": 0.29944,
    "precision_at_10": 0.06166,
    "precision_at_100": 0.00962,
    "precision_at_1000": 0.00129,
    "precision_at_3": 0.15454,
    "precision_at_5": 0.10522,
    "recall_at_1": 0.25595,
    "recall_at_10": 0.48471,
    "recall_at_100": 0.69348,
    "recall_at_1000": 0.87592,
    "recall_at_3": 0.37797,
    "recall_at_5": 0.42432
  }
}