{
  "dataset_revision": "4ffe81d471b1924886b33c7567bfb200e9eec5c4",
  "mteb_dataset_name": "CQADupstackWordpressRetrieval",
  "mteb_version": "1.6.8",
  "test": {
    "evaluation_time": 23.61,
    "map_at_1": 0.21599,
    "map_at_10": 0.28119,
    "map_at_100": 0.2913,
    "map_at_1000": 0.29219,
    "map_at_3": 0.25721,
    "map_at_5": 0.27161,
    "mrr_at_1": 0.2329,
    "mrr_at_10": 0.30229,
    "mrr_at_100": 0.31089,
    "mrr_at_1000": 0.31161,
    "mrr_at_3": 0.2788,
    "mrr_at_5": 0.29304,
    "ndcg_at_1": 0.2329,
    "ndcg_at_10": 0.32363,
    "ndcg_at_100": 0.37285,
    "ndcg_at_1000": 0.39597,
    "ndcg_at_3": 0.27642,
    "ndcg_at_5": 0.30057,
    "precision_at_1": 0.2329,
    "precision_at_10": 0.04972,
    "precision_at_100": 0.00808,
    "precision_at_1000": 0.00111,
    "precision_at_3": 0.1146,
    "precision_at_5": 0.08244,
    "recall_at_1": 0.21599,
    "recall_at_10": 0.43509,
    "recall_at_100": 0.66121,
    "recall_at_1000": 0.83275,
    "recall_at_3": 0.30619,
    "recall_at_5": 0.36448
  }
}