{
  "dataset_revision": "4885aa143210c98657558c04aaf3dc47cfb54340",
  "mteb_dataset_name": "CQADupstackGamingRetrieval",
  "mteb_version": "1.6.8",
  "test": {
    "evaluation_time": 15.76,
    "map_at_1": 0.43664,
    "map_at_10": 0.55195,
    "map_at_100": 0.56163,
    "map_at_1000": 0.56211,
    "map_at_3": 0.52316,
    "map_at_5": 0.53859,
    "mrr_at_1": 0.4953,
    "mrr_at_10": 0.5866,
    "mrr_at_100": 0.59288,
    "mrr_at_1000": 0.59313,
    "mrr_at_3": 0.56573,
    "mrr_at_5": 0.57817,
    "ndcg_at_1": 0.49592,
    "ndcg_at_10": 0.60416,
    "ndcg_at_100": 0.64237,
    "ndcg_at_1000": 0.65286,
    "ndcg_at_3": 0.55773,
    "ndcg_at_5": 0.57966,
    "precision_at_1": 0.49592,
    "precision_at_10": 0.09417,
    "precision_at_100": 0.01219,
    "precision_at_1000": 0.00135,
    "precision_at_3": 0.24389,
    "precision_at_5": 0.16414,
    "recall_at_1": 0.43664,
    "recall_at_10": 0.72166,
    "recall_at_100": 0.88674,
    "recall_at_1000": 0.96191,
    "recall_at_3": 0.59872,
    "recall_at_5": 0.65327
  }
}