{
  "dataset_revision": "ad9991cb51e31e31e430383c75ffb2885547b5f0",
  "mteb_dataset_name": "CQADupstackEnglishRetrieval",
  "mteb_version": "1.6.8",
  "test": {
    "evaluation_time": 15.6,
    "map_at_1": 0.31435,
    "map_at_10": 0.40992,
    "map_at_100": 0.42252,
    "map_at_1000": 0.42369,
    "map_at_3": 0.38258,
    "map_at_5": 0.39862,
    "mrr_at_1": 0.39682,
    "mrr_at_10": 0.47295,
    "mrr_at_100": 0.48003,
    "mrr_at_1000": 0.48049,
    "mrr_at_3": 0.45467,
    "mrr_at_5": 0.4655,
    "ndcg_at_1": 0.39682,
    "ndcg_at_10": 0.46267,
    "ndcg_at_100": 0.50593,
    "ndcg_at_1000": 0.5258,
    "ndcg_at_3": 0.42825,
    "ndcg_at_5": 0.4449,
    "precision_at_1": 0.39682,
    "precision_at_10": 0.08611,
    "precision_at_100": 0.01364,
    "precision_at_1000": 0.0018,
    "precision_at_3": 0.20637,
    "precision_at_5": 0.1451,
    "recall_at_1": 0.31435,
    "recall_at_10": 0.54541,
    "recall_at_100": 0.72713,
    "recall_at_1000": 0.85484,
    "recall_at_3": 0.43916,
    "recall_at_5": 0.48862
  }
}