{
  "dataset_revision": "90fceea13679c63fe563ded68f3b6f06e50061de",
  "mteb_dataset_name": "CQADupstackMathematicaRetrieval",
  "mteb_version": "1.6.8",
  "test": {
    "evaluation_time": 17.44,
    "map_at_1": 0.16444,
    "map_at_10": 0.22398,
    "map_at_100": 0.23423,
    "map_at_1000": 0.2355,
    "map_at_3": 0.2002,
    "map_at_5": 0.21197,
    "mrr_at_1": 0.20025,
    "mrr_at_10": 0.26687,
    "mrr_at_100": 0.27596,
    "mrr_at_1000": 0.27668,
    "mrr_at_3": 0.24129,
    "mrr_at_5": 0.25609,
    "ndcg_at_1": 0.20025,
    "ndcg_at_10": 0.26845,
    "ndcg_at_100": 0.32004,
    "ndcg_at_1000": 0.35112,
    "ndcg_at_3": 0.22312,
    "ndcg_at_5": 0.24266,
    "precision_at_1": 0.20025,
    "precision_at_10": 0.0495,
    "precision_at_100": 0.00864,
    "precision_at_1000": 0.00129,
    "precision_at_3": 0.10199,
    "precision_at_5": 0.07637,
    "recall_at_1": 0.16444,
    "recall_at_10": 0.36407,
    "recall_at_100": 0.59299,
    "recall_at_1000": 0.81517,
    "recall_at_3": 0.23981,
    "recall_at_5": 0.28802
  }
}