{
  "dataset_revision": "f46a197baaae43b4f621051089b82a364682dfeb",
  "mteb_dataset_name": "CQADupstackAndroidRetrieval",
  "mteb_version": "1.6.8",
  "test": {
    "evaluation_time": 12.76,
    "map_at_1": 0.33654,
    "map_at_10": 0.43535,
    "map_at_100": 0.45019,
    "map_at_1000": 0.45145,
    "map_at_3": 0.40137,
    "map_at_5": 0.42105,
    "mrr_at_1": 0.41202,
    "mrr_at_10": 0.4991,
    "mrr_at_100": 0.50689,
    "mrr_at_1000": 0.50729,
    "mrr_at_3": 0.47377,
    "mrr_at_5": 0.48987,
    "ndcg_at_1": 0.41202,
    "ndcg_at_10": 0.4948,
    "ndcg_at_100": 0.5475,
    "ndcg_at_1000": 0.567,
    "ndcg_at_3": 0.44751,
    "ndcg_at_5": 0.47037,
    "precision_at_1": 0.41202,
    "precision_at_10": 0.09242,
    "precision_at_100": 0.01484,
    "precision_at_1000": 0.00195,
    "precision_at_3": 0.21078,
    "precision_at_5": 0.1525,
    "recall_at_1": 0.33654,
    "recall_at_10": 0.59892,
    "recall_at_100": 0.81885,
    "recall_at_1000": 0.94259,
    "recall_at_3": 0.45705,
    "recall_at_5": 0.52271
  }
}