{
  "dataset_revision": "65ac3a16b8e91f9cee4c9828cc7c335575432a2a",
  "mteb_dataset_name": "CQADupstackStatsRetrieval",
  "mteb_version": "1.6.8",
  "test": {
    "evaluation_time": 20.5,
    "map_at_1": 0.24084,
    "map_at_10": 0.30851,
    "map_at_100": 0.31681,
    "map_at_1000": 0.31776,
    "map_at_3": 0.28618,
    "map_at_5": 0.29952,
    "mrr_at_1": 0.26994,
    "mrr_at_10": 0.33482,
    "mrr_at_100": 0.34253,
    "mrr_at_1000": 0.34323,
    "mrr_at_3": 0.31365,
    "mrr_at_5": 0.32638,
    "ndcg_at_1": 0.2684,
    "ndcg_at_10": 0.3493,
    "ndcg_at_100": 0.39045,
    "ndcg_at_1000": 0.41456,
    "ndcg_at_3": 0.30776,
    "ndcg_at_5": 0.32905,
    "precision_at_1": 0.2684,
    "precision_at_10": 0.0546,
    "precision_at_100": 0.00807,
    "precision_at_1000": 0.00109,
    "precision_at_3": 0.12986,
    "precision_at_5": 0.09172,
    "recall_at_1": 0.24084,
    "recall_at_10": 0.44948,
    "recall_at_100": 0.63558,
    "recall_at_1000": 0.81158,
    "recall_at_3": 0.3358,
    "recall_at_5": 0.38907
  }
}