{
  "dataset_revision": "c0f706b76e590d620bd6618b3ca8efdd34e2d659",
  "dev": {
    "evaluation_time": 561.94,
    "map_at_1": 0.07947,
    "map_at_10": 0.17606,
    "map_at_100": 0.24711,
    "map_at_1000": 0.26062,
    "map_at_3": 0.12415,
    "map_at_5": 0.14281,
    "mrr_at_1": 0.59701,
    "mrr_at_10": 0.68847,
    "mrr_at_100": 0.6915,
    "mrr_at_1000": 0.69158,
    "mrr_at_3": 0.66667,
    "mrr_at_5": 0.68532,
    "ndcg_at_1": 0.5,
    "ndcg_at_10": 0.39598,
    "ndcg_at_100": 0.43334,
    "ndcg_at_1000": 0.5021,
    "ndcg_at_3": 0.45251,
    "ndcg_at_5": 0.42826,
    "precision_at_1": 0.59701,
    "precision_at_10": 0.31642,
    "precision_at_100": 0.0891,
    "precision_at_1000": 0.01488,
    "precision_at_3": 0.46766,
    "precision_at_5": 0.41194,
    "recall_at_1": 0.07947,
    "recall_at_10": 0.23297,
    "recall_at_100": 0.4723,
    "recall_at_1000": 0.69659,
    "recall_at_3": 0.13957,
    "recall_at_5": 0.167
  },
  "mteb_dataset_name": "DBPedia",
  "mteb_version": "1.6.8",
  "test": {
    "evaluation_time": 593.81,
    "map_at_1": 0.06506,
    "map_at_10": 0.14993,
    "map_at_100": 0.20209,
    "map_at_1000": 0.21305,
    "map_at_3": 0.11005,
    "map_at_5": 0.12741,
    "mrr_at_1": 0.53,
    "mrr_at_10": 0.61829,
    "mrr_at_100": 0.62381,
    "mrr_at_1000": 0.6241,
    "mrr_at_3": 0.59917,
    "mrr_at_5": 0.61317,
    "ndcg_at_1": 0.42,
    "ndcg_at_10": 0.32377,
    "ndcg_at_100": 0.34949,
    "ndcg_at_1000": 0.41444,
    "ndcg_at_3": 0.36529,
    "ndcg_at_5": 0.34534,
    "precision_at_1": 0.53,
    "precision_at_10": 0.25975,
    "precision_at_100": 0.07728,
    "precision_at_1000": 0.01604,
    "precision_at_3": 0.4025,
    "precision_at_5": 0.344,
    "recall_at_1": 0.06506,
    "recall_at_10": 0.19611,
    "recall_at_100": 0.39495,
    "recall_at_1000": 0.60621,
    "recall_at_3": 0.12885,
    "recall_at_5": 0.15629
  }
}