{
  "dataset_revision": "4885aa143210c98657558c04aaf3dc47cfb54340",
  "mteb_dataset_name": "CQADupstackGamingRetrieval",
  "mteb_version": "1.10.3",
  "test": {
    "evaluation_time": 492.55,
    "map_at_1": 0.4314,
    "map_at_10": 0.55896,
    "map_at_100": 0.56808,
    "map_at_1000": 0.56856,
    "map_at_20": 0.56441,
    "map_at_3": 0.52716,
    "map_at_5": 0.54559,
    "mrr_at_1": 0.49028,
    "mrr_at_10": 0.59183,
    "mrr_at_100": 0.59747,
    "mrr_at_1000": 0.5977,
    "mrr_at_20": 0.5953,
    "mrr_at_3": 0.57011,
    "mrr_at_5": 0.58334,
    "ndcg_at_1": 0.49028,
    "ndcg_at_10": 0.61643,
    "ndcg_at_100": 0.65138,
    "ndcg_at_1000": 0.6613,
    "ndcg_at_20": 0.63156,
    "ndcg_at_3": 0.56511,
    "ndcg_at_5": 0.59106,
    "precision_at_1": 0.49028,
    "precision_at_10": 0.09755,
    "precision_at_100": 0.01244,
    "precision_at_1000": 0.00136,
    "precision_at_20": 0.05373,
    "precision_at_3": 0.25057,
    "precision_at_5": 0.17053,
    "recall_at_1": 0.4314,
    "recall_at_10": 0.75181,
    "recall_at_100": 0.90192,
    "recall_at_1000": 0.97268,
    "recall_at_20": 0.80733,
    "recall_at_3": 0.61547,
    "recall_at_5": 0.67895
  }
}