{
  "dataset_revision": "27a168819829fe9bcd655c2df245fb19452e8e06",
  "dev": {
    "evaluation_time": 72.53,
    "map_at_1": 0.25667,
    "map_at_10": 0.37942,
    "map_at_100": 0.39773,
    "map_at_1000": 0.39924,
    "map_at_20": 0.39004,
    "map_at_3": 0.33226,
    "map_at_5": 0.35715,
    "mrr_at_1": 0.45,
    "mrr_at_10": 0.53317,
    "mrr_at_100": 0.54004,
    "mrr_at_1000": 0.54041,
    "mrr_at_20": 0.53742,
    "mrr_at_3": 0.51067,
    "mrr_at_5": 0.52387,
    "ndcg_at_1": 0.452,
    "ndcg_at_10": 0.45863,
    "ndcg_at_100": 0.51883,
    "ndcg_at_1000": 0.54415,
    "ndcg_at_20": 0.48345,
    "ndcg_at_3": 0.41611,
    "ndcg_at_5": 0.42853,
    "precision_at_1": 0.452,
    "precision_at_10": 0.1194,
    "precision_at_100": 0.0183,
    "precision_at_1000": 0.00226,
    "precision_at_20": 0.0711,
    "precision_at_3": 0.25933,
    "precision_at_5": 0.1916,
    "recall_at_1": 0.25667,
    "recall_at_10": 0.53058,
    "recall_at_100": 0.75267,
    "recall_at_1000": 0.90884,
    "recall_at_20": 0.60512,
    "recall_at_3": 0.37226,
    "recall_at_5": 0.43747
  },
  "mteb_dataset_name": "FiQA2018",
  "mteb_version": "1.8.11",
  "test": {
    "evaluation_time": 61.78,
    "map_at_1": 0.20902,
    "map_at_10": 0.34334,
    "map_at_100": 0.36262,
    "map_at_1000": 0.36441,
    "map_at_20": 0.35386,
    "map_at_3": 0.29577,
    "map_at_5": 0.32408,
    "mrr_at_1": 0.41358,
    "mrr_at_10": 0.50417,
    "mrr_at_100": 0.51314,
    "mrr_at_1000": 0.51345,
    "mrr_at_20": 0.51033,
    "mrr_at_3": 0.48174,
    "mrr_at_5": 0.49601,
    "ndcg_at_1": 0.41667,
    "ndcg_at_10": 0.42359,
    "ndcg_at_100": 0.4924,
    "ndcg_at_1000": 0.52094,
    "ndcg_at_20": 0.45126,
    "ndcg_at_3": 0.38619,
    "ndcg_at_5": 0.40035,
    "precision_at_1": 0.41667,
    "precision_at_10": 0.11929,
    "precision_at_100": 0.0189,
    "precision_at_1000": 0.0024,
    "precision_at_20": 0.07099,
    "precision_at_3": 0.2608,
    "precision_at_5": 0.19599,
    "recall_at_1": 0.20902,
    "recall_at_10": 0.49286,
    "recall_at_100": 0.74683,
    "recall_at_1000": 0.91706,
    "recall_at_20": 0.57959,
    "recall_at_3": 0.3478,
    "recall_at_5": 0.41451
  },
  "train": {
    "evaluation_time": 90.27,
    "map_at_1": 0.21927,
    "map_at_10": 0.35399,
    "map_at_100": 0.37229,
    "map_at_1000": 0.37393,
    "map_at_20": 0.36397,
    "map_at_3": 0.31122,
    "map_at_5": 0.33469,
    "mrr_at_1": 0.41582,
    "mrr_at_10": 0.50313,
    "mrr_at_100": 0.51095,
    "mrr_at_1000": 0.51135,
    "mrr_at_20": 0.50778,
    "mrr_at_3": 0.47979,
    "mrr_at_5": 0.49243,
    "ndcg_at_1": 0.41473,
    "ndcg_at_10": 0.43141,
    "ndcg_at_100": 0.4961,
    "ndcg_at_1000": 0.52401,
    "ndcg_at_20": 0.4559,
    "ndcg_at_3": 0.39284,
    "ndcg_at_5": 0.40478,
    "precision_at_1": 0.41473,
    "precision_at_10": 0.11665,
    "precision_at_100": 0.01841,
    "precision_at_1000": 0.00233,
    "precision_at_20": 0.06897,
    "precision_at_3": 0.25812,
    "precision_at_5": 0.1884,
    "recall_at_1": 0.21927,
    "recall_at_10": 0.50331,
    "recall_at_100": 0.74639,
    "recall_at_1000": 0.91558,
    "recall_at_20": 0.58048,
    "recall_at_3": 0.36171,
    "recall_at_5": 0.42089
  }
}