{
  "dataset_revision": "c22ab2a51041ffd869aaddef7af8d8215647e41a",
  "mteb_dataset_name": "ArguAna",
  "mteb_version": "1.10.15",
  "test": {
    "evaluation_time": 10.24,
    "map_at_1": 0.24253,
    "map_at_10": 0.38947,
    "map_at_100": 0.4013,
    "map_at_1000": 0.40141,
    "map_at_20": 0.39869,
    "map_at_3": 0.33879,
    "map_at_5": 0.3651,
    "mrr_at_1": 0.25107,
    "mrr_at_10": 0.39373,
    "mrr_at_100": 0.40558,
    "mrr_at_1000": 0.4057,
    "mrr_at_20": 0.40295,
    "mrr_at_3": 0.34305,
    "mrr_at_5": 0.37019,
    "ndcg_at_1": 0.24253,
    "ndcg_at_10": 0.47706,
    "ndcg_at_100": 0.52682,
    "ndcg_at_1000": 0.52953,
    "ndcg_at_20": 0.50997,
    "ndcg_at_3": 0.37065,
    "ndcg_at_5": 0.41824,
    "precision_at_1": 0.24253,
    "precision_at_10": 0.07603,
    "precision_at_100": 0.00976,
    "precision_at_1000": 0.001,
    "precision_at_20": 0.04445,
    "precision_at_3": 0.15434,
    "precision_at_5": 0.11579,
    "recall_at_1": 0.24253,
    "recall_at_10": 0.76031,
    "recall_at_100": 0.97582,
    "recall_at_1000": 0.99644,
    "recall_at_20": 0.88905,
    "recall_at_3": 0.46302,
    "recall_at_5": 0.57895
  }
}