{
  "dataset_revision": "27a168819829fe9bcd655c2df245fb19452e8e06",
  "dev": {
    "evaluation_time": 27.59,
    "map_at_1": 0.23901,
    "map_at_10": 0.34402,
    "map_at_100": 0.36333,
    "map_at_1000": 0.36486,
    "map_at_20": 0.35533,
    "map_at_3": 0.30555,
    "map_at_5": 0.32637,
    "mrr_at_1": 0.414,
    "mrr_at_10": 0.49028,
    "mrr_at_100": 0.49922,
    "mrr_at_1000": 0.49965,
    "mrr_at_20": 0.4964,
    "mrr_at_3": 0.47233,
    "mrr_at_5": 0.48203,
    "ndcg_at_1": 0.42,
    "ndcg_at_10": 0.41524,
    "ndcg_at_100": 0.48199,
    "ndcg_at_1000": 0.50858,
    "ndcg_at_20": 0.44433,
    "ndcg_at_3": 0.38354,
    "ndcg_at_5": 0.39071,
    "precision_at_1": 0.42,
    "precision_at_10": 0.1068,
    "precision_at_100": 0.01742,
    "precision_at_1000": 0.0022,
    "precision_at_20": 0.0657,
    "precision_at_3": 0.23733,
    "precision_at_5": 0.1728,
    "recall_at_1": 0.23901,
    "recall_at_10": 0.47262,
    "recall_at_100": 0.72,
    "recall_at_1000": 0.88518,
    "recall_at_20": 0.56476,
    "recall_at_3": 0.34287,
    "recall_at_5": 0.3936
  },
  "mteb_dataset_name": "FiQA2018",
  "mteb_version": "1.10.13",
  "test": {
    "evaluation_time": 27.95,
    "map_at_1": 0.19568,
    "map_at_10": 0.31743,
    "map_at_100": 0.33452,
    "map_at_1000": 0.33645,
    "map_at_20": 0.32721,
    "map_at_3": 0.27501,
    "map_at_5": 0.2971,
    "mrr_at_1": 0.3966,
    "mrr_at_10": 0.48095,
    "mrr_at_100": 0.48864,
    "mrr_at_1000": 0.4891,
    "mrr_at_20": 0.48564,
    "mrr_at_3": 0.45679,
    "mrr_at_5": 0.4696,
    "ndcg_at_1": 0.39969,
    "ndcg_at_10": 0.39782,
    "ndcg_at_100": 0.4582,
    "ndcg_at_1000": 0.49127,
    "ndcg_at_20": 0.42179,
    "ndcg_at_3": 0.35919,
    "ndcg_at_5": 0.36867,
    "precision_at_1": 0.39969,
    "precision_at_10": 0.11111,
    "precision_at_100": 0.01745,
    "precision_at_1000": 0.00232,
    "precision_at_20": 0.0659,
    "precision_at_3": 0.24074,
    "precision_at_5": 0.175,
    "recall_at_1": 0.19568,
    "recall_at_10": 0.47137,
    "recall_at_100": 0.69089,
    "recall_at_1000": 0.88907,
    "recall_at_20": 0.54473,
    "recall_at_3": 0.32295,
    "recall_at_5": 0.3797
  },
  "train": {
    "evaluation_time": 38.5,
    "map_at_1": 0.20552,
    "map_at_10": 0.32715,
    "map_at_100": 0.34454,
    "map_at_1000": 0.34624,
    "map_at_20": 0.33656,
    "map_at_3": 0.28773,
    "map_at_5": 0.30973,
    "mrr_at_1": 0.38727,
    "mrr_at_10": 0.47254,
    "mrr_at_100": 0.48075,
    "mrr_at_1000": 0.48119,
    "mrr_at_20": 0.47745,
    "mrr_at_3": 0.44885,
    "mrr_at_5": 0.46278,
    "ndcg_at_1": 0.38782,
    "ndcg_at_10": 0.40192,
    "ndcg_at_100": 0.46608,
    "ndcg_at_1000": 0.49589,
    "ndcg_at_20": 0.42547,
    "ndcg_at_3": 0.36445,
    "ndcg_at_5": 0.37746,
    "precision_at_1": 0.38782,
    "precision_at_10": 0.10765,
    "precision_at_100": 0.01746,
    "precision_at_1000": 0.00227,
    "precision_at_20": 0.06402,
    "precision_at_3": 0.23752,
    "precision_at_5": 0.17407,
    "recall_at_1": 0.20552,
    "recall_at_10": 0.47038,
    "recall_at_100": 0.71359,
    "recall_at_1000": 0.89585,
    "recall_at_20": 0.54431,
    "recall_at_3": 0.33477,
    "recall_at_5": 0.39459
  }
}