{
  "dataset_revision": "27a168819829fe9bcd655c2df245fb19452e8e06",
  "dev": {
    "evaluation_time": 35.17,
    "map_at_1": 0.24314,
    "map_at_10": 0.34524,
    "map_at_100": 0.3632,
    "map_at_1000": 0.36481,
    "map_at_20": 0.35465,
    "map_at_3": 0.30534,
    "map_at_5": 0.32367,
    "mrr_at_1": 0.424,
    "mrr_at_10": 0.49666,
    "mrr_at_100": 0.50377,
    "mrr_at_1000": 0.5043,
    "mrr_at_20": 0.5004,
    "mrr_at_3": 0.47733,
    "mrr_at_5": 0.48513,
    "ndcg_at_1": 0.422,
    "ndcg_at_10": 0.41835,
    "ndcg_at_100": 0.48091,
    "ndcg_at_1000": 0.50917,
    "ndcg_at_20": 0.44135,
    "ndcg_at_3": 0.38266,
    "ndcg_at_5": 0.38723,
    "precision_at_1": 0.422,
    "precision_at_10": 0.1078,
    "precision_at_100": 0.01732,
    "precision_at_1000": 0.0022,
    "precision_at_20": 0.0643,
    "precision_at_3": 0.23333,
    "precision_at_5": 0.1664,
    "recall_at_1": 0.24314,
    "recall_at_10": 0.47921,
    "recall_at_100": 0.71148,
    "recall_at_1000": 0.88713,
    "recall_at_20": 0.55059,
    "recall_at_3": 0.34236,
    "recall_at_5": 0.38736
  },
  "mteb_dataset_name": "FiQA2018",
  "mteb_version": "1.10.15",
  "test": {
    "evaluation_time": 35.61,
    "map_at_1": 0.20385,
    "map_at_10": 0.32335,
    "map_at_100": 0.34121,
    "map_at_1000": 0.34308,
    "map_at_20": 0.33406,
    "map_at_3": 0.27933,
    "map_at_5": 0.30618,
    "mrr_at_1": 0.40741,
    "mrr_at_10": 0.49008,
    "mrr_at_100": 0.49797,
    "mrr_at_1000": 0.49835,
    "mrr_at_20": 0.49496,
    "mrr_at_3": 0.46399,
    "mrr_at_5": 0.48212,
    "ndcg_at_1": 0.40586,
    "ndcg_at_10": 0.40137,
    "ndcg_at_100": 0.46471,
    "ndcg_at_1000": 0.497,
    "ndcg_at_20": 0.42835,
    "ndcg_at_3": 0.361,
    "ndcg_at_5": 0.37977,
    "precision_at_1": 0.40586,
    "precision_at_10": 0.1108,
    "precision_at_100": 0.01753,
    "precision_at_1000": 0.00233,
    "precision_at_20": 0.06644,
    "precision_at_3": 0.23971,
    "precision_at_5": 0.18117,
    "recall_at_1": 0.20385,
    "recall_at_10": 0.46613,
    "recall_at_100": 0.69825,
    "recall_at_1000": 0.89176,
    "recall_at_20": 0.54996,
    "recall_at_3": 0.32093,
    "recall_at_5": 0.39556
  },
  "train": {
    "evaluation_time": 44.38,
    "map_at_1": 0.20376,
    "map_at_10": 0.32606,
    "map_at_100": 0.34298,
    "map_at_1000": 0.34468,
    "map_at_20": 0.33492,
    "map_at_3": 0.28581,
    "map_at_5": 0.30785,
    "mrr_at_1": 0.38636,
    "mrr_at_10": 0.47235,
    "mrr_at_100": 0.48033,
    "mrr_at_1000": 0.48078,
    "mrr_at_20": 0.47707,
    "mrr_at_3": 0.44782,
    "mrr_at_5": 0.46197,
    "ndcg_at_1": 0.38582,
    "ndcg_at_10": 0.4018,
    "ndcg_at_100": 0.46483,
    "ndcg_at_1000": 0.49481,
    "ndcg_at_20": 0.42427,
    "ndcg_at_3": 0.36238,
    "ndcg_at_5": 0.37541,
    "precision_at_1": 0.38582,
    "precision_at_10": 0.10825,
    "precision_at_100": 0.01742,
    "precision_at_1000": 0.00227,
    "precision_at_20": 0.06397,
    "precision_at_3": 0.23612,
    "precision_at_5": 0.17338,
    "recall_at_1": 0.20376,
    "recall_at_10": 0.47305,
    "recall_at_100": 0.71295,
    "recall_at_1000": 0.896,
    "recall_at_20": 0.54353,
    "recall_at_3": 0.33319,
    "recall_at_5": 0.39263
  }
}