{
  "dataset_revision": "ec0fa4fe99da2ff19ca1214b7966684033a58814",
  "mteb_dataset_name": "NFCorpus",
  "mteb_version": "1.10.13",
  "test": {
    "evaluation_time": 3.83,
    "map_at_1": 0.05179,
    "map_at_10": 0.12262,
    "map_at_100": 0.15478,
    "map_at_1000": 0.16851,
    "map_at_20": 0.13528,
    "map_at_3": 0.08866,
    "map_at_5": 0.10528,
    "mrr_at_1": 0.44582,
    "mrr_at_10": 0.52828,
    "mrr_at_100": 0.53459,
    "mrr_at_1000": 0.5351,
    "mrr_at_20": 0.53278,
    "mrr_at_3": 0.50413,
    "mrr_at_5": 0.52239,
    "ndcg_at_1": 0.41486,
    "ndcg_at_10": 0.33497,
    "ndcg_at_100": 0.30634,
    "ndcg_at_1000": 0.39227,
    "ndcg_at_20": 0.30975,
    "ndcg_at_3": 0.38182,
    "ndcg_at_5": 0.36578,
    "precision_at_1": 0.43344,
    "precision_at_10": 0.2517,
    "precision_at_100": 0.07975,
    "precision_at_1000": 0.02059,
    "precision_at_20": 0.18328,
    "precision_at_3": 0.3612,
    "precision_at_5": 0.32012,
    "recall_at_1": 0.05179,
    "recall_at_10": 0.16554,
    "recall_at_100": 0.31324,
    "recall_at_1000": 0.62369,
    "recall_at_20": 0.19718,
    "recall_at_3": 0.10199,
    "recall_at_5": 0.13138
  }
}