{
  "dataset_revision": "ec0fa4fe99da2ff19ca1214b7966684033a58814",
  "mteb_dataset_name": "NFCorpus",
  "mteb_version": "1.10.15",
  "test": {
    "evaluation_time": 18.89,
    "map_at_1": 0.05179,
    "map_at_10": 0.11813,
    "map_at_100": 0.15055,
    "map_at_1000": 0.16483,
    "map_at_20": 0.1315,
    "map_at_3": 0.08498,
    "map_at_5": 0.09916,
    "mrr_at_1": 0.43653,
    "mrr_at_10": 0.52252,
    "mrr_at_100": 0.52837,
    "mrr_at_1000": 0.52882,
    "mrr_at_20": 0.52576,
    "mrr_at_3": 0.49897,
    "mrr_at_5": 0.516,
    "ndcg_at_1": 0.41486,
    "ndcg_at_10": 0.32845,
    "ndcg_at_100": 0.30135,
    "ndcg_at_1000": 0.38786,
    "ndcg_at_20": 0.30701,
    "ndcg_at_3": 0.37989,
    "ndcg_at_5": 0.35619,
    "precision_at_1": 0.43034,
    "precision_at_10": 0.24644,
    "precision_at_100": 0.07944,
    "precision_at_1000": 0.02071,
    "precision_at_20": 0.18467,
    "precision_at_3": 0.3612,
    "precision_at_5": 0.31084,
    "recall_at_1": 0.05179,
    "recall_at_10": 0.16093,
    "recall_at_100": 0.31011,
    "recall_at_1000": 0.61885,
    "recall_at_20": 0.19736,
    "recall_at_3": 0.09577,
    "recall_at_5": 0.11956
  }
}