{
  "dataset_revision": "f8c2fcf00f625baaa80f62ec5bd9e1fff3b8ae88",
  "mteb_dataset_name": "SCIDOCS",
  "mteb_version": "1.10.13",
  "test": {
    "evaluation_time": 16.07,
    "map_at_1": 0.04528,
    "map_at_10": 0.11559,
    "map_at_100": 0.13462,
    "map_at_1000": 0.13734,
    "map_at_20": 0.12566,
    "map_at_3": 0.08416,
    "map_at_5": 0.0994,
    "mrr_at_1": 0.225,
    "mrr_at_10": 0.33192,
    "mrr_at_100": 0.34277,
    "mrr_at_1000": 0.34338,
    "mrr_at_20": 0.33917,
    "mrr_at_3": 0.29867,
    "mrr_at_5": 0.31652,
    "ndcg_at_1": 0.223,
    "ndcg_at_10": 0.19405,
    "ndcg_at_100": 0.26719,
    "ndcg_at_1000": 0.31727,
    "ndcg_at_20": 0.22231,
    "ndcg_at_3": 0.18626,
    "ndcg_at_5": 0.16082,
    "precision_at_1": 0.223,
    "precision_at_10": 0.1005,
    "precision_at_100": 0.0205,
    "precision_at_1000": 0.00326,
    "precision_at_20": 0.06655,
    "precision_at_3": 0.175,
    "precision_at_5": 0.1408,
    "recall_at_1": 0.04528,
    "recall_at_10": 0.20358,
    "recall_at_100": 0.41603,
    "recall_at_1000": 0.66185,
    "recall_at_20": 0.26998,
    "recall_at_3": 0.10648,
    "recall_at_5": 0.14263
  }
}