{
  "dataset_revision": "f8c2fcf00f625baaa80f62ec5bd9e1fff3b8ae88",
  "mteb_dataset_name": "SCIDOCS",
  "mteb_version": "1.10.15",
  "test": {
    "evaluation_time": 20.03,
    "map_at_1": 0.04478,
    "map_at_10": 0.11458,
    "map_at_100": 0.13391,
    "map_at_1000": 0.13658,
    "map_at_20": 0.12468,
    "map_at_3": 0.08293,
    "map_at_5": 0.09844,
    "mrr_at_1": 0.224,
    "mrr_at_10": 0.33139,
    "mrr_at_100": 0.34217,
    "mrr_at_1000": 0.34282,
    "mrr_at_20": 0.33833,
    "mrr_at_3": 0.29933,
    "mrr_at_5": 0.31673,
    "ndcg_at_1": 0.221,
    "ndcg_at_10": 0.19318,
    "ndcg_at_100": 0.26712,
    "ndcg_at_1000": 0.31686,
    "ndcg_at_20": 0.22136,
    "ndcg_at_3": 0.18524,
    "ndcg_at_5": 0.1602,
    "precision_at_1": 0.221,
    "precision_at_10": 0.1004,
    "precision_at_100": 0.02061,
    "precision_at_1000": 0.00326,
    "precision_at_20": 0.0664,
    "precision_at_3": 0.175,
    "precision_at_5": 0.141,
    "recall_at_1": 0.04478,
    "recall_at_10": 0.20353,
    "recall_at_100": 0.418,
    "recall_at_1000": 0.66215,
    "recall_at_20": 0.26938,
    "recall_at_3": 0.10648,
    "recall_at_5": 0.14293
  }
}