{
  "dataset_revision": "a34f9a33db75fa0cbb21bb5cfc3dae8dc8bec93f",
  "mteb_dataset_name": "Touche2020",
  "mteb_version": "1.10.13",
  "test": {
    "evaluation_time": 287.02,
    "map_at_1": 0.02234,
    "map_at_10": 0.09647,
    "map_at_100": 0.1603,
    "map_at_1000": 0.17563,
    "map_at_20": 0.12497,
    "map_at_3": 0.05292,
    "map_at_5": 0.0704,
    "mrr_at_1": 0.32653,
    "mrr_at_10": 0.49549,
    "mrr_at_100": 0.5021,
    "mrr_at_1000": 0.50221,
    "mrr_at_20": 0.49905,
    "mrr_at_3": 0.45918,
    "mrr_at_5": 0.48776,
    "ndcg_at_1": 0.28571,
    "ndcg_at_10": 0.25303,
    "ndcg_at_100": 0.36697,
    "ndcg_at_1000": 0.48375,
    "ndcg_at_20": 0.27088,
    "ndcg_at_3": 0.30734,
    "ndcg_at_5": 0.28781,
    "precision_at_1": 0.30612,
    "precision_at_10": 0.21837,
    "precision_at_100": 0.07388,
    "precision_at_1000": 0.0151,
    "precision_at_20": 0.18061,
    "precision_at_3": 0.31293,
    "precision_at_5": 0.28571,
    "recall_at_1": 0.02234,
    "recall_at_10": 0.15456,
    "recall_at_100": 0.45479,
    "recall_at_1000": 0.81353,
    "recall_at_20": 0.24424,
    "recall_at_3": 0.06694,
    "recall_at_5": 0.10185
  }
}