{
  "dataset_revision": "bb9466bac8153a0349341eb1b22e06409e78ef4e",
  "mteb_dataset_name": "TRECCOVID",
  "mteb_version": "1.10.13",
  "test": {
    "evaluation_time": 122.08,
    "map_at_1": 0.00239,
    "map_at_10": 0.02084,
    "map_at_100": 0.12722,
    "map_at_1000": 0.30819,
    "map_at_20": 0.03786,
    "map_at_3": 0.00699,
    "map_at_5": 0.0115,
    "mrr_at_1": 0.92,
    "mrr_at_10": 0.96,
    "mrr_at_100": 0.96,
    "mrr_at_1000": 0.96,
    "mrr_at_20": 0.96,
    "mrr_at_3": 0.96,
    "mrr_at_5": 0.96,
    "ndcg_at_1": 0.87,
    "ndcg_at_10": 0.80989,
    "ndcg_at_100": 0.63167,
    "ndcg_at_1000": 0.56043,
    "ndcg_at_20": 0.78048,
    "ndcg_at_3": 0.84408,
    "ndcg_at_5": 0.83797,
    "precision_at_1": 0.92,
    "precision_at_10": 0.85,
    "precision_at_100": 0.6478,
    "precision_at_1000": 0.24576,
    "precision_at_20": 0.821,
    "precision_at_3": 0.89333,
    "precision_at_5": 0.896,
    "recall_at_1": 0.00239,
    "recall_at_10": 0.0223,
    "recall_at_100": 0.15565,
    "recall_at_1000": 0.52961,
    "recall_at_20": 0.04172,
    "recall_at_3": 0.00721,
    "recall_at_5": 0.01212
  }
}