{
  "dataset_revision": "c22ab2a51041ffd869aaddef7af8d8215647e41a",
  "evaluation_time": 32.2966833114624,
  "kg_co2_emissions": null,
  "mteb_version": "1.13.1",
  "scores": {
    "test": [
      {
        "hf_subset": "default",
        "languages": [
          "eng-Latn"
        ],
        "main_score": 0.55059,
        "map_at_1": 0.30299,
        "map_at_10": 0.46143,
        "map_at_100": 0.46972,
        "map_at_1000": 0.46976,
        "map_at_20": 0.46795,
        "map_at_3": 0.40896,
        "map_at_5": 0.44275,
        "mrr_at_1": 0.30867709815078237,
        "mrr_at_10": 0.4634483167377904,
        "mrr_at_100": 0.47177492560756235,
        "mrr_at_1000": 0.4718216199374097,
        "mrr_at_20": 0.46997490534031194,
        "mrr_at_3": 0.4127548601232812,
        "mrr_at_5": 0.44483167377904215,
        "nauc_map_at_1000_diff1": 0.03015037554816261,
        "nauc_map_at_1000_max": -0.09100999646899433,
        "nauc_map_at_1000_std": -0.16451535076301294,
        "nauc_map_at_100_diff1": 0.030185733624340887,
        "nauc_map_at_100_max": -0.090936645610084,
        "nauc_map_at_100_std": -0.16446344293990495,
        "nauc_map_at_10_diff1": 0.027909917322118335,
        "nauc_map_at_10_max": -0.09031361281365229,
        "nauc_map_at_10_std": -0.16471146325337763,
        "nauc_map_at_1_diff1": 0.07708941872372743,
        "nauc_map_at_1_max": -0.10749701037837911,
        "nauc_map_at_1_std": -0.1755711824861868,
        "nauc_map_at_20_diff1": 0.029548809626664986,
        "nauc_map_at_20_max": -0.08988617791169101,
        "nauc_map_at_20_std": -0.1644312200874916,
        "nauc_map_at_3_diff1": 0.023456771447387382,
        "nauc_map_at_3_max": -0.10017101452684743,
        "nauc_map_at_3_std": -0.17051875760169946,
        "nauc_map_at_5_diff1": 0.023676595308070553,
        "nauc_map_at_5_max": -0.09356542439753647,
        "nauc_map_at_5_std": -0.1673830058611098,
        "nauc_mrr_at_1000_diff1": 0.00946858343801886,
        "nauc_mrr_at_1000_max": -0.09841429671244557,
        "nauc_mrr_at_1000_std": -0.16304737092000007,
        "nauc_mrr_at_100_diff1": 0.009507170797618042,
        "nauc_mrr_at_100_max": -0.09833978770857045,
        "nauc_mrr_at_100_std": -0.16299589521015945,
        "nauc_mrr_at_10_diff1": 0.007490839799758077,
        "nauc_mrr_at_10_max": -0.09772993299433506,
        "nauc_mrr_at_10_std": -0.16264192361734725,
        "nauc_mrr_at_1_diff1": 0.060477906471923734,
        "nauc_mrr_at_1_max": -0.10081090638161469,
        "nauc_mrr_at_1_std": -0.1662674321627017,
        "nauc_mrr_at_20_diff1": 0.009089981268399034,
        "nauc_mrr_at_20_max": -0.09740336159134944,
        "nauc_mrr_at_20_std": -0.16313017520810166,
        "nauc_mrr_at_3_diff1": 0.004704357723890011,
        "nauc_mrr_at_3_max": -0.10511832420252128,
        "nauc_mrr_at_3_std": -0.16711600360725634,
        "nauc_mrr_at_5_diff1": 0.0032151256089264215,
        "nauc_mrr_at_5_max": -0.1010807944733432,
        "nauc_mrr_at_5_std": -0.16638762938832632,
        "nauc_ndcg_at_1000_diff1": 0.027010732311785225,
        "nauc_ndcg_at_1000_max": -0.08311582781254047,
        "nauc_ndcg_at_1000_std": -0.15720726282678765,
        "nauc_ndcg_at_100_diff1": 0.02783981300520946,
        "nauc_ndcg_at_100_max": -0.08106180489975988,
        "nauc_ndcg_at_100_std": -0.1553155829670477,
        "nauc_ndcg_at_10_diff1": 0.019129715088376676,
        "nauc_ndcg_at_10_max": -0.07286712131605169,
        "nauc_ndcg_at_10_std": -0.15538344757123163,
        "nauc_ndcg_at_1_diff1": 0.07708941872372743,
        "nauc_ndcg_at_1_max": -0.10749701037837911,
        "nauc_ndcg_at_1_std": -0.1755711824861868,
        "nauc_ndcg_at_20_diff1": 0.02482217024324685,
        "nauc_ndcg_at_20_max": -0.07049731441837717,
        "nauc_ndcg_at_20_std": -0.15262977138244155,
        "nauc_ndcg_at_3_diff1": 0.009248809113406255,
        "nauc_ndcg_at_3_max": -0.09647056222886173,
        "nauc_ndcg_at_3_std": -0.1683828414727503,
        "nauc_ndcg_at_5_diff1": 0.00864863152226759,
        "nauc_ndcg_at_5_max": -0.08310566902284101,
        "nauc_ndcg_at_5_std": -0.1620959262425087,
        "nauc_precision_at_1000_diff1": 0.10790040762260511,
        "nauc_precision_at_1000_max": 0.2276865406097888,
        "nauc_precision_at_1000_std": 0.7369775109546756,
        "nauc_precision_at_100_diff1": 0.1587797440604766,
        "nauc_precision_at_100_max": 0.2944893894764276,
        "nauc_precision_at_100_std": 0.39670146710494425,
        "nauc_precision_at_10_diff1": -0.01944172375308912,
        "nauc_precision_at_10_max": 0.042227774633328344,
        "nauc_precision_at_10_std": -0.09560273275636645,
        "nauc_precision_at_1_diff1": 0.07708941872372743,
        "nauc_precision_at_1_max": -0.10749701037837911,
        "nauc_precision_at_1_std": -0.1755711824861868,
        "nauc_precision_at_20_diff1": 0.010375844706315375,
        "nauc_precision_at_20_max": 0.1969016020162285,
        "nauc_precision_at_20_std": 0.014906048850140435,
        "nauc_precision_at_3_diff1": -0.03207276853489707,
        "nauc_precision_at_3_max": -0.08502086036396854,
        "nauc_precision_at_3_std": -0.16185929623139278,
        "nauc_precision_at_5_diff1": -0.04422978430001354,
        "nauc_precision_at_5_max": -0.041826905282425074,
        "nauc_precision_at_5_std": -0.14147886431736725,
        "nauc_recall_at_1000_diff1": 0.10790040762260734,
        "nauc_recall_at_1000_max": 0.22768654060977275,
        "nauc_recall_at_1000_std": 0.7369775109546982,
        "nauc_recall_at_100_diff1": 0.158779744060486,
        "nauc_recall_at_100_max": 0.2944893894764113,
        "nauc_recall_at_100_std": 0.3967014671049403,
        "nauc_recall_at_10_diff1": -0.019441723753089113,
        "nauc_recall_at_10_max": 0.04222777463332812,
        "nauc_recall_at_10_std": -0.09560273275636745,
        "nauc_recall_at_1_diff1": 0.07708941872372743,
        "nauc_recall_at_1_max": -0.10749701037837911,
        "nauc_recall_at_1_std": -0.1755711824861868,
        "nauc_recall_at_20_diff1": 0.010375844706314486,
        "nauc_recall_at_20_max": 0.1969016020162293,
        "nauc_recall_at_20_std": 0.014906048850141311,
        "nauc_recall_at_3_diff1": -0.03207276853489637,
        "nauc_recall_at_3_max": -0.0850208603639682,
        "nauc_recall_at_3_std": -0.1618592962313925,
        "nauc_recall_at_5_diff1": -0.044229784300012766,
        "nauc_recall_at_5_max": -0.04182690528242386,
        "nauc_recall_at_5_std": -0.14147886431736634,
        "ndcg_at_1": 0.30299,
        "ndcg_at_10": 0.55059,
        "ndcg_at_100": 0.58551,
        "ndcg_at_1000": 0.58671,
        "ndcg_at_20": 0.57386,
        "ndcg_at_3": 0.44467,
        "ndcg_at_5": 0.50543,
        "precision_at_1": 0.30299,
        "precision_at_10": 0.0835,
        "precision_at_100": 0.00986,
        "precision_at_1000": 0.001,
        "precision_at_20": 0.0463,
        "precision_at_3": 0.18279,
        "precision_at_5": 0.13912,
        "recall_at_1": 0.30299,
        "recall_at_10": 0.83499,
        "recall_at_100": 0.98649,
        "recall_at_1000": 0.99573,
        "recall_at_20": 0.92603,
        "recall_at_3": 0.54836,
        "recall_at_5": 0.69559
      }
    ]
  },
  "task_name": "ArguAna"
}