{
  "dataset_revision": "c22ab2a51041ffd869aaddef7af8d8215647e41a",
  "evaluation_time": 51.07418751716614,
  "kg_co2_emissions": null,
  "mteb_version": "1.13.1",
  "scores": {
    "test": [
      {
        "hf_subset": "default",
        "languages": [
          "eng-Latn"
        ],
        "main_score": 0.54677,
        "map_at_1": 0.29801,
        "map_at_10": 0.45729,
        "map_at_100": 0.46561,
        "map_at_1000": 0.46565,
        "map_at_20": 0.46383,
        "map_at_3": 0.40493,
        "map_at_5": 0.43836,
        "mrr_at_1": 0.30654338549075394,
        "mrr_at_10": 0.46065162907268176,
        "mrr_at_100": 0.46903946393409335,
        "mrr_at_1000": 0.4690850766793585,
        "mrr_at_20": 0.4672231962693507,
        "mrr_at_3": 0.4096728307254623,
        "mrr_at_5": 0.44139402560455193,
        "nauc_map_at_1000_diff1": 0.03255693907324256,
        "nauc_map_at_1000_max": -0.0835098297355031,
        "nauc_map_at_1000_std": -0.16226781551320713,
        "nauc_map_at_100_diff1": 0.03258720071210923,
        "nauc_map_at_100_max": -0.08343740989727517,
        "nauc_map_at_100_std": -0.1622180368552987,
        "nauc_map_at_10_diff1": 0.030241266366390934,
        "nauc_map_at_10_max": -0.08364120077903671,
        "nauc_map_at_10_std": -0.16329632397085467,
        "nauc_map_at_1_diff1": 0.0813711408219334,
        "nauc_map_at_1_max": -0.09507943422862211,
        "nauc_map_at_1_std": -0.17194531723223175,
        "nauc_map_at_20_diff1": 0.03222080567064978,
        "nauc_map_at_20_max": -0.08215671125356046,
        "nauc_map_at_20_std": -0.16228950007325763,
        "nauc_map_at_3_diff1": 0.02941353457372764,
        "nauc_map_at_3_max": -0.08921502173282937,
        "nauc_map_at_3_std": -0.16824198196822188,
        "nauc_map_at_5_diff1": 0.02595131115658718,
        "nauc_map_at_5_max": -0.0873644404856675,
        "nauc_map_at_5_std": -0.16534793000486334,
        "nauc_mrr_at_1000_diff1": 0.0076799052390958905,
        "nauc_mrr_at_1000_max": -0.0913433992066366,
        "nauc_mrr_at_1000_std": -0.15782979127049002,
        "nauc_mrr_at_100_diff1": 0.007713773519439345,
        "nauc_mrr_at_100_max": -0.09127008710552016,
        "nauc_mrr_at_100_std": -0.15778120527606,
        "nauc_mrr_at_10_diff1": 0.006241576678719953,
        "nauc_mrr_at_10_max": -0.09100203319416117,
        "nauc_mrr_at_10_std": -0.15831525589544268,
        "nauc_mrr_at_1_diff1": 0.05621319523020796,
        "nauc_mrr_at_1_max": -0.09015470368795352,
        "nauc_mrr_at_1_std": -0.15835811609498598,
        "nauc_mrr_at_20_diff1": 0.0075833635844273165,
        "nauc_mrr_at_20_max": -0.09011172156982215,
        "nauc_mrr_at_20_std": -0.15804880958773587,
        "nauc_mrr_at_3_diff1": 0.005625167939626424,
        "nauc_mrr_at_3_max": -0.09604375825859508,
        "nauc_mrr_at_3_std": -0.16426276085459035,
        "nauc_mrr_at_5_diff1": 0.0004617461930562355,
        "nauc_mrr_at_5_max": -0.09618334043720493,
        "nauc_mrr_at_5_std": -0.1617088169516725,
        "nauc_ndcg_at_1000_diff1": 0.029422560662749075,
        "nauc_ndcg_at_1000_max": -0.07614806850725384,
        "nauc_ndcg_at_1000_std": -0.15499403441349352,
        "nauc_ndcg_at_100_diff1": 0.03011088548643767,
        "nauc_ndcg_at_100_max": -0.07415006443854558,
        "nauc_ndcg_at_100_std": -0.1531240121877818,
        "nauc_ndcg_at_10_diff1": 0.020903174541313685,
        "nauc_ndcg_at_10_max": -0.06904778000982421,
        "nauc_ndcg_at_10_std": -0.15577237786494214,
        "nauc_ndcg_at_1_diff1": 0.0813711408219334,
        "nauc_ndcg_at_1_max": -0.09507943422862211,
        "nauc_ndcg_at_1_std": -0.17194531723223175,
        "nauc_ndcg_at_20_diff1": 0.028324453631183088,
        "nauc_ndcg_at_20_max": -0.06251757531425525,
        "nauc_ndcg_at_20_std": -0.15071873198133295,
        "nauc_ndcg_at_3_diff1": 0.018074927761235204,
        "nauc_ndcg_at_3_max": -0.08409913228188802,
        "nauc_ndcg_at_3_std": -0.16621550942391122,
        "nauc_ndcg_at_5_diff1": 0.010691020898309577,
        "nauc_ndcg_at_5_max": -0.07967467793008493,
        "nauc_ndcg_at_5_std": -0.16053581468648162,
        "nauc_precision_at_1000_diff1": 0.14056465815693098,
        "nauc_precision_at_1000_max": 0.2276865406097888,
        "nauc_precision_at_1000_std": 0.7151841295704994,
        "nauc_precision_at_100_diff1": 0.15189762362337406,
        "nauc_precision_at_100_max": 0.290952929963219,
        "nauc_precision_at_100_std": 0.3898193466678417,
        "nauc_precision_at_10_diff1": -0.0219946898564289,
        "nauc_precision_at_10_max": 0.02570662989084193,
        "nauc_precision_at_10_std": -0.10932578962849461,
        "nauc_precision_at_1_diff1": 0.0813711408219334,
        "nauc_precision_at_1_max": -0.09507943422862211,
        "nauc_precision_at_1_std": -0.17194531723223175,
        "nauc_precision_at_20_diff1": 0.02750199335656686,
        "nauc_precision_at_20_max": 0.21129398005861222,
        "nauc_precision_at_20_std": 0.011402095061484246,
        "nauc_precision_at_3_diff1": -0.013839646132332519,
        "nauc_precision_at_3_max": -0.06789450747057965,
        "nauc_precision_at_3_std": -0.1599383807468253,
        "nauc_precision_at_5_diff1": -0.04298510035649492,
        "nauc_precision_at_5_max": -0.04963757193146686,
        "nauc_precision_at_5_std": -0.14189013264300912,
        "nauc_recall_at_1000_diff1": 0.14056465815693361,
        "nauc_recall_at_1000_max": 0.22768654060977275,
        "nauc_recall_at_1000_std": 0.7151841295705116,
        "nauc_recall_at_100_diff1": 0.15189762362337456,
        "nauc_recall_at_100_max": 0.29095292996320754,
        "nauc_recall_at_100_std": 0.38981934666782886,
        "nauc_recall_at_10_diff1": -0.021994689856428676,
        "nauc_recall_at_10_max": 0.025706629890842523,
        "nauc_recall_at_10_std": -0.10932578962849514,
        "nauc_recall_at_1_diff1": 0.0813711408219334,
        "nauc_recall_at_1_max": -0.09507943422862211,
        "nauc_recall_at_1_std": -0.17194531723223175,
        "nauc_recall_at_20_diff1": 0.0275019933565685,
        "nauc_recall_at_20_max": 0.2112939800586141,
        "nauc_recall_at_20_std": 0.011402095061488106,
        "nauc_recall_at_3_diff1": -0.01383964613233212,
        "nauc_recall_at_3_max": -0.06789450747057953,
        "nauc_recall_at_3_std": -0.15993838074682512,
        "nauc_recall_at_5_diff1": -0.042985100356494554,
        "nauc_recall_at_5_max": -0.04963757193146699,
        "nauc_recall_at_5_std": -0.14189013264300926,
        "ndcg_at_1": 0.29801,
        "ndcg_at_10": 0.54677,
        "ndcg_at_100": 0.58218,
        "ndcg_at_1000": 0.58337,
        "ndcg_at_20": 0.5703,
        "ndcg_at_3": 0.44095,
        "ndcg_at_5": 0.50109,
        "precision_at_1": 0.29801,
        "precision_at_10": 0.08321,
        "precision_at_100": 0.00986,
        "precision_at_1000": 0.001,
        "precision_at_20": 0.04623,
        "precision_at_3": 0.18184,
        "precision_at_5": 0.13826,
        "recall_at_1": 0.29801,
        "recall_at_10": 0.83215,
        "recall_at_100": 0.98649,
        "recall_at_1000": 0.99573,
        "recall_at_20": 0.92461,
        "recall_at_3": 0.54552,
        "recall_at_5": 0.69132
      }
    ]
  },
  "task_name": "ArguAna"
}