{
  "dataset_revision": "d3fb88f8f02e40887cd149695127462bbcf29b4a",
  "evaluation_time": 41.90421390533447,
  "kg_co2_emissions": null,
  "mteb_version": "1.13.1",
  "scores": {
    "test": [
      {
        "cosine_pearson": 0.9014032804860331,
        "cosine_spearman": 0.8851828200934533,
        "euclidean_pearson": 0.8758708612293239,
        "euclidean_spearman": 0.8792429257127857,
        "hf_subset": "default",
        "languages": [
          "eng-Latn"
        ],
        "main_score": 0.8851828200934533,
        "manhattan_pearson": 0.8703197997047151,
        "manhattan_spearman": 0.8718511910220361,
        "pearson": 0.9014032804860331,
        "spearman": 0.8851828200934533
      }
    ]
  },
  "task_name": "BIOSSES"
}