{
  "dataset_revision": "47f2ac6acb640fc46020b02a5b59fdda04d39380",
  "evaluation_time": 1406.6350874900818,
  "kg_co2_emissions": null,
  "mteb_version": "1.13.1",
  "scores": {
    "test": [
      {
        "hf_subset": "default",
        "languages": [
          "eng-Latn"
        ],
        "main_score": 0.2446,
        "map_at_1": 0.09585,
        "map_at_10": 0.1686,
        "map_at_100": 0.18439,
        "map_at_1000": 0.18616,
        "map_at_20": 0.17689,
        "map_at_3": 0.14009,
        "map_at_5": 0.15575,
        "mrr_at_1": 0.22280130293159608,
        "mrr_at_10": 0.33350654050979783,
        "mrr_at_100": 0.34300433724680557,
        "mrr_at_1000": 0.3435290976197432,
        "mrr_at_20": 0.33900736735545783,
        "mrr_at_3": 0.3026058631921824,
        "mrr_at_5": 0.32042345276872963,
        "nauc_map_at_1000_diff1": 0.23693668754976183,
        "nauc_map_at_1000_max": 0.3612394626834143,
        "nauc_map_at_1000_std": 0.22277398868831616,
        "nauc_map_at_100_diff1": 0.2368047703867671,
        "nauc_map_at_100_max": 0.3605545882057851,
        "nauc_map_at_100_std": 0.22161935919679948,
        "nauc_map_at_10_diff1": 0.2332858285700894,
        "nauc_map_at_10_max": 0.3473502821589184,
        "nauc_map_at_10_std": 0.19913216182752555,
        "nauc_map_at_1_diff1": 0.3334866754160163,
        "nauc_map_at_1_max": 0.3356492756609694,
        "nauc_map_at_1_std": 0.11518121590026591,
        "nauc_map_at_20_diff1": 0.23437007347451405,
        "nauc_map_at_20_max": 0.35492212944761686,
        "nauc_map_at_20_std": 0.2130157940581246,
        "nauc_map_at_3_diff1": 0.25190881627119605,
        "nauc_map_at_3_max": 0.34814825634135016,
        "nauc_map_at_3_std": 0.1766118224015462,
        "nauc_map_at_5_diff1": 0.23942899524705702,
        "nauc_map_at_5_max": 0.346219715469202,
        "nauc_map_at_5_std": 0.19065218391871205,
        "nauc_mrr_at_1000_diff1": 0.23978086902482093,
        "nauc_mrr_at_1000_max": 0.34577201509555294,
        "nauc_mrr_at_1000_std": 0.20000520044845105,
        "nauc_mrr_at_100_diff1": 0.23969219104246642,
        "nauc_mrr_at_100_max": 0.3458744994232537,
        "nauc_mrr_at_100_std": 0.20027402504272132,
        "nauc_mrr_at_10_diff1": 0.23811736106628267,
        "nauc_mrr_at_10_max": 0.34331605215999456,
        "nauc_mrr_at_10_std": 0.19698348112436556,
        "nauc_mrr_at_1_diff1": 0.29729221037069,
        "nauc_mrr_at_1_max": 0.3157974529790494,
        "nauc_mrr_at_1_std": 0.12085620006555443,
        "nauc_mrr_at_20_diff1": 0.23868769067898932,
        "nauc_mrr_at_20_max": 0.3453793846950483,
        "nauc_mrr_at_20_std": 0.2002619994389641,
        "nauc_mrr_at_3_diff1": 0.24054765891504748,
        "nauc_mrr_at_3_max": 0.34230454682297345,
        "nauc_mrr_at_3_std": 0.18678712941076445,
        "nauc_mrr_at_5_diff1": 0.23499154306123893,
        "nauc_mrr_at_5_max": 0.3415236762976384,
        "nauc_mrr_at_5_std": 0.19230115042075,
        "nauc_ndcg_at_1000_diff1": 0.22569288857694617,
        "nauc_ndcg_at_1000_max": 0.39038946376919054,
        "nauc_ndcg_at_1000_std": 0.2948763715365593,
        "nauc_ndcg_at_100_diff1": 0.22264642239161844,
        "nauc_ndcg_at_100_max": 0.3850329557028252,
        "nauc_ndcg_at_100_std": 0.2850877797936316,
        "nauc_ndcg_at_10_diff1": 0.20764833893254017,
        "nauc_ndcg_at_10_max": 0.3468113112066688,
        "nauc_ndcg_at_10_std": 0.2262088579141308,
        "nauc_ndcg_at_1_diff1": 0.29729221037069,
        "nauc_ndcg_at_1_max": 0.3157974529790494,
        "nauc_ndcg_at_1_std": 0.12085620006555443,
        "nauc_ndcg_at_20_diff1": 0.20991530771462122,
        "nauc_ndcg_at_20_max": 0.36242092053415426,
        "nauc_ndcg_at_20_std": 0.2542151634460715,
        "nauc_ndcg_at_3_diff1": 0.22728161694197865,
        "nauc_ndcg_at_3_max": 0.3488372755535176,
        "nauc_ndcg_at_3_std": 0.19971797159804816,
        "nauc_ndcg_at_5_diff1": 0.2142896110776897,
        "nauc_ndcg_at_5_max": 0.34565222108879917,
        "nauc_ndcg_at_5_std": 0.21249484486641088,
        "nauc_precision_at_1000_diff1": 0.05263185543964665,
        "nauc_precision_at_1000_max": 0.19464855929478023,
        "nauc_precision_at_1000_std": 0.2954317858338827,
        "nauc_precision_at_100_diff1": 0.10235171118481316,
        "nauc_precision_at_100_max": 0.2789592664195179,
        "nauc_precision_at_100_std": 0.33703293787990024,
        "nauc_precision_at_10_diff1": 0.1007852309932425,
        "nauc_precision_at_10_max": 0.2836614621185182,
        "nauc_precision_at_10_std": 0.27398665934774874,
        "nauc_precision_at_1_diff1": 0.29729221037069,
        "nauc_precision_at_1_max": 0.3157974529790494,
        "nauc_precision_at_1_std": 0.12085620006555443,
        "nauc_precision_at_20_diff1": 0.09660590599999408,
        "nauc_precision_at_20_max": 0.289826503128418,
        "nauc_precision_at_20_std": 0.3150527342747617,
        "nauc_precision_at_3_diff1": 0.17209015798614988,
        "nauc_precision_at_3_max": 0.3505665690594166,
        "nauc_precision_at_3_std": 0.255409606688504,
        "nauc_precision_at_5_diff1": 0.12642185475078377,
        "nauc_precision_at_5_max": 0.30748050645676284,
        "nauc_precision_at_5_std": 0.2584467394724574,
        "nauc_recall_at_1000_diff1": 0.1426002428647722,
        "nauc_recall_at_1000_max": 0.37540241751563247,
        "nauc_recall_at_1000_std": 0.4298649340458321,
        "nauc_recall_at_100_diff1": 0.14078121147708378,
        "nauc_recall_at_100_max": 0.3512689782649244,
        "nauc_recall_at_100_std": 0.35579378829635244,
        "nauc_recall_at_10_diff1": 0.11818788854666289,
        "nauc_recall_at_10_max": 0.2847810670368779,
        "nauc_recall_at_10_std": 0.22923542263694574,
        "nauc_recall_at_1_diff1": 0.3334866754160163,
        "nauc_recall_at_1_max": 0.3356492756609694,
        "nauc_recall_at_1_std": 0.11518121590026591,
        "nauc_recall_at_20_diff1": 0.12103331138262556,
        "nauc_recall_at_20_max": 0.3115961496926881,
        "nauc_recall_at_20_std": 0.28348802253580974,
        "nauc_recall_at_3_diff1": 0.17649174750272428,
        "nauc_recall_at_3_max": 0.32996840910978326,
        "nauc_recall_at_3_std": 0.20735455848034642,
        "nauc_recall_at_5_diff1": 0.13885510672742124,
        "nauc_recall_at_5_max": 0.302084190578852,
        "nauc_recall_at_5_std": 0.2206571106400469,
        "ndcg_at_1": 0.2228,
        "ndcg_at_10": 0.2446,
        "ndcg_at_100": 0.31135,
        "ndcg_at_1000": 0.34591,
        "ndcg_at_20": 0.26922,
        "ndcg_at_3": 0.198,
        "ndcg_at_5": 0.216,
        "precision_at_1": 0.2228,
        "precision_at_10": 0.07726,
        "precision_at_100": 0.01491,
        "precision_at_1000": 0.00212,
        "precision_at_20": 0.04925,
        "precision_at_3": 0.14962,
        "precision_at_5": 0.11674,
        "recall_at_1": 0.09585,
        "recall_at_10": 0.30026,
        "recall_at_100": 0.53367,
        "recall_at_1000": 0.73136,
        "recall_at_20": 0.37043,
        "recall_at_3": 0.18566,
        "recall_at_5": 0.23583
      }
    ]
  },
  "task_name": "ClimateFEVER"
}