{
  "dataset_revision": "47f2ac6acb640fc46020b02a5b59fdda04d39380",
  "evaluation_time": 1537.267168045044,
  "kg_co2_emissions": null,
  "mteb_version": "1.13.1",
  "scores": {
    "test": [
      {
        "hf_subset": "default",
        "languages": [
          "eng-Latn"
        ],
        "main_score": 0.24415,
        "map_at_1": 0.09645,
        "map_at_10": 0.16893,
        "map_at_100": 0.18506,
        "map_at_1000": 0.1868,
        "map_at_20": 0.17763,
        "map_at_3": 0.14049,
        "map_at_5": 0.15665,
        "mrr_at_1": 0.2221498371335505,
        "mrr_at_10": 0.33330799855229826,
        "mrr_at_100": 0.3432137127896217,
        "mrr_at_1000": 0.34372213896577997,
        "mrr_at_20": 0.33927356193902514,
        "mrr_at_3": 0.3024972855591748,
        "mrr_at_5": 0.32112920738327905,
        "nauc_map_at_1000_diff1": 0.23799154495538455,
        "nauc_map_at_1000_max": 0.36106272734714484,
        "nauc_map_at_1000_std": 0.22364734463845753,
        "nauc_map_at_100_diff1": 0.23802706257954748,
        "nauc_map_at_100_max": 0.3604720397567418,
        "nauc_map_at_100_std": 0.22244083536361217,
        "nauc_map_at_10_diff1": 0.23485290960754815,
        "nauc_map_at_10_max": 0.3474746356132232,
        "nauc_map_at_10_std": 0.20051645825760714,
        "nauc_map_at_1_diff1": 0.33074107314052426,
        "nauc_map_at_1_max": 0.34337743929740616,
        "nauc_map_at_1_std": 0.12031365466472155,
        "nauc_map_at_20_diff1": 0.23585640236953848,
        "nauc_map_at_20_max": 0.3546701962244729,
        "nauc_map_at_20_std": 0.21392825470165558,
        "nauc_map_at_3_diff1": 0.2519459010260966,
        "nauc_map_at_3_max": 0.34701797393719214,
        "nauc_map_at_3_std": 0.1769722563885256,
        "nauc_map_at_5_diff1": 0.24072534891843156,
        "nauc_map_at_5_max": 0.34504406904752555,
        "nauc_map_at_5_std": 0.19146930749390217,
        "nauc_mrr_at_1000_diff1": 0.24249776497340403,
        "nauc_mrr_at_1000_max": 0.34633820802282117,
        "nauc_mrr_at_1000_std": 0.19852710408261598,
        "nauc_mrr_at_100_diff1": 0.24234412937773264,
        "nauc_mrr_at_100_max": 0.34638220357040456,
        "nauc_mrr_at_100_std": 0.198801751103346,
        "nauc_mrr_at_10_diff1": 0.2408517242075833,
        "nauc_mrr_at_10_max": 0.34507382479268217,
        "nauc_mrr_at_10_std": 0.1969219030700531,
        "nauc_mrr_at_1_diff1": 0.301433306252514,
        "nauc_mrr_at_1_max": 0.32201875478779424,
        "nauc_mrr_at_1_std": 0.12095670073224946,
        "nauc_mrr_at_20_diff1": 0.2417828729922852,
        "nauc_mrr_at_20_max": 0.3459796630017044,
        "nauc_mrr_at_20_std": 0.1987942364828335,
        "nauc_mrr_at_3_diff1": 0.2426359508269941,
        "nauc_mrr_at_3_max": 0.3421811029328153,
        "nauc_mrr_at_3_std": 0.18551870953995397,
        "nauc_mrr_at_5_diff1": 0.23777062213708947,
        "nauc_mrr_at_5_max": 0.3406635199565993,
        "nauc_mrr_at_5_std": 0.1899695985225765,
        "nauc_ndcg_at_1000_diff1": 0.2273615078251224,
        "nauc_ndcg_at_1000_max": 0.39175698090018624,
        "nauc_ndcg_at_1000_std": 0.2943435346838391,
        "nauc_ndcg_at_100_diff1": 0.2254486142416984,
        "nauc_ndcg_at_100_max": 0.3855220287631092,
        "nauc_ndcg_at_100_std": 0.28360564361816165,
        "nauc_ndcg_at_10_diff1": 0.21066342876045682,
        "nauc_ndcg_at_10_max": 0.3479913098639894,
        "nauc_ndcg_at_10_std": 0.22736512005841114,
        "nauc_ndcg_at_1_diff1": 0.301433306252514,
        "nauc_ndcg_at_1_max": 0.32201875478779424,
        "nauc_ndcg_at_1_std": 0.12095670073224946,
        "nauc_ndcg_at_20_diff1": 0.21412430630771168,
        "nauc_ndcg_at_20_max": 0.3617137628502889,
        "nauc_ndcg_at_20_std": 0.2532789003350698,
        "nauc_ndcg_at_3_diff1": 0.22698257696520663,
        "nauc_ndcg_at_3_max": 0.345856675398123,
        "nauc_ndcg_at_3_std": 0.19739632998388196,
        "nauc_ndcg_at_5_diff1": 0.2175770260353228,
        "nauc_ndcg_at_5_max": 0.34324776109353905,
        "nauc_ndcg_at_5_std": 0.210960805846863,
        "nauc_precision_at_1000_diff1": 0.045333590794686615,
        "nauc_precision_at_1000_max": 0.20392079382259085,
        "nauc_precision_at_1000_std": 0.29559753081948903,
        "nauc_precision_at_100_diff1": 0.10104475894780553,
        "nauc_precision_at_100_max": 0.28438476081488623,
        "nauc_precision_at_100_std": 0.33271303409935316,
        "nauc_precision_at_10_diff1": 0.10349275869131029,
        "nauc_precision_at_10_max": 0.29024678731863385,
        "nauc_precision_at_10_std": 0.27666174091066154,
        "nauc_precision_at_1_diff1": 0.301433306252514,
        "nauc_precision_at_1_max": 0.32201875478779424,
        "nauc_precision_at_1_std": 0.12095670073224946,
        "nauc_precision_at_20_diff1": 0.10023272707640712,
        "nauc_precision_at_20_max": 0.28983111216356533,
        "nauc_precision_at_20_std": 0.3113217443596203,
        "nauc_precision_at_3_diff1": 0.16880321200759926,
        "nauc_precision_at_3_max": 0.3447677048852114,
        "nauc_precision_at_3_std": 0.24954181238350823,
        "nauc_precision_at_5_diff1": 0.12879025959267354,
        "nauc_precision_at_5_max": 0.3021670070865983,
        "nauc_precision_at_5_std": 0.25135910543728046,
        "nauc_recall_at_1000_diff1": 0.14693964738252227,
        "nauc_recall_at_1000_max": 0.3857402509583151,
        "nauc_recall_at_1000_std": 0.43198651358186874,
        "nauc_recall_at_100_diff1": 0.1482527485240334,
        "nauc_recall_at_100_max": 0.354271164671611,
        "nauc_recall_at_100_std": 0.35364277464045335,
        "nauc_recall_at_10_diff1": 0.1261456924009527,
        "nauc_recall_at_10_max": 0.2897057713333309,
        "nauc_recall_at_10_std": 0.23403075863612954,
        "nauc_recall_at_1_diff1": 0.33074107314052426,
        "nauc_recall_at_1_max": 0.34337743929740616,
        "nauc_recall_at_1_std": 0.12031365466472155,
        "nauc_recall_at_20_diff1": 0.13199729053819642,
        "nauc_recall_at_20_max": 0.3108449788506623,
        "nauc_recall_at_20_std": 0.28293624042133647,
        "nauc_recall_at_3_diff1": 0.18185306025543993,
        "nauc_recall_at_3_max": 0.32581711567296645,
        "nauc_recall_at_3_std": 0.20396116777891407,
        "nauc_recall_at_5_diff1": 0.14736269201811805,
        "nauc_recall_at_5_max": 0.29867164240126515,
        "nauc_recall_at_5_std": 0.21910370758480485,
        "ndcg_at_1": 0.22215,
        "ndcg_at_10": 0.24415,
        "ndcg_at_100": 0.31198,
        "ndcg_at_1000": 0.34622,
        "ndcg_at_20": 0.26996,
        "ndcg_at_3": 0.19836,
        "ndcg_at_5": 0.21706,
        "precision_at_1": 0.22215,
        "precision_at_10": 0.07674,
        "precision_at_100": 0.01493,
        "precision_at_1000": 0.00212,
        "precision_at_20": 0.04941,
        "precision_at_3": 0.14984,
        "precision_at_5": 0.11752,
        "recall_at_1": 0.09645,
        "recall_at_10": 0.2979,
        "recall_at_100": 0.53472,
        "recall_at_1000": 0.73084,
        "recall_at_20": 0.37123,
        "recall_at_3": 0.18562,
        "recall_at_5": 0.23702
      }
    ]
  },
  "task_name": "ClimateFEVER"
}