{
  "dataset_revision": "160c094312a0e1facb97e55eeddb698c0abe3571",
  "evaluation_time": 50.68067479133606,
  "kg_co2_emissions": null,
  "mteb_version": "1.13.1",
  "scores": {
    "test": [
      {
        "hf_subset": "default",
        "languages": [
          "eng-Latn"
        ],
        "main_score": 0.4194,
        "map_at_1": 0.28475,
        "map_at_10": 0.36488,
        "map_at_100": 0.38202,
        "map_at_1000": 0.38418,
        "map_at_20": 0.37351,
        "map_at_3": 0.33757,
        "map_at_5": 0.35072,
        "mrr_at_1": 0.33794466403162055,
        "mrr_at_10": 0.4101943346508564,
        "mrr_at_100": 0.4208853793368485,
        "mrr_at_1000": 0.421281208835347,
        "mrr_at_20": 0.41638403167981664,
        "mrr_at_3": 0.38899868247694336,
        "mrr_at_5": 0.39868247694334646,
        "nauc_map_at_1000_diff1": 0.5320399473895333,
        "nauc_map_at_1000_max": 0.4103047705501963,
        "nauc_map_at_1000_std": -0.0031577026263440895,
        "nauc_map_at_100_diff1": 0.5336045334659051,
        "nauc_map_at_100_max": 0.41168384829661625,
        "nauc_map_at_100_std": -0.0035699006188496312,
        "nauc_map_at_10_diff1": 0.5422549927222386,
        "nauc_map_at_10_max": 0.413218625220719,
        "nauc_map_at_10_std": -0.015746941107486236,
        "nauc_map_at_1_diff1": 0.6068383052599725,
        "nauc_map_at_1_max": 0.4136869525957612,
        "nauc_map_at_1_std": -0.03315366206849384,
        "nauc_map_at_20_diff1": 0.5392549479843747,
        "nauc_map_at_20_max": 0.41271586639472224,
        "nauc_map_at_20_std": -0.01099727251726406,
        "nauc_map_at_3_diff1": 0.5582246226069937,
        "nauc_map_at_3_max": 0.4145116016519781,
        "nauc_map_at_3_std": -0.029053796015788082,
        "nauc_map_at_5_diff1": 0.5490514297926545,
        "nauc_map_at_5_max": 0.41554747522535385,
        "nauc_map_at_5_std": -0.02781754638251326,
        "nauc_mrr_at_1000_diff1": 0.5093249393322544,
        "nauc_mrr_at_1000_max": 0.41817871367296866,
        "nauc_mrr_at_1000_std": 0.009485365399734522,
        "nauc_mrr_at_100_diff1": 0.5089890463539058,
        "nauc_mrr_at_100_max": 0.41793238528253895,
        "nauc_mrr_at_100_std": 0.009479799218678213,
        "nauc_mrr_at_10_diff1": 0.511952716077398,
        "nauc_mrr_at_10_max": 0.4184195949869491,
        "nauc_mrr_at_10_std": 0.007469002644088703,
        "nauc_mrr_at_1_diff1": 0.5514040386452527,
        "nauc_mrr_at_1_max": 0.4286017079303356,
        "nauc_mrr_at_1_std": 0.005713243176111656,
        "nauc_mrr_at_20_diff1": 0.5096067114804357,
        "nauc_mrr_at_20_max": 0.4180126235428558,
        "nauc_mrr_at_20_std": 0.00914803379990893,
        "nauc_mrr_at_3_diff1": 0.5161796867844464,
        "nauc_mrr_at_3_max": 0.421514595315418,
        "nauc_mrr_at_3_std": 0.002888894352334172,
        "nauc_mrr_at_5_diff1": 0.5144188710677476,
        "nauc_mrr_at_5_max": 0.42197426328407434,
        "nauc_mrr_at_5_std": 0.0010821637495135115,
        "nauc_ndcg_at_1000_diff1": 0.5015085030161726,
        "nauc_ndcg_at_1000_max": 0.4114515249581882,
        "nauc_ndcg_at_1000_std": 0.02324373987933275,
        "nauc_ndcg_at_100_diff1": 0.49595539826214147,
        "nauc_ndcg_at_100_max": 0.4035687182779027,
        "nauc_ndcg_at_100_std": 0.022023297498022888,
        "nauc_ndcg_at_10_diff1": 0.5063425696047753,
        "nauc_ndcg_at_10_max": 0.4020004963918943,
        "nauc_ndcg_at_10_std": 0.00756673428307195,
        "nauc_ndcg_at_1_diff1": 0.5514040386452527,
        "nauc_ndcg_at_1_max": 0.4286017079303356,
        "nauc_ndcg_at_1_std": 0.005713243176111656,
        "nauc_ndcg_at_20_diff1": 0.5054107759975132,
        "nauc_ndcg_at_20_max": 0.40115826552075945,
        "nauc_ndcg_at_20_std": 0.00798672472161248,
        "nauc_ndcg_at_3_diff1": 0.5170243656888269,
        "nauc_ndcg_at_3_max": 0.41012943366037674,
        "nauc_ndcg_at_3_std": -0.008099999058127824,
        "nauc_ndcg_at_5_diff1": 0.5121840333773692,
        "nauc_ndcg_at_5_max": 0.4088939340083268,
        "nauc_ndcg_at_5_std": -0.008324228052871138,
        "nauc_precision_at_1000_diff1": -0.27613005329810447,
        "nauc_precision_at_1000_max": -0.17005995466462126,
        "nauc_precision_at_1000_std": 0.11507425177365484,
        "nauc_precision_at_100_diff1": -0.20482952254357667,
        "nauc_precision_at_100_max": -0.0561025717830336,
        "nauc_precision_at_100_std": 0.1851067199990983,
        "nauc_precision_at_10_diff1": 0.09460042197865833,
        "nauc_precision_at_10_max": 0.19345013410150375,
        "nauc_precision_at_10_std": 0.14567711469913727,
        "nauc_precision_at_1_diff1": 0.5514040386452527,
        "nauc_precision_at_1_max": 0.4286017079303356,
        "nauc_precision_at_1_std": 0.005713243176111656,
        "nauc_precision_at_20_diff1": -0.006777629633357454,
        "nauc_precision_at_20_max": 0.11850177549823135,
        "nauc_precision_at_20_std": 0.1873078029270215,
        "nauc_precision_at_3_diff1": 0.3268527130319334,
        "nauc_precision_at_3_max": 0.34914392947803896,
        "nauc_precision_at_3_std": 0.026979021248718878,
        "nauc_precision_at_5_diff1": 0.22782112809860225,
        "nauc_precision_at_5_max": 0.2859260406974493,
        "nauc_precision_at_5_std": 0.04519665608090916,
        "nauc_recall_at_1000_diff1": 0.3148429794527234,
        "nauc_recall_at_1000_max": 0.44052835157527814,
        "nauc_recall_at_1000_std": 0.29248222317044714,
        "nauc_recall_at_100_diff1": 0.28103435645235575,
        "nauc_recall_at_100_max": 0.2940544257827835,
        "nauc_recall_at_100_std": 0.1491244081799165,
        "nauc_recall_at_10_diff1": 0.45217922504171365,
        "nauc_recall_at_10_max": 0.36512247034913314,
        "nauc_recall_at_10_std": 0.019510491833664746,
        "nauc_recall_at_1_diff1": 0.6068383052599725,
        "nauc_recall_at_1_max": 0.4136869525957612,
        "nauc_recall_at_1_std": -0.03315366206849384,
        "nauc_recall_at_20_diff1": 0.4207687792355687,
        "nauc_recall_at_20_max": 0.34267948239467716,
        "nauc_recall_at_20_std": 0.031223420076524015,
        "nauc_recall_at_3_diff1": 0.5079150664080461,
        "nauc_recall_at_3_max": 0.39273677672792084,
        "nauc_recall_at_3_std": -0.023354090409111974,
        "nauc_recall_at_5_diff1": 0.488373003141957,
        "nauc_recall_at_5_max": 0.39838199924663,
        "nauc_recall_at_5_std": -0.0275334565070799,
        "ndcg_at_1": 0.33794,
        "ndcg_at_10": 0.4194,
        "ndcg_at_100": 0.48186,
        "ndcg_at_1000": 0.50344,
        "ndcg_at_20": 0.44138,
        "ndcg_at_3": 0.37442,
        "ndcg_at_5": 0.39144,
        "precision_at_1": 0.33794,
        "precision_at_10": 0.07885,
        "precision_at_100": 0.01607,
        "precision_at_1000": 0.00241,
        "precision_at_20": 0.0501,
        "precision_at_3": 0.17062,
        "precision_at_5": 0.12174,
        "recall_at_1": 0.28475,
        "recall_at_10": 0.51713,
        "recall_at_100": 0.79849,
        "recall_at_1000": 0.93085,
        "recall_at_20": 0.59793,
        "recall_at_3": 0.38657,
        "recall_at_5": 0.43289
      }
    ]
  },
  "task_name": "CQADupstackWebmastersRetrieval"
}