{
  "dataset_revision": "f46a197baaae43b4f621051089b82a364682dfeb",
  "evaluation_time": 51.022301197052,
  "kg_co2_emissions": null,
  "mteb_version": "1.13.1",
  "scores": {
    "test": [
      {
        "hf_subset": "default",
        "languages": [
          "eng-Latn"
        ],
        "main_score": 0.53045,
        "map_at_1": 0.36104,
        "map_at_10": 0.47195,
        "map_at_100": 0.48679,
        "map_at_1000": 0.48781,
        "map_at_20": 0.47994,
        "map_at_3": 0.43891,
        "map_at_5": 0.45925,
        "mrr_at_1": 0.44778254649499283,
        "mrr_at_10": 0.5360946476826305,
        "mrr_at_100": 0.5431277265803791,
        "mrr_at_1000": 0.5434502911807311,
        "mrr_at_20": 0.5400130838571756,
        "mrr_at_3": 0.5145445875059609,
        "mrr_at_5": 0.528135431568908,
        "nauc_map_at_1000_diff1": 0.5446834666268302,
        "nauc_map_at_1000_max": 0.49914616610750434,
        "nauc_map_at_1000_std": -0.028957219956892974,
        "nauc_map_at_100_diff1": 0.5443109677150062,
        "nauc_map_at_100_max": 0.4990735890498021,
        "nauc_map_at_100_std": -0.02911125837378342,
        "nauc_map_at_10_diff1": 0.5446449350081605,
        "nauc_map_at_10_max": 0.495584149278729,
        "nauc_map_at_10_std": -0.034957064884433266,
        "nauc_map_at_1_diff1": 0.5855514731390455,
        "nauc_map_at_1_max": 0.4402290179011378,
        "nauc_map_at_1_std": -0.0593430591393785,
        "nauc_map_at_20_diff1": 0.5437477619520868,
        "nauc_map_at_20_max": 0.49848179604879683,
        "nauc_map_at_20_std": -0.032314429584383984,
        "nauc_map_at_3_diff1": 0.5515005990392362,
        "nauc_map_at_3_max": 0.4738690456039007,
        "nauc_map_at_3_std": -0.05442555556201676,
        "nauc_map_at_5_diff1": 0.5452367139973981,
        "nauc_map_at_5_max": 0.4857754105135627,
        "nauc_map_at_5_std": -0.04243259814521971,
        "nauc_mrr_at_1000_diff1": 0.5334359106717576,
        "nauc_mrr_at_1000_max": 0.5106935226125742,
        "nauc_mrr_at_1000_std": -0.026470120779058037,
        "nauc_mrr_at_100_diff1": 0.5331672109956026,
        "nauc_mrr_at_100_max": 0.5106607829541951,
        "nauc_mrr_at_100_std": -0.02647779421331301,
        "nauc_mrr_at_10_diff1": 0.534275519389334,
        "nauc_mrr_at_10_max": 0.5120742532446072,
        "nauc_mrr_at_10_std": -0.026703805913722824,
        "nauc_mrr_at_1_diff1": 0.5543425803598042,
        "nauc_mrr_at_1_max": 0.495032078269805,
        "nauc_mrr_at_1_std": -0.041491353925391626,
        "nauc_mrr_at_20_diff1": 0.5335926316177096,
        "nauc_mrr_at_20_max": 0.5109445617847849,
        "nauc_mrr_at_20_std": -0.027206064516946158,
        "nauc_mrr_at_3_diff1": 0.5339904580711835,
        "nauc_mrr_at_3_max": 0.5056410253134644,
        "nauc_mrr_at_3_std": -0.04020008528067018,
        "nauc_mrr_at_5_diff1": 0.533909426553687,
        "nauc_mrr_at_5_max": 0.5127423051536346,
        "nauc_mrr_at_5_std": -0.026528724419669057,
        "nauc_ndcg_at_1000_diff1": 0.5321710054505311,
        "nauc_ndcg_at_1000_max": 0.5109463061221823,
        "nauc_ndcg_at_1000_std": -0.005665646509098465,
        "nauc_ndcg_at_100_diff1": 0.5251468436967103,
        "nauc_ndcg_at_100_max": 0.508995820314973,
        "nauc_ndcg_at_100_std": -0.00746195694326992,
        "nauc_ndcg_at_10_diff1": 0.5292121411389211,
        "nauc_ndcg_at_10_max": 0.5089165764708691,
        "nauc_ndcg_at_10_std": -0.020217453322773412,
        "nauc_ndcg_at_1_diff1": 0.5543425803598042,
        "nauc_ndcg_at_1_max": 0.495032078269805,
        "nauc_ndcg_at_1_std": -0.041491353925391626,
        "nauc_ndcg_at_20_diff1": 0.5262507472333571,
        "nauc_ndcg_at_20_max": 0.5088372433651679,
        "nauc_ndcg_at_20_std": -0.021897541865839667,
        "nauc_ndcg_at_3_diff1": 0.533514145176043,
        "nauc_ndcg_at_3_max": 0.4954476077293292,
        "nauc_ndcg_at_3_std": -0.037681698504437436,
        "nauc_ndcg_at_5_diff1": 0.5275643736049773,
        "nauc_ndcg_at_5_max": 0.5041328791370326,
        "nauc_ndcg_at_5_std": -0.02237101067920704,
        "nauc_precision_at_1000_diff1": -0.15057102710650666,
        "nauc_precision_at_1000_max": -0.09825270041998789,
        "nauc_precision_at_1000_std": 0.03958497130126289,
        "nauc_precision_at_100_diff1": -0.09406952275269873,
        "nauc_precision_at_100_max": 0.03355131754186397,
        "nauc_precision_at_100_std": 0.08998491107836076,
        "nauc_precision_at_10_diff1": 0.12681721777822946,
        "nauc_precision_at_10_max": 0.32947906134357885,
        "nauc_precision_at_10_std": 0.11239155925086862,
        "nauc_precision_at_1_diff1": 0.5543425803598042,
        "nauc_precision_at_1_max": 0.495032078269805,
        "nauc_precision_at_1_std": -0.041491353925391626,
        "nauc_precision_at_20_diff1": 0.03886455562264411,
        "nauc_precision_at_20_max": 0.24779861884909662,
        "nauc_precision_at_20_std": 0.11805955786161784,
        "nauc_precision_at_3_diff1": 0.31376642595117715,
        "nauc_precision_at_3_max": 0.4281590600647325,
        "nauc_precision_at_3_std": 0.004767046549033333,
        "nauc_precision_at_5_diff1": 0.20725965508364305,
        "nauc_precision_at_5_max": 0.3756816233451592,
        "nauc_precision_at_5_std": 0.052106274833806906,
        "nauc_recall_at_1000_diff1": 0.3987494877053185,
        "nauc_recall_at_1000_max": 0.6100480980183904,
        "nauc_recall_at_1000_std": 0.4944900671810493,
        "nauc_recall_at_100_diff1": 0.3457088497715794,
        "nauc_recall_at_100_max": 0.48419695066636775,
        "nauc_recall_at_100_std": 0.162249474963911,
        "nauc_recall_at_10_diff1": 0.455937870495314,
        "nauc_recall_at_10_max": 0.4866925106491686,
        "nauc_recall_at_10_std": -0.005392810766636147,
        "nauc_recall_at_1_diff1": 0.5855514731390455,
        "nauc_recall_at_1_max": 0.4402290179011378,
        "nauc_recall_at_1_std": -0.0593430591393785,
        "nauc_recall_at_20_diff1": 0.42922998721657746,
        "nauc_recall_at_20_max": 0.4826052146095473,
        "nauc_recall_at_20_std": -0.0069607491619560116,
        "nauc_recall_at_3_diff1": 0.4911155597222786,
        "nauc_recall_at_3_max": 0.45731085121188625,
        "nauc_recall_at_3_std": -0.053782918277955526,
        "nauc_recall_at_5_diff1": 0.46386275769327445,
        "nauc_recall_at_5_max": 0.4746016018895864,
        "nauc_recall_at_5_std": -0.008291370317663242,
        "ndcg_at_1": 0.44778,
        "ndcg_at_10": 0.53045,
        "ndcg_at_100": 0.58395,
        "ndcg_at_1000": 0.60023,
        "ndcg_at_20": 0.55007,
        "ndcg_at_3": 0.48806,
        "ndcg_at_5": 0.51083,
        "precision_at_1": 0.44778,
        "precision_at_10": 0.09714,
        "precision_at_100": 0.01569,
        "precision_at_1000": 0.00198,
        "precision_at_20": 0.05751,
        "precision_at_3": 0.23033,
        "precision_at_5": 0.16423,
        "recall_at_1": 0.36104,
        "recall_at_10": 0.6311,
        "recall_at_100": 0.85407,
        "recall_at_1000": 0.95559,
        "recall_at_20": 0.69935,
        "recall_at_3": 0.50788,
        "recall_at_5": 0.57118
      }
    ]
  },
  "task_name": "CQADupstackAndroidRetrieval"
}