{
  "dataset_revision": "46989137a86843e03a6195de44b09deda022eec7",
  "evaluation_time": 81.44426989555359,
  "kg_co2_emissions": null,
  "mteb_version": "1.13.1",
  "scores": {
    "test": [
      {
        "hf_subset": "default",
        "languages": [
          "eng-Latn"
        ],
        "main_score": 0.3052,
        "map_at_1": 0.18732,
        "map_at_10": 0.25973,
        "map_at_100": 0.26965,
        "map_at_1000": 0.27091,
        "map_at_20": 0.2649,
        "map_at_3": 0.23852,
        "map_at_5": 0.24942,
        "mrr_at_1": 0.22436338609772882,
        "mrr_at_10": 0.29907880793978525,
        "mrr_at_100": 0.3073022343967743,
        "mrr_at_1000": 0.30811642622034363,
        "mrr_at_20": 0.30359815475744084,
        "mrr_at_3": 0.27913512273457214,
        "mrr_at_5": 0.28988873594861203,
        "nauc_map_at_1000_diff1": 0.4064890251196939,
        "nauc_map_at_1000_max": 0.3222815352621711,
        "nauc_map_at_1000_std": -0.02804104222907877,
        "nauc_map_at_100_diff1": 0.40625724662751744,
        "nauc_map_at_100_max": 0.3219223602800102,
        "nauc_map_at_100_std": -0.02837584309995542,
        "nauc_map_at_10_diff1": 0.4085605352392006,
        "nauc_map_at_10_max": 0.32077682899216275,
        "nauc_map_at_10_std": -0.0338699432145395,
        "nauc_map_at_1_diff1": 0.4690564060131627,
        "nauc_map_at_1_max": 0.3152031164703759,
        "nauc_map_at_1_std": -0.03862077535094589,
        "nauc_map_at_20_diff1": 0.4070539021930901,
        "nauc_map_at_20_max": 0.3208971867102944,
        "nauc_map_at_20_std": -0.031289086549558635,
        "nauc_map_at_3_diff1": 0.4163829725250407,
        "nauc_map_at_3_max": 0.3164246813737557,
        "nauc_map_at_3_std": -0.038449383473424005,
        "nauc_map_at_5_diff1": 0.4124707302757765,
        "nauc_map_at_5_max": 0.31873818202474297,
        "nauc_map_at_5_std": -0.03723111742822456,
        "nauc_mrr_at_1000_diff1": 0.41047854542813056,
        "nauc_mrr_at_1000_max": 0.33749199634226823,
        "nauc_mrr_at_1000_std": -0.021937478960205366,
        "nauc_mrr_at_100_diff1": 0.4103528903020969,
        "nauc_mrr_at_100_max": 0.33747666702862655,
        "nauc_mrr_at_100_std": -0.021966846190451052,
        "nauc_mrr_at_10_diff1": 0.4120379705350171,
        "nauc_mrr_at_10_max": 0.3370111755784181,
        "nauc_mrr_at_10_std": -0.026302570571502027,
        "nauc_mrr_at_1_diff1": 0.4672630329164371,
        "nauc_mrr_at_1_max": 0.3437448078283997,
        "nauc_mrr_at_1_std": -0.03429346729192612,
        "nauc_mrr_at_20_diff1": 0.41056374993391925,
        "nauc_mrr_at_20_max": 0.33655892643109003,
        "nauc_mrr_at_20_std": -0.02431057298659567,
        "nauc_mrr_at_3_diff1": 0.4189778486724828,
        "nauc_mrr_at_3_max": 0.33733333162800083,
        "nauc_mrr_at_3_std": -0.029013096410171826,
        "nauc_mrr_at_5_diff1": 0.41501728533031695,
        "nauc_mrr_at_5_max": 0.337570167206984,
        "nauc_mrr_at_5_std": -0.028562611677883147,
        "nauc_ndcg_at_1000_diff1": 0.3815678182591437,
        "nauc_ndcg_at_1000_max": 0.33042559225177826,
        "nauc_ndcg_at_1000_std": 0.004661841007610101,
        "nauc_ndcg_at_100_diff1": 0.37927091960451975,
        "nauc_ndcg_at_100_max": 0.3269145763169858,
        "nauc_ndcg_at_100_std": 0.0016064869782911244,
        "nauc_ndcg_at_10_diff1": 0.3888062401966653,
        "nauc_ndcg_at_10_max": 0.3250579333008387,
        "nauc_ndcg_at_10_std": -0.026112031658804814,
        "nauc_ndcg_at_1_diff1": 0.46869916517127014,
        "nauc_ndcg_at_1_max": 0.3445949468795811,
        "nauc_ndcg_at_1_std": -0.03495601001228104,
        "nauc_ndcg_at_20_diff1": 0.383785578210394,
        "nauc_ndcg_at_20_max": 0.32305756498551735,
        "nauc_ndcg_at_20_std": -0.01838555787462332,
        "nauc_ndcg_at_3_diff1": 0.4027267247245847,
        "nauc_ndcg_at_3_max": 0.3231756196902097,
        "nauc_ndcg_at_3_std": -0.03448639460146973,
        "nauc_ndcg_at_5_diff1": 0.39707636358004295,
        "nauc_ndcg_at_5_max": 0.32328375152724376,
        "nauc_ndcg_at_5_std": -0.033283774203803504,
        "nauc_precision_at_1000_diff1": 0.053277546938378335,
        "nauc_precision_at_1000_max": 0.16968387869033266,
        "nauc_precision_at_1000_std": 0.09341806830682566,
        "nauc_precision_at_100_diff1": 0.13961845831727274,
        "nauc_precision_at_100_max": 0.2409622994481596,
        "nauc_precision_at_100_std": 0.093644551685385,
        "nauc_precision_at_10_diff1": 0.2639381830578567,
        "nauc_precision_at_10_max": 0.3169557180736847,
        "nauc_precision_at_10_std": 0.006632642566456842,
        "nauc_precision_at_1_diff1": 0.46869916517127014,
        "nauc_precision_at_1_max": 0.3445949468795811,
        "nauc_precision_at_1_std": -0.03495601001228104,
        "nauc_precision_at_20_diff1": 0.2194147769775935,
        "nauc_precision_at_20_max": 0.28437544037906604,
        "nauc_precision_at_20_std": 0.030007034070893945,
        "nauc_precision_at_3_diff1": 0.34001397335059963,
        "nauc_precision_at_3_max": 0.3326235658557974,
        "nauc_precision_at_3_std": -0.021991636326081043,
        "nauc_precision_at_5_diff1": 0.3114634350382838,
        "nauc_precision_at_5_max": 0.32986935495537434,
        "nauc_precision_at_5_std": -0.016544261002470258,
        "nauc_recall_at_1000_diff1": 0.19249279072397782,
        "nauc_recall_at_1000_max": 0.3175624010226384,
        "nauc_recall_at_1000_std": 0.25006809482709547,
        "nauc_recall_at_100_diff1": 0.25272027616770887,
        "nauc_recall_at_100_max": 0.2958610499310916,
        "nauc_recall_at_100_std": 0.1216656516630022,
        "nauc_recall_at_10_diff1": 0.312820516738002,
        "nauc_recall_at_10_max": 0.298209725494471,
        "nauc_recall_at_10_std": -0.011833837280199919,
        "nauc_recall_at_1_diff1": 0.4690564060131627,
        "nauc_recall_at_1_max": 0.3152031164703759,
        "nauc_recall_at_1_std": -0.03862077535094589,
        "nauc_recall_at_20_diff1": 0.29134270126450984,
        "nauc_recall_at_20_max": 0.2883019690394594,
        "nauc_recall_at_20_std": 0.01440793961315269,
        "nauc_recall_at_3_diff1": 0.3552871350971328,
        "nauc_recall_at_3_max": 0.29553629345276294,
        "nauc_recall_at_3_std": -0.033885640424165885,
        "nauc_recall_at_5_diff1": 0.3377653295963261,
        "nauc_recall_at_5_max": 0.2948562732062914,
        "nauc_recall_at_5_std": -0.03038709868100709,
        "ndcg_at_1": 0.22402,
        "ndcg_at_10": 0.3052,
        "ndcg_at_100": 0.35233,
        "ndcg_at_1000": 0.38238,
        "ndcg_at_20": 0.32183,
        "ndcg_at_3": 0.26708,
        "ndcg_at_5": 0.28313,
        "precision_at_1": 0.22402,
        "precision_at_10": 0.05444,
        "precision_at_100": 0.00916,
        "precision_at_1000": 0.00135,
        "precision_at_20": 0.03247,
        "precision_at_3": 0.12503,
        "precision_at_5": 0.08789,
        "recall_at_1": 0.18732,
        "recall_at_10": 0.40183,
        "recall_at_100": 0.61409,
        "recall_at_1000": 0.82964,
        "recall_at_20": 0.46222,
        "recall_at_3": 0.29487,
        "recall_at_5": 0.33705
      }
    ]
  },
  "task_name": "CQADupstackTexRetrieval"
}