{
  "dataset_revision": "160c094312a0e1facb97e55eeddb698c0abe3571",
  "evaluation_time": 64.09129357337952,
  "kg_co2_emissions": null,
  "mteb_version": "1.13.1",
  "scores": {
    "test": [
      {
        "hf_subset": "default",
        "languages": [
          "eng-Latn"
        ],
        "main_score": 0.42002,
        "map_at_1": 0.28475,
        "map_at_10": 0.36499,
        "map_at_100": 0.38194,
        "map_at_1000": 0.38412,
        "map_at_20": 0.37361,
        "map_at_3": 0.33704,
        "map_at_5": 0.34955,
        "mrr_at_1": 0.33794466403162055,
        "mrr_at_10": 0.4108358429010603,
        "mrr_at_100": 0.42124439634127164,
        "mrr_at_1000": 0.42167655366012574,
        "mrr_at_20": 0.4167546332681583,
        "mrr_at_3": 0.38866930171277997,
        "mrr_at_5": 0.3989459815546772,
        "nauc_map_at_1000_diff1": 0.5219364853935822,
        "nauc_map_at_1000_max": 0.41285999844845966,
        "nauc_map_at_1000_std": -0.008651749492867693,
        "nauc_map_at_100_diff1": 0.5234207459731962,
        "nauc_map_at_100_max": 0.41422217530820826,
        "nauc_map_at_100_std": -0.009069325028928175,
        "nauc_map_at_10_diff1": 0.5322917983772815,
        "nauc_map_at_10_max": 0.41649840205202504,
        "nauc_map_at_10_std": -0.0208365846938009,
        "nauc_map_at_1_diff1": 0.5999441168432371,
        "nauc_map_at_1_max": 0.4156987091583663,
        "nauc_map_at_1_std": -0.038587894209697736,
        "nauc_map_at_20_diff1": 0.528967468121705,
        "nauc_map_at_20_max": 0.41540909197667963,
        "nauc_map_at_20_std": -0.016263467492939585,
        "nauc_map_at_3_diff1": 0.5496624100800187,
        "nauc_map_at_3_max": 0.4180256757989456,
        "nauc_map_at_3_std": -0.03766861661302832,
        "nauc_map_at_5_diff1": 0.5415859322702093,
        "nauc_map_at_5_max": 0.42052214518964437,
        "nauc_map_at_5_std": -0.033563294102123886,
        "nauc_mrr_at_1000_diff1": 0.4989131520295488,
        "nauc_mrr_at_1000_max": 0.4189006764016089,
        "nauc_mrr_at_1000_std": 0.0041826748978104735,
        "nauc_mrr_at_100_diff1": 0.4985596321682922,
        "nauc_mrr_at_100_max": 0.41861773504585825,
        "nauc_mrr_at_100_std": 0.0041423497293348235,
        "nauc_mrr_at_10_diff1": 0.5010668765795567,
        "nauc_mrr_at_10_max": 0.4186637709893677,
        "nauc_mrr_at_10_std": 0.002463628749923373,
        "nauc_mrr_at_1_diff1": 0.5456017937101312,
        "nauc_mrr_at_1_max": 0.42879295757610847,
        "nauc_mrr_at_1_std": -0.0005454837411388548,
        "nauc_mrr_at_20_diff1": 0.49877957777642706,
        "nauc_mrr_at_20_max": 0.41846501653788976,
        "nauc_mrr_at_20_std": 0.004121587483095857,
        "nauc_mrr_at_3_diff1": 0.5079012982717834,
        "nauc_mrr_at_3_max": 0.4228830456086219,
        "nauc_mrr_at_3_std": -0.005527542726397143,
        "nauc_mrr_at_5_diff1": 0.5050231093423115,
        "nauc_mrr_at_5_max": 0.4227432971660184,
        "nauc_mrr_at_5_std": -0.005132959194964835,
        "nauc_ndcg_at_1000_diff1": 0.4889934494220348,
        "nauc_ndcg_at_1000_max": 0.4124763412399355,
        "nauc_ndcg_at_1000_std": 0.017734885356961532,
        "nauc_ndcg_at_100_diff1": 0.4827450624889557,
        "nauc_ndcg_at_100_max": 0.404316130833193,
        "nauc_ndcg_at_100_std": 0.016636009838206258,
        "nauc_ndcg_at_10_diff1": 0.4936387510207498,
        "nauc_ndcg_at_10_max": 0.40335999242842785,
        "nauc_ndcg_at_10_std": 0.004399102293345249,
        "nauc_ndcg_at_1_diff1": 0.5456017937101312,
        "nauc_ndcg_at_1_max": 0.42879295757610847,
        "nauc_ndcg_at_1_std": -0.0005454837411388548,
        "nauc_ndcg_at_20_diff1": 0.4915364749495583,
        "nauc_ndcg_at_20_max": 0.4022698344550646,
        "nauc_ndcg_at_20_std": 0.004546957423755306,
        "nauc_ndcg_at_3_diff1": 0.5075807454396098,
        "nauc_ndcg_at_3_max": 0.4117856720915047,
        "nauc_ndcg_at_3_std": -0.01677133551784971,
        "nauc_ndcg_at_5_diff1": 0.5032901363130546,
        "nauc_ndcg_at_5_max": 0.4122942874423326,
        "nauc_ndcg_at_5_std": -0.012976319044876887,
        "nauc_precision_at_1000_diff1": -0.2693807575578174,
        "nauc_precision_at_1000_max": -0.16703195114020516,
        "nauc_precision_at_1000_std": 0.11035257579178058,
        "nauc_precision_at_100_diff1": -0.20361325018549958,
        "nauc_precision_at_100_max": -0.0652177633252691,
        "nauc_precision_at_100_std": 0.18276193472495095,
        "nauc_precision_at_10_diff1": 0.08864322061237878,
        "nauc_precision_at_10_max": 0.18641614308115265,
        "nauc_precision_at_10_std": 0.1446240355567058,
        "nauc_precision_at_1_diff1": 0.5456017937101312,
        "nauc_precision_at_1_max": 0.42879295757610847,
        "nauc_precision_at_1_std": -0.0005454837411388548,
        "nauc_precision_at_20_diff1": -0.01810628853941959,
        "nauc_precision_at_20_max": 0.10760881697601037,
        "nauc_precision_at_20_std": 0.18658857810558327,
        "nauc_precision_at_3_diff1": 0.31969783051391854,
        "nauc_precision_at_3_max": 0.34902991831630803,
        "nauc_precision_at_3_std": 0.017929635870299422,
        "nauc_precision_at_5_diff1": 0.22475459201824302,
        "nauc_precision_at_5_max": 0.2888377353339545,
        "nauc_precision_at_5_std": 0.04578437389940246,
        "nauc_recall_at_1000_diff1": 0.27315034798208027,
        "nauc_recall_at_1000_max": 0.43705577570219784,
        "nauc_recall_at_1000_std": 0.2849972545488016,
        "nauc_recall_at_100_diff1": 0.2584485774687398,
        "nauc_recall_at_100_max": 0.29321174641567066,
        "nauc_recall_at_100_std": 0.13836079368993168,
        "nauc_recall_at_10_diff1": 0.42845724843353344,
        "nauc_recall_at_10_max": 0.3653093471089032,
        "nauc_recall_at_10_std": 0.02358792295001,
        "nauc_recall_at_1_diff1": 0.5999441168432371,
        "nauc_recall_at_1_max": 0.4156987091583663,
        "nauc_recall_at_1_std": -0.038587894209697736,
        "nauc_recall_at_20_diff1": 0.3948359752737743,
        "nauc_recall_at_20_max": 0.34138172889480306,
        "nauc_recall_at_20_std": 0.0339146216876922,
        "nauc_recall_at_3_diff1": 0.4966041509253142,
        "nauc_recall_at_3_max": 0.39630446331808444,
        "nauc_recall_at_3_std": -0.03262193482803734,
        "nauc_recall_at_5_diff1": 0.4774863626101907,
        "nauc_recall_at_5_max": 0.4054048947139654,
        "nauc_recall_at_5_std": -0.027835132755108873,
        "ndcg_at_1": 0.33794,
        "ndcg_at_10": 0.42002,
        "ndcg_at_100": 0.48126,
        "ndcg_at_1000": 0.50351,
        "ndcg_at_20": 0.44177,
        "ndcg_at_3": 0.37363,
        "ndcg_at_5": 0.39017,
        "precision_at_1": 0.33794,
        "precision_at_10": 0.07905,
        "precision_at_100": 0.01603,
        "precision_at_1000": 0.00241,
        "precision_at_20": 0.0503,
        "precision_at_3": 0.16996,
        "precision_at_5": 0.12095,
        "recall_at_1": 0.28475,
        "recall_at_10": 0.51878,
        "recall_at_100": 0.7944,
        "recall_at_1000": 0.93169,
        "recall_at_20": 0.59867,
        "recall_at_3": 0.3846,
        "recall_at_5": 0.42951
      }
    ]
  },
  "task_name": "CQADupstackWebmastersRetrieval"
}