{
  "dataset_revision": "4ffe81d471b1924886b33c7567bfb200e9eec5c4",
  "evaluation_time": 44.305540561676025,
  "kg_co2_emissions": null,
  "mteb_version": "1.13.1",
  "scores": {
    "test": [
      {
        "hf_subset": "default",
        "languages": [
          "eng-Latn"
        ],
        "main_score": 0.34961,
        "map_at_1": 0.23888,
        "map_at_10": 0.30638,
        "map_at_100": 0.31668,
        "map_at_1000": 0.3177,
        "map_at_20": 0.3123,
        "map_at_3": 0.28391,
        "map_at_5": 0.29447,
        "mrr_at_1": 0.26062846580406657,
        "mrr_at_10": 0.32747337382272684,
        "mrr_at_100": 0.3363991749377353,
        "mrr_at_1000": 0.33714264507728187,
        "mrr_at_20": 0.3324464643345085,
        "mrr_at_3": 0.3062230437461491,
        "mrr_at_5": 0.31786814540973507,
        "nauc_map_at_1000_diff1": 0.4278770538896374,
        "nauc_map_at_1000_max": 0.29612462297009834,
        "nauc_map_at_1000_std": -0.04446204232170949,
        "nauc_map_at_100_diff1": 0.42778949068847283,
        "nauc_map_at_100_max": 0.29602785901406403,
        "nauc_map_at_100_std": -0.045236216802018524,
        "nauc_map_at_10_diff1": 0.4286900770782134,
        "nauc_map_at_10_max": 0.2962604599598408,
        "nauc_map_at_10_std": -0.05175623879754706,
        "nauc_map_at_1_diff1": 0.48737115227361655,
        "nauc_map_at_1_max": 0.3144581473075879,
        "nauc_map_at_1_std": -0.050247796584551994,
        "nauc_map_at_20_diff1": 0.42886700271286715,
        "nauc_map_at_20_max": 0.2958579392605805,
        "nauc_map_at_20_std": -0.04756031259752708,
        "nauc_map_at_3_diff1": 0.4354510886927471,
        "nauc_map_at_3_max": 0.2953154355606833,
        "nauc_map_at_3_std": -0.05013576000476687,
        "nauc_map_at_5_diff1": 0.4283755408976221,
        "nauc_map_at_5_max": 0.2914370548911803,
        "nauc_map_at_5_std": -0.056293676136455834,
        "nauc_mrr_at_1000_diff1": 0.4361378488476377,
        "nauc_mrr_at_1000_max": 0.3294455120574231,
        "nauc_mrr_at_1000_std": -0.04325396389193648,
        "nauc_mrr_at_100_diff1": 0.43589402350621853,
        "nauc_mrr_at_100_max": 0.32923656379319277,
        "nauc_mrr_at_100_std": -0.04359157783313395,
        "nauc_mrr_at_10_diff1": 0.437063942927836,
        "nauc_mrr_at_10_max": 0.3307764949812436,
        "nauc_mrr_at_10_std": -0.04828005529230427,
        "nauc_mrr_at_1_diff1": 0.497922382029134,
        "nauc_mrr_at_1_max": 0.3573519596618039,
        "nauc_mrr_at_1_std": -0.053374554651950394,
        "nauc_mrr_at_20_diff1": 0.4366510448064697,
        "nauc_mrr_at_20_max": 0.3293845695567553,
        "nauc_mrr_at_20_std": -0.044486979410703564,
        "nauc_mrr_at_3_diff1": 0.4448331284042883,
        "nauc_mrr_at_3_max": 0.3321771383826038,
        "nauc_mrr_at_3_std": -0.05054893739887055,
        "nauc_mrr_at_5_diff1": 0.4358725444330929,
        "nauc_mrr_at_5_max": 0.32702776593922833,
        "nauc_mrr_at_5_std": -0.055450805536507254,
        "nauc_ndcg_at_1000_diff1": 0.4070922306753555,
        "nauc_ndcg_at_1000_max": 0.30107780098759784,
        "nauc_ndcg_at_1000_std": -0.007440687069090559,
        "nauc_ndcg_at_100_diff1": 0.40318248690012076,
        "nauc_ndcg_at_100_max": 0.29603241974340405,
        "nauc_ndcg_at_100_std": -0.018981882703909762,
        "nauc_ndcg_at_10_diff1": 0.4106194727055901,
        "nauc_ndcg_at_10_max": 0.2962625308830028,
        "nauc_ndcg_at_10_std": -0.04758612492819708,
        "nauc_ndcg_at_1_diff1": 0.497922382029134,
        "nauc_ndcg_at_1_max": 0.3573519596618039,
        "nauc_ndcg_at_1_std": -0.053374554651950394,
        "nauc_ndcg_at_20_diff1": 0.4117719807537656,
        "nauc_ndcg_at_20_max": 0.29437348490071336,
        "nauc_ndcg_at_20_std": -0.033545362899389516,
        "nauc_ndcg_at_3_diff1": 0.42130278590225073,
        "nauc_ndcg_at_3_max": 0.29958032267486234,
        "nauc_ndcg_at_3_std": -0.04911519964390817,
        "nauc_ndcg_at_5_diff1": 0.4090715423679157,
        "nauc_ndcg_at_5_max": 0.28924805830388295,
        "nauc_ndcg_at_5_std": -0.06122389176283968,
        "nauc_precision_at_1000_diff1": -0.09377805566590544,
        "nauc_precision_at_1000_max": 0.009750302071202907,
        "nauc_precision_at_1000_std": 0.28853578977178745,
        "nauc_precision_at_100_diff1": 0.11741158813071467,
        "nauc_precision_at_100_max": 0.21436753530125952,
        "nauc_precision_at_100_std": 0.1861437400269769,
        "nauc_precision_at_10_diff1": 0.29435974229754813,
        "nauc_precision_at_10_max": 0.3080013570883089,
        "nauc_precision_at_10_std": 0.0015031968146212548,
        "nauc_precision_at_1_diff1": 0.497922382029134,
        "nauc_precision_at_1_max": 0.3573519596618039,
        "nauc_precision_at_1_std": -0.053374554651950394,
        "nauc_precision_at_20_diff1": 0.27521845768135006,
        "nauc_precision_at_20_max": 0.29188099733722034,
        "nauc_precision_at_20_std": 0.061227394573268354,
        "nauc_precision_at_3_diff1": 0.3602453412430418,
        "nauc_precision_at_3_max": 0.30777675494300916,
        "nauc_precision_at_3_std": -0.03171830988675564,
        "nauc_precision_at_5_diff1": 0.3257262435445377,
        "nauc_precision_at_5_max": 0.29915087106796506,
        "nauc_precision_at_5_std": -0.04816528492016197,
        "nauc_recall_at_1000_diff1": 0.22887269087038162,
        "nauc_recall_at_1000_max": 0.29203028984604945,
        "nauc_recall_at_1000_std": 0.40350152094876474,
        "nauc_recall_at_100_diff1": 0.284135969528763,
        "nauc_recall_at_100_max": 0.2452757199762685,
        "nauc_recall_at_100_std": 0.10117799402010573,
        "nauc_recall_at_10_diff1": 0.3480095734081406,
        "nauc_recall_at_10_max": 0.25533409445424815,
        "nauc_recall_at_10_std": -0.04026225699323109,
        "nauc_recall_at_1_diff1": 0.48737115227361655,
        "nauc_recall_at_1_max": 0.3144581473075879,
        "nauc_recall_at_1_std": -0.050247796584551994,
        "nauc_recall_at_20_diff1": 0.35033922014061425,
        "nauc_recall_at_20_max": 0.2440176073776022,
        "nauc_recall_at_20_std": 0.011123381740258283,
        "nauc_recall_at_3_diff1": 0.3728894454959483,
        "nauc_recall_at_3_max": 0.26971769492316466,
        "nauc_recall_at_3_std": -0.05342122302639576,
        "nauc_recall_at_5_diff1": 0.3465095102224354,
        "nauc_recall_at_5_max": 0.2484385960015494,
        "nauc_recall_at_5_std": -0.08025495919302521,
        "ndcg_at_1": 0.26063,
        "ndcg_at_10": 0.34961,
        "ndcg_at_100": 0.39828,
        "ndcg_at_1000": 0.42411,
        "ndcg_at_20": 0.3697,
        "ndcg_at_3": 0.30477,
        "ndcg_at_5": 0.32332,
        "precision_at_1": 0.26063,
        "precision_at_10": 0.05416,
        "precision_at_100": 0.00837,
        "precision_at_1000": 0.00118,
        "precision_at_20": 0.03179,
        "precision_at_3": 0.12631,
        "precision_at_5": 0.08688,
        "recall_at_1": 0.23888,
        "recall_at_10": 0.46263,
        "recall_at_100": 0.68211,
        "recall_at_1000": 0.87524,
        "recall_at_20": 0.53934,
        "recall_at_3": 0.34033,
        "recall_at_5": 0.3858
      }
    ]
  },
  "task_name": "CQADupstackWordpressRetrieval"
}