{
  "dataset_revision": "46989137a86843e03a6195de44b09deda022eec7",
  "evaluation_time": 54.689865827560425,
  "kg_co2_emissions": null,
  "mteb_version": "1.13.1",
  "scores": {
    "test": [
      {
        "hf_subset": "default",
        "languages": [
          "eng-Latn"
        ],
        "main_score": 0.3056,
        "map_at_1": 0.18812,
        "map_at_10": 0.26031,
        "map_at_100": 0.27023,
        "map_at_1000": 0.27149,
        "map_at_20": 0.26547,
        "map_at_3": 0.23889,
        "map_at_5": 0.25013,
        "mrr_at_1": 0.22539573296627666,
        "mrr_at_10": 0.29979598859502504,
        "mrr_at_100": 0.308049036044242,
        "mrr_at_1000": 0.3088577343693553,
        "mrr_at_20": 0.3043745930056733,
        "mrr_at_3": 0.2798233539802707,
        "mrr_at_5": 0.29076623078687774,
        "nauc_map_at_1000_diff1": 0.3996932966946409,
        "nauc_map_at_1000_max": 0.3231447029981428,
        "nauc_map_at_1000_std": -0.02814139262617184,
        "nauc_map_at_100_diff1": 0.3994667235992849,
        "nauc_map_at_100_max": 0.3227949947016693,
        "nauc_map_at_100_std": -0.028523838641062577,
        "nauc_map_at_10_diff1": 0.4019942354880049,
        "nauc_map_at_10_max": 0.3215640121320926,
        "nauc_map_at_10_std": -0.03408354002384964,
        "nauc_map_at_1_diff1": 0.4606552646690024,
        "nauc_map_at_1_max": 0.3180246458518433,
        "nauc_map_at_1_std": -0.037430786192796626,
        "nauc_map_at_20_diff1": 0.40025038349316144,
        "nauc_map_at_20_max": 0.32191130818278285,
        "nauc_map_at_20_std": -0.03145440221029733,
        "nauc_map_at_3_diff1": 0.410901805191046,
        "nauc_map_at_3_max": 0.3174928552457943,
        "nauc_map_at_3_std": -0.038703885639503374,
        "nauc_map_at_5_diff1": 0.4051203511097128,
        "nauc_map_at_5_max": 0.3188569857078204,
        "nauc_map_at_5_std": -0.037640628677015765,
        "nauc_mrr_at_1000_diff1": 0.40406928629328376,
        "nauc_mrr_at_1000_max": 0.3373716550935555,
        "nauc_mrr_at_1000_std": -0.021017278404551743,
        "nauc_mrr_at_100_diff1": 0.4039581026432561,
        "nauc_mrr_at_100_max": 0.3373517639801593,
        "nauc_mrr_at_100_std": -0.021109145323663037,
        "nauc_mrr_at_10_diff1": 0.4059041997125585,
        "nauc_mrr_at_10_max": 0.33702554574428006,
        "nauc_mrr_at_10_std": -0.025362015977288977,
        "nauc_mrr_at_1_diff1": 0.4585842621565343,
        "nauc_mrr_at_1_max": 0.3450666698509989,
        "nauc_mrr_at_1_std": -0.03151119271967202,
        "nauc_mrr_at_20_diff1": 0.4040876633159502,
        "nauc_mrr_at_20_max": 0.3364988716742678,
        "nauc_mrr_at_20_std": -0.0233676780710726,
        "nauc_mrr_at_3_diff1": 0.4139046999222128,
        "nauc_mrr_at_3_max": 0.33705808873550147,
        "nauc_mrr_at_3_std": -0.02813315559855274,
        "nauc_mrr_at_5_diff1": 0.4084569916586868,
        "nauc_mrr_at_5_max": 0.3360202625012663,
        "nauc_mrr_at_5_std": -0.0281730155950413,
        "nauc_ndcg_at_1000_diff1": 0.37516848246097795,
        "nauc_ndcg_at_1000_max": 0.33106809773710355,
        "nauc_ndcg_at_1000_std": 0.004336053288407305,
        "nauc_ndcg_at_100_diff1": 0.3732504987554468,
        "nauc_ndcg_at_100_max": 0.32744789166409005,
        "nauc_ndcg_at_100_std": 0.0006577003812451466,
        "nauc_ndcg_at_10_diff1": 0.3832607027221884,
        "nauc_ndcg_at_10_max": 0.325217728587651,
        "nauc_ndcg_at_10_std": -0.02686741844819335,
        "nauc_ndcg_at_1_diff1": 0.4585842621565343,
        "nauc_ndcg_at_1_max": 0.3450666698509989,
        "nauc_ndcg_at_1_std": -0.03151119271967202,
        "nauc_ndcg_at_20_diff1": 0.3771895092933194,
        "nauc_ndcg_at_20_max": 0.32397751767554406,
        "nauc_ndcg_at_20_std": -0.018718422522981885,
        "nauc_ndcg_at_3_diff1": 0.398738267108606,
        "nauc_ndcg_at_3_max": 0.32359319380158696,
        "nauc_ndcg_at_3_std": -0.035046312268792956,
        "nauc_ndcg_at_5_diff1": 0.38934696083880665,
        "nauc_ndcg_at_5_max": 0.32209747885931567,
        "nauc_ndcg_at_5_std": -0.03387703885357493,
        "nauc_precision_at_1000_diff1": 0.055128482330166755,
        "nauc_precision_at_1000_max": 0.16734771118974776,
        "nauc_precision_at_1000_std": 0.09384166686525139,
        "nauc_precision_at_100_diff1": 0.14037765000215677,
        "nauc_precision_at_100_max": 0.23779213865179877,
        "nauc_precision_at_100_std": 0.0923108606929129,
        "nauc_precision_at_10_diff1": 0.263348787132794,
        "nauc_precision_at_10_max": 0.31388394136907083,
        "nauc_precision_at_10_std": 0.00604262268795991,
        "nauc_precision_at_1_diff1": 0.4585842621565343,
        "nauc_precision_at_1_max": 0.3450666698509989,
        "nauc_precision_at_1_std": -0.03151119271967202,
        "nauc_precision_at_20_diff1": 0.2174707213335199,
        "nauc_precision_at_20_max": 0.2817545497117166,
        "nauc_precision_at_20_std": 0.0284735700549122,
        "nauc_precision_at_3_diff1": 0.3430714814605332,
        "nauc_precision_at_3_max": 0.3338340881016379,
        "nauc_precision_at_3_std": -0.022849828446323786,
        "nauc_precision_at_5_diff1": 0.3027980908623077,
        "nauc_precision_at_5_max": 0.3222829400208699,
        "nauc_precision_at_5_std": -0.017325527657287707,
        "nauc_recall_at_1000_diff1": 0.18774967676940266,
        "nauc_recall_at_1000_max": 0.3213157645135686,
        "nauc_recall_at_1000_std": 0.24475148902925695,
        "nauc_recall_at_100_diff1": 0.2509364622013367,
        "nauc_recall_at_100_max": 0.29741813145095225,
        "nauc_recall_at_100_std": 0.11542048867400462,
        "nauc_recall_at_10_diff1": 0.3118254956184156,
        "nauc_recall_at_10_max": 0.2992655849549614,
        "nauc_recall_at_10_std": -0.014879739019948948,
        "nauc_recall_at_1_diff1": 0.4606552646690024,
        "nauc_recall_at_1_max": 0.3180246458518433,
        "nauc_recall_at_1_std": -0.037430786192796626,
        "nauc_recall_at_20_diff1": 0.2850238621488042,
        "nauc_recall_at_20_max": 0.2911279857483463,
        "nauc_recall_at_20_std": 0.013451507678205767,
        "nauc_recall_at_3_diff1": 0.35431097705769643,
        "nauc_recall_at_3_max": 0.29697832364052323,
        "nauc_recall_at_3_std": -0.035407095940835874,
        "nauc_recall_at_5_diff1": 0.33108546416538065,
        "nauc_recall_at_5_max": 0.29372011323500713,
        "nauc_recall_at_5_std": -0.03232988328310179,
        "ndcg_at_1": 0.2254,
        "ndcg_at_10": 0.3056,
        "ndcg_at_100": 0.35274,
        "ndcg_at_1000": 0.38281,
        "ndcg_at_20": 0.32235,
        "ndcg_at_3": 0.26725,
        "ndcg_at_5": 0.28395,
        "precision_at_1": 0.2254,
        "precision_at_10": 0.05437,
        "precision_at_100": 0.00915,
        "precision_at_1000": 0.00135,
        "precision_at_20": 0.03243,
        "precision_at_3": 0.12457,
        "precision_at_5": 0.0883,
        "recall_at_1": 0.18812,
        "recall_at_10": 0.40146,
        "recall_at_100": 0.61354,
        "recall_at_1000": 0.82925,
        "recall_at_20": 0.46247,
        "recall_at_3": 0.29417,
        "recall_at_5": 0.33721
      }
    ]
  },
  "task_name": "CQADupstackTexRetrieval"
}