{
  "dataset_revision": "6184bc1440d2dbc7612be22b50686b8826d22b32",
  "evaluation_time": 54.618464946746826,
  "kg_co2_emissions": null,
  "mteb_version": "1.13.1",
  "scores": {
    "test": [
      {
        "hf_subset": "default",
        "languages": [
          "eng-Latn"
        ],
        "main_score": 0.45001,
        "map_at_1": 0.29817,
        "map_at_10": 0.39648,
        "map_at_100": 0.40877,
        "map_at_1000": 0.40986,
        "map_at_20": 0.40316,
        "map_at_3": 0.36726,
        "map_at_5": 0.38371,
        "mrr_at_1": 0.3595890410958904,
        "mrr_at_10": 0.44888834529245486,
        "mrr_at_100": 0.4569438100492245,
        "mrr_at_1000": 0.4574337261661581,
        "mrr_at_20": 0.45364571825988764,
        "mrr_at_3": 0.42656012176560126,
        "mrr_at_5": 0.43843226788432266,
        "nauc_map_at_1000_diff1": 0.46699413505903653,
        "nauc_map_at_1000_max": 0.4960090585817728,
        "nauc_map_at_1000_std": 0.03616959365532669,
        "nauc_map_at_100_diff1": 0.4665491660148953,
        "nauc_map_at_100_max": 0.4957993994193939,
        "nauc_map_at_100_std": 0.0360243778917447,
        "nauc_map_at_10_diff1": 0.46662873908137037,
        "nauc_map_at_10_max": 0.4905951519369196,
        "nauc_map_at_10_std": 0.025904332713562295,
        "nauc_map_at_1_diff1": 0.5177821639369417,
        "nauc_map_at_1_max": 0.4625532131288323,
        "nauc_map_at_1_std": -0.0011373222118099867,
        "nauc_map_at_20_diff1": 0.46666152878541084,
        "nauc_map_at_20_max": 0.4910466507945431,
        "nauc_map_at_20_std": 0.02992432090344803,
        "nauc_map_at_3_diff1": 0.47899411240473394,
        "nauc_map_at_3_max": 0.4813690193606434,
        "nauc_map_at_3_std": 0.01429067991852744,
        "nauc_map_at_5_diff1": 0.47269105203077555,
        "nauc_map_at_5_max": 0.48938215997610446,
        "nauc_map_at_5_std": 0.018535482428025492,
        "nauc_mrr_at_1000_diff1": 0.4874735269985601,
        "nauc_mrr_at_1000_max": 0.5337303173252355,
        "nauc_mrr_at_1000_std": 0.06363092010707397,
        "nauc_mrr_at_100_diff1": 0.48725310180167886,
        "nauc_mrr_at_100_max": 0.5336907663484919,
        "nauc_mrr_at_100_std": 0.06375044906939242,
        "nauc_mrr_at_10_diff1": 0.48675983541182954,
        "nauc_mrr_at_10_max": 0.5337153037687786,
        "nauc_mrr_at_10_std": 0.06193950889755125,
        "nauc_mrr_at_1_diff1": 0.5266839377567406,
        "nauc_mrr_at_1_max": 0.531183579304609,
        "nauc_mrr_at_1_std": 0.03709823370995348,
        "nauc_mrr_at_20_diff1": 0.48727501096238884,
        "nauc_mrr_at_20_max": 0.5323310006244658,
        "nauc_mrr_at_20_std": 0.06185921005303908,
        "nauc_mrr_at_3_diff1": 0.49568340759615687,
        "nauc_mrr_at_3_max": 0.5356279202798182,
        "nauc_mrr_at_3_std": 0.05661716762733459,
        "nauc_mrr_at_5_diff1": 0.4914331534387738,
        "nauc_mrr_at_5_max": 0.5369546878393856,
        "nauc_mrr_at_5_std": 0.058804996968392774,
        "nauc_ndcg_at_1000_diff1": 0.4608731080709286,
        "nauc_ndcg_at_1000_max": 0.5174150792935023,
        "nauc_ndcg_at_1000_std": 0.07548641294719538,
        "nauc_ndcg_at_100_diff1": 0.4530477440246478,
        "nauc_ndcg_at_100_max": 0.5162508891893074,
        "nauc_ndcg_at_100_std": 0.08078019229238792,
        "nauc_ndcg_at_10_diff1": 0.45071455227475826,
        "nauc_ndcg_at_10_max": 0.4967217156040123,
        "nauc_ndcg_at_10_std": 0.042709228721609545,
        "nauc_ndcg_at_1_diff1": 0.5301840180802515,
        "nauc_ndcg_at_1_max": 0.5326258109924253,
        "nauc_ndcg_at_1_std": 0.039908817075662885,
        "nauc_ndcg_at_20_diff1": 0.4511372701183785,
        "nauc_ndcg_at_20_max": 0.4954701954098559,
        "nauc_ndcg_at_20_std": 0.052643399096824285,
        "nauc_ndcg_at_3_diff1": 0.4719668310899068,
        "nauc_ndcg_at_3_max": 0.5015158783245773,
        "nauc_ndcg_at_3_std": 0.03439949225956833,
        "nauc_ndcg_at_5_diff1": 0.46384825361102827,
        "nauc_ndcg_at_5_max": 0.5022543578878407,
        "nauc_ndcg_at_5_std": 0.03243826439834259,
        "nauc_precision_at_1000_diff1": -0.07725918492966173,
        "nauc_precision_at_1000_max": 0.08703167369418781,
        "nauc_precision_at_1000_std": 0.16437885137240552,
        "nauc_precision_at_100_diff1": 0.008503721870929454,
        "nauc_precision_at_100_max": 0.26134943123493276,
        "nauc_precision_at_100_std": 0.2642995745544988,
        "nauc_precision_at_10_diff1": 0.20334299432588934,
        "nauc_precision_at_10_max": 0.4276610929551796,
        "nauc_precision_at_10_std": 0.17047471026060254,
        "nauc_precision_at_1_diff1": 0.5301840180802515,
        "nauc_precision_at_1_max": 0.5326258109924253,
        "nauc_precision_at_1_std": 0.039908817075662885,
        "nauc_precision_at_20_diff1": 0.13444630850399047,
        "nauc_precision_at_20_max": 0.36328337931710936,
        "nauc_precision_at_20_std": 0.20784215924104926,
        "nauc_precision_at_3_diff1": 0.34268483717761034,
        "nauc_precision_at_3_max": 0.5084641230159794,
        "nauc_precision_at_3_std": 0.1163152974655074,
        "nauc_precision_at_5_diff1": 0.283007781624701,
        "nauc_precision_at_5_max": 0.4820414782520086,
        "nauc_precision_at_5_std": 0.1262917161439496,
        "nauc_recall_at_1000_diff1": 0.37446688072468687,
        "nauc_recall_at_1000_max": 0.5769365137654004,
        "nauc_recall_at_1000_std": 0.4217756851821334,
        "nauc_recall_at_100_diff1": 0.32074449514127173,
        "nauc_recall_at_100_max": 0.5089573323119486,
        "nauc_recall_at_100_std": 0.2789494539862007,
        "nauc_recall_at_10_diff1": 0.3573203602066615,
        "nauc_recall_at_10_max": 0.4360089965997164,
        "nauc_recall_at_10_std": 0.04743333840478428,
        "nauc_recall_at_1_diff1": 0.5177821639369417,
        "nauc_recall_at_1_max": 0.4625532131288323,
        "nauc_recall_at_1_std": -0.0011373222118099867,
        "nauc_recall_at_20_diff1": 0.3500550222403701,
        "nauc_recall_at_20_max": 0.4161971969522091,
        "nauc_recall_at_20_std": 0.08018524912196288,
        "nauc_recall_at_3_diff1": 0.4357039902476847,
        "nauc_recall_at_3_max": 0.45696777605250977,
        "nauc_recall_at_3_std": 0.01222747264695964,
        "nauc_recall_at_5_diff1": 0.40424399472664785,
        "nauc_recall_at_5_max": 0.46364480523259954,
        "nauc_recall_at_5_std": 0.021949397675320448,
        "ndcg_at_1": 0.35845,
        "ndcg_at_10": 0.45001,
        "ndcg_at_100": 0.50352,
        "ndcg_at_1000": 0.52511,
        "ndcg_at_20": 0.47105,
        "ndcg_at_3": 0.40485,
        "ndcg_at_5": 0.42491,
        "precision_at_1": 0.35845,
        "precision_at_10": 0.07957,
        "precision_at_100": 0.01231,
        "precision_at_1000": 0.00158,
        "precision_at_20": 0.04623,
        "precision_at_3": 0.19026,
        "precision_at_5": 0.13288,
        "recall_at_1": 0.29817,
        "recall_at_10": 0.55699,
        "recall_at_100": 0.7875,
        "recall_at_1000": 0.93219,
        "recall_at_20": 0.6336,
        "recall_at_3": 0.42921,
        "recall_at_5": 0.48443
      }
    ]
  },
  "task_name": "CQADupstackProgrammersRetrieval"
}