{
  "dataset_revision": "79531abbd1fb92d06c6d6315a0cbbbf5bb247ea4",
  "evaluation_time": 57.51801371574402,
  "kg_co2_emissions": null,
  "mteb_version": "1.13.1",
  "scores": {
    "test": [
      {
        "hf_subset": "default",
        "languages": [
          "eng-Latn"
        ],
        "main_score": 0.48272,
        "map_at_1": 0.31796,
        "map_at_10": 0.42385,
        "map_at_100": 0.43685,
        "map_at_1000": 0.43791,
        "map_at_20": 0.43077,
        "map_at_3": 0.39256,
        "map_at_5": 0.41029,
        "mrr_at_1": 0.38787295476419636,
        "mrr_at_10": 0.47969926822188613,
        "mrr_at_100": 0.48762244539762123,
        "mrr_at_1000": 0.4880966404315046,
        "mrr_at_20": 0.48447687543932444,
        "mrr_at_3": 0.45540583894770614,
        "mrr_at_5": 0.46989092075713823,
        "nauc_map_at_1000_diff1": 0.5405175045117396,
        "nauc_map_at_1000_max": 0.3856613887377961,
        "nauc_map_at_1000_std": -0.10807695767082146,
        "nauc_map_at_100_diff1": 0.5402334960180579,
        "nauc_map_at_100_max": 0.3849466352350296,
        "nauc_map_at_100_std": -0.10878270402849527,
        "nauc_map_at_10_diff1": 0.5419295706836437,
        "nauc_map_at_10_max": 0.3822633944369453,
        "nauc_map_at_10_std": -0.11752211022762035,
        "nauc_map_at_1_diff1": 0.5943499813242309,
        "nauc_map_at_1_max": 0.3680486018362504,
        "nauc_map_at_1_std": -0.13681060671375608,
        "nauc_map_at_20_diff1": 0.5398912545561304,
        "nauc_map_at_20_max": 0.382476370735239,
        "nauc_map_at_20_std": -0.11328947664401136,
        "nauc_map_at_3_diff1": 0.5394705845306331,
        "nauc_map_at_3_max": 0.3748096534262863,
        "nauc_map_at_3_std": -0.12526438193109718,
        "nauc_map_at_5_diff1": 0.5387448935856661,
        "nauc_map_at_5_max": 0.37632619721311766,
        "nauc_map_at_5_std": -0.12232726253341601,
        "nauc_mrr_at_1000_diff1": 0.5390330696535481,
        "nauc_mrr_at_1000_max": 0.40003335519296557,
        "nauc_mrr_at_1000_std": -0.0913398742210157,
        "nauc_mrr_at_100_diff1": 0.5388744356483305,
        "nauc_mrr_at_100_max": 0.39986994745450166,
        "nauc_mrr_at_100_std": -0.09141183117636165,
        "nauc_mrr_at_10_diff1": 0.5397595222799708,
        "nauc_mrr_at_10_max": 0.39816907904210347,
        "nauc_mrr_at_10_std": -0.09509591432043021,
        "nauc_mrr_at_1_diff1": 0.5839845594898259,
        "nauc_mrr_at_1_max": 0.4012742053308094,
        "nauc_mrr_at_1_std": -0.10699453574342019,
        "nauc_mrr_at_20_diff1": 0.5380348145890147,
        "nauc_mrr_at_20_max": 0.39864149214665573,
        "nauc_mrr_at_20_std": -0.09296395563155996,
        "nauc_mrr_at_3_diff1": 0.5401949793666455,
        "nauc_mrr_at_3_max": 0.40062157479564364,
        "nauc_mrr_at_3_std": -0.10093656821147623,
        "nauc_mrr_at_5_diff1": 0.5399184145823605,
        "nauc_mrr_at_5_max": 0.40010080201984466,
        "nauc_mrr_at_5_std": -0.09572617206423875,
        "nauc_ndcg_at_1000_diff1": 0.5297014108385943,
        "nauc_ndcg_at_1000_max": 0.4036620764139891,
        "nauc_ndcg_at_1000_std": -0.06968410136134676,
        "nauc_ndcg_at_100_diff1": 0.5257610585973379,
        "nauc_ndcg_at_100_max": 0.39705549705732895,
        "nauc_ndcg_at_100_std": -0.0756887039174555,
        "nauc_ndcg_at_10_diff1": 0.529421212197861,
        "nauc_ndcg_at_10_max": 0.38593594907222833,
        "nauc_ndcg_at_10_std": -0.10584733168764653,
        "nauc_ndcg_at_1_diff1": 0.5839845594898259,
        "nauc_ndcg_at_1_max": 0.4012742053308094,
        "nauc_ndcg_at_1_std": -0.10699453574342019,
        "nauc_ndcg_at_20_diff1": 0.5224609600579969,
        "nauc_ndcg_at_20_max": 0.38536615832971943,
        "nauc_ndcg_at_20_std": -0.0957123969415904,
        "nauc_ndcg_at_3_diff1": 0.5251509123805699,
        "nauc_ndcg_at_3_max": 0.38601802555918313,
        "nauc_ndcg_at_3_std": -0.11356964755802026,
        "nauc_ndcg_at_5_diff1": 0.5257231563947008,
        "nauc_ndcg_at_5_max": 0.38287135225929325,
        "nauc_ndcg_at_5_std": -0.1102750731581549,
        "nauc_precision_at_1000_diff1": -0.10314976288993087,
        "nauc_precision_at_1000_max": 0.07389459261424702,
        "nauc_precision_at_1000_std": 0.2270239013637134,
        "nauc_precision_at_100_diff1": -0.0020724786836135976,
        "nauc_precision_at_100_max": 0.15022450057664694,
        "nauc_precision_at_100_std": 0.19916009385257125,
        "nauc_precision_at_10_diff1": 0.21832230454325882,
        "nauc_precision_at_10_max": 0.28740120846210676,
        "nauc_precision_at_10_std": 0.05958202635541,
        "nauc_precision_at_1_diff1": 0.5839845594898259,
        "nauc_precision_at_1_max": 0.4012742053308094,
        "nauc_precision_at_1_std": -0.10699453574342019,
        "nauc_precision_at_20_diff1": 0.13202843195348105,
        "nauc_precision_at_20_max": 0.23431002750660354,
        "nauc_precision_at_20_std": 0.11531294749874071,
        "nauc_precision_at_3_diff1": 0.35643993659136686,
        "nauc_precision_at_3_max": 0.35107323778455735,
        "nauc_precision_at_3_std": -0.046378022359574944,
        "nauc_precision_at_5_diff1": 0.2845630251827262,
        "nauc_precision_at_5_max": 0.31481337674048815,
        "nauc_precision_at_5_std": -0.0028336835759603684,
        "nauc_recall_at_1000_diff1": 0.4255665130499618,
        "nauc_recall_at_1000_max": 0.5701353251872555,
        "nauc_recall_at_1000_std": 0.44602971181270384,
        "nauc_recall_at_100_diff1": 0.4095595537070298,
        "nauc_recall_at_100_max": 0.39159884322674815,
        "nauc_recall_at_100_std": 0.08746361256630707,
        "nauc_recall_at_10_diff1": 0.46182199094884324,
        "nauc_recall_at_10_max": 0.3489108089802846,
        "nauc_recall_at_10_std": -0.09388767505322988,
        "nauc_recall_at_1_diff1": 0.5943499813242309,
        "nauc_recall_at_1_max": 0.3680486018362504,
        "nauc_recall_at_1_std": -0.13681060671375608,
        "nauc_recall_at_20_diff1": 0.42278107636087925,
        "nauc_recall_at_20_max": 0.3350640070898575,
        "nauc_recall_at_20_std": -0.057757548155990907,
        "nauc_recall_at_3_diff1": 0.47200871765322683,
        "nauc_recall_at_3_max": 0.35498865931692053,
        "nauc_recall_at_3_std": -0.11655293638520707,
        "nauc_recall_at_5_diff1": 0.4617257877002363,
        "nauc_recall_at_5_max": 0.3442579917394887,
        "nauc_recall_at_5_std": -0.1080600196817587,
        "ndcg_at_1": 0.38787,
        "ndcg_at_10": 0.48272,
        "ndcg_at_100": 0.53498,
        "ndcg_at_1000": 0.55389,
        "ndcg_at_20": 0.50302,
        "ndcg_at_3": 0.43355,
        "ndcg_at_5": 0.45748,
        "precision_at_1": 0.38787,
        "precision_at_10": 0.08614,
        "precision_at_100": 0.01303,
        "precision_at_1000": 0.00162,
        "precision_at_20": 0.04986,
        "precision_at_3": 0.20436,
        "precision_at_5": 0.14398,
        "recall_at_1": 0.31796,
        "recall_at_10": 0.60142,
        "recall_at_100": 0.81673,
        "recall_at_1000": 0.93922,
        "recall_at_20": 0.67104,
        "recall_at_3": 0.46464,
        "recall_at_5": 0.52678
      }
    ]
  },
  "task_name": "CQADupstackPhysicsRetrieval"
}