{
  "dataset_revision": "6c6430d3a6d36f8d2a829195bc5dc94d7e063e53",
  "evaluation_time": 42.90493083000183,
  "kg_co2_emissions": null,
  "mteb_version": "1.13.1",
  "scores": {
    "test": [
      {
        "hf_subset": "default",
        "languages": [
          "eng-Latn"
        ],
        "main_score": 0.41975,
        "map_at_1": 0.28085,
        "map_at_10": 0.36878,
        "map_at_100": 0.37957,
        "map_at_1000": 0.38059,
        "map_at_20": 0.37465,
        "map_at_3": 0.34238,
        "map_at_5": 0.35831,
        "mrr_at_1": 0.33302238805970147,
        "mrr_at_10": 0.41213204809286896,
        "mrr_at_100": 0.4204484067287102,
        "mrr_at_1000": 0.42103740859030986,
        "mrr_at_20": 0.41694993434988553,
        "mrr_at_3": 0.3880597014925373,
        "mrr_at_5": 0.40345149253731344,
        "nauc_map_at_1000_diff1": 0.5250339370993973,
        "nauc_map_at_1000_max": 0.4872619285943636,
        "nauc_map_at_1000_std": -0.00027076974234739517,
        "nauc_map_at_100_diff1": 0.5248499435539925,
        "nauc_map_at_100_max": 0.4869966651623712,
        "nauc_map_at_100_std": -0.0005159334909572128,
        "nauc_map_at_10_diff1": 0.5268108418517096,
        "nauc_map_at_10_max": 0.48570971882269115,
        "nauc_map_at_10_std": -0.0048860217227742276,
        "nauc_map_at_1_diff1": 0.5865714735074433,
        "nauc_map_at_1_max": 0.48854348794103647,
        "nauc_map_at_1_std": -0.015951766862657337,
        "nauc_map_at_20_diff1": 0.5267491202411501,
        "nauc_map_at_20_max": 0.48717315595523786,
        "nauc_map_at_20_std": -0.002908228205779907,
        "nauc_map_at_3_diff1": 0.5326539581183855,
        "nauc_map_at_3_max": 0.4809745314603001,
        "nauc_map_at_3_std": -0.01454568890673443,
        "nauc_map_at_5_diff1": 0.5287774465065523,
        "nauc_map_at_5_max": 0.4837158999717303,
        "nauc_map_at_5_std": -0.010164766659823462,
        "nauc_mrr_at_1000_diff1": 0.5220432816045311,
        "nauc_mrr_at_1000_max": 0.49355566640393206,
        "nauc_mrr_at_1000_std": -0.002554551346127018,
        "nauc_mrr_at_100_diff1": 0.5217538428640641,
        "nauc_mrr_at_100_max": 0.49334331083475885,
        "nauc_mrr_at_100_std": -0.0025936332685659058,
        "nauc_mrr_at_10_diff1": 0.5219297239158627,
        "nauc_mrr_at_10_max": 0.4926599959119819,
        "nauc_mrr_at_10_std": -0.006482453292806204,
        "nauc_mrr_at_1_diff1": 0.5835322448569344,
        "nauc_mrr_at_1_max": 0.5107898431949898,
        "nauc_mrr_at_1_std": -0.014469420139898012,
        "nauc_mrr_at_20_diff1": 0.5222571669173711,
        "nauc_mrr_at_20_max": 0.49358349279376507,
        "nauc_mrr_at_20_std": -0.0035003013832980525,
        "nauc_mrr_at_3_diff1": 0.5276674245862014,
        "nauc_mrr_at_3_max": 0.4926752879846876,
        "nauc_mrr_at_3_std": -0.015841980109754617,
        "nauc_mrr_at_5_diff1": 0.5237740115844652,
        "nauc_mrr_at_5_max": 0.4932019121867137,
        "nauc_mrr_at_5_std": -0.008515002159087832,
        "nauc_ndcg_at_1000_diff1": 0.5033410368320796,
        "nauc_ndcg_at_1000_max": 0.4911716141082943,
        "nauc_ndcg_at_1000_std": 0.02701068405334937,
        "nauc_ndcg_at_100_diff1": 0.496110495546071,
        "nauc_ndcg_at_100_max": 0.48380924073669174,
        "nauc_ndcg_at_100_std": 0.02361499367647742,
        "nauc_ndcg_at_10_diff1": 0.5038125623143263,
        "nauc_ndcg_at_10_max": 0.48150168734304044,
        "nauc_ndcg_at_10_std": 0.0015362783371148574,
        "nauc_ndcg_at_1_diff1": 0.5835322448569344,
        "nauc_ndcg_at_1_max": 0.5107898431949898,
        "nauc_ndcg_at_1_std": -0.014469420139898012,
        "nauc_ndcg_at_20_diff1": 0.5044272534512577,
        "nauc_ndcg_at_20_max": 0.48593388800644416,
        "nauc_ndcg_at_20_std": 0.011023548835398918,
        "nauc_ndcg_at_3_diff1": 0.5106721624179401,
        "nauc_ndcg_at_3_max": 0.477532610099899,
        "nauc_ndcg_at_3_std": -0.016082125910412085,
        "nauc_ndcg_at_5_diff1": 0.5083853859758263,
        "nauc_ndcg_at_5_max": 0.47945703695110914,
        "nauc_ndcg_at_5_std": -0.007848975809310625,
        "nauc_precision_at_1000_diff1": -0.1342143061237201,
        "nauc_precision_at_1000_max": 0.007155843580176516,
        "nauc_precision_at_1000_std": 0.07245540836939345,
        "nauc_precision_at_100_diff1": -0.0011496748879717279,
        "nauc_precision_at_100_max": 0.14836872542480845,
        "nauc_precision_at_100_std": 0.09411706682621783,
        "nauc_precision_at_10_diff1": 0.2559135328029124,
        "nauc_precision_at_10_max": 0.3518683953477134,
        "nauc_precision_at_10_std": 0.03328626355339488,
        "nauc_precision_at_1_diff1": 0.5835322448569344,
        "nauc_precision_at_1_max": 0.5107898431949898,
        "nauc_precision_at_1_std": -0.014469420139898012,
        "nauc_precision_at_20_diff1": 0.19223523085065117,
        "nauc_precision_at_20_max": 0.3167860034928039,
        "nauc_precision_at_20_std": 0.061115799465386644,
        "nauc_precision_at_3_diff1": 0.374545606190166,
        "nauc_precision_at_3_max": 0.4167770200011153,
        "nauc_precision_at_3_std": -0.013037510716665047,
        "nauc_precision_at_5_diff1": 0.3246897748383973,
        "nauc_precision_at_5_max": 0.39201451400618614,
        "nauc_precision_at_5_std": 0.00871043153143383,
        "nauc_recall_at_1000_diff1": 0.3985342142405837,
        "nauc_recall_at_1000_max": 0.5632704582079836,
        "nauc_recall_at_1000_std": 0.4223914269743353,
        "nauc_recall_at_100_diff1": 0.3533898395212364,
        "nauc_recall_at_100_max": 0.42270791463678276,
        "nauc_recall_at_100_std": 0.15819127018267876,
        "nauc_recall_at_10_diff1": 0.4192229787093666,
        "nauc_recall_at_10_max": 0.43540873546231884,
        "nauc_recall_at_10_std": 0.02126238238733639,
        "nauc_recall_at_1_diff1": 0.5865714735074433,
        "nauc_recall_at_1_max": 0.48854348794103647,
        "nauc_recall_at_1_std": -0.015951766862657337,
        "nauc_recall_at_20_diff1": 0.41923678534675146,
        "nauc_recall_at_20_max": 0.4469942416225102,
        "nauc_recall_at_20_std": 0.06081659320071951,
        "nauc_recall_at_3_diff1": 0.45851286320169,
        "nauc_recall_at_3_max": 0.44030521920546084,
        "nauc_recall_at_3_std": -0.0187154868638548,
        "nauc_recall_at_5_diff1": 0.4408617937664758,
        "nauc_recall_at_5_max": 0.44028001654570176,
        "nauc_recall_at_5_std": -0.0023549423282202696,
        "ndcg_at_1": 0.33302,
        "ndcg_at_10": 0.41975,
        "ndcg_at_100": 0.46964,
        "ndcg_at_1000": 0.49223,
        "ndcg_at_20": 0.43854,
        "ndcg_at_3": 0.3733,
        "ndcg_at_5": 0.39735,
        "precision_at_1": 0.33302,
        "precision_at_10": 0.0695,
        "precision_at_100": 0.01063,
        "precision_at_1000": 0.00136,
        "precision_at_20": 0.03997,
        "precision_at_3": 0.16884,
        "precision_at_5": 0.11959,
        "recall_at_1": 0.28085,
        "recall_at_10": 0.53127,
        "recall_at_100": 0.74837,
        "recall_at_1000": 0.9067,
        "recall_at_20": 0.59872,
        "recall_at_3": 0.40485,
        "recall_at_5": 0.46516
      }
    ]
  },
  "task_name": "CQADupstackUnixRetrieval"
}