{
  "dataset_revision": "90fceea13679c63fe563ded68f3b6f06e50061de",
  "evaluation_time": 31.623764038085938,
  "kg_co2_emissions": null,
  "mteb_version": "1.13.1",
  "scores": {
    "test": [
      {
        "hf_subset": "default",
        "languages": [
          "eng-Latn"
        ],
        "main_score": 0.29995,
        "map_at_1": 0.17001,
        "map_at_10": 0.24937,
        "map_at_100": 0.26118,
        "map_at_1000": 0.26243,
        "map_at_20": 0.25619,
        "map_at_3": 0.22345,
        "map_at_5": 0.23915,
        "mrr_at_1": 0.2126865671641791,
        "mrr_at_10": 0.2965608465608466,
        "mrr_at_100": 0.3067548086282538,
        "mrr_at_1000": 0.30746537275275504,
        "mrr_at_20": 0.30288689214845005,
        "mrr_at_3": 0.27135157545605304,
        "mrr_at_5": 0.28764510779436153,
        "nauc_map_at_1000_diff1": 0.3276496022476923,
        "nauc_map_at_1000_max": 0.27312863338957,
        "nauc_map_at_1000_std": -0.06591181503716427,
        "nauc_map_at_100_diff1": 0.32757710894115566,
        "nauc_map_at_100_max": 0.2732159587887164,
        "nauc_map_at_100_std": -0.06604234220538606,
        "nauc_map_at_10_diff1": 0.3308350150230877,
        "nauc_map_at_10_max": 0.2730826119079851,
        "nauc_map_at_10_std": -0.07249317329436654,
        "nauc_map_at_1_diff1": 0.396444732032705,
        "nauc_map_at_1_max": 0.27702111921245304,
        "nauc_map_at_1_std": -0.07992767685813637,
        "nauc_map_at_20_diff1": 0.32736847539761593,
        "nauc_map_at_20_max": 0.2728676388067473,
        "nauc_map_at_20_std": -0.06673604340933868,
        "nauc_map_at_3_diff1": 0.3475136039737201,
        "nauc_map_at_3_max": 0.26961037639425717,
        "nauc_map_at_3_std": -0.08862792919884466,
        "nauc_map_at_5_diff1": 0.3386083402019124,
        "nauc_map_at_5_max": 0.2745110268646474,
        "nauc_map_at_5_std": -0.0772859366153497,
        "nauc_mrr_at_1000_diff1": 0.32732132886016135,
        "nauc_mrr_at_1000_max": 0.2698328045140239,
        "nauc_mrr_at_1000_std": -0.0795348499748204,
        "nauc_mrr_at_100_diff1": 0.32717141726727667,
        "nauc_mrr_at_100_max": 0.26997310210863035,
        "nauc_mrr_at_100_std": -0.07945427339039339,
        "nauc_mrr_at_10_diff1": 0.32765922899589695,
        "nauc_mrr_at_10_max": 0.2689439671169019,
        "nauc_mrr_at_10_std": -0.08367332469325993,
        "nauc_mrr_at_1_diff1": 0.3973757472121001,
        "nauc_mrr_at_1_max": 0.278719201424336,
        "nauc_mrr_at_1_std": -0.10051887059709957,
        "nauc_mrr_at_20_diff1": 0.32654792651857845,
        "nauc_mrr_at_20_max": 0.27009152818862847,
        "nauc_mrr_at_20_std": -0.07888978340334182,
        "nauc_mrr_at_3_diff1": 0.3436926401336208,
        "nauc_mrr_at_3_max": 0.26795150273417756,
        "nauc_mrr_at_3_std": -0.09843745223813243,
        "nauc_mrr_at_5_diff1": 0.3339839846826978,
        "nauc_mrr_at_5_max": 0.26965044233623503,
        "nauc_mrr_at_5_std": -0.08796938581163148,
        "nauc_ndcg_at_1000_diff1": 0.29639587188564764,
        "nauc_ndcg_at_1000_max": 0.2767769787922932,
        "nauc_ndcg_at_1000_std": -0.03916535513172737,
        "nauc_ndcg_at_100_diff1": 0.2962251479737367,
        "nauc_ndcg_at_100_max": 0.2762459482453556,
        "nauc_ndcg_at_100_std": -0.040216075731678264,
        "nauc_ndcg_at_10_diff1": 0.3000063961935385,
        "nauc_ndcg_at_10_max": 0.2731484053931325,
        "nauc_ndcg_at_10_std": -0.06272983247614634,
        "nauc_ndcg_at_1_diff1": 0.3973757472121001,
        "nauc_ndcg_at_1_max": 0.278719201424336,
        "nauc_ndcg_at_1_std": -0.10051887059709957,
        "nauc_ndcg_at_20_diff1": 0.29113377832671605,
        "nauc_ndcg_at_20_max": 0.27408514337435974,
        "nauc_ndcg_at_20_std": -0.04370492417028492,
        "nauc_ndcg_at_3_diff1": 0.3365539475885939,
        "nauc_ndcg_at_3_max": 0.2685566199663487,
        "nauc_ndcg_at_3_std": -0.09537169651291792,
        "nauc_ndcg_at_5_diff1": 0.3192610680972608,
        "nauc_ndcg_at_5_max": 0.2758944117048893,
        "nauc_ndcg_at_5_std": -0.07407592985446436,
        "nauc_precision_at_1000_diff1": -0.005629231587196064,
        "nauc_precision_at_1000_max": 0.017859186363797613,
        "nauc_precision_at_1000_std": 0.02074422346223561,
        "nauc_precision_at_100_diff1": 0.07669628325044016,
        "nauc_precision_at_100_max": 0.128017537215699,
        "nauc_precision_at_100_std": 0.052464432383598845,
        "nauc_precision_at_10_diff1": 0.17827857480480713,
        "nauc_precision_at_10_max": 0.22974010237801717,
        "nauc_precision_at_10_std": -0.018250522476052494,
        "nauc_precision_at_1_diff1": 0.3973757472121001,
        "nauc_precision_at_1_max": 0.278719201424336,
        "nauc_precision_at_1_std": -0.10051887059709957,
        "nauc_precision_at_20_diff1": 0.11995750992300858,
        "nauc_precision_at_20_max": 0.20062269157418153,
        "nauc_precision_at_20_std": 0.03702817647829516,
        "nauc_precision_at_3_diff1": 0.28593500837487046,
        "nauc_precision_at_3_max": 0.25580870779650244,
        "nauc_precision_at_3_std": -0.10669064469953947,
        "nauc_precision_at_5_diff1": 0.24285646762446592,
        "nauc_precision_at_5_max": 0.2574412300082394,
        "nauc_precision_at_5_std": -0.05259279303447961,
        "nauc_recall_at_1000_diff1": 0.06338754447241055,
        "nauc_recall_at_1000_max": 0.3076062752351896,
        "nauc_recall_at_1000_std": 0.2051908137916455,
        "nauc_recall_at_100_diff1": 0.1775520513624256,
        "nauc_recall_at_100_max": 0.26206772644794035,
        "nauc_recall_at_100_std": 0.06677732205483175,
        "nauc_recall_at_10_diff1": 0.20530240530142752,
        "nauc_recall_at_10_max": 0.25704050488506075,
        "nauc_recall_at_10_std": -0.03111643268557425,
        "nauc_recall_at_1_diff1": 0.396444732032705,
        "nauc_recall_at_1_max": 0.27702111921245304,
        "nauc_recall_at_1_std": -0.07992767685813637,
        "nauc_recall_at_20_diff1": 0.1716581834996395,
        "nauc_recall_at_20_max": 0.25387434878976,
        "nauc_recall_at_20_std": 0.033678621795576534,
        "nauc_recall_at_3_diff1": 0.2880803617944466,
        "nauc_recall_at_3_max": 0.2590120842801532,
        "nauc_recall_at_3_std": -0.09270412591837775,
        "nauc_recall_at_5_diff1": 0.25303814878039976,
        "nauc_recall_at_5_max": 0.26490818187639514,
        "nauc_recall_at_5_std": -0.058845168115301966,
        "ndcg_at_1": 0.21269,
        "ndcg_at_10": 0.29995,
        "ndcg_at_100": 0.35666,
        "ndcg_at_1000": 0.38576,
        "ndcg_at_20": 0.32322,
        "ndcg_at_3": 0.25502,
        "ndcg_at_5": 0.27851,
        "precision_at_1": 0.21269,
        "precision_at_10": 0.05547,
        "precision_at_100": 0.00966,
        "precision_at_1000": 0.00134,
        "precision_at_20": 0.03408,
        "precision_at_3": 0.12438,
        "precision_at_5": 0.09279,
        "recall_at_1": 0.17001,
        "recall_at_10": 0.40885,
        "recall_at_100": 0.65425,
        "recall_at_1000": 0.86069,
        "recall_at_20": 0.49258,
        "recall_at_3": 0.28506,
        "recall_at_5": 0.34356
      }
    ]
  },
  "task_name": "CQADupstackMathematicaRetrieval"
}