{
  "dataset_revision": "65ac3a16b8e91f9cee4c9828cc7c335575432a2a",
  "evaluation_time": 41.97539806365967,
  "kg_co2_emissions": null,
  "mteb_version": "1.13.1",
  "scores": {
    "test": [
      {
        "hf_subset": "default",
        "languages": [
          "eng-Latn"
        ],
        "main_score": 0.38262,
        "map_at_1": 0.28463,
        "map_at_10": 0.34695,
        "map_at_100": 0.35626,
        "map_at_1000": 0.35728,
        "map_at_20": 0.35195,
        "map_at_3": 0.32908,
        "map_at_5": 0.34005,
        "mrr_at_1": 0.31441717791411045,
        "mrr_at_10": 0.37489775051124746,
        "mrr_at_100": 0.3828292616599008,
        "mrr_at_1000": 0.3835881410320667,
        "mrr_at_20": 0.37927143681763903,
        "mrr_at_3": 0.3576175869120654,
        "mrr_at_5": 0.36820040899795503,
        "nauc_map_at_1000_diff1": 0.5077599499162953,
        "nauc_map_at_1000_max": 0.4591345972598256,
        "nauc_map_at_1000_std": -0.027916537498874985,
        "nauc_map_at_100_diff1": 0.5079337472410127,
        "nauc_map_at_100_max": 0.45920674858860816,
        "nauc_map_at_100_std": -0.027817385036119108,
        "nauc_map_at_10_diff1": 0.5081660187055285,
        "nauc_map_at_10_max": 0.4551454060712847,
        "nauc_map_at_10_std": -0.033922024957838526,
        "nauc_map_at_1_diff1": 0.5437644288099261,
        "nauc_map_at_1_max": 0.44511214470928356,
        "nauc_map_at_1_std": -0.06516480457871848,
        "nauc_map_at_20_diff1": 0.5086381568916447,
        "nauc_map_at_20_max": 0.45804369603424394,
        "nauc_map_at_20_std": -0.031148368067465702,
        "nauc_map_at_3_diff1": 0.5065801116955124,
        "nauc_map_at_3_max": 0.4452004064898906,
        "nauc_map_at_3_std": -0.04481887460458724,
        "nauc_map_at_5_diff1": 0.5075466354433841,
        "nauc_map_at_5_max": 0.4505912664004428,
        "nauc_map_at_5_std": -0.03870243101934335,
        "nauc_mrr_at_1000_diff1": 0.5101626462090757,
        "nauc_mrr_at_1000_max": 0.4770031722835405,
        "nauc_mrr_at_1000_std": -0.013232037992031667,
        "nauc_mrr_at_100_diff1": 0.5103110604649939,
        "nauc_mrr_at_100_max": 0.47713858635046547,
        "nauc_mrr_at_100_std": -0.013020980811802835,
        "nauc_mrr_at_10_diff1": 0.5112147254998212,
        "nauc_mrr_at_10_max": 0.47633970630651284,
        "nauc_mrr_at_10_std": -0.016383687729240214,
        "nauc_mrr_at_1_diff1": 0.5434198067881587,
        "nauc_mrr_at_1_max": 0.48067407082533076,
        "nauc_mrr_at_1_std": -0.04276690049783169,
        "nauc_mrr_at_20_diff1": 0.5112967199857634,
        "nauc_mrr_at_20_max": 0.4773512863920577,
        "nauc_mrr_at_20_std": -0.015143623869108662,
        "nauc_mrr_at_3_diff1": 0.5079104014716256,
        "nauc_mrr_at_3_max": 0.4707715444461595,
        "nauc_mrr_at_3_std": -0.021890453723511925,
        "nauc_mrr_at_5_diff1": 0.5110939173813018,
        "nauc_mrr_at_5_max": 0.4727423441417415,
        "nauc_mrr_at_5_std": -0.02027142786342543,
        "nauc_ndcg_at_1000_diff1": 0.49173157773788506,
        "nauc_ndcg_at_1000_max": 0.4723835209883433,
        "nauc_ndcg_at_1000_std": 0.009575357457678344,
        "nauc_ndcg_at_100_diff1": 0.493028651032936,
        "nauc_ndcg_at_100_max": 0.47400902274018397,
        "nauc_ndcg_at_100_std": 0.01144817443441296,
        "nauc_ndcg_at_10_diff1": 0.4989098062088933,
        "nauc_ndcg_at_10_max": 0.46390466296247407,
        "nauc_ndcg_at_10_std": -0.015911283405933115,
        "nauc_ndcg_at_1_diff1": 0.5434198067881587,
        "nauc_ndcg_at_1_max": 0.48067407082533076,
        "nauc_ndcg_at_1_std": -0.04276690049783169,
        "nauc_ndcg_at_20_diff1": 0.49915161690189647,
        "nauc_ndcg_at_20_max": 0.469574819180347,
        "nauc_ndcg_at_20_std": -0.009382207576240644,
        "nauc_ndcg_at_3_diff1": 0.49397689809965317,
        "nauc_ndcg_at_3_max": 0.45158229252110726,
        "nauc_ndcg_at_3_std": -0.0291465546204843,
        "nauc_ndcg_at_5_diff1": 0.4962843591221177,
        "nauc_ndcg_at_5_max": 0.45456771272487717,
        "nauc_ndcg_at_5_std": -0.026196718674821887,
        "nauc_precision_at_1000_diff1": 0.07462939272897239,
        "nauc_precision_at_1000_max": 0.20398433686087045,
        "nauc_precision_at_1000_std": 0.20231296191677106,
        "nauc_precision_at_100_diff1": 0.2391388423233799,
        "nauc_precision_at_100_max": 0.39639741697970554,
        "nauc_precision_at_100_std": 0.21688720650558208,
        "nauc_precision_at_10_diff1": 0.3730676206668042,
        "nauc_precision_at_10_max": 0.4718781642208853,
        "nauc_precision_at_10_std": 0.09548602389619076,
        "nauc_precision_at_1_diff1": 0.5434198067881587,
        "nauc_precision_at_1_max": 0.48067407082533076,
        "nauc_precision_at_1_std": -0.04276690049783169,
        "nauc_precision_at_20_diff1": 0.3513651304581357,
        "nauc_precision_at_20_max": 0.4725125517042581,
        "nauc_precision_at_20_std": 0.134122210100496,
        "nauc_precision_at_3_diff1": 0.42062965510242734,
        "nauc_precision_at_3_max": 0.4612944599502157,
        "nauc_precision_at_3_std": 0.027557342558228812,
        "nauc_precision_at_5_diff1": 0.39682802799645334,
        "nauc_precision_at_5_max": 0.466856030849572,
        "nauc_precision_at_5_std": 0.05551374036042537,
        "nauc_recall_at_1000_diff1": 0.2906143099280923,
        "nauc_recall_at_1000_max": 0.46248553309397145,
        "nauc_recall_at_1000_std": 0.2630056471633838,
        "nauc_recall_at_100_diff1": 0.38916791928165856,
        "nauc_recall_at_100_max": 0.47716725054021386,
        "nauc_recall_at_100_std": 0.16463784270739765,
        "nauc_recall_at_10_diff1": 0.45735888782375755,
        "nauc_recall_at_10_max": 0.45529301387607235,
        "nauc_recall_at_10_std": 0.015599367854636653,
        "nauc_recall_at_1_diff1": 0.5437644288099261,
        "nauc_recall_at_1_max": 0.44511214470928356,
        "nauc_recall_at_1_std": -0.06516480457871848,
        "nauc_recall_at_20_diff1": 0.44654830104852616,
        "nauc_recall_at_20_max": 0.46261496612243164,
        "nauc_recall_at_20_std": 0.033193057373799476,
        "nauc_recall_at_3_diff1": 0.46076704721101036,
        "nauc_recall_at_3_max": 0.42838678668219393,
        "nauc_recall_at_3_std": -0.023249644971904803,
        "nauc_recall_at_5_diff1": 0.45797893883363977,
        "nauc_recall_at_5_max": 0.43207853677853275,
        "nauc_recall_at_5_std": -0.011888427746572306,
        "ndcg_at_1": 0.31442,
        "ndcg_at_10": 0.38262,
        "ndcg_at_100": 0.4269,
        "ndcg_at_1000": 0.45255,
        "ndcg_at_20": 0.39877,
        "ndcg_at_3": 0.35034,
        "ndcg_at_5": 0.36766,
        "precision_at_1": 0.31442,
        "precision_at_10": 0.05583,
        "precision_at_100": 0.00853,
        "precision_at_1000": 0.00115,
        "precision_at_20": 0.03198,
        "precision_at_3": 0.14571,
        "precision_at_5": 0.09939,
        "recall_at_1": 0.28463,
        "recall_at_10": 0.4632,
        "recall_at_100": 0.66102,
        "recall_at_1000": 0.84941,
        "recall_at_20": 0.52284,
        "recall_at_3": 0.37568,
        "recall_at_5": 0.41869
      }
    ]
  },
  "task_name": "CQADupstackStatsRetrieval"
}