{
  "dataset_revision": "5003b3064772da1887988e05400cf3806fe491f2",
  "evaluation_time": 40.5796422958374,
  "kg_co2_emissions": null,
  "mteb_version": "1.13.1",
  "scores": {
    "test": [
      {
        "hf_subset": "default",
        "languages": [
          "eng-Latn"
        ],
        "main_score": 0.41243,
        "map_at_1": 0.28739,
        "map_at_10": 0.36599,
        "map_at_100": 0.37625,
        "map_at_1000": 0.37704,
        "map_at_20": 0.372,
        "map_at_3": 0.34063,
        "map_at_5": 0.35492,
        "mrr_at_1": 0.3096045197740113,
        "mrr_at_10": 0.3875011209756972,
        "mrr_at_100": 0.39586753762745897,
        "mrr_at_1000": 0.3964702327274493,
        "mrr_at_20": 0.3921655487547286,
        "mrr_at_3": 0.3630885122410546,
        "mrr_at_5": 0.37693032015065914,
        "nauc_map_at_1000_diff1": 0.4618134874630351,
        "nauc_map_at_1000_max": 0.3596031513205023,
        "nauc_map_at_1000_std": -0.05135722009404908,
        "nauc_map_at_100_diff1": 0.4615708581018031,
        "nauc_map_at_100_max": 0.3591404213375924,
        "nauc_map_at_100_std": -0.05132229193972945,
        "nauc_map_at_10_diff1": 0.46353954690023036,
        "nauc_map_at_10_max": 0.360919841588094,
        "nauc_map_at_10_std": -0.052251627428897086,
        "nauc_map_at_1_diff1": 0.5081713822440771,
        "nauc_map_at_1_max": 0.33147295548841627,
        "nauc_map_at_1_std": -0.08786230446742609,
        "nauc_map_at_20_diff1": 0.46076581830712804,
        "nauc_map_at_20_max": 0.35912890325883334,
        "nauc_map_at_20_std": -0.052653081837196386,
        "nauc_map_at_3_diff1": 0.47777831599899423,
        "nauc_map_at_3_max": 0.3560611498138827,
        "nauc_map_at_3_std": -0.06650723314033158,
        "nauc_map_at_5_diff1": 0.4655887441092856,
        "nauc_map_at_5_max": 0.35978885807417016,
        "nauc_map_at_5_std": -0.05961644743201271,
        "nauc_mrr_at_1000_diff1": 0.4590061268134964,
        "nauc_mrr_at_1000_max": 0.3759571644376296,
        "nauc_mrr_at_1000_std": -0.03431069388337308,
        "nauc_mrr_at_100_diff1": 0.45863299310822236,
        "nauc_mrr_at_100_max": 0.37551542140371763,
        "nauc_mrr_at_100_std": -0.034215317954415396,
        "nauc_mrr_at_10_diff1": 0.4595230650756766,
        "nauc_mrr_at_10_max": 0.37855116578080295,
        "nauc_mrr_at_10_std": -0.034184650171548245,
        "nauc_mrr_at_1_diff1": 0.5042065003934421,
        "nauc_mrr_at_1_max": 0.36583856359735484,
        "nauc_mrr_at_1_std": -0.06710408618907246,
        "nauc_mrr_at_20_diff1": 0.4582144230335617,
        "nauc_mrr_at_20_max": 0.37598897241795304,
        "nauc_mrr_at_20_std": -0.035194303474155315,
        "nauc_mrr_at_3_diff1": 0.4753354209935691,
        "nauc_mrr_at_3_max": 0.377947778170017,
        "nauc_mrr_at_3_std": -0.04717942179666224,
        "nauc_mrr_at_5_diff1": 0.4634813341201098,
        "nauc_mrr_at_5_max": 0.379676240918076,
        "nauc_mrr_at_5_std": -0.04087624406311938,
        "nauc_ndcg_at_1000_diff1": 0.44269921563520076,
        "nauc_ndcg_at_1000_max": 0.37033242540150596,
        "nauc_ndcg_at_1000_std": -0.020212619100755443,
        "nauc_ndcg_at_100_diff1": 0.4355652208624913,
        "nauc_ndcg_at_100_max": 0.3610271022770767,
        "nauc_ndcg_at_100_std": -0.01729077091293377,
        "nauc_ndcg_at_10_diff1": 0.4387733629504892,
        "nauc_ndcg_at_10_max": 0.371887557159843,
        "nauc_ndcg_at_10_std": -0.023755306849468603,
        "nauc_ndcg_at_1_diff1": 0.5042065003934421,
        "nauc_ndcg_at_1_max": 0.36583856359735484,
        "nauc_ndcg_at_1_std": -0.06710408618907246,
        "nauc_ndcg_at_20_diff1": 0.43019790355190823,
        "nauc_ndcg_at_20_max": 0.36379646932996407,
        "nauc_ndcg_at_20_std": -0.026188529908027315,
        "nauc_ndcg_at_3_diff1": 0.469529848941419,
        "nauc_ndcg_at_3_max": 0.36770097986915934,
        "nauc_ndcg_at_3_std": -0.05515330067342998,
        "nauc_ndcg_at_5_diff1": 0.44683747277042823,
        "nauc_ndcg_at_5_max": 0.3719384930538163,
        "nauc_ndcg_at_5_std": -0.04287180289164849,
        "nauc_precision_at_1000_diff1": 0.035662861421450726,
        "nauc_precision_at_1000_max": 0.21616038807743365,
        "nauc_precision_at_1000_std": 0.10401932456862355,
        "nauc_precision_at_100_diff1": 0.16304879018344912,
        "nauc_precision_at_100_max": 0.2666019748862807,
        "nauc_precision_at_100_std": 0.1047498673626628,
        "nauc_precision_at_10_diff1": 0.31840011838564397,
        "nauc_precision_at_10_max": 0.42690105367483727,
        "nauc_precision_at_10_std": 0.06692759834962417,
        "nauc_precision_at_1_diff1": 0.5042065003934421,
        "nauc_precision_at_1_max": 0.36583856359735484,
        "nauc_precision_at_1_std": -0.06710408618907246,
        "nauc_precision_at_20_diff1": 0.23385730293820664,
        "nauc_precision_at_20_max": 0.35471551720830835,
        "nauc_precision_at_20_std": 0.052876951262069684,
        "nauc_precision_at_3_diff1": 0.4203510067183451,
        "nauc_precision_at_3_max": 0.41988860033589087,
        "nauc_precision_at_3_std": -0.011158968643948807,
        "nauc_precision_at_5_diff1": 0.3542665914338268,
        "nauc_precision_at_5_max": 0.42311805928876695,
        "nauc_precision_at_5_std": 0.0119782074557204,
        "nauc_recall_at_1000_diff1": 0.32420907801050264,
        "nauc_recall_at_1000_max": 0.42683703182348015,
        "nauc_recall_at_1000_std": 0.2531585340275205,
        "nauc_recall_at_100_diff1": 0.30131645079562536,
        "nauc_recall_at_100_max": 0.30176722710932774,
        "nauc_recall_at_100_std": 0.14827530594949503,
        "nauc_recall_at_10_diff1": 0.3471840207134673,
        "nauc_recall_at_10_max": 0.36972033064397813,
        "nauc_recall_at_10_std": 0.05330094925221693,
        "nauc_recall_at_1_diff1": 0.5081713822440771,
        "nauc_recall_at_1_max": 0.33147295548841627,
        "nauc_recall_at_1_std": -0.08786230446742609,
        "nauc_recall_at_20_diff1": 0.30750609853891414,
        "nauc_recall_at_20_max": 0.33597639474977575,
        "nauc_recall_at_20_std": 0.049900784044530806,
        "nauc_recall_at_3_diff1": 0.43506893707760774,
        "nauc_recall_at_3_max": 0.3666286745609758,
        "nauc_recall_at_3_std": -0.036291159469529176,
        "nauc_recall_at_5_diff1": 0.38166105492480035,
        "nauc_recall_at_5_max": 0.37547511958660007,
        "nauc_recall_at_5_std": -0.008687852012085943,
        "ndcg_at_1": 0.3096,
        "ndcg_at_10": 0.41243,
        "ndcg_at_100": 0.46173,
        "ndcg_at_1000": 0.48082,
        "ndcg_at_20": 0.43235,
        "ndcg_at_3": 0.36235,
        "ndcg_at_5": 0.38652,
        "precision_at_1": 0.3096,
        "precision_at_10": 0.06113,
        "precision_at_100": 0.00899,
        "precision_at_1000": 0.00109,
        "precision_at_20": 0.03554,
        "precision_at_3": 0.1484,
        "precision_at_5": 0.10305,
        "recall_at_1": 0.28739,
        "recall_at_10": 0.5362,
        "recall_at_100": 0.76333,
        "recall_at_1000": 0.90513,
        "recall_at_20": 0.61061,
        "recall_at_3": 0.39957,
        "recall_at_5": 0.45738
      }
    ]
  },
  "task_name": "CQADupstackGisRetrieval"
}