{
  "dataset_revision": "65ac3a16b8e91f9cee4c9828cc7c335575432a2a",
  "evaluation_time": 62.933358669281006,
  "kg_co2_emissions": null,
  "mteb_version": "1.13.1",
  "scores": {
    "test": [
      {
        "hf_subset": "default",
        "languages": [
          "eng-Latn"
        ],
        "main_score": 0.38265,
        "map_at_1": 0.28463,
        "map_at_10": 0.34673,
        "map_at_100": 0.35586,
        "map_at_1000": 0.3569,
        "map_at_20": 0.35165,
        "map_at_3": 0.32822,
        "map_at_5": 0.33942,
        "mrr_at_1": 0.31441717791411045,
        "mrr_at_10": 0.37476263511539587,
        "mrr_at_100": 0.38269759213158444,
        "mrr_at_1000": 0.3834586910049459,
        "mrr_at_20": 0.3791412912483588,
        "mrr_at_3": 0.3576175869120654,
        "mrr_at_5": 0.3676635991820041,
        "nauc_map_at_1000_diff1": 0.5051794595435423,
        "nauc_map_at_1000_max": 0.45675479337340397,
        "nauc_map_at_1000_std": -0.02658119462111317,
        "nauc_map_at_100_diff1": 0.5052861012371642,
        "nauc_map_at_100_max": 0.45680921236816796,
        "nauc_map_at_100_std": -0.026431936459765718,
        "nauc_map_at_10_diff1": 0.505612550493418,
        "nauc_map_at_10_max": 0.4533727270006514,
        "nauc_map_at_10_std": -0.03198774762534203,
        "nauc_map_at_1_diff1": 0.539876757531559,
        "nauc_map_at_1_max": 0.44129449729408565,
        "nauc_map_at_1_std": -0.0680468217368608,
        "nauc_map_at_20_diff1": 0.5063209995587754,
        "nauc_map_at_20_max": 0.45590909642080646,
        "nauc_map_at_20_std": -0.029671486093746417,
        "nauc_map_at_3_diff1": 0.5035914166700317,
        "nauc_map_at_3_max": 0.44228863212355995,
        "nauc_map_at_3_std": -0.04430298411532822,
        "nauc_map_at_5_diff1": 0.5056879496100578,
        "nauc_map_at_5_max": 0.4483484479197212,
        "nauc_map_at_5_std": -0.037435503086747854,
        "nauc_mrr_at_1000_diff1": 0.5097914081604938,
        "nauc_mrr_at_1000_max": 0.47701155869141704,
        "nauc_mrr_at_1000_std": -0.00980719408687458,
        "nauc_mrr_at_100_diff1": 0.5099315757819589,
        "nauc_mrr_at_100_max": 0.477156197520755,
        "nauc_mrr_at_100_std": -0.009582009466366954,
        "nauc_mrr_at_10_diff1": 0.5106657195932129,
        "nauc_mrr_at_10_max": 0.47641518921434395,
        "nauc_mrr_at_10_std": -0.012960182968221285,
        "nauc_mrr_at_1_diff1": 0.5418714034851622,
        "nauc_mrr_at_1_max": 0.4780731572996807,
        "nauc_mrr_at_1_std": -0.043763890087616594,
        "nauc_mrr_at_20_diff1": 0.5109472780428902,
        "nauc_mrr_at_20_max": 0.4774392467230488,
        "nauc_mrr_at_20_std": -0.011820051516545948,
        "nauc_mrr_at_3_diff1": 0.5062111089448953,
        "nauc_mrr_at_3_max": 0.46966690963155516,
        "nauc_mrr_at_3_std": -0.020841461746040374,
        "nauc_mrr_at_5_diff1": 0.510741711858459,
        "nauc_mrr_at_5_max": 0.4729429000651426,
        "nauc_mrr_at_5_std": -0.016039187183992606,
        "nauc_ndcg_at_1000_diff1": 0.48997617167367885,
        "nauc_ndcg_at_1000_max": 0.4699357755441444,
        "nauc_ndcg_at_1000_std": 0.01158468412516557,
        "nauc_ndcg_at_100_diff1": 0.4910747592718325,
        "nauc_ndcg_at_100_max": 0.47123221484103994,
        "nauc_ndcg_at_100_std": 0.01377901462231822,
        "nauc_ndcg_at_10_diff1": 0.4968496564690546,
        "nauc_ndcg_at_10_max": 0.4628168160793344,
        "nauc_ndcg_at_10_std": -0.012826719355863509,
        "nauc_ndcg_at_1_diff1": 0.5418714034851622,
        "nauc_ndcg_at_1_max": 0.4780731572996807,
        "nauc_ndcg_at_1_std": -0.043763890087616594,
        "nauc_ndcg_at_20_diff1": 0.4984268567361078,
        "nauc_ndcg_at_20_max": 0.46818984954267184,
        "nauc_ndcg_at_20_std": -0.007029006177057647,
        "nauc_ndcg_at_3_diff1": 0.4904394926902364,
        "nauc_ndcg_at_3_max": 0.4483971884268222,
        "nauc_ndcg_at_3_std": -0.027992629631553512,
        "nauc_ndcg_at_5_diff1": 0.4954051208612891,
        "nauc_ndcg_at_5_max": 0.4525234874595036,
        "nauc_ndcg_at_5_std": -0.023675649155138968,
        "nauc_precision_at_1000_diff1": 0.07558200838706136,
        "nauc_precision_at_1000_max": 0.20747113046013185,
        "nauc_precision_at_1000_std": 0.21139141678055878,
        "nauc_precision_at_100_diff1": 0.24059298455188577,
        "nauc_precision_at_100_max": 0.4027090265014934,
        "nauc_precision_at_100_std": 0.23428463154090692,
        "nauc_precision_at_10_diff1": 0.3679907586841794,
        "nauc_precision_at_10_max": 0.469232443867914,
        "nauc_precision_at_10_std": 0.10521008522762638,
        "nauc_precision_at_1_diff1": 0.5418714034851622,
        "nauc_precision_at_1_max": 0.4780731572996807,
        "nauc_precision_at_1_std": -0.043763890087616594,
        "nauc_precision_at_20_diff1": 0.3562573083420845,
        "nauc_precision_at_20_max": 0.47192772835393226,
        "nauc_precision_at_20_std": 0.1455467320926286,
        "nauc_precision_at_3_diff1": 0.41483877411301234,
        "nauc_precision_at_3_max": 0.4567641291509432,
        "nauc_precision_at_3_std": 0.024678636400495117,
        "nauc_precision_at_5_diff1": 0.39892258972820127,
        "nauc_precision_at_5_max": 0.46679535407632833,
        "nauc_precision_at_5_std": 0.0635905097756757,
        "nauc_recall_at_1000_diff1": 0.2920044278321554,
        "nauc_recall_at_1000_max": 0.4566203127241781,
        "nauc_recall_at_1000_std": 0.2652751171993839,
        "nauc_recall_at_100_diff1": 0.38993062465576883,
        "nauc_recall_at_100_max": 0.4695718002125537,
        "nauc_recall_at_100_std": 0.16723561451305907,
        "nauc_recall_at_10_diff1": 0.45732540320625076,
        "nauc_recall_at_10_max": 0.45723601548568715,
        "nauc_recall_at_10_std": 0.021536630416159476,
        "nauc_recall_at_1_diff1": 0.539876757531559,
        "nauc_recall_at_1_max": 0.44129449729408565,
        "nauc_recall_at_1_std": -0.0680468217368608,
        "nauc_recall_at_20_diff1": 0.4498768494000102,
        "nauc_recall_at_20_max": 0.462337629087007,
        "nauc_recall_at_20_std": 0.035902328257726934,
        "nauc_recall_at_3_diff1": 0.4555842912148039,
        "nauc_recall_at_3_max": 0.4224704098982867,
        "nauc_recall_at_3_std": -0.023681726800930537,
        "nauc_recall_at_5_diff1": 0.4591221353425849,
        "nauc_recall_at_5_max": 0.4293637159731673,
        "nauc_recall_at_5_std": -0.009738065407561404,
        "ndcg_at_1": 0.31442,
        "ndcg_at_10": 0.38265,
        "ndcg_at_100": 0.42638,
        "ndcg_at_1000": 0.45223,
        "ndcg_at_20": 0.39869,
        "ndcg_at_3": 0.34927,
        "ndcg_at_5": 0.36681,
        "precision_at_1": 0.31442,
        "precision_at_10": 0.05613,
        "precision_at_100": 0.00848,
        "precision_at_1000": 0.00115,
        "precision_at_20": 0.03213,
        "precision_at_3": 0.14519,
        "precision_at_5": 0.09908,
        "recall_at_1": 0.28463,
        "recall_at_10": 0.46405,
        "recall_at_100": 0.6604,
        "recall_at_1000": 0.84941,
        "recall_at_20": 0.52354,
        "recall_at_3": 0.3739,
        "recall_at_5": 0.41716
      }
    ]
  },
  "task_name": "CQADupstackStatsRetrieval"
}