{
  "dataset_revision": "c0f706b76e590d620bd6618b3ca8efdd34e2d659",
  "evaluation_time": 1211.2613761425018,
  "kg_co2_emissions": null,
  "mteb_version": "1.13.1",
  "scores": {
    "test": [
      {
        "hf_subset": "default",
        "languages": [
          "eng-Latn"
        ],
        "main_score": 0.40511,
        "map_at_1": 0.08832,
        "map_at_10": 0.19729,
        "map_at_100": 0.27548,
        "map_at_1000": 0.28952,
        "map_at_20": 0.22748,
        "map_at_3": 0.13807,
        "map_at_5": 0.16544,
        "mrr_at_1": 0.665,
        "mrr_at_10": 0.7336855158730158,
        "mrr_at_100": 0.7382128122763973,
        "mrr_at_1000": 0.7382951117707661,
        "mrr_at_20": 0.7374046669704565,
        "mrr_at_3": 0.7116666666666667,
        "mrr_at_5": 0.7266666666666667,
        "nauc_map_at_1000_diff1": 0.23479507955902565,
        "nauc_map_at_1000_max": 0.3879707699475845,
        "nauc_map_at_1000_std": 0.3262257326697763,
        "nauc_map_at_100_diff1": 0.23595888403750598,
        "nauc_map_at_100_max": 0.3672670897757454,
        "nauc_map_at_100_std": 0.2983543644375501,
        "nauc_map_at_10_diff1": 0.23409229430564435,
        "nauc_map_at_10_max": 0.22545629480806295,
        "nauc_map_at_10_std": 0.05462860545614196,
        "nauc_map_at_1_diff1": 0.3277421768381931,
        "nauc_map_at_1_max": 0.08126189836602865,
        "nauc_map_at_1_std": -0.14297031439313007,
        "nauc_map_at_20_diff1": 0.23220052987065962,
        "nauc_map_at_20_max": 0.2851900417011091,
        "nauc_map_at_20_std": 0.15365222241678766,
        "nauc_map_at_3_diff1": 0.26747073789764325,
        "nauc_map_at_3_max": 0.1355971557016083,
        "nauc_map_at_3_std": -0.09319836534920413,
        "nauc_map_at_5_diff1": 0.2462237857214977,
        "nauc_map_at_5_max": 0.17413195985575766,
        "nauc_map_at_5_std": -0.03801247017877882,
        "nauc_mrr_at_1000_diff1": 0.5040739033081599,
        "nauc_mrr_at_1000_max": 0.67039784625061,
        "nauc_mrr_at_1000_std": 0.43771470280788083,
        "nauc_mrr_at_100_diff1": 0.5039600244585201,
        "nauc_mrr_at_100_max": 0.6703273472630954,
        "nauc_mrr_at_100_std": 0.43755118093560624,
        "nauc_mrr_at_10_diff1": 0.5018922552855802,
        "nauc_mrr_at_10_max": 0.6700016322885838,
        "nauc_mrr_at_10_std": 0.43847996053800764,
        "nauc_mrr_at_1_diff1": 0.5144642123876003,
        "nauc_mrr_at_1_max": 0.6443278666543756,
        "nauc_mrr_at_1_std": 0.40717260682650497,
        "nauc_mrr_at_20_diff1": 0.5037754601066987,
        "nauc_mrr_at_20_max": 0.6705146606680671,
        "nauc_mrr_at_20_std": 0.43891800875499276,
        "nauc_mrr_at_3_diff1": 0.511563788463531,
        "nauc_mrr_at_3_max": 0.6785643631202296,
        "nauc_mrr_at_3_std": 0.4429700330663122,
        "nauc_mrr_at_5_diff1": 0.500944952418342,
        "nauc_mrr_at_5_max": 0.6740886574368091,
        "nauc_mrr_at_5_std": 0.43836257734390605,
        "nauc_ndcg_at_1000_diff1": 0.30113810695770044,
        "nauc_ndcg_at_1000_max": 0.5392478042414194,
        "nauc_ndcg_at_1000_std": 0.4561947912429223,
        "nauc_ndcg_at_100_diff1": 0.3057716226521487,
        "nauc_ndcg_at_100_max": 0.48341909276190786,
        "nauc_ndcg_at_100_std": 0.38565461742343893,
        "nauc_ndcg_at_10_diff1": 0.3316518499673576,
        "nauc_ndcg_at_10_max": 0.49894034083303834,
        "nauc_ndcg_at_10_std": 0.37598509387044676,
        "nauc_ndcg_at_1_diff1": 0.49093345472028915,
        "nauc_ndcg_at_1_max": 0.5492832868077607,
        "nauc_ndcg_at_1_std": 0.34340260067896267,
        "nauc_ndcg_at_20_diff1": 0.32916618575231416,
        "nauc_ndcg_at_20_max": 0.4713533809209725,
        "nauc_ndcg_at_20_std": 0.34337769326293965,
        "nauc_ndcg_at_3_diff1": 0.3636954481584178,
        "nauc_ndcg_at_3_max": 0.5311531202185744,
        "nauc_ndcg_at_3_std": 0.3778016436938846,
        "nauc_ndcg_at_5_diff1": 0.34367167155824563,
        "nauc_ndcg_at_5_max": 0.516457152890061,
        "nauc_ndcg_at_5_std": 0.37984986852174213,
        "nauc_precision_at_1000_diff1": -0.08177626539233479,
        "nauc_precision_at_1000_max": 0.14278458007287537,
        "nauc_precision_at_1000_std": 0.24690520182553666,
        "nauc_precision_at_100_diff1": 0.0401413722416429,
        "nauc_precision_at_100_max": 0.4004467964840274,
        "nauc_precision_at_100_std": 0.5593027325100227,
        "nauc_precision_at_10_diff1": 0.08825850289080556,
        "nauc_precision_at_10_max": 0.4693681346995532,
        "nauc_precision_at_10_std": 0.560863896137118,
        "nauc_precision_at_1_diff1": 0.5144642123876003,
        "nauc_precision_at_1_max": 0.6443278666543756,
        "nauc_precision_at_1_std": 0.40717260682650497,
        "nauc_precision_at_20_diff1": 0.07055403233431021,
        "nauc_precision_at_20_max": 0.45376629584108075,
        "nauc_precision_at_20_std": 0.5885214774195581,
        "nauc_precision_at_3_diff1": 0.19048099980483238,
        "nauc_precision_at_3_max": 0.5208590656787263,
        "nauc_precision_at_3_std": 0.4610080755776899,
        "nauc_precision_at_5_diff1": 0.13676837263050318,
        "nauc_precision_at_5_max": 0.500163114735883,
        "nauc_precision_at_5_std": 0.51160870241561,
        "nauc_recall_at_1000_diff1": 0.126732217589656,
        "nauc_recall_at_1000_max": 0.4243811264331227,
        "nauc_recall_at_1000_std": 0.4508767031156209,
        "nauc_recall_at_100_diff1": 0.16972692454023833,
        "nauc_recall_at_100_max": 0.3369006361822552,
        "nauc_recall_at_100_std": 0.31179844022969033,
        "nauc_recall_at_10_diff1": 0.19396927134521508,
        "nauc_recall_at_10_max": 0.16599452825569677,
        "nauc_recall_at_10_std": 0.02517579913764575,
        "nauc_recall_at_1_diff1": 0.3277421768381931,
        "nauc_recall_at_1_max": 0.08126189836602865,
        "nauc_recall_at_1_std": -0.14297031439313007,
        "nauc_recall_at_20_diff1": 0.17608140255471452,
        "nauc_recall_at_20_max": 0.20758760109194407,
        "nauc_recall_at_20_std": 0.11152040382038482,
        "nauc_recall_at_3_diff1": 0.2571508857206885,
        "nauc_recall_at_3_max": 0.11584559987783274,
        "nauc_recall_at_3_std": -0.11087966245251805,
        "nauc_recall_at_5_diff1": 0.2154808321449307,
        "nauc_recall_at_5_max": 0.12865983455886895,
        "nauc_recall_at_5_std": -0.07681477867305336,
        "ndcg_at_1": 0.54375,
        "ndcg_at_10": 0.40511,
        "ndcg_at_100": 0.44877,
        "ndcg_at_1000": 0.51976,
        "ndcg_at_20": 0.39972,
        "ndcg_at_3": 0.44146,
        "ndcg_at_5": 0.42366,
        "precision_at_1": 0.665,
        "precision_at_10": 0.32375,
        "precision_at_100": 0.10023,
        "precision_at_1000": 0.01873,
        "precision_at_20": 0.24288,
        "precision_at_3": 0.48083,
        "precision_at_5": 0.418,
        "recall_at_1": 0.08832,
        "recall_at_10": 0.25405,
        "recall_at_100": 0.51601,
        "recall_at_1000": 0.74053,
        "recall_at_20": 0.32504,
        "recall_at_3": 0.14931,
        "recall_at_5": 0.19372
      }
    ]
  },
  "task_name": "DBPedia"
}