{
  "dataset_revision": "bea83ef9e8fb933d90a2f1d5515737465d613e12",
  "evaluation_time": 1691.6872239112854,
  "kg_co2_emissions": null,
  "mteb_version": "1.13.1",
  "scores": {
    "test": [
      {
        "hf_subset": "default",
        "languages": [
          "eng-Latn"
        ],
        "main_score": 0.79786,
        "map_at_1": 0.639,
        "map_at_10": 0.74706,
        "map_at_100": 0.75024,
        "map_at_1000": 0.75037,
        "map_at_20": 0.74919,
        "map_at_3": 0.73137,
        "map_at_5": 0.74169,
        "mrr_at_1": 0.690969096909691,
        "mrr_at_10": 0.7942497821210692,
        "mrr_at_100": 0.7960826965387832,
        "mrr_at_1000": 0.7961118721491754,
        "mrr_at_20": 0.7955999888186431,
        "mrr_at_3": 0.7806280628062807,
        "mrr_at_5": 0.7898389838983898,
        "nauc_map_at_1000_diff1": 0.41851227602193697,
        "nauc_map_at_1000_max": 0.19214845657772006,
        "nauc_map_at_1000_std": -0.08628071652955574,
        "nauc_map_at_100_diff1": 0.4184259257600659,
        "nauc_map_at_100_max": 0.19209431209818004,
        "nauc_map_at_100_std": -0.08635977967997924,
        "nauc_map_at_10_diff1": 0.41674251927470773,
        "nauc_map_at_10_max": 0.191468191294815,
        "nauc_map_at_10_std": -0.08949918124277939,
        "nauc_map_at_1_diff1": 0.4572997000608338,
        "nauc_map_at_1_max": 0.16116078706897716,
        "nauc_map_at_1_std": -0.08884322684631592,
        "nauc_map_at_20_diff1": 0.41760889045118443,
        "nauc_map_at_20_max": 0.1920170774296901,
        "nauc_map_at_20_std": -0.08693330231425561,
        "nauc_map_at_3_diff1": 0.41912395406737546,
        "nauc_map_at_3_max": 0.1942759087977493,
        "nauc_map_at_3_std": -0.09385264909944935,
        "nauc_map_at_5_diff1": 0.41505635892452575,
        "nauc_map_at_5_max": 0.19210368913544087,
        "nauc_map_at_5_std": -0.09131967635800603,
        "nauc_mrr_at_1000_diff1": 0.49650798649119715,
        "nauc_mrr_at_1000_max": 0.2260661714396231,
        "nauc_mrr_at_1000_std": -0.12907495964992205,
        "nauc_mrr_at_100_diff1": 0.49651605157438716,
        "nauc_mrr_at_100_max": 0.22610455310978742,
        "nauc_mrr_at_100_std": -0.1291303523395676,
        "nauc_mrr_at_10_diff1": 0.4950714832069144,
        "nauc_mrr_at_10_max": 0.226724304429699,
        "nauc_mrr_at_10_std": -0.13056869547340946,
        "nauc_mrr_at_1_diff1": 0.5230772870693373,
        "nauc_mrr_at_1_max": 0.19685869441579615,
        "nauc_mrr_at_1_std": -0.11358180183809452,
        "nauc_mrr_at_20_diff1": 0.4961190602214232,
        "nauc_mrr_at_20_max": 0.22674778626042147,
        "nauc_mrr_at_20_std": -0.12917642653175176,
        "nauc_mrr_at_3_diff1": 0.4950417482164605,
        "nauc_mrr_at_3_max": 0.23228599577338105,
        "nauc_mrr_at_3_std": -0.13088137731161958,
        "nauc_mrr_at_5_diff1": 0.49315312648557524,
        "nauc_mrr_at_5_max": 0.2289412235315973,
        "nauc_mrr_at_5_std": -0.1302881105589301,
        "nauc_ndcg_at_1000_diff1": 0.4226710605987679,
        "nauc_ndcg_at_1000_max": 0.20642361975108708,
        "nauc_ndcg_at_1000_std": -0.08073780826664087,
        "nauc_ndcg_at_100_diff1": 0.4204253540639861,
        "nauc_ndcg_at_100_max": 0.20564184573927236,
        "nauc_ndcg_at_100_std": -0.08112759766991094,
        "nauc_ndcg_at_10_diff1": 0.41120257788484293,
        "nauc_ndcg_at_10_max": 0.20421132587262084,
        "nauc_ndcg_at_10_std": -0.09416631358689243,
        "nauc_ndcg_at_1_diff1": 0.5222702166889598,
        "nauc_ndcg_at_1_max": 0.19600509873836838,
        "nauc_ndcg_at_1_std": -0.11118869688410855,
        "nauc_ndcg_at_20_diff1": 0.4145409305782616,
        "nauc_ndcg_at_20_max": 0.20613215796353324,
        "nauc_ndcg_at_20_std": -0.08497160010833132,
        "nauc_ndcg_at_3_diff1": 0.41959984815517587,
        "nauc_ndcg_at_3_max": 0.21477717612132963,
        "nauc_ndcg_at_3_std": -0.10326134230042187,
        "nauc_ndcg_at_5_diff1": 0.4091392431507151,
        "nauc_ndcg_at_5_max": 0.20794050739784023,
        "nauc_ndcg_at_5_std": -0.09800457196220859,
        "nauc_precision_at_1000_diff1": -0.07286819621303409,
        "nauc_precision_at_1000_max": 0.07088530626279603,
        "nauc_precision_at_1000_std": 0.0899028085812825,
        "nauc_precision_at_100_diff1": -0.06111601182985567,
        "nauc_precision_at_100_max": 0.10271166553269843,
        "nauc_precision_at_100_std": 0.11145662752664179,
        "nauc_precision_at_10_diff1": 0.06779504378845194,
        "nauc_precision_at_10_max": 0.19654651038679571,
        "nauc_precision_at_10_std": -0.022436448366040144,
        "nauc_precision_at_1_diff1": 0.5222702166889598,
        "nauc_precision_at_1_max": 0.19600509873836838,
        "nauc_precision_at_1_std": -0.11118869688410855,
        "nauc_precision_at_20_diff1": -0.012054029983686288,
        "nauc_precision_at_20_max": 0.16601124830119252,
        "nauc_precision_at_20_std": 0.06382349738004192,
        "nauc_precision_at_3_diff1": 0.30473452279569796,
        "nauc_precision_at_3_max": 0.2833226304216272,
        "nauc_precision_at_3_std": -0.11131777707132047,
        "nauc_precision_at_5_diff1": 0.18025852652234728,
        "nauc_precision_at_5_max": 0.24850082561548456,
        "nauc_precision_at_5_std": -0.07722072374964507,
        "nauc_recall_at_1000_diff1": 0.055064520818506275,
        "nauc_recall_at_1000_max": 0.20406779917513082,
        "nauc_recall_at_1000_std": 0.36248202815878616,
        "nauc_recall_at_100_diff1": 0.11277287842363706,
        "nauc_recall_at_100_max": 0.18527028106027973,
        "nauc_recall_at_100_std": 0.20138610294786538,
        "nauc_recall_at_10_diff1": 0.1874074535321725,
        "nauc_recall_at_10_max": 0.1899818766856213,
        "nauc_recall_at_10_std": -0.043278375215031445,
        "nauc_recall_at_1_diff1": 0.4572997000608338,
        "nauc_recall_at_1_max": 0.16116078706897716,
        "nauc_recall_at_1_std": -0.08884322684631592,
        "nauc_recall_at_20_diff1": 0.14570261161504178,
        "nauc_recall_at_20_max": 0.19858463510703864,
        "nauc_recall_at_20_std": 0.053727224108195415,
        "nauc_recall_at_3_diff1": 0.30891744757133816,
        "nauc_recall_at_3_max": 0.23010920077712865,
        "nauc_recall_at_3_std": -0.09245019354407212,
        "nauc_recall_at_5_diff1": 0.23886094395958182,
        "nauc_recall_at_5_max": 0.21280503390109332,
        "nauc_recall_at_5_std": -0.07123773338678763,
        "ndcg_at_1": 0.69127,
        "ndcg_at_10": 0.79786,
        "ndcg_at_100": 0.80996,
        "ndcg_at_1000": 0.81241,
        "ndcg_at_20": 0.80432,
        "ndcg_at_3": 0.77003,
        "ndcg_at_5": 0.78637,
        "precision_at_1": 0.69127,
        "precision_at_10": 0.09995,
        "precision_at_100": 0.01074,
        "precision_at_1000": 0.00111,
        "precision_at_20": 0.05156,
        "precision_at_3": 0.30253,
        "precision_at_5": 0.19115,
        "recall_at_1": 0.639,
        "recall_at_10": 0.90755,
        "recall_at_100": 0.95759,
        "recall_at_1000": 0.97323,
        "recall_at_20": 0.93118,
        "recall_at_3": 0.83224,
        "recall_at_5": 0.87319
      }
    ]
  },
  "task_name": "FEVER"
}