{
  "dataset_revision": "27a168819829fe9bcd655c2df245fb19452e8e06",
  "evaluation_time": 56.91174244880676,
  "kg_co2_emissions": null,
  "mteb_version": "1.13.1",
  "scores": {
    "test": [
      {
        "hf_subset": "default",
        "languages": [
          "eng-Latn"
        ],
        "main_score": 0.42084,
        "map_at_1": 0.20315,
        "map_at_10": 0.33801,
        "map_at_100": 0.35693,
        "map_at_1000": 0.35868,
        "map_at_20": 0.3486,
        "map_at_3": 0.29306,
        "map_at_5": 0.31855,
        "mrr_at_1": 0.4089506172839506,
        "mrr_at_10": 0.5021213011953752,
        "mrr_at_100": 0.509551651677177,
        "mrr_at_1000": 0.509937126363157,
        "mrr_at_20": 0.5068225113297711,
        "mrr_at_3": 0.4771090534979424,
        "mrr_at_5": 0.48968621399176954,
        "nauc_map_at_1000_diff1": 0.39044560231821657,
        "nauc_map_at_1000_max": 0.41289411149890454,
        "nauc_map_at_1000_std": -0.08482548111341288,
        "nauc_map_at_100_diff1": 0.39001846107776106,
        "nauc_map_at_100_max": 0.41212676351982924,
        "nauc_map_at_100_std": -0.08524963567381454,
        "nauc_map_at_10_diff1": 0.3918263672671839,
        "nauc_map_at_10_max": 0.401722572393375,
        "nauc_map_at_10_std": -0.1002895191448046,
        "nauc_map_at_1_diff1": 0.4735139494236839,
        "nauc_map_at_1_max": 0.3217608756830976,
        "nauc_map_at_1_std": -0.1213964142631097,
        "nauc_map_at_20_diff1": 0.39116277013603235,
        "nauc_map_at_20_max": 0.40716236644820447,
        "nauc_map_at_20_std": -0.09274947043404258,
        "nauc_map_at_3_diff1": 0.41449701482868373,
        "nauc_map_at_3_max": 0.37033140791563274,
        "nauc_map_at_3_std": -0.12881428478820797,
        "nauc_map_at_5_diff1": 0.3931759878265354,
        "nauc_map_at_5_max": 0.3845247371727043,
        "nauc_map_at_5_std": -0.1123814165641048,
        "nauc_mrr_at_1000_diff1": 0.44798359368675156,
        "nauc_mrr_at_1000_max": 0.4508254365962301,
        "nauc_mrr_at_1000_std": -0.06077317556251519,
        "nauc_mrr_at_100_diff1": 0.4478871457005934,
        "nauc_mrr_at_100_max": 0.4508780330561518,
        "nauc_mrr_at_100_std": -0.06062181188854939,
        "nauc_mrr_at_10_diff1": 0.4464867029606891,
        "nauc_mrr_at_10_max": 0.4485372671112649,
        "nauc_mrr_at_10_std": -0.06346231962028545,
        "nauc_mrr_at_1_diff1": 0.48372387516997944,
        "nauc_mrr_at_1_max": 0.45159513962684966,
        "nauc_mrr_at_1_std": -0.07449357653459975,
        "nauc_mrr_at_20_diff1": 0.4474040653774846,
        "nauc_mrr_at_20_max": 0.4499210832891303,
        "nauc_mrr_at_20_std": -0.060864476303346515,
        "nauc_mrr_at_3_diff1": 0.45611008100190437,
        "nauc_mrr_at_3_max": 0.4456215412147713,
        "nauc_mrr_at_3_std": -0.0833155627205435,
        "nauc_mrr_at_5_diff1": 0.4444117052060606,
        "nauc_mrr_at_5_max": 0.44325192603107016,
        "nauc_mrr_at_5_std": -0.07366674406549317,
        "nauc_ndcg_at_1000_diff1": 0.39585342464600093,
        "nauc_ndcg_at_1000_max": 0.4508239789456753,
        "nauc_ndcg_at_1000_std": -0.030327784436876244,
        "nauc_ndcg_at_100_diff1": 0.38697118244745826,
        "nauc_ndcg_at_100_max": 0.4450272735502374,
        "nauc_ndcg_at_100_std": -0.0283321173194112,
        "nauc_ndcg_at_10_diff1": 0.38451889121568766,
        "nauc_ndcg_at_10_max": 0.41635328770669744,
        "nauc_ndcg_at_10_std": -0.07243258944584653,
        "nauc_ndcg_at_1_diff1": 0.48372387516997944,
        "nauc_ndcg_at_1_max": 0.45159513962684966,
        "nauc_ndcg_at_1_std": -0.07449357653459975,
        "nauc_ndcg_at_20_diff1": 0.38569742398440954,
        "nauc_ndcg_at_20_max": 0.42387600777684004,
        "nauc_ndcg_at_20_std": -0.05816949003441387,
        "nauc_ndcg_at_3_diff1": 0.3970921716010453,
        "nauc_ndcg_at_3_max": 0.42216785378390775,
        "nauc_ndcg_at_3_std": -0.09590794815341988,
        "nauc_ndcg_at_5_diff1": 0.37836688745894453,
        "nauc_ndcg_at_5_max": 0.4063742928574703,
        "nauc_ndcg_at_5_std": -0.08528876454528617,
        "nauc_precision_at_1000_diff1": 0.008562580616522398,
        "nauc_precision_at_1000_max": 0.2429848713799202,
        "nauc_precision_at_1000_std": 0.19574280457899088,
        "nauc_precision_at_100_diff1": 0.04096461479019738,
        "nauc_precision_at_100_max": 0.3303767395730159,
        "nauc_precision_at_100_std": 0.21166161325838873,
        "nauc_precision_at_10_diff1": 0.12921214958065505,
        "nauc_precision_at_10_max": 0.405175246583652,
        "nauc_precision_at_10_std": 0.08318089783918688,
        "nauc_precision_at_1_diff1": 0.48372387516997944,
        "nauc_precision_at_1_max": 0.45159513962684966,
        "nauc_precision_at_1_std": -0.07449357653459975,
        "nauc_precision_at_20_diff1": 0.10692729544745533,
        "nauc_precision_at_20_max": 0.38998202808243265,
        "nauc_precision_at_20_std": 0.12965584503696026,
        "nauc_precision_at_3_diff1": 0.24845563491156136,
        "nauc_precision_at_3_max": 0.41411596789142663,
        "nauc_precision_at_3_std": -0.03896642091563112,
        "nauc_precision_at_5_diff1": 0.16995135133685785,
        "nauc_precision_at_5_max": 0.4017112168935903,
        "nauc_precision_at_5_std": 0.023566691839735848,
        "nauc_recall_at_1000_diff1": 0.25285563544480183,
        "nauc_recall_at_1000_max": 0.4809622464864669,
        "nauc_recall_at_1000_std": 0.31276038594620087,
        "nauc_recall_at_100_diff1": 0.23738327538728182,
        "nauc_recall_at_100_max": 0.3959298540810195,
        "nauc_recall_at_100_std": 0.1508717857184766,
        "nauc_recall_at_10_diff1": 0.2657161772311706,
        "nauc_recall_at_10_max": 0.3247692628062446,
        "nauc_recall_at_10_std": -0.040057127289134214,
        "nauc_recall_at_1_diff1": 0.4735139494236839,
        "nauc_recall_at_1_max": 0.3217608756830976,
        "nauc_recall_at_1_std": -0.1213964142631097,
        "nauc_recall_at_20_diff1": 0.25633753488229716,
        "nauc_recall_at_20_max": 0.3279558856788233,
        "nauc_recall_at_20_std": 0.004035398256081194,
        "nauc_recall_at_3_diff1": 0.347716096775006,
        "nauc_recall_at_3_max": 0.31842290102351184,
        "nauc_recall_at_3_std": -0.13549578067676799,
        "nauc_recall_at_5_diff1": 0.2826272715355861,
        "nauc_recall_at_5_max": 0.3063284966093647,
        "nauc_recall_at_5_std": -0.09301550787052142,
        "ndcg_at_1": 0.40895,
        "ndcg_at_10": 0.42084,
        "ndcg_at_100": 0.48695,
        "ndcg_at_1000": 0.5155,
        "ndcg_at_20": 0.44767,
        "ndcg_at_3": 0.38195,
        "ndcg_at_5": 0.39411,
        "precision_at_1": 0.40895,
        "precision_at_10": 0.11836,
        "precision_at_100": 0.01867,
        "precision_at_1000": 0.00236,
        "precision_at_20": 0.06991,
        "precision_at_3": 0.25926,
        "precision_at_5": 0.19167,
        "recall_at_1": 0.20315,
        "recall_at_10": 0.49694,
        "recall_at_100": 0.73856,
        "recall_at_1000": 0.91005,
        "recall_at_20": 0.58165,
        "recall_at_3": 0.34741,
        "recall_at_5": 0.40958
      }
    ]
  },
  "task_name": "FiQA2018"
}