{
  "dataset_revision": "ab518f4d6fcca38d87c25209f94beba119d02014",
  "evaluation_time": 1413.3172030448914,
  "kg_co2_emissions": null,
  "mteb_version": "1.13.1",
  "scores": {
    "test": [
      {
        "hf_subset": "default",
        "languages": [
          "eng-Latn"
        ],
        "main_score": 0.68767,
        "map_at_1": 0.40317,
        "map_at_10": 0.59879,
        "map_at_100": 0.60672,
        "map_at_1000": 0.60736,
        "map_at_20": 0.60354,
        "map_at_3": 0.5687,
        "map_at_5": 0.58724,
        "mrr_at_1": 0.8064821066846726,
        "mrr_at_10": 0.8595892415034886,
        "mrr_at_100": 0.8610896479459353,
        "mrr_at_1000": 0.8611659596223663,
        "mrr_at_20": 0.8606247974922288,
        "mrr_at_3": 0.8527121314427188,
        "mrr_at_5": 0.8569255007877561,
        "nauc_map_at_1000_diff1": 0.09538572179321522,
        "nauc_map_at_1000_max": 0.15425409658678121,
        "nauc_map_at_1000_std": 0.030282602917450524,
        "nauc_map_at_100_diff1": 0.09500240424065823,
        "nauc_map_at_100_max": 0.15398682593789026,
        "nauc_map_at_100_std": 0.03020081837867019,
        "nauc_map_at_10_diff1": 0.0947988430862683,
        "nauc_map_at_10_max": 0.15327815480575477,
        "nauc_map_at_10_std": 0.023743735526981155,
        "nauc_map_at_1_diff1": 0.7240492831109903,
        "nauc_map_at_1_max": 0.4899412951987728,
        "nauc_map_at_1_std": -0.06810929977371932,
        "nauc_map_at_20_diff1": 0.09469549353534007,
        "nauc_map_at_20_max": 0.153525931376928,
        "nauc_map_at_20_std": 0.02765634755728335,
        "nauc_map_at_3_diff1": 0.11451108061233103,
        "nauc_map_at_3_max": 0.16116132584128434,
        "nauc_map_at_3_std": 0.0050534235228653695,
        "nauc_map_at_5_diff1": 0.09965613284316638,
        "nauc_map_at_5_max": 0.15524457298208255,
        "nauc_map_at_5_std": 0.015135614523490038,
        "nauc_mrr_at_1000_diff1": 0.7169284351150425,
        "nauc_mrr_at_1000_max": 0.5258906929358784,
        "nauc_mrr_at_1000_std": -0.037742929718750595,
        "nauc_mrr_at_100_diff1": 0.716956194030749,
        "nauc_mrr_at_100_max": 0.5259811380721919,
        "nauc_mrr_at_100_std": -0.03757125421819727,
        "nauc_mrr_at_10_diff1": 0.7168239947432843,
        "nauc_mrr_at_10_max": 0.527171224988699,
        "nauc_mrr_at_10_std": -0.03790757392456689,
        "nauc_mrr_at_1_diff1": 0.7237732212383353,
        "nauc_mrr_at_1_max": 0.48972055142234205,
        "nauc_mrr_at_1_std": -0.0677335986271945,
        "nauc_mrr_at_20_diff1": 0.7167827149559708,
        "nauc_mrr_at_20_max": 0.5264187707044248,
        "nauc_mrr_at_20_std": -0.03742228991481765,
        "nauc_mrr_at_3_diff1": 0.714289913537124,
        "nauc_mrr_at_3_max": 0.526143332693512,
        "nauc_mrr_at_3_std": -0.04320503841131544,
        "nauc_mrr_at_5_diff1": 0.7161807065305074,
        "nauc_mrr_at_5_max": 0.5284786242917656,
        "nauc_mrr_at_5_std": -0.03937760813055859,
        "nauc_ndcg_at_1000_diff1": 0.15016116706652627,
        "nauc_ndcg_at_1000_max": 0.1965799290592466,
        "nauc_ndcg_at_1000_std": 0.06127779974072674,
        "nauc_ndcg_at_100_diff1": 0.14151951203303653,
        "nauc_ndcg_at_100_max": 0.19171210256835336,
        "nauc_ndcg_at_100_std": 0.06277806692616587,
        "nauc_ndcg_at_10_diff1": 0.14334453164604902,
        "nauc_ndcg_at_10_max": 0.19091145088497388,
        "nauc_ndcg_at_10_std": 0.03781778771716302,
        "nauc_ndcg_at_1_diff1": 0.7240492831109903,
        "nauc_ndcg_at_1_max": 0.4899412951987728,
        "nauc_ndcg_at_1_std": -0.06810929977371932,
        "nauc_ndcg_at_20_diff1": 0.1408792549016941,
        "nauc_ndcg_at_20_max": 0.19008325820489072,
        "nauc_ndcg_at_20_std": 0.04942878063295467,
        "nauc_ndcg_at_3_diff1": 0.17872123997982675,
        "nauc_ndcg_at_3_max": 0.2071612026778829,
        "nauc_ndcg_at_3_std": 0.006558076541871342,
        "nauc_ndcg_at_5_diff1": 0.15564567847889965,
        "nauc_ndcg_at_5_max": 0.19757704944394416,
        "nauc_ndcg_at_5_std": 0.02159669912562501,
        "nauc_precision_at_1000_diff1": -0.19734722346602182,
        "nauc_precision_at_1000_max": 0.009085523066544095,
        "nauc_precision_at_1000_std": 0.29098783426387737,
        "nauc_precision_at_100_diff1": -0.13987311660063811,
        "nauc_precision_at_100_max": 0.03813584557715902,
        "nauc_precision_at_100_std": 0.2244667000777356,
        "nauc_precision_at_10_diff1": -0.06725713464852548,
        "nauc_precision_at_10_max": 0.07354123316404108,
        "nauc_precision_at_10_std": 0.10071119007398509,
        "nauc_precision_at_1_diff1": 0.7240492831109903,
        "nauc_precision_at_1_max": 0.4899412951987728,
        "nauc_precision_at_1_std": -0.06810929977371932,
        "nauc_precision_at_20_diff1": -0.09216406136431865,
        "nauc_precision_at_20_max": 0.059676250615713744,
        "nauc_precision_at_20_std": 0.1414780958454649,
        "nauc_precision_at_3_diff1": 0.025485776160979943,
        "nauc_precision_at_3_max": 0.12494106314133827,
        "nauc_precision_at_3_std": 0.03234413864460756,
        "nauc_precision_at_5_diff1": -0.024947678692037886,
        "nauc_precision_at_5_max": 0.09882179134182613,
        "nauc_precision_at_5_std": 0.06035232695768713,
        "nauc_recall_at_1000_diff1": -0.19734722346602035,
        "nauc_recall_at_1000_max": 0.009085523066545566,
        "nauc_recall_at_1000_std": 0.29098783426387886,
        "nauc_recall_at_100_diff1": -0.1398731166006399,
        "nauc_recall_at_100_max": 0.038135845577157025,
        "nauc_recall_at_100_std": 0.22446670007773495,
        "nauc_recall_at_10_diff1": -0.06725713464852469,
        "nauc_recall_at_10_max": 0.07354123316404101,
        "nauc_recall_at_10_std": 0.10071119007398563,
        "nauc_recall_at_1_diff1": 0.7240492831109903,
        "nauc_recall_at_1_max": 0.4899412951987728,
        "nauc_recall_at_1_std": -0.06810929977371932,
        "nauc_recall_at_20_diff1": -0.09216406136431823,
        "nauc_recall_at_20_max": 0.05967625061571455,
        "nauc_recall_at_20_std": 0.14147809584546528,
        "nauc_recall_at_3_diff1": 0.025485776160979655,
        "nauc_recall_at_3_max": 0.12494106314133815,
        "nauc_recall_at_3_std": 0.03234413864460772,
        "nauc_recall_at_5_diff1": -0.024947678692038712,
        "nauc_recall_at_5_max": 0.09882179134182603,
        "nauc_recall_at_5_std": 0.06035232695768689,
        "ndcg_at_1": 0.80635,
        "ndcg_at_10": 0.68767,
        "ndcg_at_100": 0.71464,
        "ndcg_at_1000": 0.72721,
        "ndcg_at_20": 0.69937,
        "ndcg_at_3": 0.64602,
        "ndcg_at_5": 0.6687,
        "precision_at_1": 0.80635,
        "precision_at_10": 0.14066,
        "precision_at_100": 0.01617,
        "precision_at_1000": 0.00178,
        "precision_at_20": 0.0741,
        "precision_at_3": 0.40743,
        "precision_at_5": 0.26231,
        "recall_at_1": 0.40317,
        "recall_at_10": 0.70331,
        "recall_at_100": 0.80831,
        "recall_at_1000": 0.8919,
        "recall_at_20": 0.74099,
        "recall_at_3": 0.61114,
        "recall_at_5": 0.65577
      }
    ]
  },
  "task_name": "HotpotQA"
}