{
  "dataset_revision": "59042f120c80e8afa9cdbb224f67076cec0fc9a7",
  "evaluation_time": 183.1073043346405,
  "kg_co2_emissions": null,
  "mteb_version": "1.13.1",
  "scores": {
    "test": [
      {
        "hf_subset": "default",
        "languages": [
          "eng-Latn"
        ],
        "main_score": 0.2981926303492066,
        "map": 0.2981926303492066,
        "mrr": 0.30812309497182205,
        "nAUC_map_diff1": 0.0929371855409068,
        "nAUC_map_max": -0.2059258496784163,
        "nAUC_map_std": -0.039763348368831435,
        "nAUC_mrr_diff1": 0.09285247607468171,
        "nAUC_mrr_max": -0.1489612771197354,
        "nAUC_mrr_std": -0.013878780186086823
      }
    ]
  },
  "task_name": "MindSmallReranking"
}