{
  "dataset_revision": "c5a29a104738b98a9e76336939199e264163d4a0",
  "evaluation_time": 2380.081531524658,
  "kg_co2_emissions": null,
  "mteb_version": "1.13.1",
  "scores": {
    "dev": [
      {
        "hf_subset": "default",
        "languages": [
          "eng-Latn"
        ],
        "main_score": 0.38898,
        "map_at_1": 0.19693,
        "map_at_10": 0.31905,
        "map_at_100": 0.33093,
        "map_at_1000": 0.33143,
        "map_at_20": 0.32618,
        "map_at_3": 0.27945,
        "map_at_5": 0.30246,
        "mrr_at_1": 0.2022922636103152,
        "mrr_at_10": 0.3241456883613044,
        "mrr_at_100": 0.33555503780610546,
        "mrr_at_1000": 0.3360001426396762,
        "mrr_at_20": 0.331088751477079,
        "mrr_at_3": 0.28505253104106976,
        "mrr_at_5": 0.308018147086915,
        "nauc_map_at_1000_diff1": 0.2691778231885331,
        "nauc_map_at_1000_max": 0.05781224285781731,
        "nauc_map_at_1000_std": -0.20100554920435393,
        "nauc_map_at_100_diff1": 0.26913196838714676,
        "nauc_map_at_100_max": 0.057900775958293425,
        "nauc_map_at_100_std": -0.2008891121000205,
        "nauc_map_at_10_diff1": 0.2683085307877049,
        "nauc_map_at_10_max": 0.05707805399724739,
        "nauc_map_at_10_std": -0.2072041734211524,
        "nauc_map_at_1_diff1": 0.3069188972222141,
        "nauc_map_at_1_max": 0.04638291869662552,
        "nauc_map_at_1_std": -0.17496219992478595,
        "nauc_map_at_20_diff1": 0.26866372471351857,
        "nauc_map_at_20_max": 0.056809288392436395,
        "nauc_map_at_20_std": -0.20429471009959657,
        "nauc_map_at_3_diff1": 0.2729532627535775,
        "nauc_map_at_3_max": 0.051879938019127624,
        "nauc_map_at_3_std": -0.20610164556602645,
        "nauc_map_at_5_diff1": 0.2688302717517963,
        "nauc_map_at_5_max": 0.05368373228891994,
        "nauc_map_at_5_std": -0.20977870599870757,
        "nauc_mrr_at_1000_diff1": 0.2677653627358059,
        "nauc_mrr_at_1000_max": 0.05913117608061355,
        "nauc_mrr_at_1000_std": -0.19672412924649169,
        "nauc_mrr_at_100_diff1": 0.2677252375080618,
        "nauc_mrr_at_100_max": 0.059283016854122635,
        "nauc_mrr_at_100_std": -0.19651632852752388,
        "nauc_mrr_at_10_diff1": 0.26678573301546016,
        "nauc_mrr_at_10_max": 0.058460595257610874,
        "nauc_mrr_at_10_std": -0.20244617709966398,
        "nauc_mrr_at_1_diff1": 0.3041084351664992,
        "nauc_mrr_at_1_max": 0.0449749972597845,
        "nauc_mrr_at_1_std": -0.17379345314139222,
        "nauc_mrr_at_20_diff1": 0.2671923076922082,
        "nauc_mrr_at_20_max": 0.05835088192327906,
        "nauc_mrr_at_20_std": -0.1995865950881637,
        "nauc_mrr_at_3_diff1": 0.271231224312757,
        "nauc_mrr_at_3_max": 0.05434153867699822,
        "nauc_mrr_at_3_std": -0.2014230313444353,
        "nauc_mrr_at_5_diff1": 0.26720079342041436,
        "nauc_mrr_at_5_max": 0.054955238450384275,
        "nauc_mrr_at_5_std": -0.20527257533331808,
        "nauc_ndcg_at_1000_diff1": 0.25969375464884065,
        "nauc_ndcg_at_1000_max": 0.07002375600679417,
        "nauc_ndcg_at_1000_std": -0.1847323610116948,
        "nauc_ndcg_at_100_diff1": 0.25834580506116006,
        "nauc_ndcg_at_100_max": 0.07380769725641344,
        "nauc_ndcg_at_100_std": -0.17710585368847406,
        "nauc_ndcg_at_10_diff1": 0.2542928195497391,
        "nauc_ndcg_at_10_max": 0.0660330785655103,
        "nauc_ndcg_at_10_std": -0.21306033309732464,
        "nauc_ndcg_at_1_diff1": 0.30295355406433583,
        "nauc_ndcg_at_1_max": 0.04621464266497423,
        "nauc_ndcg_at_1_std": -0.17148362146380614,
        "nauc_ndcg_at_20_diff1": 0.25554521591776697,
        "nauc_ndcg_at_20_max": 0.06568111062941863,
        "nauc_ndcg_at_20_std": -0.20228451066969688,
        "nauc_ndcg_at_3_diff1": 0.26387211101521485,
        "nauc_ndcg_at_3_max": 0.05523302725516747,
        "nauc_ndcg_at_3_std": -0.2135611897337222,
        "nauc_ndcg_at_5_diff1": 0.2558800640980161,
        "nauc_ndcg_at_5_max": 0.05801913337012462,
        "nauc_ndcg_at_5_std": -0.21933127837784333,
        "nauc_precision_at_1000_diff1": -0.031325882858846056,
        "nauc_precision_at_1000_max": 0.14372243439005186,
        "nauc_precision_at_1000_std": 0.2065004883678913,
        "nauc_precision_at_100_diff1": 0.10182536615323357,
        "nauc_precision_at_100_max": 0.17592839135897004,
        "nauc_precision_at_100_std": 0.13788393318634687,
        "nauc_precision_at_10_diff1": 0.19399599553919233,
        "nauc_precision_at_10_max": 0.0915650480266619,
        "nauc_precision_at_10_std": -0.21189055382743663,
        "nauc_precision_at_1_diff1": 0.30295355406433583,
        "nauc_precision_at_1_max": 0.04621464266497423,
        "nauc_precision_at_1_std": -0.17148362146380614,
        "nauc_precision_at_20_diff1": 0.1751209669638656,
        "nauc_precision_at_20_max": 0.09469935353320234,
        "nauc_precision_at_20_std": -0.15211091507587937,
        "nauc_precision_at_3_diff1": 0.23273667861444308,
        "nauc_precision_at_3_max": 0.05692475211492978,
        "nauc_precision_at_3_std": -0.23281592529799633,
        "nauc_precision_at_5_diff1": 0.2105142192971366,
        "nauc_precision_at_5_max": 0.06437723460494997,
        "nauc_precision_at_5_std": -0.24176754253239505,
        "nauc_recall_at_1000_diff1": 0.08618608330555028,
        "nauc_recall_at_1000_max": 0.41221558914099427,
        "nauc_recall_at_1000_std": 0.533534032169571,
        "nauc_recall_at_100_diff1": 0.1932987449018998,
        "nauc_recall_at_100_max": 0.2204635754011889,
        "nauc_recall_at_100_std": 0.12782533353761513,
        "nauc_recall_at_10_diff1": 0.2102231864647968,
        "nauc_recall_at_10_max": 0.09203884454247431,
        "nauc_recall_at_10_std": -0.23060899385538602,
        "nauc_recall_at_1_diff1": 0.3069188972222141,
        "nauc_recall_at_1_max": 0.04638291869662552,
        "nauc_recall_at_1_std": -0.17496219992478595,
        "nauc_recall_at_20_diff1": 0.20781333890878856,
        "nauc_recall_at_20_max": 0.09615311977396881,
        "nauc_recall_at_20_std": -0.18538462040109663,
        "nauc_recall_at_3_diff1": 0.2406915089885418,
        "nauc_recall_at_3_max": 0.06204060451835777,
        "nauc_recall_at_3_std": -0.23520267371956888,
        "nauc_recall_at_5_diff1": 0.2204139655261817,
        "nauc_recall_at_5_max": 0.06804422029137376,
        "nauc_recall_at_5_std": -0.24731721318971256,
        "ndcg_at_1": 0.20258,
        "ndcg_at_10": 0.38898,
        "ndcg_at_100": 0.44736,
        "ndcg_at_1000": 0.46006,
        "ndcg_at_20": 0.41468,
        "ndcg_at_3": 0.30833,
        "ndcg_at_5": 0.34947,
        "precision_at_1": 0.20258,
        "precision_at_10": 0.06315,
        "precision_at_100": 0.00926,
        "precision_at_1000": 0.00104,
        "precision_at_20": 0.03696,
        "precision_at_3": 0.13333,
        "precision_at_5": 0.10083,
        "recall_at_1": 0.19693,
        "recall_at_10": 0.60531,
        "recall_at_100": 0.87718,
        "recall_at_1000": 0.97452,
        "recall_at_20": 0.70575,
        "recall_at_3": 0.38608,
        "recall_at_5": 0.48495
      }
    ]
  },
  "task_name": "MSMARCO"
}