{
  "dataset_revision": "ec0fa4fe99da2ff19ca1214b7966684033a58814",
  "evaluation_time": 45.80302596092224,
  "kg_co2_emissions": null,
  "mteb_version": "1.13.1",
  "scores": {
    "test": [
      {
        "hf_subset": "default",
        "languages": [
          "eng-Latn"
        ],
        "main_score": 0.36466,
        "map_at_1": 0.06539,
        "map_at_10": 0.142,
        "map_at_100": 0.17666,
        "map_at_1000": 0.19156,
        "map_at_20": 0.15721,
        "map_at_3": 0.10441,
        "map_at_5": 0.1206,
        "mrr_at_1": 0.47987616099071206,
        "mrr_at_10": 0.5628200402968205,
        "mrr_at_100": 0.5690105862101009,
        "mrr_at_1000": 0.569372514996297,
        "mrr_at_20": 0.5667528072836041,
        "mrr_at_3": 0.544891640866873,
        "mrr_at_5": 0.5589783281733747,
        "nauc_map_at_1000_diff1": 0.15060640976267703,
        "nauc_map_at_1000_max": 0.35655150645567124,
        "nauc_map_at_1000_std": 0.16859758924692564,
        "nauc_map_at_100_diff1": 0.15813396461222679,
        "nauc_map_at_100_max": 0.3436873327790543,
        "nauc_map_at_100_std": 0.1279600337520353,
        "nauc_map_at_10_diff1": 0.18694637745709125,
        "nauc_map_at_10_max": 0.28074690330177177,
        "nauc_map_at_10_std": 0.011064359693709142,
        "nauc_map_at_1_diff1": 0.34852759037704467,
        "nauc_map_at_1_max": 0.12935233995100454,
        "nauc_map_at_1_std": -0.12663003948496582,
        "nauc_map_at_20_diff1": 0.1724342255755048,
        "nauc_map_at_20_max": 0.3126872777149859,
        "nauc_map_at_20_std": 0.05479899211986306,
        "nauc_map_at_3_diff1": 0.2589977807390304,
        "nauc_map_at_3_max": 0.18645232795439537,
        "nauc_map_at_3_std": -0.09290156690178315,
        "nauc_map_at_5_diff1": 0.2175477026648245,
        "nauc_map_at_5_max": 0.2276754953920711,
        "nauc_map_at_5_std": -0.05375770217996123,
        "nauc_mrr_at_1000_diff1": 0.32544597316413,
        "nauc_mrr_at_1000_max": 0.6033346582828407,
        "nauc_mrr_at_1000_std": 0.3607831751654651,
        "nauc_mrr_at_100_diff1": 0.3251994544393349,
        "nauc_mrr_at_100_max": 0.6035291578186579,
        "nauc_mrr_at_100_std": 0.3610057397062214,
        "nauc_mrr_at_10_diff1": 0.3266305531736915,
        "nauc_mrr_at_10_max": 0.6023764711854549,
        "nauc_mrr_at_10_std": 0.3591478526113969,
        "nauc_mrr_at_1_diff1": 0.3571412114242848,
        "nauc_mrr_at_1_max": 0.5410014795964497,
        "nauc_mrr_at_1_std": 0.2705585550472231,
        "nauc_mrr_at_20_diff1": 0.32598388456544464,
        "nauc_mrr_at_20_max": 0.6044829031940313,
        "nauc_mrr_at_20_std": 0.3618300012725556,
        "nauc_mrr_at_3_diff1": 0.3297157750058042,
        "nauc_mrr_at_3_max": 0.5943196414802068,
        "nauc_mrr_at_3_std": 0.3504245904602955,
        "nauc_mrr_at_5_diff1": 0.32851120446083193,
        "nauc_mrr_at_5_max": 0.6055028176182742,
        "nauc_mrr_at_5_std": 0.3577867351095406,
        "nauc_ndcg_at_1000_diff1": 0.1616631073550672,
        "nauc_ndcg_at_1000_max": 0.509367110969478,
        "nauc_ndcg_at_1000_std": 0.3643068574499258,
        "nauc_ndcg_at_100_diff1": 0.161782543275712,
        "nauc_ndcg_at_100_max": 0.46700258768873876,
        "nauc_ndcg_at_100_std": 0.31553168669662085,
        "nauc_ndcg_at_10_diff1": 0.18342983542417973,
        "nauc_ndcg_at_10_max": 0.509592562456462,
        "nauc_ndcg_at_10_std": 0.34327176221056865,
        "nauc_ndcg_at_1_diff1": 0.36881577353400996,
        "nauc_ndcg_at_1_max": 0.532808436382809,
        "nauc_ndcg_at_1_std": 0.28918778550181184,
        "nauc_ndcg_at_20_diff1": 0.17580046852913733,
        "nauc_ndcg_at_20_max": 0.4807637885078744,
        "nauc_ndcg_at_20_std": 0.3330536533068602,
        "nauc_ndcg_at_3_diff1": 0.25085401516978195,
        "nauc_ndcg_at_3_max": 0.5335414650036888,
        "nauc_ndcg_at_3_std": 0.3242422110694754,
        "nauc_ndcg_at_5_diff1": 0.21358597657671538,
        "nauc_ndcg_at_5_max": 0.5378839494974301,
        "nauc_ndcg_at_5_std": 0.332185019738053,
        "nauc_precision_at_1000_diff1": -0.06771786040273042,
        "nauc_precision_at_1000_max": 0.1586744312244826,
        "nauc_precision_at_1000_std": 0.450397219206996,
        "nauc_precision_at_100_diff1": -0.055910917622962554,
        "nauc_precision_at_100_max": 0.3084201677211593,
        "nauc_precision_at_100_std": 0.5516756957064913,
        "nauc_precision_at_10_diff1": 0.017969105975452506,
        "nauc_precision_at_10_max": 0.495921871560466,
        "nauc_precision_at_10_std": 0.4831851654754542,
        "nauc_precision_at_1_diff1": 0.37387303881215234,
        "nauc_precision_at_1_max": 0.5371795688241163,
        "nauc_precision_at_1_std": 0.2831528117742425,
        "nauc_precision_at_20_diff1": 0.001962679896135708,
        "nauc_precision_at_20_max": 0.444028500856879,
        "nauc_precision_at_20_std": 0.515739203752049,
        "nauc_precision_at_3_diff1": 0.13618272734019846,
        "nauc_precision_at_3_max": 0.5350153670244113,
        "nauc_precision_at_3_std": 0.37943144881782764,
        "nauc_precision_at_5_diff1": 0.07208009845708405,
        "nauc_precision_at_5_max": 0.5453559190818649,
        "nauc_precision_at_5_std": 0.420595966860317,
        "nauc_recall_at_1000_diff1": -0.014869120092641233,
        "nauc_recall_at_1000_max": 0.23574402383956514,
        "nauc_recall_at_1000_std": 0.20584474359330282,
        "nauc_recall_at_100_diff1": 0.0566526608182301,
        "nauc_recall_at_100_max": 0.25270782587967455,
        "nauc_recall_at_100_std": 0.1367609584360659,
        "nauc_recall_at_10_diff1": 0.15281262196109513,
        "nauc_recall_at_10_max": 0.26323042573880945,
        "nauc_recall_at_10_std": 0.01839767486385764,
        "nauc_recall_at_1_diff1": 0.34852759037704467,
        "nauc_recall_at_1_max": 0.12935233995100454,
        "nauc_recall_at_1_std": -0.12663003948496582,
        "nauc_recall_at_20_diff1": 0.10821004343873347,
        "nauc_recall_at_20_max": 0.26127502544671916,
        "nauc_recall_at_20_std": 0.0436039688546173,
        "nauc_recall_at_3_diff1": 0.24339503153741635,
        "nauc_recall_at_3_max": 0.19225091994650298,
        "nauc_recall_at_3_std": -0.07921716741382859,
        "nauc_recall_at_5_diff1": 0.1798044864836802,
        "nauc_recall_at_5_max": 0.21773402998940888,
        "nauc_recall_at_5_std": -0.04851600489835307,
        "ndcg_at_1": 0.45666,
        "ndcg_at_10": 0.36466,
        "ndcg_at_100": 0.3323,
        "ndcg_at_1000": 0.42,
        "ndcg_at_20": 0.34353,
        "ndcg_at_3": 0.41837,
        "ndcg_at_5": 0.39656,
        "precision_at_1": 0.47368,
        "precision_at_10": 0.26935,
        "precision_at_100": 0.08285,
        "precision_at_1000": 0.02111,
        "precision_at_20": 0.20155,
        "precision_at_3": 0.39112,
        "precision_at_5": 0.34241,
        "recall_at_1": 0.06539,
        "recall_at_10": 0.17763,
        "recall_at_100": 0.33093,
        "recall_at_1000": 0.64521,
        "recall_at_20": 0.22031,
        "recall_at_3": 0.11294,
        "recall_at_5": 0.1411
      }
    ]
  },
  "task_name": "NFCorpus"
}