{
  "dataset_revision": "b774495ed302d8c44a3a7ea25c90dbce03968f31",
  "evaluation_time": 726.6995985507965,
  "kg_co2_emissions": null,
  "mteb_version": "1.13.1",
  "scores": {
    "test": [
      {
        "hf_subset": "default",
        "languages": [
          "eng-Latn"
        ],
        "main_score": 0.57727,
        "map_at_1": 0.33821,
        "map_at_10": 0.50054,
        "map_at_100": 0.5098,
        "map_at_1000": 0.51004,
        "map_at_20": 0.50693,
        "map_at_3": 0.45814,
        "map_at_5": 0.48369,
        "mrr_at_1": 0.37949015063731173,
        "mrr_at_10": 0.5243194651363828,
        "mrr_at_100": 0.5312043738777337,
        "mrr_at_1000": 0.5313753705332013,
        "mrr_at_20": 0.5291714408047897,
        "mrr_at_3": 0.49145422943221323,
        "mrr_at_5": 0.5117757821552723,
        "nauc_map_at_1000_diff1": 0.300444563905595,
        "nauc_map_at_1000_max": 0.27448528226278746,
        "nauc_map_at_1000_std": -0.0034606535110775563,
        "nauc_map_at_100_diff1": 0.3003609083544973,
        "nauc_map_at_100_max": 0.2746864814068674,
        "nauc_map_at_100_std": -0.003191697213693968,
        "nauc_map_at_10_diff1": 0.2989152707692053,
        "nauc_map_at_10_max": 0.2745691527049105,
        "nauc_map_at_10_std": -0.006616371353909161,
        "nauc_map_at_1_diff1": 0.3363632222961827,
        "nauc_map_at_1_max": 0.2057802145105034,
        "nauc_map_at_1_std": -0.045398309945866785,
        "nauc_map_at_20_diff1": 0.3000598531107264,
        "nauc_map_at_20_max": 0.27570887112013415,
        "nauc_map_at_20_std": -0.0034723698881300264,
        "nauc_map_at_3_diff1": 0.3017423999324682,
        "nauc_map_at_3_max": 0.2590287377417469,
        "nauc_map_at_3_std": -0.022521638768656475,
        "nauc_map_at_5_diff1": 0.2976171322477348,
        "nauc_map_at_5_max": 0.26934843973304323,
        "nauc_map_at_5_std": -0.013947020791832555,
        "nauc_mrr_at_1000_diff1": 0.30215207296746655,
        "nauc_mrr_at_1000_max": 0.27261919928955836,
        "nauc_mrr_at_1000_std": 0.0043927446294794665,
        "nauc_mrr_at_100_diff1": 0.30208284776604816,
        "nauc_mrr_at_100_max": 0.27279972756411186,
        "nauc_mrr_at_100_std": 0.004609991739943469,
        "nauc_mrr_at_10_diff1": 0.30000885991004816,
        "nauc_mrr_at_10_max": 0.2734687822734045,
        "nauc_mrr_at_10_std": 0.0033280658831008735,
        "nauc_mrr_at_1_diff1": 0.3371844445487077,
        "nauc_mrr_at_1_max": 0.21812715798189214,
        "nauc_mrr_at_1_std": -0.030988273931162002,
        "nauc_mrr_at_20_diff1": 0.3016923153635689,
        "nauc_mrr_at_20_max": 0.2738429946559485,
        "nauc_mrr_at_20_std": 0.005110323505607713,
        "nauc_mrr_at_3_diff1": 0.30130969757098763,
        "nauc_mrr_at_3_max": 0.2658611509857278,
        "nauc_mrr_at_3_std": -0.004382440913518192,
        "nauc_mrr_at_5_diff1": 0.2992940993142121,
        "nauc_mrr_at_5_max": 0.27338999397841307,
        "nauc_mrr_at_5_std": 0.00017477182554898594,
        "nauc_ndcg_at_1000_diff1": 0.295956454577134,
        "nauc_ndcg_at_1000_max": 0.29342062488195425,
        "nauc_ndcg_at_1000_std": 0.019085933407900366,
        "nauc_ndcg_at_100_diff1": 0.29413471454027706,
        "nauc_ndcg_at_100_max": 0.2992799979308562,
        "nauc_ndcg_at_100_std": 0.027388096596326485,
        "nauc_ndcg_at_10_diff1": 0.28738158770534084,
        "nauc_ndcg_at_10_max": 0.3028094454361375,
        "nauc_ndcg_at_10_std": 0.01621567527830374,
        "nauc_ndcg_at_1_diff1": 0.33803779681502677,
        "nauc_ndcg_at_1_max": 0.21943407719018213,
        "nauc_ndcg_at_1_std": -0.03057093575143106,
        "nauc_ndcg_at_20_diff1": 0.29199841921074404,
        "nauc_ndcg_at_20_max": 0.307362148175646,
        "nauc_ndcg_at_20_std": 0.02760787925529565,
        "nauc_ndcg_at_3_diff1": 0.2921480826450072,
        "nauc_ndcg_at_3_max": 0.27518262629237056,
        "nauc_ndcg_at_3_std": -0.012647600476890671,
        "nauc_ndcg_at_5_diff1": 0.28533544106717884,
        "nauc_ndcg_at_5_max": 0.2923624351897251,
        "nauc_ndcg_at_5_std": 9.317233669530865e-05,
        "nauc_precision_at_1000_diff1": -0.060964063946587696,
        "nauc_precision_at_1000_max": 0.06491064921288597,
        "nauc_precision_at_1000_std": 0.13808896040446117,
        "nauc_precision_at_100_diff1": -0.027394300277114664,
        "nauc_precision_at_100_max": 0.1441679626929531,
        "nauc_precision_at_100_std": 0.19504424063283526,
        "nauc_precision_at_10_diff1": 0.081910061108178,
        "nauc_precision_at_10_max": 0.2724034135554846,
        "nauc_precision_at_10_std": 0.13115678332276645,
        "nauc_precision_at_1_diff1": 0.33803779681502677,
        "nauc_precision_at_1_max": 0.21943407719018213,
        "nauc_precision_at_1_std": -0.03057093575143106,
        "nauc_precision_at_20_diff1": 0.045577260997217796,
        "nauc_precision_at_20_max": 0.244890330321106,
        "nauc_precision_at_20_std": 0.17996549345343668,
        "nauc_precision_at_3_diff1": 0.19685802691224175,
        "nauc_precision_at_3_max": 0.29316796108147647,
        "nauc_precision_at_3_std": 0.0365019137648169,
        "nauc_precision_at_5_diff1": 0.13693515157099098,
        "nauc_precision_at_5_max": 0.2942033297245882,
        "nauc_precision_at_5_std": 0.07723193452953518,
        "nauc_recall_at_1000_diff1": 0.258033004168204,
        "nauc_recall_at_1000_max": 0.8430435593021061,
        "nauc_recall_at_1000_std": 0.7575626015914009,
        "nauc_recall_at_100_diff1": 0.22513206335722405,
        "nauc_recall_at_100_max": 0.6247670525761105,
        "nauc_recall_at_100_std": 0.4867485357104636,
        "nauc_recall_at_10_diff1": 0.22661890631129528,
        "nauc_recall_at_10_max": 0.41853853318603107,
        "nauc_recall_at_10_std": 0.10162429980217005,
        "nauc_recall_at_1_diff1": 0.3363632222961827,
        "nauc_recall_at_1_max": 0.2057802145105034,
        "nauc_recall_at_1_std": -0.045398309945866785,
        "nauc_recall_at_20_diff1": 0.2368379240000321,
        "nauc_recall_at_20_max": 0.5088337680047862,
        "nauc_recall_at_20_std": 0.22226983517111717,
        "nauc_recall_at_3_diff1": 0.25566033574374253,
        "nauc_recall_at_3_max": 0.3053911602457281,
        "nauc_recall_at_3_std": -0.001555345901407612,
        "nauc_recall_at_5_diff1": 0.2321753155951278,
        "nauc_recall_at_5_max": 0.3543355908482736,
        "nauc_recall_at_5_std": 0.02875952719805753,
        "ndcg_at_1": 0.3792,
        "ndcg_at_10": 0.57727,
        "ndcg_at_100": 0.61524,
        "ndcg_at_1000": 0.62071,
        "ndcg_at_20": 0.5979,
        "ndcg_at_3": 0.50003,
        "ndcg_at_5": 0.54166,
        "precision_at_1": 0.3792,
        "precision_at_10": 0.09383,
        "precision_at_100": 0.0115,
        "precision_at_1000": 0.0012,
        "precision_at_20": 0.0519,
        "precision_at_3": 0.22779,
        "precision_at_5": 0.16083,
        "recall_at_1": 0.33821,
        "recall_at_10": 0.78522,
        "recall_at_100": 0.94749,
        "recall_at_1000": 0.98803,
        "recall_at_20": 0.86143,
        "recall_at_3": 0.5879,
        "recall_at_5": 0.68337
      }
    ]
  },
  "task_name": "NQ"
}