{
  "dataset_revision": "e4e08e0b7dbe3c8700f0daef558ff32256715259",
  "evaluation_time": 176.5896966457367,
  "kg_co2_emissions": null,
  "mteb_version": "1.13.1",
  "scores": {
    "test": [
      {
        "hf_subset": "default",
        "languages": [
          "eng-Latn"
        ],
        "main_score": 0.88899,
        "map_at_1": 0.71477,
        "map_at_10": 0.85287,
        "map_at_100": 0.85904,
        "map_at_1000": 0.85921,
        "map_at_20": 0.85693,
        "map_at_3": 0.82424,
        "map_at_5": 0.8425,
        "mrr_at_1": 0.8207,
        "mrr_at_10": 0.8817283730158729,
        "mrr_at_100": 0.8827033401122728,
        "mrr_at_1000": 0.8827088506306819,
        "mrr_at_20": 0.8824704172822361,
        "mrr_at_3": 0.8730833333333334,
        "mrr_at_5": 0.8792483333333334,
        "nauc_map_at_1000_diff1": 0.7557244221388223,
        "nauc_map_at_1000_max": 0.3944777587672019,
        "nauc_map_at_1000_std": -0.5442723009793284,
        "nauc_map_at_100_diff1": 0.7558227782831588,
        "nauc_map_at_100_max": 0.3943427760975447,
        "nauc_map_at_100_std": -0.5450392942233808,
        "nauc_map_at_10_diff1": 0.7582980768084595,
        "nauc_map_at_10_max": 0.39139357690923354,
        "nauc_map_at_10_std": -0.5636933685268677,
        "nauc_map_at_1_diff1": 0.7958093572974946,
        "nauc_map_at_1_max": 0.3010346263771588,
        "nauc_map_at_1_std": -0.48310883728503123,
        "nauc_map_at_20_diff1": 0.7566300950450736,
        "nauc_map_at_20_max": 0.39373618958648426,
        "nauc_map_at_20_std": -0.5525336365316106,
        "nauc_map_at_3_diff1": 0.7610771393421272,
        "nauc_map_at_3_max": 0.36579476020844975,
        "nauc_map_at_3_std": -0.5759853222228668,
        "nauc_map_at_5_diff1": 0.7605874889401901,
        "nauc_map_at_5_max": 0.3808613875451688,
        "nauc_map_at_5_std": -0.5779886379693068,
        "nauc_mrr_at_1000_diff1": 0.7643800950546613,
        "nauc_mrr_at_1000_max": 0.42032801502895617,
        "nauc_mrr_at_1000_std": -0.510772930469024,
        "nauc_mrr_at_100_diff1": 0.7643835234803574,
        "nauc_mrr_at_100_max": 0.4203458681105091,
        "nauc_mrr_at_100_std": -0.5107603528726691,
        "nauc_mrr_at_10_diff1": 0.7641674873897444,
        "nauc_mrr_at_10_max": 0.4210781726102913,
        "nauc_mrr_at_10_std": -0.5127239391154824,
        "nauc_mrr_at_1_diff1": 0.7771921252783563,
        "nauc_mrr_at_1_max": 0.41585865782191045,
        "nauc_mrr_at_1_std": -0.4837043182299283,
        "nauc_mrr_at_20_diff1": 0.7642855324388607,
        "nauc_mrr_at_20_max": 0.4205003041800186,
        "nauc_mrr_at_20_std": -0.5111583651905809,
        "nauc_mrr_at_3_diff1": 0.7605835268430392,
        "nauc_mrr_at_3_max": 0.4214096838585106,
        "nauc_mrr_at_3_std": -0.5150476088208457,
        "nauc_mrr_at_5_diff1": 0.7635258746580675,
        "nauc_mrr_at_5_max": 0.4204343827039319,
        "nauc_mrr_at_5_std": -0.5138519830377462,
        "nauc_ndcg_at_1000_diff1": 0.7545428514447735,
        "nauc_ndcg_at_1000_max": 0.40641539859562537,
        "nauc_ndcg_at_1000_std": -0.5256131871833426,
        "nauc_ndcg_at_100_diff1": 0.7547758981937318,
        "nauc_ndcg_at_100_max": 0.40637595711802954,
        "nauc_ndcg_at_100_std": -0.5291973224650297,
        "nauc_ndcg_at_10_diff1": 0.7544247192639222,
        "nauc_ndcg_at_10_max": 0.40458296226362656,
        "nauc_ndcg_at_10_std": -0.5598302695293103,
        "nauc_ndcg_at_1_diff1": 0.7766151487138035,
        "nauc_ndcg_at_1_max": 0.416196879030607,
        "nauc_ndcg_at_1_std": -0.48325232910229166,
        "nauc_ndcg_at_20_diff1": 0.7545603052839667,
        "nauc_ndcg_at_20_max": 0.4048757336097815,
        "nauc_ndcg_at_20_std": -0.5467533031495347,
        "nauc_ndcg_at_3_diff1": 0.7452075081619807,
        "nauc_ndcg_at_3_max": 0.3932253916194176,
        "nauc_ndcg_at_3_std": -0.5528089142008217,
        "nauc_ndcg_at_5_diff1": 0.7522829149343367,
        "nauc_ndcg_at_5_max": 0.3969992820300733,
        "nauc_ndcg_at_5_std": -0.5669393897609106,
        "nauc_precision_at_1000_diff1": -0.4430863967941833,
        "nauc_precision_at_1000_max": -0.09393912060340331,
        "nauc_precision_at_1000_std": 0.4349501516771323,
        "nauc_precision_at_100_diff1": -0.43939165715008727,
        "nauc_precision_at_100_max": -0.08645877198154472,
        "nauc_precision_at_100_std": 0.41723931182765517,
        "nauc_precision_at_10_diff1": -0.38680722929096106,
        "nauc_precision_at_10_max": -0.026827835030777302,
        "nauc_precision_at_10_std": 0.28767442931089604,
        "nauc_precision_at_1_diff1": 0.7766151487138035,
        "nauc_precision_at_1_max": 0.416196879030607,
        "nauc_precision_at_1_std": -0.48325232910229166,
        "nauc_precision_at_20_diff1": -0.41804757568294254,
        "nauc_precision_at_20_max": -0.057164117591443145,
        "nauc_precision_at_20_std": 0.3538407443010561,
        "nauc_precision_at_3_diff1": -0.20203283599497823,
        "nauc_precision_at_3_max": 0.07833411601969725,
        "nauc_precision_at_3_std": 0.05843111797283289,
        "nauc_precision_at_5_diff1": -0.3189467156420402,
        "nauc_precision_at_5_max": 0.016153395302505504,
        "nauc_precision_at_5_std": 0.17877539558129285,
        "nauc_recall_at_1000_diff1": 0.6446361021963213,
        "nauc_recall_at_1000_max": -0.122212467957195,
        "nauc_recall_at_1000_std": 0.06350253571683293,
        "nauc_recall_at_100_diff1": 0.7055086234357919,
        "nauc_recall_at_100_max": 0.41847666926571697,
        "nauc_recall_at_100_std": -0.6064140727157988,
        "nauc_recall_at_10_diff1": 0.7139418666040962,
        "nauc_recall_at_10_max": 0.3897909797032956,
        "nauc_recall_at_10_std": -0.7498662437713256,
        "nauc_recall_at_1_diff1": 0.7958093572974946,
        "nauc_recall_at_1_max": 0.3010346263771588,
        "nauc_recall_at_1_std": -0.48310883728503123,
        "nauc_recall_at_20_diff1": 0.7070065392486304,
        "nauc_recall_at_20_max": 0.39101991736808195,
        "nauc_recall_at_20_std": -0.7367537872983976,
        "nauc_recall_at_3_diff1": 0.7132375218230713,
        "nauc_recall_at_3_max": 0.331173318889576,
        "nauc_recall_at_3_std": -0.6480185960834879,
        "nauc_recall_at_5_diff1": 0.7107260008013288,
        "nauc_recall_at_5_max": 0.3451055929731126,
        "nauc_recall_at_5_std": -0.7089736622912326,
        "ndcg_at_1": 0.821,
        "ndcg_at_10": 0.88899,
        "ndcg_at_100": 0.90067,
        "ndcg_at_1000": 0.90165,
        "ndcg_at_20": 0.89527,
        "ndcg_at_3": 0.86254,
        "ndcg_at_5": 0.87754,
        "precision_at_1": 0.821,
        "precision_at_10": 0.13425,
        "precision_at_100": 0.01526,
        "precision_at_1000": 0.00157,
        "precision_at_20": 0.07108,
        "precision_at_3": 0.3764,
        "precision_at_5": 0.24704,
        "recall_at_1": 0.71477,
        "recall_at_10": 0.95617,
        "recall_at_100": 0.99577,
        "recall_at_1000": 0.99973,
        "recall_at_20": 0.97629,
        "recall_at_3": 0.87943,
        "recall_at_5": 0.92263
      }
    ]
  },
  "task_name": "QuoraRetrieval"
}