{
  "dataset_revision": "f8c2fcf00f625baaa80f62ec5bd9e1fff3b8ae88",
  "evaluation_time": 37.78194546699524,
  "kg_co2_emissions": null,
  "mteb_version": "1.13.1",
  "scores": {
    "test": [
      {
        "hf_subset": "default",
        "languages": [
          "eng-Latn"
        ],
        "main_score": 0.21117,
        "map_at_1": 0.05003,
        "map_at_10": 0.12777,
        "map_at_100": 0.14871,
        "map_at_1000": 0.15151,
        "map_at_20": 0.13873,
        "map_at_3": 0.08997,
        "map_at_5": 0.10828,
        "mrr_at_1": 0.247,
        "mrr_at_10": 0.35488412698412697,
        "mrr_at_100": 0.3657215853426645,
        "mrr_at_1000": 0.36625812102283245,
        "mrr_at_20": 0.3616462789618362,
        "mrr_at_3": 0.3215,
        "mrr_at_5": 0.3418,
        "nauc_map_at_1000_diff1": 0.17906231654187263,
        "nauc_map_at_1000_max": 0.32172064739359196,
        "nauc_map_at_1000_std": 0.11439662534881392,
        "nauc_map_at_100_diff1": 0.17991726807377564,
        "nauc_map_at_100_max": 0.32190883376637963,
        "nauc_map_at_100_std": 0.11287407764727732,
        "nauc_map_at_10_diff1": 0.17635981136963563,
        "nauc_map_at_10_max": 0.3016842156719134,
        "nauc_map_at_10_std": 0.07769454698342615,
        "nauc_map_at_1_diff1": 0.2716393379473285,
        "nauc_map_at_1_max": 0.21953746825930018,
        "nauc_map_at_1_std": 0.027246427513217708,
        "nauc_map_at_20_diff1": 0.17574095080325566,
        "nauc_map_at_20_max": 0.3106959042439263,
        "nauc_map_at_20_std": 0.09368253422025233,
        "nauc_map_at_3_diff1": 0.1971135898147099,
        "nauc_map_at_3_max": 0.25732517337622607,
        "nauc_map_at_3_std": 0.027449577937463266,
        "nauc_map_at_5_diff1": 0.18522267190423708,
        "nauc_map_at_5_max": 0.279113171432859,
        "nauc_map_at_5_std": 0.0477138252420206,
        "nauc_mrr_at_1000_diff1": 0.2461335591903161,
        "nauc_mrr_at_1000_max": 0.26840148400437425,
        "nauc_mrr_at_1000_std": 0.07189164677214002,
        "nauc_mrr_at_100_diff1": 0.24618479257247655,
        "nauc_mrr_at_100_max": 0.268626708825544,
        "nauc_mrr_at_100_std": 0.07218822536581244,
        "nauc_mrr_at_10_diff1": 0.24655842134679734,
        "nauc_mrr_at_10_max": 0.26602660181966004,
        "nauc_mrr_at_10_std": 0.06624962029057069,
        "nauc_mrr_at_1_diff1": 0.27031084304918146,
        "nauc_mrr_at_1_max": 0.2192850772559674,
        "nauc_mrr_at_1_std": 0.02838955288118092,
        "nauc_mrr_at_20_diff1": 0.24540967235961642,
        "nauc_mrr_at_20_max": 0.26837311019939,
        "nauc_mrr_at_20_std": 0.07196732786004845,
        "nauc_mrr_at_3_diff1": 0.24776994403137068,
        "nauc_mrr_at_3_max": 0.2640823381136651,
        "nauc_mrr_at_3_std": 0.05557328784021467,
        "nauc_mrr_at_5_diff1": 0.24674417444703636,
        "nauc_mrr_at_5_max": 0.26654247480708654,
        "nauc_mrr_at_5_std": 0.06298237640648717,
        "nauc_ndcg_at_1000_diff1": 0.18495061200309637,
        "nauc_ndcg_at_1000_max": 0.3379352471765838,
        "nauc_ndcg_at_1000_std": 0.18551168304266585,
        "nauc_ndcg_at_100_diff1": 0.19425483667872237,
        "nauc_ndcg_at_100_max": 0.3493197982302566,
        "nauc_ndcg_at_100_std": 0.18513654876412272,
        "nauc_ndcg_at_10_diff1": 0.190112981783624,
        "nauc_ndcg_at_10_max": 0.3102531685325437,
        "nauc_ndcg_at_10_std": 0.09933690065231184,
        "nauc_ndcg_at_1_diff1": 0.27031084304918146,
        "nauc_ndcg_at_1_max": 0.2192850772559674,
        "nauc_ndcg_at_1_std": 0.02838955288118092,
        "nauc_ndcg_at_20_diff1": 0.18773181995859628,
        "nauc_ndcg_at_20_max": 0.3251685081881323,
        "nauc_ndcg_at_20_std": 0.12962522456637332,
        "nauc_ndcg_at_3_diff1": 0.20670184352859686,
        "nauc_ndcg_at_3_max": 0.2704806054336786,
        "nauc_ndcg_at_3_std": 0.04401674859904257,
        "nauc_ndcg_at_5_diff1": 0.20121303167043827,
        "nauc_ndcg_at_5_max": 0.2927136011411399,
        "nauc_ndcg_at_5_std": 0.06806855306360261,
        "nauc_precision_at_1000_diff1": 0.056344890860930724,
        "nauc_precision_at_1000_max": 0.26297141193030094,
        "nauc_precision_at_1000_std": 0.3136568385507059,
        "nauc_precision_at_100_diff1": 0.12940714073439907,
        "nauc_precision_at_100_max": 0.3490327657064901,
        "nauc_precision_at_100_std": 0.3125980669172458,
        "nauc_precision_at_10_diff1": 0.14231502302802782,
        "nauc_precision_at_10_max": 0.3225338810904811,
        "nauc_precision_at_10_std": 0.1383507848917339,
        "nauc_precision_at_1_diff1": 0.27031084304918146,
        "nauc_precision_at_1_max": 0.2192850772559674,
        "nauc_precision_at_1_std": 0.02838955288118092,
        "nauc_precision_at_20_diff1": 0.13275681225892114,
        "nauc_precision_at_20_max": 0.33320951786767694,
        "nauc_precision_at_20_std": 0.19230085968166122,
        "nauc_precision_at_3_diff1": 0.17590780553024846,
        "nauc_precision_at_3_max": 0.2850945174738022,
        "nauc_precision_at_3_std": 0.05010037428367473,
        "nauc_precision_at_5_diff1": 0.16495610161696142,
        "nauc_precision_at_5_max": 0.3101559081865027,
        "nauc_precision_at_5_std": 0.08988666145126391,
        "nauc_recall_at_1000_diff1": 0.055667507881475065,
        "nauc_recall_at_1000_max": 0.26100077045842324,
        "nauc_recall_at_1000_std": 0.3196153604251676,
        "nauc_recall_at_100_diff1": 0.12558469565129426,
        "nauc_recall_at_100_max": 0.34642858328363435,
        "nauc_recall_at_100_std": 0.3131889787116263,
        "nauc_recall_at_10_diff1": 0.14024400920322513,
        "nauc_recall_at_10_max": 0.3195152661021525,
        "nauc_recall_at_10_std": 0.13655026531866035,
        "nauc_recall_at_1_diff1": 0.2716393379473285,
        "nauc_recall_at_1_max": 0.21953746825930018,
        "nauc_recall_at_1_std": 0.027246427513217708,
        "nauc_recall_at_20_diff1": 0.12941748620933574,
        "nauc_recall_at_20_max": 0.32886785494052745,
        "nauc_recall_at_20_std": 0.18986999474081306,
        "nauc_recall_at_3_diff1": 0.17479364074763487,
        "nauc_recall_at_3_max": 0.283022083691396,
        "nauc_recall_at_3_std": 0.04747104322313817,
        "nauc_recall_at_5_diff1": 0.1627589868246649,
        "nauc_recall_at_5_max": 0.3065814006630083,
        "nauc_recall_at_5_std": 0.08798369406138057,
        "ndcg_at_1": 0.247,
        "ndcg_at_10": 0.21117,
        "ndcg_at_100": 0.28936,
        "ndcg_at_1000": 0.3391,
        "ndcg_at_20": 0.2403,
        "ndcg_at_3": 0.19893,
        "ndcg_at_5": 0.17464,
        "precision_at_1": 0.247,
        "precision_at_10": 0.1095,
        "precision_at_100": 0.02209,
        "precision_at_1000": 0.00341,
        "precision_at_20": 0.0716,
        "precision_at_3": 0.185,
        "precision_at_5": 0.153,
        "recall_at_1": 0.05003,
        "recall_at_10": 0.22168,
        "recall_at_100": 0.44832,
        "recall_at_1000": 0.69162,
        "recall_at_20": 0.2901,
        "recall_at_3": 0.11248,
        "recall_at_5": 0.15518
      }
    ]
  },
  "task_name": "SCIDOCS"
}