{
  "dataset_revision": "d3c5e1fc0b855ab6097bf1cda04dd73947d7caab",
  "evaluation_time": 42.901978731155396,
  "kg_co2_emissions": null,
  "mteb_version": "1.13.1",
  "scores": {
    "test": [
      {
        "hf_subset": "default",
        "languages": [
          "eng-Latn"
        ],
        "main_score": 0.817719272876529,
        "map": 0.817719272876529,
        "mrr": 0.9508447253545294,
        "nAUC_map_diff1": 0.05183871983252988,
        "nAUC_map_max": 0.5735118504882555,
        "nAUC_map_std": 0.7157144152924548,
        "nAUC_mrr_diff1": 0.5382880157919121,
        "nAUC_mrr_max": 0.899538506481865,
        "nAUC_mrr_std": 0.8762033397573865
      }
    ]
  },
  "task_name": "SciDocsRR"
}