{
  "dataset_revision": "0228b52cf27578f30900b9e5271d331663a030d7",
  "evaluation_time": 31.6621310710907,
  "kg_co2_emissions": null,
  "mteb_version": "1.13.1",
  "scores": {
    "test": [
      {
        "hf_subset": "default",
        "languages": [
          "eng-Latn"
        ],
        "main_score": 0.72838,
        "map_at_1": 0.60583,
        "map_at_10": 0.69105,
        "map_at_100": 0.69819,
        "map_at_1000": 0.6984,
        "map_at_20": 0.69601,
        "map_at_3": 0.6662,
        "map_at_5": 0.68218,
        "mrr_at_1": 0.63,
        "mrr_at_10": 0.6998624338624339,
        "mrr_at_100": 0.7056000593280003,
        "mrr_at_1000": 0.7058033892077329,
        "mrr_at_20": 0.7038128118441586,
        "mrr_at_3": 0.6822222222222222,
        "mrr_at_5": 0.6933888888888889,
        "nauc_map_at_1000_diff1": 0.6572990406300211,
        "nauc_map_at_1000_max": 0.5126566112017796,
        "nauc_map_at_1000_std": -0.10148213492182621,
        "nauc_map_at_100_diff1": 0.6571667244579412,
        "nauc_map_at_100_max": 0.5128683066052978,
        "nauc_map_at_100_std": -0.10121379554612124,
        "nauc_map_at_10_diff1": 0.6554047830746187,
        "nauc_map_at_10_max": 0.5107571023180383,
        "nauc_map_at_10_std": -0.10952286404865216,
        "nauc_map_at_1_diff1": 0.6981823028899048,
        "nauc_map_at_1_max": 0.44020478080957115,
        "nauc_map_at_1_std": -0.17160045178136485,
        "nauc_map_at_20_diff1": 0.6565591065662982,
        "nauc_map_at_20_max": 0.514298222809056,
        "nauc_map_at_20_std": -0.09875304867456938,
        "nauc_map_at_3_diff1": 0.6674771759956017,
        "nauc_map_at_3_max": 0.4831758560030992,
        "nauc_map_at_3_std": -0.13663000761519078,
        "nauc_map_at_5_diff1": 0.6582679034370539,
        "nauc_map_at_5_max": 0.502242885539424,
        "nauc_map_at_5_std": -0.11958927565048981,
        "nauc_mrr_at_1000_diff1": 0.6631455482907096,
        "nauc_mrr_at_1000_max": 0.5279186802190144,
        "nauc_mrr_at_1000_std": -0.07534556313998789,
        "nauc_mrr_at_100_diff1": 0.6630090204793412,
        "nauc_mrr_at_100_max": 0.5281114819989249,
        "nauc_mrr_at_100_std": -0.07511737044629108,
        "nauc_mrr_at_10_diff1": 0.6614687680597479,
        "nauc_mrr_at_10_max": 0.5293750008159863,
        "nauc_mrr_at_10_std": -0.07789176777028543,
        "nauc_mrr_at_1_diff1": 0.7112406441132992,
        "nauc_mrr_at_1_max": 0.4984356800743769,
        "nauc_mrr_at_1_std": -0.1144956831037782,
        "nauc_mrr_at_20_diff1": 0.6617253335120067,
        "nauc_mrr_at_20_max": 0.5294437501587422,
        "nauc_mrr_at_20_std": -0.07228255068271663,
        "nauc_mrr_at_3_diff1": 0.6707488469830529,
        "nauc_mrr_at_3_max": 0.5210408536418958,
        "nauc_mrr_at_3_std": -0.08529011582800795,
        "nauc_mrr_at_5_diff1": 0.661934510010108,
        "nauc_mrr_at_5_max": 0.5261239391369644,
        "nauc_mrr_at_5_std": -0.0803094312215192,
        "nauc_ndcg_at_1000_diff1": 0.6476147049635388,
        "nauc_ndcg_at_1000_max": 0.5314401168312352,
        "nauc_ndcg_at_1000_std": -0.07217277670179849,
        "nauc_ndcg_at_100_diff1": 0.6433380898879572,
        "nauc_ndcg_at_100_max": 0.5369908727716981,
        "nauc_ndcg_at_100_std": -0.0647438537845066,
        "nauc_ndcg_at_10_diff1": 0.6341155507957799,
        "nauc_ndcg_at_10_max": 0.5387279098780111,
        "nauc_ndcg_at_10_std": -0.08127345278848125,
        "nauc_ndcg_at_1_diff1": 0.7112406441132992,
        "nauc_ndcg_at_1_max": 0.4984356800743769,
        "nauc_ndcg_at_1_std": -0.1144956831037782,
        "nauc_ndcg_at_20_diff1": 0.636035966106526,
        "nauc_ndcg_at_20_max": 0.5477453819359587,
        "nauc_ndcg_at_20_std": -0.04552786446380657,
        "nauc_ndcg_at_3_diff1": 0.6571108039036833,
        "nauc_ndcg_at_3_max": 0.5100270340311778,
        "nauc_ndcg_at_3_std": -0.11089448638312846,
        "nauc_ndcg_at_5_diff1": 0.6408626422118117,
        "nauc_ndcg_at_5_max": 0.5231720275575831,
        "nauc_ndcg_at_5_std": -0.10177945097645105,
        "nauc_precision_at_1000_diff1": -0.24145766087264398,
        "nauc_precision_at_1000_max": 0.16418399192713007,
        "nauc_precision_at_1000_std": 0.462205203258553,
        "nauc_precision_at_100_diff1": -0.14198805702416908,
        "nauc_precision_at_100_max": 0.2616833459214505,
        "nauc_precision_at_100_std": 0.4495727907854987,
        "nauc_precision_at_10_diff1": 0.10728292920328657,
        "nauc_precision_at_10_max": 0.42767169562852425,
        "nauc_precision_at_10_std": 0.2764163636884141,
        "nauc_precision_at_1_diff1": 0.7112406441132992,
        "nauc_precision_at_1_max": 0.4984356800743769,
        "nauc_precision_at_1_std": -0.1144956831037782,
        "nauc_precision_at_20_diff1": 0.0034225264467949977,
        "nauc_precision_at_20_max": 0.3970960381663561,
        "nauc_precision_at_20_std": 0.4455507156191663,
        "nauc_precision_at_3_diff1": 0.4070540471961425,
        "nauc_precision_at_3_max": 0.47038822633849225,
        "nauc_precision_at_3_std": 0.05553412839380805,
        "nauc_precision_at_5_diff1": 0.22572909123397697,
        "nauc_precision_at_5_max": 0.4405112337888289,
        "nauc_precision_at_5_std": 0.17227807506747722,
        "nauc_recall_at_1000_diff1": 0.540149393090572,
        "nauc_recall_at_1000_max": 0.49603174603173406,
        "nauc_recall_at_1000_std": 0.4225023342670368,
        "nauc_recall_at_100_diff1": 0.47385620915032584,
        "nauc_recall_at_100_max": 0.7197802197802196,
        "nauc_recall_at_100_std": 0.26179702650291237,
        "nauc_recall_at_10_diff1": 0.5239369057712443,
        "nauc_recall_at_10_max": 0.625573461717079,
        "nauc_recall_at_10_std": -0.017229273929294533,
        "nauc_recall_at_1_diff1": 0.6981823028899048,
        "nauc_recall_at_1_max": 0.44020478080957115,
        "nauc_recall_at_1_std": -0.17160045178136485,
        "nauc_recall_at_20_diff1": 0.4845543649521517,
        "nauc_recall_at_20_max": 0.7266556689860528,
        "nauc_recall_at_20_std": 0.2782343363438902,
        "nauc_recall_at_3_diff1": 0.6203931637605864,
        "nauc_recall_at_3_max": 0.5142993813236366,
        "nauc_recall_at_3_std": -0.12685116304225633,
        "nauc_recall_at_5_diff1": 0.5722398663677515,
        "nauc_recall_at_5_max": 0.5617875111070142,
        "nauc_recall_at_5_std": -0.09961944491513826,
        "ndcg_at_1": 0.63,
        "ndcg_at_10": 0.72838,
        "ndcg_at_100": 0.75728,
        "ndcg_at_1000": 0.76222,
        "ndcg_at_20": 0.74454,
        "ndcg_at_3": 0.6883,
        "ndcg_at_5": 0.70991,
        "precision_at_1": 0.63,
        "precision_at_10": 0.094,
        "precision_at_100": 0.01083,
        "precision_at_1000": 0.00112,
        "precision_at_20": 0.0505,
        "precision_at_3": 0.26444,
        "precision_at_5": 0.17467,
        "recall_at_1": 0.60583,
        "recall_at_10": 0.83078,
        "recall_at_100": 0.95667,
        "recall_at_1000": 0.99333,
        "recall_at_20": 0.89256,
        "recall_at_3": 0.72617,
        "recall_at_5": 0.77717
      }
    ]
  },
  "task_name": "SciFact"
}