{
  "dataset_revision": "7e90230a92c190f1bf69ae9002b8cea547a64cca",
  "evaluation_time": 29.081485748291016,
  "kg_co2_emissions": null,
  "mteb_version": "1.13.1",
  "scores": {
    "test": [
      {
        "cosine_pearson": 0.8613283276330845,
        "cosine_spearman": 0.8622622529618235,
        "euclidean_pearson": 0.8526920166555156,
        "euclidean_spearman": 0.8706515934348088,
        "hf_subset": "default",
        "languages": [
          "eng-Latn"
        ],
        "main_score": 0.8622622529618235,
        "manhattan_pearson": 0.851719614928962,
        "manhattan_spearman": 0.8694927233830688,
        "pearson": 0.8613283276330845,
        "spearman": 0.8622622529618235
      }
    ]
  },
  "task_name": "STS13"
}