{
  "dataset_revision": "6031580fec1f6af667f0bd2da0a551cf4f0b2375",
  "evaluation_time": 48.798511028289795,
  "kg_co2_emissions": null,
  "mteb_version": "1.13.1",
  "scores": {
    "test": [
      {
        "cosine_pearson": 0.8511205745802011,
        "cosine_spearman": 0.8234310801091365,
        "euclidean_pearson": 0.8333080656358898,
        "euclidean_spearman": 0.8216769058666942,
        "hf_subset": "default",
        "languages": [
          "eng-Latn"
        ],
        "main_score": 0.8234310801091365,
        "manhattan_pearson": 0.8329175518201635,
        "manhattan_spearman": 0.8215514361125598,
        "pearson": 0.8511205745802011,
        "spearman": 0.8234310801091365
      }
    ]
  },
  "task_name": "STS14"
}