{
  "dataset_revision": "ae752c7c21bf194d8b67fd573edf7ae58183cbe3",
  "evaluation_time": 49.96966552734375,
  "kg_co2_emissions": null,
  "mteb_version": "1.13.1",
  "scores": {
    "test": [
      {
        "cosine_pearson": 0.8826286847311156,
        "cosine_spearman": 0.8873866752510202,
        "euclidean_pearson": 0.8763005671303613,
        "euclidean_spearman": 0.8831448238903606,
        "hf_subset": "default",
        "languages": [
          "eng-Latn"
        ],
        "main_score": 0.8873866752510202,
        "manhattan_pearson": 0.8761386898569494,
        "manhattan_spearman": 0.8830705227650795,
        "pearson": 0.8826286847311156,
        "spearman": 0.8873866752510202
      }
    ]
  },
  "task_name": "STS15"
}