{
  "dataset_revision": "faeb762787bd10488a50c8b5be4a3b82e411949c",
  "evaluation_time": 52.670145988464355,
  "kg_co2_emissions": null,
  "mteb_version": "1.13.1",
  "scores": {
    "test": [
      {
        "cosine_pearson": 0.9064623116544873,
        "cosine_spearman": 0.9064239808805411,
        "euclidean_pearson": 0.890425414012165,
        "euclidean_spearman": 0.8937254408158143,
        "hf_subset": "en-en",
        "languages": [
          "eng-Latn"
        ],
        "main_score": 0.9064239808805411,
        "manhattan_pearson": 0.8893394593780121,
        "manhattan_spearman": 0.8927217814209603,
        "pearson": 0.9064623116544873,
        "spearman": 0.9064239808805411
      }
    ]
  },
  "task_name": "STS17"
}