{
  "dataset_revision": "b0fddb56ed78048fa8b90373c8a3cfc37b684831",
  "evaluation_time": 50.791362047195435,
  "kg_co2_emissions": null,
  "mteb_version": "1.13.1",
  "scores": {
    "test": [
      {
        "cosine_pearson": 0.8662921953212316,
        "cosine_spearman": 0.8625935710734474,
        "euclidean_pearson": 0.857581787605189,
        "euclidean_spearman": 0.8600102693950291,
        "hf_subset": "default",
        "languages": [
          "eng-Latn"
        ],
        "main_score": 0.8625935710734474,
        "manhattan_pearson": 0.8568733496721446,
        "manhattan_spearman": 0.8595487589504349,
        "pearson": 0.8662921953212316,
        "spearman": 0.8625935710734474
      }
    ]
  },
  "task_name": "STSBenchmark"
}