{
  "dataset_revision": "cda12ad7615edc362dbf25a00fdd61d3b1eaf93c",
  "evaluation_time": 48.23116135597229,
  "kg_co2_emissions": null,
  "mteb_version": "1.13.1",
  "scores": {
    "test": [
      {
        "cosine_pearson": 0.32334410173915046,
        "cosine_spearman": 0.31510762376785584,
        "dot_pearson": 0.3002431945120202,
        "dot_spearman": 0.2875956896578424,
        "hf_subset": "default",
        "languages": [
          "eng-Latn"
        ],
        "main_score": 0.31510762376785584,
        "pearson": 0.32334410173915046,
        "spearman": 0.31510762376785584
      }
    ]
  },
  "task_name": "SummEval"
}