{
  "dataset_revision": "a34f9a33db75fa0cbb21bb5cfc3dae8dc8bec93f",
  "evaluation_time": 118.70776271820068,
  "kg_co2_emissions": null,
  "mteb_version": "1.13.1",
  "scores": {
    "test": [
      {
        "hf_subset": "default",
        "languages": [
          "eng-Latn"
        ],
        "main_score": 0.21536,
        "map_at_1": 0.01469,
        "map_at_10": 0.08327,
        "map_at_100": 0.1449,
        "map_at_1000": 0.16085,
        "map_at_20": 0.11158,
        "map_at_3": 0.04315,
        "map_at_5": 0.0567,
        "mrr_at_1": 0.20408163265306123,
        "mrr_at_10": 0.37210074505992874,
        "mrr_at_100": 0.38293269646909106,
        "mrr_at_1000": 0.38293269646909106,
        "mrr_at_20": 0.37865133522080513,
        "mrr_at_3": 0.3299319727891157,
        "mrr_at_5": 0.35238095238095235,
        "nauc_map_at_1000_diff1": 0.043136238112708065,
        "nauc_map_at_1000_max": -0.20319812758239783,
        "nauc_map_at_1000_std": -0.007116123400524353,
        "nauc_map_at_100_diff1": 0.0518793451515815,
        "nauc_map_at_100_max": -0.21055468209168657,
        "nauc_map_at_100_std": -0.047389998373221144,
        "nauc_map_at_10_diff1": 0.03541851726524052,
        "nauc_map_at_10_max": -0.21233426767429214,
        "nauc_map_at_10_std": -0.2695834548839305,
        "nauc_map_at_1_diff1": 0.17653774223183064,
        "nauc_map_at_1_max": -0.2016116544631164,
        "nauc_map_at_1_std": -0.32804524977116334,
        "nauc_map_at_20_diff1": 0.05691984397047496,
        "nauc_map_at_20_max": -0.2071372136284912,
        "nauc_map_at_20_std": -0.19856238450762512,
        "nauc_map_at_3_diff1": 0.014942932289645681,
        "nauc_map_at_3_max": -0.19122261818289069,
        "nauc_map_at_3_std": -0.32439704459173696,
        "nauc_map_at_5_diff1": 0.08376720344344,
        "nauc_map_at_5_max": -0.2302975690920994,
        "nauc_map_at_5_std": -0.3001924491887821,
        "nauc_mrr_at_1000_diff1": 0.08618809422275166,
        "nauc_mrr_at_1000_max": -0.30765993010946846,
        "nauc_mrr_at_1000_std": -0.21392599075967567,
        "nauc_mrr_at_100_diff1": 0.08618809422275166,
        "nauc_mrr_at_100_max": -0.30765993010946846,
        "nauc_mrr_at_100_std": -0.21392599075967567,
        "nauc_mrr_at_10_diff1": 0.0860778112315711,
        "nauc_mrr_at_10_max": -0.3068510586594543,
        "nauc_mrr_at_10_std": -0.20604615799935752,
        "nauc_mrr_at_1_diff1": 0.20029862649768532,
        "nauc_mrr_at_1_max": -0.2657796200579744,
        "nauc_mrr_at_1_std": -0.3033168968722167,
        "nauc_mrr_at_20_diff1": 0.08686096173333746,
        "nauc_mrr_at_20_max": -0.3097991106452486,
        "nauc_mrr_at_20_std": -0.213460173745229,
        "nauc_mrr_at_3_diff1": 0.06254383574578598,
        "nauc_mrr_at_3_max": -0.29157573589632646,
        "nauc_mrr_at_3_std": -0.21941639137946964,
        "nauc_mrr_at_5_diff1": 0.08322654530292423,
        "nauc_mrr_at_5_max": -0.3054902540145811,
        "nauc_mrr_at_5_std": -0.2196502607973075,
        "nauc_ndcg_at_1000_diff1": -0.05405278090343895,
        "nauc_ndcg_at_1000_max": -0.22835445813419883,
        "nauc_ndcg_at_1000_std": 0.22713058788501772,
        "nauc_ndcg_at_100_diff1": -0.012757104799831297,
        "nauc_ndcg_at_100_max": -0.2793234883845524,
        "nauc_ndcg_at_100_std": 0.1503353648328382,
        "nauc_ndcg_at_10_diff1": -0.010696394718576762,
        "nauc_ndcg_at_10_max": -0.27877158775837674,
        "nauc_ndcg_at_10_std": -0.1816964661190346,
        "nauc_ndcg_at_1_diff1": 0.08411005806908238,
        "nauc_ndcg_at_1_max": -0.28413784962736127,
        "nauc_ndcg_at_1_std": -0.28720354021762173,
        "nauc_ndcg_at_20_diff1": -0.005344704677643136,
        "nauc_ndcg_at_20_max": -0.287816325908301,
        "nauc_ndcg_at_20_std": -0.12750506134763107,
        "nauc_ndcg_at_3_diff1": -0.07607759474688837,
        "nauc_ndcg_at_3_max": -0.2855899443523831,
        "nauc_ndcg_at_3_std": -0.24528851355489623,
        "nauc_ndcg_at_5_diff1": 0.02577110061267789,
        "nauc_ndcg_at_5_max": -0.2865745810715171,
        "nauc_ndcg_at_5_std": -0.2005332712141948,
        "nauc_precision_at_1000_diff1": -0.08636885117671887,
        "nauc_precision_at_1000_max": 0.30796429595035446,
        "nauc_precision_at_1000_std": 0.3670844753047066,
        "nauc_precision_at_100_diff1": 0.031007876241819107,
        "nauc_precision_at_100_max": -0.11194375023228506,
        "nauc_precision_at_100_std": 0.6623552520607412,
        "nauc_precision_at_10_diff1": 0.08652200685387697,
        "nauc_precision_at_10_max": -0.26172330612707373,
        "nauc_precision_at_10_std": -0.08567177795995104,
        "nauc_precision_at_1_diff1": 0.20029862649768532,
        "nauc_precision_at_1_max": -0.2657796200579744,
        "nauc_precision_at_1_std": -0.3033168968722167,
        "nauc_precision_at_20_diff1": 0.10839111651368315,
        "nauc_precision_at_20_max": -0.24395757532499068,
        "nauc_precision_at_20_std": 0.06309779071589862,
        "nauc_precision_at_3_diff1": -0.03529440095169645,
        "nauc_precision_at_3_max": -0.2666909076597766,
        "nauc_precision_at_3_std": -0.2326512457264734,
        "nauc_precision_at_5_diff1": 0.15569045216918115,
        "nauc_precision_at_5_max": -0.27011573319622867,
        "nauc_precision_at_5_std": -0.1637399662100331,
        "nauc_recall_at_1000_diff1": -0.19098590574181842,
        "nauc_recall_at_1000_max": -0.084271416478131,
        "nauc_recall_at_1000_std": 0.6418032359059247,
        "nauc_recall_at_100_diff1": -0.03488823096457319,
        "nauc_recall_at_100_max": -0.27853132660096513,
        "nauc_recall_at_100_std": 0.32051185270524296,
        "nauc_recall_at_10_diff1": -0.011422930837615268,
        "nauc_recall_at_10_max": -0.23604338872973893,
        "nauc_recall_at_10_std": -0.18768524392176797,
        "nauc_recall_at_1_diff1": 0.17653774223183064,
        "nauc_recall_at_1_max": -0.2016116544631164,
        "nauc_recall_at_1_std": -0.32804524977116334,
        "nauc_recall_at_20_diff1": 0.008042384513745863,
        "nauc_recall_at_20_max": -0.2627999838829198,
        "nauc_recall_at_20_std": -0.10590585977601837,
        "nauc_recall_at_3_diff1": -0.03996885540318305,
        "nauc_recall_at_3_max": -0.21973239065919703,
        "nauc_recall_at_3_std": -0.28298003893416734,
        "nauc_recall_at_5_diff1": 0.07841094360580812,
        "nauc_recall_at_5_max": -0.26254549719381903,
        "nauc_recall_at_5_std": -0.24625471296739368,
        "ndcg_at_1": 0.17347,
        "ndcg_at_10": 0.21536,
        "ndcg_at_100": 0.33975,
        "ndcg_at_1000": 0.45957,
        "ndcg_at_20": 0.23913,
        "ndcg_at_3": 0.22814,
        "ndcg_at_5": 0.2184,
        "precision_at_1": 0.20408,
        "precision_at_10": 0.20612,
        "precision_at_100": 0.07429,
        "precision_at_1000": 0.01531,
        "precision_at_20": 0.17245,
        "precision_at_3": 0.2585,
        "precision_at_5": 0.23265,
        "recall_at_1": 0.01469,
        "recall_at_10": 0.14853,
        "recall_at_100": 0.46448,
        "recall_at_1000": 0.83028,
        "recall_at_20": 0.23945,
        "recall_at_3": 0.0582,
        "recall_at_5": 0.08335
      }
    ]
  },
  "task_name": "Touche2020"
}