{
  "dataset_revision": "bb9466bac8153a0349341eb1b22e06409e78ef4e",
  "evaluation_time": 70.9197130203247,
  "kg_co2_emissions": null,
  "mteb_version": "1.13.1",
  "scores": {
    "test": [
      {
        "hf_subset": "default",
        "languages": [
          "eng-Latn"
        ],
        "main_score": 0.77077,
        "map_at_1": 0.0024,
        "map_at_10": 0.01986,
        "map_at_100": 0.11867,
        "map_at_1000": 0.28934,
        "map_at_20": 0.0356,
        "map_at_3": 0.00682,
        "map_at_5": 0.01104,
        "mrr_at_1": 0.9,
        "mrr_at_10": 0.9466666666666668,
        "mrr_at_100": 0.9466666666666668,
        "mrr_at_1000": 0.9466666666666668,
        "mrr_at_20": 0.9466666666666668,
        "mrr_at_3": 0.9466666666666668,
        "mrr_at_5": 0.9466666666666668,
        "nauc_map_at_1000_diff1": -0.2043146286416325,
        "nauc_map_at_1000_max": 0.43095970010871393,
        "nauc_map_at_1000_std": 0.7144939407310106,
        "nauc_map_at_100_diff1": -0.09410978676734486,
        "nauc_map_at_100_max": 0.3203625373637027,
        "nauc_map_at_100_std": 0.5099609931687198,
        "nauc_map_at_10_diff1": 0.1986348693426525,
        "nauc_map_at_10_max": 0.21233529404591547,
        "nauc_map_at_10_std": 0.11977853176364502,
        "nauc_map_at_1_diff1": 0.35116874141870075,
        "nauc_map_at_1_max": 0.08251816252787561,
        "nauc_map_at_1_std": -0.03649294004927339,
        "nauc_map_at_20_diff1": 0.1365778406505683,
        "nauc_map_at_20_max": 0.2501384878008602,
        "nauc_map_at_20_std": 0.21454675178511434,
        "nauc_map_at_3_diff1": 0.25580795757680935,
        "nauc_map_at_3_max": 0.17395027558801804,
        "nauc_map_at_3_std": 0.023778642193721913,
        "nauc_map_at_5_diff1": 0.22501267096654654,
        "nauc_map_at_5_max": 0.2101167868363306,
        "nauc_map_at_5_std": 0.05707893828336425,
        "nauc_mrr_at_1000_diff1": 0.41094771241830036,
        "nauc_mrr_at_1000_max": 0.30573062558356945,
        "nauc_mrr_at_1000_std": 0.20448179271708736,
        "nauc_mrr_at_100_diff1": 0.41094771241830036,
        "nauc_mrr_at_100_max": 0.30573062558356945,
        "nauc_mrr_at_100_std": 0.20448179271708736,
        "nauc_mrr_at_10_diff1": 0.41094771241830036,
        "nauc_mrr_at_10_max": 0.30573062558356945,
        "nauc_mrr_at_10_std": 0.20448179271708736,
        "nauc_mrr_at_1_diff1": 0.43015873015873046,
        "nauc_mrr_at_1_max": 0.26816059757236127,
        "nauc_mrr_at_1_std": 0.1514472455648933,
        "nauc_mrr_at_20_diff1": 0.41094771241830036,
        "nauc_mrr_at_20_max": 0.30573062558356945,
        "nauc_mrr_at_20_std": 0.20448179271708736,
        "nauc_mrr_at_3_diff1": 0.41094771241830036,
        "nauc_mrr_at_3_max": 0.30573062558356945,
        "nauc_mrr_at_3_std": 0.20448179271708736,
        "nauc_mrr_at_5_diff1": 0.41094771241830036,
        "nauc_mrr_at_5_max": 0.30573062558356945,
        "nauc_mrr_at_5_std": 0.20448179271708736,
        "nauc_ndcg_at_1000_diff1": -0.18796283472584357,
        "nauc_ndcg_at_1000_max": 0.41556933345161273,
        "nauc_ndcg_at_1000_std": 0.6825550066930038,
        "nauc_ndcg_at_100_diff1": -0.1583317942811555,
        "nauc_ndcg_at_100_max": 0.4194481798723871,
        "nauc_ndcg_at_100_std": 0.7373751186363096,
        "nauc_ndcg_at_10_diff1": -0.10527847164459957,
        "nauc_ndcg_at_10_max": 0.38909157160589025,
        "nauc_ndcg_at_10_std": 0.6098616663438171,
        "nauc_ndcg_at_1_diff1": 0.10723155156102222,
        "nauc_ndcg_at_1_max": 0.3188859981078527,
        "nauc_ndcg_at_1_std": 0.44962157048249773,
        "nauc_ndcg_at_20_diff1": -0.10952701668242824,
        "nauc_ndcg_at_20_max": 0.4102746829263749,
        "nauc_ndcg_at_20_std": 0.6424893069971478,
        "nauc_ndcg_at_3_diff1": -0.01850363821939173,
        "nauc_ndcg_at_3_max": 0.3909456879024321,
        "nauc_ndcg_at_3_std": 0.4850707505818441,
        "nauc_ndcg_at_5_diff1": -0.10112987567088334,
        "nauc_ndcg_at_5_max": 0.4072313536736396,
        "nauc_ndcg_at_5_std": 0.5584806581714764,
        "nauc_precision_at_1000_diff1": -0.136374202367025,
        "nauc_precision_at_1000_max": 0.33574353985161864,
        "nauc_precision_at_1000_std": 0.4383098252892699,
        "nauc_precision_at_100_diff1": -0.1866987139994596,
        "nauc_precision_at_100_max": 0.42329148889213786,
        "nauc_precision_at_100_std": 0.7460303639168494,
        "nauc_precision_at_10_diff1": -0.10446265045711718,
        "nauc_precision_at_10_max": 0.45074955343347534,
        "nauc_precision_at_10_std": 0.5912088574680241,
        "nauc_precision_at_1_diff1": 0.43015873015873046,
        "nauc_precision_at_1_max": 0.26816059757236127,
        "nauc_precision_at_1_std": 0.1514472455648933,
        "nauc_precision_at_20_diff1": -0.07804804438422698,
        "nauc_precision_at_20_max": 0.47353449216918897,
        "nauc_precision_at_20_std": 0.6353744598056897,
        "nauc_precision_at_3_diff1": -0.06037893653295708,
        "nauc_precision_at_3_max": 0.5087335542188047,
        "nauc_precision_at_3_std": 0.5031363592498462,
        "nauc_precision_at_5_diff1": -0.11434603647718442,
        "nauc_precision_at_5_max": 0.5880349159037686,
        "nauc_precision_at_5_std": 0.6082073664040875,
        "nauc_recall_at_1000_diff1": -0.15872123069511992,
        "nauc_recall_at_1000_max": 0.3504493177009984,
        "nauc_recall_at_1000_std": 0.5504368553002132,
        "nauc_recall_at_100_diff1": -0.04812728547374035,
        "nauc_recall_at_100_max": 0.24365270722105664,
        "nauc_recall_at_100_std": 0.4024332572586774,
        "nauc_recall_at_10_diff1": 0.1908904370650316,
        "nauc_recall_at_10_max": 0.15670630902436972,
        "nauc_recall_at_10_std": 0.07076322873382491,
        "nauc_recall_at_1_diff1": 0.35116874141870075,
        "nauc_recall_at_1_max": 0.08251816252787561,
        "nauc_recall_at_1_std": -0.03649294004927339,
        "nauc_recall_at_20_diff1": 0.1494814660573155,
        "nauc_recall_at_20_max": 0.20208538920729227,
        "nauc_recall_at_20_std": 0.16054235324700092,
        "nauc_recall_at_3_diff1": 0.21804815820538664,
        "nauc_recall_at_3_max": 0.1547929835258812,
        "nauc_recall_at_3_std": 0.0011489336311059125,
        "nauc_recall_at_5_diff1": 0.20171952572342017,
        "nauc_recall_at_5_max": 0.16982045730486534,
        "nauc_recall_at_5_std": 0.022294692304243944,
        "ndcg_at_1": 0.83,
        "ndcg_at_10": 0.77077,
        "ndcg_at_100": 0.5994,
        "ndcg_at_1000": 0.545,
        "ndcg_at_20": 0.73247,
        "ndcg_at_3": 0.83296,
        "ndcg_at_5": 0.80924,
        "precision_at_1": 0.9,
        "precision_at_10": 0.818,
        "precision_at_100": 0.6152,
        "precision_at_1000": 0.23946,
        "precision_at_20": 0.77,
        "precision_at_3": 0.89333,
        "precision_at_5": 0.872,
        "recall_at_1": 0.0024,
        "recall_at_10": 0.02161,
        "recall_at_100": 0.15055,
        "recall_at_1000": 0.51599,
        "recall_at_20": 0.03979,
        "recall_at_3": 0.00709,
        "recall_at_5": 0.01165
      }
    ]
  },
  "task_name": "TRECCOVID"
}