{
  "dataset_revision": "bb9466bac8153a0349341eb1b22e06409e78ef4e",
  "evaluation_time": 85.64827036857605,
  "kg_co2_emissions": null,
  "mteb_version": "1.13.1",
  "scores": {
    "test": [
      {
        "hf_subset": "default",
        "languages": [
          "eng-Latn"
        ],
        "main_score": 0.7823,
        "map_at_1": 0.00256,
        "map_at_10": 0.02011,
        "map_at_100": 0.11827,
        "map_at_1000": 0.28919,
        "map_at_20": 0.03566,
        "map_at_3": 0.00688,
        "map_at_5": 0.01104,
        "mrr_at_1": 0.94,
        "mrr_at_10": 0.9666666666666667,
        "mrr_at_100": 0.9666666666666667,
        "mrr_at_1000": 0.9666666666666667,
        "mrr_at_20": 0.9666666666666667,
        "mrr_at_3": 0.9666666666666667,
        "mrr_at_5": 0.9666666666666667,
        "nauc_map_at_1000_diff1": -0.19408312174898923,
        "nauc_map_at_1000_max": 0.42836372881945883,
        "nauc_map_at_1000_std": 0.7126913296974088,
        "nauc_map_at_100_diff1": -0.06792567156073422,
        "nauc_map_at_100_max": 0.3215205250203593,
        "nauc_map_at_100_std": 0.5046712912489693,
        "nauc_map_at_10_diff1": 0.21294788040194054,
        "nauc_map_at_10_max": 0.20662193208873686,
        "nauc_map_at_10_std": 0.1057874956658793,
        "nauc_map_at_1_diff1": 0.2670991943232829,
        "nauc_map_at_1_max": 0.068956907179624,
        "nauc_map_at_1_std": -0.09147888801498037,
        "nauc_map_at_20_diff1": 0.16314908250097207,
        "nauc_map_at_20_max": 0.2534369843934704,
        "nauc_map_at_20_std": 0.21936178153934704,
        "nauc_map_at_3_diff1": 0.2726257692862161,
        "nauc_map_at_3_max": 0.18706327251230506,
        "nauc_map_at_3_std": 0.02128042904730806,
        "nauc_map_at_5_diff1": 0.23820345290331654,
        "nauc_map_at_5_max": 0.1970083344268374,
        "nauc_map_at_5_std": 0.036943702750642564,
        "nauc_mrr_at_1000_diff1": 0.23496732026144038,
        "nauc_mrr_at_1000_max": 0.5507936507936495,
        "nauc_mrr_at_1000_std": 0.3383753501400588,
        "nauc_mrr_at_100_diff1": 0.23496732026144038,
        "nauc_mrr_at_100_max": 0.5507936507936495,
        "nauc_mrr_at_100_std": 0.3383753501400588,
        "nauc_mrr_at_10_diff1": 0.23496732026144038,
        "nauc_mrr_at_10_max": 0.5507936507936495,
        "nauc_mrr_at_10_std": 0.3383753501400588,
        "nauc_mrr_at_1_diff1": 0.2212885154061634,
        "nauc_mrr_at_1_max": 0.5154061624649869,
        "nauc_mrr_at_1_std": 0.264861500155619,
        "nauc_mrr_at_20_diff1": 0.23496732026144038,
        "nauc_mrr_at_20_max": 0.5507936507936495,
        "nauc_mrr_at_20_std": 0.3383753501400588,
        "nauc_mrr_at_3_diff1": 0.23496732026144038,
        "nauc_mrr_at_3_max": 0.5507936507936495,
        "nauc_mrr_at_3_std": 0.3383753501400588,
        "nauc_mrr_at_5_diff1": 0.23496732026144038,
        "nauc_mrr_at_5_max": 0.5507936507936495,
        "nauc_mrr_at_5_std": 0.3383753501400588,
        "nauc_ndcg_at_1000_diff1": -0.1750280281182394,
        "nauc_ndcg_at_1000_max": 0.4101590795333929,
        "nauc_ndcg_at_1000_std": 0.6750065477903243,
        "nauc_ndcg_at_100_diff1": -0.15095036272908968,
        "nauc_ndcg_at_100_max": 0.4193028682087575,
        "nauc_ndcg_at_100_std": 0.745255989926332,
        "nauc_ndcg_at_10_diff1": -0.12813296462628473,
        "nauc_ndcg_at_10_max": 0.3841383685314979,
        "nauc_ndcg_at_10_std": 0.6279522652017031,
        "nauc_ndcg_at_1_diff1": -0.033079698496051996,
        "nauc_ndcg_at_1_max": 0.24734755117350832,
        "nauc_ndcg_at_1_std": 0.4375022327010324,
        "nauc_ndcg_at_20_diff1": -0.11122336868316114,
        "nauc_ndcg_at_20_max": 0.4258550847120748,
        "nauc_ndcg_at_20_std": 0.6919953613040976,
        "nauc_ndcg_at_3_diff1": -0.057105022171665965,
        "nauc_ndcg_at_3_max": 0.42971398948954465,
        "nauc_ndcg_at_3_std": 0.5622957496987042,
        "nauc_ndcg_at_5_diff1": -0.13452681901982144,
        "nauc_ndcg_at_5_max": 0.36970014632973514,
        "nauc_ndcg_at_5_std": 0.571550742212157,
        "nauc_precision_at_1000_diff1": -0.124868575219843,
        "nauc_precision_at_1000_max": 0.3400258056314356,
        "nauc_precision_at_1000_std": 0.4591979481791427,
        "nauc_precision_at_100_diff1": -0.16803061764586036,
        "nauc_precision_at_100_max": 0.4288935325945215,
        "nauc_precision_at_100_std": 0.7551122027120561,
        "nauc_precision_at_10_diff1": -0.06960906958561493,
        "nauc_precision_at_10_max": 0.4456293979671616,
        "nauc_precision_at_10_std": 0.5848866301798262,
        "nauc_precision_at_1_diff1": 0.2212885154061634,
        "nauc_precision_at_1_max": 0.5154061624649869,
        "nauc_precision_at_1_std": 0.264861500155619,
        "nauc_precision_at_20_diff1": -0.049873277594895474,
        "nauc_precision_at_20_max": 0.48582424589649226,
        "nauc_precision_at_20_std": 0.6873727516079018,
        "nauc_precision_at_3_diff1": 0.012899282658345007,
        "nauc_precision_at_3_max": 0.5304468105639006,
        "nauc_precision_at_3_std": 0.5301573004792979,
        "nauc_precision_at_5_diff1": -0.13805660143889875,
        "nauc_precision_at_5_max": 0.5338070742960183,
        "nauc_precision_at_5_std": 0.5960297679022818,
        "nauc_recall_at_1000_diff1": -0.14166549276104923,
        "nauc_recall_at_1000_max": 0.3452914367262845,
        "nauc_recall_at_1000_std": 0.5428752967842556,
        "nauc_recall_at_100_diff1": -0.01911170612964789,
        "nauc_recall_at_100_max": 0.24106840036279947,
        "nauc_recall_at_100_std": 0.3890110565007815,
        "nauc_recall_at_10_diff1": 0.2246725807980492,
        "nauc_recall_at_10_max": 0.15286735306653076,
        "nauc_recall_at_10_std": 0.041235831731723786,
        "nauc_recall_at_1_diff1": 0.2670991943232829,
        "nauc_recall_at_1_max": 0.068956907179624,
        "nauc_recall_at_1_std": -0.09147888801498037,
        "nauc_recall_at_20_diff1": 0.18343851556602975,
        "nauc_recall_at_20_max": 0.20551554932002278,
        "nauc_recall_at_20_std": 0.15700365786752113,
        "nauc_recall_at_3_diff1": 0.2628389916348246,
        "nauc_recall_at_3_max": 0.16470335535981404,
        "nauc_recall_at_3_std": -0.0013787286007372122,
        "nauc_recall_at_5_diff1": 0.22869922407022134,
        "nauc_recall_at_5_max": 0.15473209317369205,
        "nauc_recall_at_5_std": -0.003581884793115539,
        "ndcg_at_1": 0.86,
        "ndcg_at_10": 0.7823,
        "ndcg_at_100": 0.59882,
        "ndcg_at_1000": 0.54566,
        "ndcg_at_20": 0.73408,
        "ndcg_at_3": 0.83642,
        "ndcg_at_5": 0.81231,
        "precision_at_1": 0.94,
        "precision_at_10": 0.83,
        "precision_at_100": 0.613,
        "precision_at_1000": 0.23944,
        "precision_at_20": 0.772,
        "precision_at_3": 0.89333,
        "precision_at_5": 0.868,
        "recall_at_1": 0.00256,
        "recall_at_10": 0.02182,
        "recall_at_100": 0.14961,
        "recall_at_1000": 0.51582,
        "recall_at_20": 0.03975,
        "recall_at_3": 0.00706,
        "recall_at_5": 0.01162
      }
    ]
  },
  "task_name": "TRECCOVID"
}