{
  "dataset_revision": "8b6510b0b1fa4e4c4f879467980e9be563ec1cdf",
  "evaluation_time": 29.1262149810791,
  "kg_co2_emissions": null,
  "mteb_version": "1.13.1",
  "scores": {
    "test": [
      {
        "cosine_accuracy": 0.891780183956223,
        "cosine_accuracy_threshold": 0.6141782402992249,
        "cosine_ap": 0.8644597948132369,
        "cosine_f1": 0.7884070763911876,
        "cosine_f1_threshold": 0.580855131149292,
        "cosine_precision": 0.7547355820012676,
        "cosine_recall": 0.8252232830304896,
        "dot_accuracy": 0.8891799588621104,
        "dot_accuracy_threshold": 4.137856483459473,
        "dot_ap": 0.8540973259005662,
        "dot_f1": 0.7815568415157738,
        "dot_f1_threshold": 3.8912272453308105,
        "dot_precision": 0.7586431833007176,
        "dot_recall": 0.8058977517708654,
        "euclidean_accuracy": 0.8864827104435906,
        "euclidean_accuracy_threshold": 2.2558939456939697,
        "euclidean_ap": 0.8538358601942321,
        "euclidean_f1": 0.7756961281316582,
        "euclidean_f1_threshold": 2.3595352172851562,
        "euclidean_precision": 0.7417451173247155,
        "euclidean_recall": 0.8129042192793348,
        "hf_subset": "default",
        "languages": [
          "eng-Latn"
        ],
        "main_score": 0.8644597948132369,
        "manhattan_accuracy": 0.8863274731245392,
        "manhattan_accuracy_threshold": 49.03116226196289,
        "manhattan_ap": 0.8535930691026778,
        "manhattan_f1": 0.775900565644537,
        "manhattan_f1_threshold": 51.779632568359375,
        "manhattan_precision": 0.7508643042350908,
        "manhattan_recall": 0.8026639975361872,
        "max_ap": 0.8644597948132369,
        "max_f1": 0.7884070763911876,
        "max_precision": 0.7586431833007176,
        "max_recall": 0.8252232830304896,
        "similarity_accuracy": 0.891780183956223,
        "similarity_accuracy_threshold": 0.6141782402992249,
        "similarity_ap": 0.8644597948132369,
        "similarity_f1": 0.7884070763911876,
        "similarity_f1_threshold": 0.580855131149292,
        "similarity_precision": 0.7547355820012676,
        "similarity_recall": 0.8252232830304896
      }
    ]
  },
  "task_name": "TwitterURLCorpus"
}