{
  "dataset_revision": "c22ab2a51041ffd869aaddef7af8d8215647e41a",
  "evaluation_time": 41.361140966415405,
  "kg_co2_emissions": null,
  "mteb_version": "1.13.1",
  "scores": {
    "test": [
      {
        "hf_subset": "default",
        "languages": [
          "eng-Latn"
        ],
        "main_score": 0.53525,
        "map_at_1": 0.29018,
        "map_at_10": 0.44471,
        "map_at_100": 0.45322,
        "map_at_1000": 0.45329,
        "map_at_20": 0.4512,
        "map_at_3": 0.39237,
        "map_at_5": 0.42281,
        "mrr_at_1": 0.2972972972972973,
        "mrr_at_10": 0.447588848246743,
        "mrr_at_100": 0.4561012456602502,
        "mrr_at_1000": 0.45616718297321285,
        "mrr_at_20": 0.4540467711031504,
        "mrr_at_3": 0.3949739212897108,
        "mrr_at_5": 0.425094831673779,
        "nauc_map_at_1000_diff1": 0.049675082729948895,
        "nauc_map_at_1000_max": -0.09142553580263735,
        "nauc_map_at_1000_std": -0.14072266133949762,
        "nauc_map_at_100_diff1": 0.04968679533119419,
        "nauc_map_at_100_max": -0.09134081803236277,
        "nauc_map_at_100_std": -0.14064918854234484,
        "nauc_map_at_10_diff1": 0.04698038799278328,
        "nauc_map_at_10_max": -0.09062006694942426,
        "nauc_map_at_10_std": -0.14179558593727426,
        "nauc_map_at_1_diff1": 0.08723256879798676,
        "nauc_map_at_1_max": -0.11574202051797039,
        "nauc_map_at_1_std": -0.15058528219749173,
        "nauc_map_at_20_diff1": 0.04952541083063569,
        "nauc_map_at_20_max": -0.08935612102332215,
        "nauc_map_at_20_std": -0.14094708671737352,
        "nauc_map_at_3_diff1": 0.05336349670722661,
        "nauc_map_at_3_max": -0.09559698332821072,
        "nauc_map_at_3_std": -0.1460935658179556,
        "nauc_map_at_5_diff1": 0.044331076425910804,
        "nauc_map_at_5_max": -0.09537296166137278,
        "nauc_map_at_5_std": -0.14288886127657086,
        "nauc_mrr_at_1000_diff1": 0.025362538105330984,
        "nauc_mrr_at_1000_max": -0.10113120076714427,
        "nauc_mrr_at_1000_std": -0.13467904763937932,
        "nauc_mrr_at_100_diff1": 0.02537954887062225,
        "nauc_mrr_at_100_max": -0.10104491318117792,
        "nauc_mrr_at_100_std": -0.13460729780544736,
        "nauc_mrr_at_10_diff1": 0.023371328862743446,
        "nauc_mrr_at_10_max": -0.09995950126609969,
        "nauc_mrr_at_10_std": -0.1359048869636429,
        "nauc_mrr_at_1_diff1": 0.06554011700627199,
        "nauc_mrr_at_1_max": -0.11265609983266561,
        "nauc_mrr_at_1_std": -0.13450356217437917,
        "nauc_mrr_at_20_diff1": 0.025183128554174105,
        "nauc_mrr_at_20_max": -0.09918700306264354,
        "nauc_mrr_at_20_std": -0.1348570204345026,
        "nauc_mrr_at_3_diff1": 0.026679513699503006,
        "nauc_mrr_at_3_max": -0.10823506640693349,
        "nauc_mrr_at_3_std": -0.14024995590307365,
        "nauc_mrr_at_5_diff1": 0.0192230306130244,
        "nauc_mrr_at_5_max": -0.10661700730711629,
        "nauc_mrr_at_5_std": -0.13860212369824795,
        "nauc_ndcg_at_1000_diff1": 0.0462365799667753,
        "nauc_ndcg_at_1000_max": -0.08212316141993191,
        "nauc_ndcg_at_1000_std": -0.13464871076803017,
        "nauc_ndcg_at_100_diff1": 0.04655388343403175,
        "nauc_ndcg_at_100_max": -0.07932897938339195,
        "nauc_ndcg_at_100_std": -0.13172309644927954,
        "nauc_ndcg_at_10_diff1": 0.03632008205447961,
        "nauc_ndcg_at_10_max": -0.07019179892197369,
        "nauc_ndcg_at_10_std": -0.1369056287660457,
        "nauc_ndcg_at_1_diff1": 0.08723256879798676,
        "nauc_ndcg_at_1_max": -0.11574202051797039,
        "nauc_ndcg_at_1_std": -0.15058528219749173,
        "nauc_ndcg_at_20_diff1": 0.046537567106006705,
        "nauc_ndcg_at_20_max": -0.06335547533939662,
        "nauc_ndcg_at_20_std": -0.13311387652284407,
        "nauc_ndcg_at_3_diff1": 0.046442638102444374,
        "nauc_ndcg_at_3_max": -0.0852015393759842,
        "nauc_ndcg_at_3_std": -0.14462978046063268,
        "nauc_ndcg_at_5_diff1": 0.030223023348201594,
        "nauc_ndcg_at_5_max": -0.0833325483232579,
        "nauc_ndcg_at_5_std": -0.13856100273011934,
        "nauc_precision_at_1000_diff1": -0.009725272355081157,
        "nauc_precision_at_1000_max": 0.1320892454242326,
        "nauc_precision_at_1000_std": 0.7768063624202906,
        "nauc_precision_at_100_diff1": 0.07199026096504414,
        "nauc_precision_at_100_max": 0.3153821474850234,
        "nauc_precision_at_100_std": 0.447440386627436,
        "nauc_precision_at_10_diff1": -0.01713199535385529,
        "nauc_precision_at_10_max": 0.05499272796581563,
        "nauc_precision_at_10_std": -0.10989462466171694,
        "nauc_precision_at_1_diff1": 0.08723256879798676,
        "nauc_precision_at_1_max": -0.11574202051797039,
        "nauc_precision_at_1_std": -0.15058528219749173,
        "nauc_precision_at_20_diff1": 0.057553603808876266,
        "nauc_precision_at_20_max": 0.26011455957617907,
        "nauc_precision_at_20_std": -0.03827672379749665,
        "nauc_precision_at_3_diff1": 0.027422120858013384,
        "nauc_precision_at_3_max": -0.05356378195307669,
        "nauc_precision_at_3_std": -0.14034011424720955,
        "nauc_precision_at_5_diff1": -0.018382235365562258,
        "nauc_precision_at_5_max": -0.03985886119424944,
        "nauc_precision_at_5_std": -0.12273019839341238,
        "nauc_recall_at_1000_diff1": -0.00972527235511261,
        "nauc_recall_at_1000_max": 0.13208924542421252,
        "nauc_recall_at_1000_std": 0.7768063624202604,
        "nauc_recall_at_100_diff1": 0.07199026096503922,
        "nauc_recall_at_100_max": 0.31538214748503957,
        "nauc_recall_at_100_std": 0.4474403866274196,
        "nauc_recall_at_10_diff1": -0.017131995353855074,
        "nauc_recall_at_10_max": 0.054992727965817556,
        "nauc_recall_at_10_std": -0.10989462466171664,
        "nauc_recall_at_1_diff1": 0.08723256879798676,
        "nauc_recall_at_1_max": -0.11574202051797039,
        "nauc_recall_at_1_std": -0.15058528219749173,
        "nauc_recall_at_20_diff1": 0.05755360380887714,
        "nauc_recall_at_20_max": 0.2601145595761787,
        "nauc_recall_at_20_std": -0.038276723797495533,
        "nauc_recall_at_3_diff1": 0.02742212085801377,
        "nauc_recall_at_3_max": -0.053563781953076886,
        "nauc_recall_at_3_std": -0.14034011424720946,
        "nauc_recall_at_5_diff1": -0.018382235365562074,
        "nauc_recall_at_5_max": -0.039858861194248835,
        "nauc_recall_at_5_std": -0.12273019839341173,
        "ndcg_at_1": 0.29018,
        "ndcg_at_10": 0.53525,
        "ndcg_at_100": 0.57157,
        "ndcg_at_1000": 0.57316,
        "ndcg_at_20": 0.55849,
        "ndcg_at_3": 0.42787,
        "ndcg_at_5": 0.48269,
        "precision_at_1": 0.29018,
        "precision_at_10": 0.08257,
        "precision_at_100": 0.00984,
        "precision_at_1000": 0.001,
        "precision_at_20": 0.04584,
        "precision_at_3": 0.1771,
        "precision_at_5": 0.13286,
        "recall_at_1": 0.29018,
        "recall_at_10": 0.82575,
        "recall_at_100": 0.98435,
        "recall_at_1000": 0.99644,
        "recall_at_20": 0.91679,
        "recall_at_3": 0.53129,
        "recall_at_5": 0.6643
      }
    ]
  },
  "task_name": "ArguAna"
}