{
  "dataset_revision": "2000358ca161889fa9c082cb41daa8dcfb161a54",
  "evaluation_time": 30.75950813293457,
  "kg_co2_emissions": null,
  "mteb_version": "1.13.1",
  "scores": {
    "test": [
      {
        "hf_subset": "default",
        "languages": [
          "eng-Latn"
        ],
        "main_score": 0.6244701680815405,
        "map": 0.6244701680815405,
        "mrr": 0.7559523809523809,
        "nAUC_map_diff1": 0.1533749463644796,
        "nAUC_map_max": 0.3031994896710523,
        "nAUC_map_std": 0.21666869950201348,
        "nAUC_mrr_diff1": 0.2862416043934609,
        "nAUC_mrr_max": 0.4082927961399217,
        "nAUC_mrr_std": 0.2673153420822318
      }
    ]
  },
  "task_name": "AskUbuntuDupQuestions"
}