{
  "dataset_revision": "d3fb88f8f02e40887cd149695127462bbcf29b4a",
  "evaluation_time": 24.8482186794281,
  "kg_co2_emissions": null,
  "mteb_version": "1.13.1",
  "scores": {
    "test": [
      {
        "cosine_pearson": 0.9005357149289601,
        "cosine_spearman": 0.8872672049369736,
        "euclidean_pearson": 0.8788749478934029,
        "euclidean_spearman": 0.8705318838522935,
        "hf_subset": "default",
        "languages": [
          "eng-Latn"
        ],
        "main_score": 0.8872672049369736,
        "manhattan_pearson": 0.8748532073468931,
        "manhattan_spearman": 0.8675980820638705,
        "pearson": 0.9005357149289601,
        "spearman": 0.8872672049369736
      }
    ]
  },
  "task_name": "BIOSSES"
}