{
  "dataset_revision": "47f2ac6acb640fc46020b02a5b59fdda04d39380",
  "evaluation_time": 1383.7568638324738,
  "kg_co2_emissions": null,
  "mteb_version": "1.13.1",
  "scores": {
    "test": [
      {
        "hf_subset": "default",
        "languages": [
          "eng-Latn"
        ],
        "main_score": 0.38793,
        "map_at_1": 0.17731,
        "map_at_10": 0.28925,
        "map_at_100": 0.30963,
        "map_at_1000": 0.31144,
        "map_at_20": 0.30041,
        "map_at_3": 0.24424,
        "map_at_5": 0.26993,
        "mrr_at_1": 0.4084690553745928,
        "mrr_at_10": 0.523837702290471,
        "mrr_at_100": 0.5298304777525815,
        "mrr_at_1000": 0.5300650160237781,
        "mrr_at_20": 0.5275112210650376,
        "mrr_at_3": 0.49098805646036914,
        "mrr_at_5": 0.5117698154180239,
        "nauc_map_at_1000_diff1": 0.34139965296852987,
        "nauc_map_at_1000_max": 0.39704373773708973,
        "nauc_map_at_1000_std": 0.2121018819348359,
        "nauc_map_at_100_diff1": 0.34090988073204403,
        "nauc_map_at_100_max": 0.39669040405195277,
        "nauc_map_at_100_std": 0.2116681941923589,
        "nauc_map_at_10_diff1": 0.34399367195393366,
        "nauc_map_at_10_max": 0.39031603748637766,
        "nauc_map_at_10_std": 0.19690164062209856,
        "nauc_map_at_1_diff1": 0.4388768553991403,
        "nauc_map_at_1_max": 0.3645045004944697,
        "nauc_map_at_1_std": 0.13758189603687995,
        "nauc_map_at_20_diff1": 0.3418306396562307,
        "nauc_map_at_20_max": 0.39260338443779136,
        "nauc_map_at_20_std": 0.20422486509493815,
        "nauc_map_at_3_diff1": 0.369763550396488,
        "nauc_map_at_3_max": 0.3840041790341869,
        "nauc_map_at_3_std": 0.16893039794370532,
        "nauc_map_at_5_diff1": 0.35645963024550376,
        "nauc_map_at_5_max": 0.386724594822432,
        "nauc_map_at_5_std": 0.1824860221020398,
        "nauc_mrr_at_1000_diff1": 0.3707704851830187,
        "nauc_mrr_at_1000_max": 0.3927569453550647,
        "nauc_mrr_at_1000_std": 0.21617925011805772,
        "nauc_mrr_at_100_diff1": 0.37067072153965286,
        "nauc_mrr_at_100_max": 0.3927963413221699,
        "nauc_mrr_at_100_std": 0.21626672629316332,
        "nauc_mrr_at_10_diff1": 0.37014623438522637,
        "nauc_mrr_at_10_max": 0.39244831101551747,
        "nauc_mrr_at_10_std": 0.21553633184393012,
        "nauc_mrr_at_1_diff1": 0.4059838964649562,
        "nauc_mrr_at_1_max": 0.35735659782496426,
        "nauc_mrr_at_1_std": 0.17374128596494565,
        "nauc_mrr_at_20_diff1": 0.3706517499374053,
        "nauc_mrr_at_20_max": 0.39269004218715503,
        "nauc_mrr_at_20_std": 0.2166118046725064,
        "nauc_mrr_at_3_diff1": 0.37021027736315887,
        "nauc_mrr_at_3_max": 0.38972268907820534,
        "nauc_mrr_at_3_std": 0.20668122721807636,
        "nauc_mrr_at_5_diff1": 0.37078708004376004,
        "nauc_mrr_at_5_max": 0.39169228319845223,
        "nauc_mrr_at_5_std": 0.21226956132127797,
        "nauc_ndcg_at_1000_diff1": 0.3248750138942441,
        "nauc_ndcg_at_1000_max": 0.4236013516533511,
        "nauc_ndcg_at_1000_std": 0.2693692018454304,
        "nauc_ndcg_at_100_diff1": 0.31674592827177817,
        "nauc_ndcg_at_100_max": 0.41661849619190316,
        "nauc_ndcg_at_100_std": 0.2657436353888143,
        "nauc_ndcg_at_10_diff1": 0.3246835251588284,
        "nauc_ndcg_at_10_max": 0.39626584837894285,
        "nauc_ndcg_at_10_std": 0.222951131935905,
        "nauc_ndcg_at_1_diff1": 0.4059838964649562,
        "nauc_ndcg_at_1_max": 0.3585918076302014,
        "nauc_ndcg_at_1_std": 0.17197637223392798,
        "nauc_ndcg_at_20_diff1": 0.32105705272385315,
        "nauc_ndcg_at_20_max": 0.40006929795206136,
        "nauc_ndcg_at_20_std": 0.23893211167752973,
        "nauc_ndcg_at_3_diff1": 0.35084390273079435,
        "nauc_ndcg_at_3_max": 0.38979677093239234,
        "nauc_ndcg_at_3_std": 0.19378039470270153,
        "nauc_ndcg_at_5_diff1": 0.34294400166307903,
        "nauc_ndcg_at_5_max": 0.3917422675855709,
        "nauc_ndcg_at_5_std": 0.2017540075230269,
        "nauc_precision_at_1000_diff1": -0.1001021868500352,
        "nauc_precision_at_1000_max": 0.0980744461996101,
        "nauc_precision_at_1000_std": 0.2193026886216941,
        "nauc_precision_at_100_diff1": -0.0317925721599043,
        "nauc_precision_at_100_max": 0.19479641468798392,
        "nauc_precision_at_100_std": 0.28475617545839244,
        "nauc_precision_at_10_diff1": 0.08482865392007075,
        "nauc_precision_at_10_max": 0.2724127107320095,
        "nauc_precision_at_10_std": 0.2534896349433948,
        "nauc_precision_at_1_diff1": 0.4059838964649562,
        "nauc_precision_at_1_max": 0.3585918076302014,
        "nauc_precision_at_1_std": 0.17197637223392798,
        "nauc_precision_at_20_diff1": 0.05255624905119019,
        "nauc_precision_at_20_max": 0.2431143122381544,
        "nauc_precision_at_20_std": 0.26601185258897514,
        "nauc_precision_at_3_diff1": 0.2228416615715997,
        "nauc_precision_at_3_max": 0.34887210650689693,
        "nauc_precision_at_3_std": 0.21813160767384557,
        "nauc_precision_at_5_diff1": 0.16334737606372202,
        "nauc_precision_at_5_max": 0.3144701326801376,
        "nauc_precision_at_5_std": 0.23293186681613073,
        "nauc_recall_at_1000_diff1": 0.1351432637622677,
        "nauc_recall_at_1000_max": 0.43988733006224107,
        "nauc_recall_at_1000_std": 0.4430936616102286,
        "nauc_recall_at_100_diff1": 0.14023141551778712,
        "nauc_recall_at_100_max": 0.3606670570672634,
        "nauc_recall_at_100_std": 0.3364358095552811,
        "nauc_recall_at_10_diff1": 0.21574080656577888,
        "nauc_recall_at_10_max": 0.33687568783349786,
        "nauc_recall_at_10_std": 0.2181856889402166,
        "nauc_recall_at_1_diff1": 0.4388768553991403,
        "nauc_recall_at_1_max": 0.3645045004944697,
        "nauc_recall_at_1_std": 0.13758189603687995,
        "nauc_recall_at_20_diff1": 0.19618699657638589,
        "nauc_recall_at_20_max": 0.3304749084022375,
        "nauc_recall_at_20_std": 0.2503111084806024,
        "nauc_recall_at_3_diff1": 0.31589051944025426,
        "nauc_recall_at_3_max": 0.37351898956731416,
        "nauc_recall_at_3_std": 0.1798066980442289,
        "nauc_recall_at_5_diff1": 0.2718391023881925,
        "nauc_recall_at_5_max": 0.3503091216328696,
        "nauc_recall_at_5_std": 0.18905357805424094,
        "ndcg_at_1": 0.40847,
        "ndcg_at_10": 0.38793,
        "ndcg_at_100": 0.45852,
        "ndcg_at_1000": 0.48856,
        "ndcg_at_20": 0.41582,
        "ndcg_at_3": 0.32874,
        "ndcg_at_5": 0.35154,
        "precision_at_1": 0.40847,
        "precision_at_10": 0.11733,
        "precision_at_100": 0.01934,
        "precision_at_1000": 0.0025,
        "precision_at_20": 0.07075,
        "precision_at_3": 0.24191,
        "precision_at_5": 0.18528,
        "recall_at_1": 0.17731,
        "recall_at_10": 0.43798,
        "recall_at_100": 0.67644,
        "recall_at_1000": 0.84269,
        "recall_at_20": 0.51537,
        "recall_at_3": 0.2883,
        "recall_at_5": 0.35876
      }
    ]
  },
  "task_name": "ClimateFEVER"
}