{
  "dataset_revision": "5003b3064772da1887988e05400cf3806fe491f2",
  "evaluation_time": 44.68999934196472,
  "kg_co2_emissions": null,
  "mteb_version": "1.13.1",
  "scores": {
    "test": [
      {
        "hf_subset": "default",
        "languages": [
          "eng-Latn"
        ],
        "main_score": 0.39228,
        "map_at_1": 0.26592,
        "map_at_10": 0.34619,
        "map_at_100": 0.35726,
        "map_at_1000": 0.35804,
        "map_at_20": 0.35274,
        "map_at_3": 0.32356,
        "map_at_5": 0.33692,
        "mrr_at_1": 0.2858757062146893,
        "mrr_at_10": 0.3673733297462111,
        "mrr_at_100": 0.3764194973097165,
        "mrr_at_1000": 0.3770300645941875,
        "mrr_at_20": 0.37252573637301034,
        "mrr_at_3": 0.34482109227871943,
        "mrr_at_5": 0.357984934086629,
        "nauc_map_at_1000_diff1": 0.44484480345691046,
        "nauc_map_at_1000_max": 0.369146473950205,
        "nauc_map_at_1000_std": -0.04127221624067286,
        "nauc_map_at_100_diff1": 0.4447406273538168,
        "nauc_map_at_100_max": 0.3688579481826001,
        "nauc_map_at_100_std": -0.041385512153592034,
        "nauc_map_at_10_diff1": 0.4443210415563929,
        "nauc_map_at_10_max": 0.3661046929588232,
        "nauc_map_at_10_std": -0.045811042942183626,
        "nauc_map_at_1_diff1": 0.49898341634307186,
        "nauc_map_at_1_max": 0.3639928898642084,
        "nauc_map_at_1_std": -0.05778076866603229,
        "nauc_map_at_20_diff1": 0.4441900872910231,
        "nauc_map_at_20_max": 0.3682832003433881,
        "nauc_map_at_20_std": -0.0429044785239175,
        "nauc_map_at_3_diff1": 0.4491301549537053,
        "nauc_map_at_3_max": 0.3653907914414285,
        "nauc_map_at_3_std": -0.05696773764743748,
        "nauc_map_at_5_diff1": 0.44800157441220667,
        "nauc_map_at_5_max": 0.36827230952708734,
        "nauc_map_at_5_std": -0.05069827711190441,
        "nauc_mrr_at_1000_diff1": 0.4391633068585729,
        "nauc_mrr_at_1000_max": 0.37982704738202583,
        "nauc_mrr_at_1000_std": -0.025365917891642997,
        "nauc_mrr_at_100_diff1": 0.43908154002440886,
        "nauc_mrr_at_100_max": 0.3796604810427244,
        "nauc_mrr_at_100_std": -0.025377448485790374,
        "nauc_mrr_at_10_diff1": 0.43875399080731303,
        "nauc_mrr_at_10_max": 0.37883339561369633,
        "nauc_mrr_at_10_std": -0.028705954452245115,
        "nauc_mrr_at_1_diff1": 0.49207887095514946,
        "nauc_mrr_at_1_max": 0.3880796646539247,
        "nauc_mrr_at_1_std": -0.036199999928191375,
        "nauc_mrr_at_20_diff1": 0.4384326035790842,
        "nauc_mrr_at_20_max": 0.3792964002584089,
        "nauc_mrr_at_20_std": -0.02672608614190021,
        "nauc_mrr_at_3_diff1": 0.44426353296420185,
        "nauc_mrr_at_3_max": 0.3808256275965361,
        "nauc_mrr_at_3_std": -0.03824803854810835,
        "nauc_mrr_at_5_diff1": 0.4428449482606599,
        "nauc_mrr_at_5_max": 0.3809275140058741,
        "nauc_mrr_at_5_std": -0.034104056129242076,
        "nauc_ndcg_at_1000_diff1": 0.42769718138663526,
        "nauc_ndcg_at_1000_max": 0.3780936994259404,
        "nauc_ndcg_at_1000_std": -0.009076724319390893,
        "nauc_ndcg_at_100_diff1": 0.4233173058867928,
        "nauc_ndcg_at_100_max": 0.371974577896449,
        "nauc_ndcg_at_100_std": -0.007698513325756677,
        "nauc_ndcg_at_10_diff1": 0.4212775334600595,
        "nauc_ndcg_at_10_max": 0.3637223720899783,
        "nauc_ndcg_at_10_std": -0.029681101436015135,
        "nauc_ndcg_at_1_diff1": 0.49207887095514946,
        "nauc_ndcg_at_1_max": 0.3880796646539247,
        "nauc_ndcg_at_1_std": -0.036199999928191375,
        "nauc_ndcg_at_20_diff1": 0.4201880653266592,
        "nauc_ndcg_at_20_max": 0.3690771679154702,
        "nauc_ndcg_at_20_std": -0.02018004760118769,
        "nauc_ndcg_at_3_diff1": 0.4347002955030084,
        "nauc_ndcg_at_3_max": 0.36765128691662236,
        "nauc_ndcg_at_3_std": -0.052691349093517796,
        "nauc_ndcg_at_5_diff1": 0.43242590147430143,
        "nauc_ndcg_at_5_max": 0.37014310447682147,
        "nauc_ndcg_at_5_std": -0.041679732619219464,
        "nauc_precision_at_1000_diff1": 0.0690853904027646,
        "nauc_precision_at_1000_max": 0.19103777253337095,
        "nauc_precision_at_1000_std": 0.11602452085603546,
        "nauc_precision_at_100_diff1": 0.18508247212425394,
        "nauc_precision_at_100_max": 0.2605957936170814,
        "nauc_precision_at_100_std": 0.11366367786322301,
        "nauc_precision_at_10_diff1": 0.3148135028407085,
        "nauc_precision_at_10_max": 0.3506731244160392,
        "nauc_precision_at_10_std": 0.015747719615989135,
        "nauc_precision_at_1_diff1": 0.49207887095514946,
        "nauc_precision_at_1_max": 0.3880796646539247,
        "nauc_precision_at_1_std": -0.036199999928191375,
        "nauc_precision_at_20_diff1": 0.2728293473341459,
        "nauc_precision_at_20_max": 0.3395288214531023,
        "nauc_precision_at_20_std": 0.05417180765951764,
        "nauc_precision_at_3_diff1": 0.3759073522419206,
        "nauc_precision_at_3_max": 0.38424409867849685,
        "nauc_precision_at_3_std": -0.029960519656004173,
        "nauc_precision_at_5_diff1": 0.35843552868802053,
        "nauc_precision_at_5_max": 0.37975374912868626,
        "nauc_precision_at_5_std": -0.015220052319546885,
        "nauc_recall_at_1000_diff1": 0.3132098071785765,
        "nauc_recall_at_1000_max": 0.4732562876720614,
        "nauc_recall_at_1000_std": 0.3209112618693699,
        "nauc_recall_at_100_diff1": 0.3165799577245368,
        "nauc_recall_at_100_max": 0.3559984193724416,
        "nauc_recall_at_100_std": 0.17040867703877605,
        "nauc_recall_at_10_diff1": 0.3428159879253045,
        "nauc_recall_at_10_max": 0.32776413514565494,
        "nauc_recall_at_10_std": 0.007384792492288292,
        "nauc_recall_at_1_diff1": 0.49898341634307186,
        "nauc_recall_at_1_max": 0.3639928898642084,
        "nauc_recall_at_1_std": -0.05778076866603229,
        "nauc_recall_at_20_diff1": 0.32921912116998253,
        "nauc_recall_at_20_max": 0.3435374657817878,
        "nauc_recall_at_20_std": 0.04875523810694835,
        "nauc_recall_at_3_diff1": 0.38911604780164,
        "nauc_recall_at_3_max": 0.3506897172964819,
        "nauc_recall_at_3_std": -0.05291840478221691,
        "nauc_recall_at_5_diff1": 0.38334176216443716,
        "nauc_recall_at_5_max": 0.3526311173381283,
        "nauc_recall_at_5_std": -0.026744363330546764,
        "ndcg_at_1": 0.28588,
        "ndcg_at_10": 0.39228,
        "ndcg_at_100": 0.44452,
        "ndcg_at_1000": 0.46424,
        "ndcg_at_20": 0.41418,
        "ndcg_at_3": 0.34779,
        "ndcg_at_5": 0.37058,
        "precision_at_1": 0.28588,
        "precision_at_10": 0.05864,
        "precision_at_100": 0.00887,
        "precision_at_1000": 0.00109,
        "precision_at_20": 0.03446,
        "precision_at_3": 0.14652,
        "precision_at_5": 0.10124,
        "recall_at_1": 0.26592,
        "recall_at_10": 0.5139,
        "recall_at_100": 0.75149,
        "recall_at_1000": 0.89911,
        "recall_at_20": 0.5964,
        "recall_at_3": 0.39351,
        "recall_at_5": 0.44891
      }
    ]
  },
  "task_name": "CQADupstackGisRetrieval"
}