{
  "dataset_revision": "65ac3a16b8e91f9cee4c9828cc7c335575432a2a",
  "evaluation_time": 55.883628129959106,
  "kg_co2_emissions": null,
  "mteb_version": "1.13.1",
  "scores": {
    "test": [
      {
        "hf_subset": "default",
        "languages": [
          "eng-Latn"
        ],
        "main_score": 0.35655,
        "map_at_1": 0.25697,
        "map_at_10": 0.31908,
        "map_at_100": 0.32819,
        "map_at_1000": 0.32913,
        "map_at_20": 0.32398,
        "map_at_3": 0.29853,
        "map_at_5": 0.30831,
        "mrr_at_1": 0.28067484662576686,
        "mrr_at_10": 0.34369948388353294,
        "mrr_at_100": 0.3515958340602478,
        "mrr_at_1000": 0.3522857614029936,
        "mrr_at_20": 0.3477902456211042,
        "mrr_at_3": 0.32464212678936605,
        "mrr_at_5": 0.3338445807770961,
        "nauc_map_at_1000_diff1": 0.5325027483790878,
        "nauc_map_at_1000_max": 0.47307611766609314,
        "nauc_map_at_1000_std": -0.02219506832118697,
        "nauc_map_at_100_diff1": 0.532206289598919,
        "nauc_map_at_100_max": 0.4728993327781132,
        "nauc_map_at_100_std": -0.02224114238574312,
        "nauc_map_at_10_diff1": 0.5369097418809307,
        "nauc_map_at_10_max": 0.47316581239745154,
        "nauc_map_at_10_std": -0.026793792525565917,
        "nauc_map_at_1_diff1": 0.5896136843178423,
        "nauc_map_at_1_max": 0.4734537388694598,
        "nauc_map_at_1_std": -0.06114245119279436,
        "nauc_map_at_20_diff1": 0.5328158814668789,
        "nauc_map_at_20_max": 0.4713469781054783,
        "nauc_map_at_20_std": -0.025196660391141074,
        "nauc_map_at_3_diff1": 0.5465467831749194,
        "nauc_map_at_3_max": 0.4615135417126473,
        "nauc_map_at_3_std": -0.04514944141451686,
        "nauc_map_at_5_diff1": 0.5411684367327846,
        "nauc_map_at_5_max": 0.4662088262707886,
        "nauc_map_at_5_std": -0.0372817147395432,
        "nauc_mrr_at_1000_diff1": 0.532627829353549,
        "nauc_mrr_at_1000_max": 0.4853856801695824,
        "nauc_mrr_at_1000_std": -0.012575996478356706,
        "nauc_mrr_at_100_diff1": 0.5323397516626146,
        "nauc_mrr_at_100_max": 0.4855033060506096,
        "nauc_mrr_at_100_std": -0.012397054573768329,
        "nauc_mrr_at_10_diff1": 0.536246344855796,
        "nauc_mrr_at_10_max": 0.48763208680016873,
        "nauc_mrr_at_10_std": -0.014948673125537038,
        "nauc_mrr_at_1_diff1": 0.5872702705909957,
        "nauc_mrr_at_1_max": 0.4996021330413057,
        "nauc_mrr_at_1_std": -0.04190429357892826,
        "nauc_mrr_at_20_diff1": 0.5326895037405968,
        "nauc_mrr_at_20_max": 0.48512427435178584,
        "nauc_mrr_at_20_std": -0.01463715302746011,
        "nauc_mrr_at_3_diff1": 0.5393001707752989,
        "nauc_mrr_at_3_max": 0.47955797396022165,
        "nauc_mrr_at_3_std": -0.02379026836023959,
        "nauc_mrr_at_5_diff1": 0.5386540866456246,
        "nauc_mrr_at_5_max": 0.48184622632581825,
        "nauc_mrr_at_5_std": -0.023912074881003477,
        "nauc_ndcg_at_1000_diff1": 0.5078140929288548,
        "nauc_ndcg_at_1000_max": 0.48127856920100487,
        "nauc_ndcg_at_1000_std": 0.01657862315810512,
        "nauc_ndcg_at_100_diff1": 0.5007339651101264,
        "nauc_ndcg_at_100_max": 0.48106052166782465,
        "nauc_ndcg_at_100_std": 0.019371120580032906,
        "nauc_ndcg_at_10_diff1": 0.5184997292414365,
        "nauc_ndcg_at_10_max": 0.4807766817499251,
        "nauc_ndcg_at_10_std": -0.006204294769063288,
        "nauc_ndcg_at_1_diff1": 0.5872702705909957,
        "nauc_ndcg_at_1_max": 0.4996021330413057,
        "nauc_ndcg_at_1_std": -0.04190429357892826,
        "nauc_ndcg_at_20_diff1": 0.5045763705803661,
        "nauc_ndcg_at_20_max": 0.4730390680139509,
        "nauc_ndcg_at_20_std": -0.0029475271743447267,
        "nauc_ndcg_at_3_diff1": 0.5289289870580929,
        "nauc_ndcg_at_3_max": 0.4598660578736273,
        "nauc_ndcg_at_3_std": -0.036034627404577906,
        "nauc_ndcg_at_5_diff1": 0.5240810331562221,
        "nauc_ndcg_at_5_max": 0.46521126866007223,
        "nauc_ndcg_at_5_std": -0.02890671911105598,
        "nauc_precision_at_1000_diff1": 0.03302818625404628,
        "nauc_precision_at_1000_max": 0.22638562735836912,
        "nauc_precision_at_1000_std": 0.20387825078010655,
        "nauc_precision_at_100_diff1": 0.14033205260238762,
        "nauc_precision_at_100_max": 0.3751114316903604,
        "nauc_precision_at_100_std": 0.23643153673883296,
        "nauc_precision_at_10_diff1": 0.3437974187175611,
        "nauc_precision_at_10_max": 0.4719551247924222,
        "nauc_precision_at_10_std": 0.10498540073317245,
        "nauc_precision_at_1_diff1": 0.5872702705909957,
        "nauc_precision_at_1_max": 0.4996021330413057,
        "nauc_precision_at_1_std": -0.04190429357892826,
        "nauc_precision_at_20_diff1": 0.2620411751717402,
        "nauc_precision_at_20_max": 0.4181299922671096,
        "nauc_precision_at_20_std": 0.12139942172239367,
        "nauc_precision_at_3_diff1": 0.44059716827233847,
        "nauc_precision_at_3_max": 0.44450949982452703,
        "nauc_precision_at_3_std": 0.0011559882879525179,
        "nauc_precision_at_5_diff1": 0.397473859723346,
        "nauc_precision_at_5_max": 0.4496876565689368,
        "nauc_precision_at_5_std": 0.0287688388235723,
        "nauc_recall_at_1000_diff1": 0.3477242044744004,
        "nauc_recall_at_1000_max": 0.4524379805395078,
        "nauc_recall_at_1000_std": 0.2767688477387111,
        "nauc_recall_at_100_diff1": 0.35663287500408214,
        "nauc_recall_at_100_max": 0.4680056458572691,
        "nauc_recall_at_100_std": 0.1859299002045313,
        "nauc_recall_at_10_diff1": 0.45687889659508524,
        "nauc_recall_at_10_max": 0.477286061336199,
        "nauc_recall_at_10_std": 0.04196439888236311,
        "nauc_recall_at_1_diff1": 0.5896136843178423,
        "nauc_recall_at_1_max": 0.4734537388694598,
        "nauc_recall_at_1_std": -0.06114245119279436,
        "nauc_recall_at_20_diff1": 0.4016628254133731,
        "nauc_recall_at_20_max": 0.4391677212736993,
        "nauc_recall_at_20_std": 0.04650445808505655,
        "nauc_recall_at_3_diff1": 0.4917662793897677,
        "nauc_recall_at_3_max": 0.4307472354175798,
        "nauc_recall_at_3_std": -0.0345559039503806,
        "nauc_recall_at_5_diff1": 0.47774076154621514,
        "nauc_recall_at_5_max": 0.44130508166939103,
        "nauc_recall_at_5_std": -0.016142608625640688,
        "ndcg_at_1": 0.28067,
        "ndcg_at_10": 0.35655,
        "ndcg_at_100": 0.40206,
        "ndcg_at_1000": 0.42763,
        "ndcg_at_20": 0.37267,
        "ndcg_at_3": 0.31865,
        "ndcg_at_5": 0.33388,
        "precision_at_1": 0.28067,
        "precision_at_10": 0.05414,
        "precision_at_100": 0.00834,
        "precision_at_1000": 0.00113,
        "precision_at_20": 0.03113,
        "precision_at_3": 0.1319,
        "precision_at_5": 0.09018,
        "recall_at_1": 0.25697,
        "recall_at_10": 0.44537,
        "recall_at_100": 0.65469,
        "recall_at_1000": 0.84759,
        "recall_at_20": 0.50582,
        "recall_at_3": 0.34228,
        "recall_at_5": 0.37938
      }
    ]
  },
  "task_name": "CQADupstackStatsRetrieval"
}