{
  "dataset_revision": "160c094312a0e1facb97e55eeddb698c0abe3571",
  "evaluation_time": 40.25124263763428,
  "kg_co2_emissions": null,
  "mteb_version": "1.13.1",
  "scores": {
    "test": [
      {
        "hf_subset": "default",
        "languages": [
          "eng-Latn"
        ],
        "main_score": 0.38577,
        "map_at_1": 0.24959,
        "map_at_10": 0.33268,
        "map_at_100": 0.34997,
        "map_at_1000": 0.35192,
        "map_at_20": 0.34148,
        "map_at_3": 0.30763,
        "map_at_5": 0.31969,
        "mrr_at_1": 0.2984189723320158,
        "mrr_at_10": 0.37539447267708137,
        "mrr_at_100": 0.38579514705303,
        "mrr_at_1000": 0.3862202319893689,
        "mrr_at_20": 0.38088999548130836,
        "mrr_at_3": 0.3530961791831357,
        "mrr_at_5": 0.36445981554677204,
        "nauc_map_at_1000_diff1": 0.4627478765359529,
        "nauc_map_at_1000_max": 0.3630469864899214,
        "nauc_map_at_1000_std": -0.043476327217303226,
        "nauc_map_at_100_diff1": 0.4637520425584719,
        "nauc_map_at_100_max": 0.365017028435874,
        "nauc_map_at_100_std": -0.04387632235824128,
        "nauc_map_at_10_diff1": 0.4726832711274013,
        "nauc_map_at_10_max": 0.3670734094200039,
        "nauc_map_at_10_std": -0.059924933391790565,
        "nauc_map_at_1_diff1": 0.5574567858868573,
        "nauc_map_at_1_max": 0.36428518102565166,
        "nauc_map_at_1_std": -0.0986010149437919,
        "nauc_map_at_20_diff1": 0.4675339474981456,
        "nauc_map_at_20_max": 0.365435018972901,
        "nauc_map_at_20_std": -0.05058439791726989,
        "nauc_map_at_3_diff1": 0.4834599770483926,
        "nauc_map_at_3_max": 0.3729941411942548,
        "nauc_map_at_3_std": -0.0689437477772867,
        "nauc_map_at_5_diff1": 0.4767970899984777,
        "nauc_map_at_5_max": 0.370357448652676,
        "nauc_map_at_5_std": -0.06665154703525322,
        "nauc_mrr_at_1000_diff1": 0.43067655268541216,
        "nauc_mrr_at_1000_max": 0.36155856015253834,
        "nauc_mrr_at_1000_std": -0.034124692651359805,
        "nauc_mrr_at_100_diff1": 0.43074392920532184,
        "nauc_mrr_at_100_max": 0.3617412209767249,
        "nauc_mrr_at_100_std": -0.03371737595378808,
        "nauc_mrr_at_10_diff1": 0.43256836802823184,
        "nauc_mrr_at_10_max": 0.3611516196661539,
        "nauc_mrr_at_10_std": -0.039514352697017426,
        "nauc_mrr_at_1_diff1": 0.4852473967084665,
        "nauc_mrr_at_1_max": 0.3623079786269072,
        "nauc_mrr_at_1_std": -0.06110129994350023,
        "nauc_mrr_at_20_diff1": 0.4292364301270735,
        "nauc_mrr_at_20_max": 0.3606372770422161,
        "nauc_mrr_at_20_std": -0.034961944496740185,
        "nauc_mrr_at_3_diff1": 0.4397152237439474,
        "nauc_mrr_at_3_max": 0.3710924812853923,
        "nauc_mrr_at_3_std": -0.04529192643284045,
        "nauc_mrr_at_5_diff1": 0.43712418885429155,
        "nauc_mrr_at_5_max": 0.3629953949261646,
        "nauc_mrr_at_5_std": -0.046167437810214575,
        "nauc_ndcg_at_1000_diff1": 0.4228214753642255,
        "nauc_ndcg_at_1000_max": 0.3578303240226554,
        "nauc_ndcg_at_1000_std": -0.0065867122924358566,
        "nauc_ndcg_at_100_diff1": 0.4282946017750282,
        "nauc_ndcg_at_100_max": 0.36343669813507345,
        "nauc_ndcg_at_100_std": -0.0051393459558514015,
        "nauc_ndcg_at_10_diff1": 0.43490972082856855,
        "nauc_ndcg_at_10_max": 0.35276016405585975,
        "nauc_ndcg_at_10_std": -0.03826236211436294,
        "nauc_ndcg_at_1_diff1": 0.49257383548800554,
        "nauc_ndcg_at_1_max": 0.3568497134074494,
        "nauc_ndcg_at_1_std": -0.06793212755123633,
        "nauc_ndcg_at_20_diff1": 0.42293091989808035,
        "nauc_ndcg_at_20_max": 0.3495139546445754,
        "nauc_ndcg_at_20_std": -0.023668916001427315,
        "nauc_ndcg_at_3_diff1": 0.4454855244630126,
        "nauc_ndcg_at_3_max": 0.3706217293217407,
        "nauc_ndcg_at_3_std": -0.04953061707122059,
        "nauc_ndcg_at_5_diff1": 0.4403896330063589,
        "nauc_ndcg_at_5_max": 0.361215205347023,
        "nauc_ndcg_at_5_std": -0.04602184036820483,
        "nauc_precision_at_1000_diff1": -0.16868670418075332,
        "nauc_precision_at_1000_max": -0.22278439653952958,
        "nauc_precision_at_1000_std": 0.09395439329251354,
        "nauc_precision_at_100_diff1": -0.13109984205445985,
        "nauc_precision_at_100_max": -0.06751735947245703,
        "nauc_precision_at_100_std": 0.16236755212574497,
        "nauc_precision_at_10_diff1": 0.11940981915078487,
        "nauc_precision_at_10_max": 0.17837638010688758,
        "nauc_precision_at_10_std": 0.10875659637362992,
        "nauc_precision_at_1_diff1": 0.49257383548800554,
        "nauc_precision_at_1_max": 0.3568497134074494,
        "nauc_precision_at_1_std": -0.06793212755123633,
        "nauc_precision_at_20_diff1": 0.003406670722506605,
        "nauc_precision_at_20_max": 0.08172740013164485,
        "nauc_precision_at_20_std": 0.1667489387181412,
        "nauc_precision_at_3_diff1": 0.275908114323371,
        "nauc_precision_at_3_max": 0.3170119283846077,
        "nauc_precision_at_3_std": 0.0028150333223718087,
        "nauc_precision_at_5_diff1": 0.2160732646108656,
        "nauc_precision_at_5_max": 0.2687221802377527,
        "nauc_precision_at_5_std": 0.04046911602822371,
        "nauc_recall_at_1000_diff1": 0.07925598801252347,
        "nauc_recall_at_1000_max": 0.31714190263483466,
        "nauc_recall_at_1000_std": 0.4055566229581717,
        "nauc_recall_at_100_diff1": 0.2921258518240176,
        "nauc_recall_at_100_max": 0.35223855709916346,
        "nauc_recall_at_100_std": 0.19426052242799244,
        "nauc_recall_at_10_diff1": 0.3571607872490683,
        "nauc_recall_at_10_max": 0.31166355979640237,
        "nauc_recall_at_10_std": -0.022035715678474593,
        "nauc_recall_at_1_diff1": 0.5574567858868573,
        "nauc_recall_at_1_max": 0.36428518102565166,
        "nauc_recall_at_1_std": -0.0986010149437919,
        "nauc_recall_at_20_diff1": 0.2953012248943392,
        "nauc_recall_at_20_max": 0.2869892111924201,
        "nauc_recall_at_20_std": 0.041929623123365706,
        "nauc_recall_at_3_diff1": 0.4167867119292069,
        "nauc_recall_at_3_max": 0.37091240275010806,
        "nauc_recall_at_3_std": -0.050435983226054866,
        "nauc_recall_at_5_diff1": 0.38794305474838414,
        "nauc_recall_at_5_max": 0.3420865121190401,
        "nauc_recall_at_5_std": -0.046000935378885936,
        "ndcg_at_1": 0.29644,
        "ndcg_at_10": 0.38577,
        "ndcg_at_100": 0.45102,
        "ndcg_at_1000": 0.47395,
        "ndcg_at_20": 0.40851,
        "ndcg_at_3": 0.34314,
        "ndcg_at_5": 0.35959,
        "precision_at_1": 0.29644,
        "precision_at_10": 0.07292,
        "precision_at_100": 0.01532,
        "precision_at_1000": 0.00235,
        "precision_at_20": 0.04704,
        "precision_at_3": 0.15876,
        "precision_at_5": 0.11186,
        "recall_at_1": 0.24959,
        "recall_at_10": 0.48561,
        "recall_at_100": 0.77735,
        "recall_at_1000": 0.92093,
        "recall_at_20": 0.57049,
        "recall_at_3": 0.36588,
        "recall_at_5": 0.41081
      }
    ]
  },
  "task_name": "CQADupstackWebmastersRetrieval"
}