{
  "dataset_revision": "ad9991cb51e31e31e430383c75ffb2885547b5f0",
  "evaluation_time": 41.14633774757385,
  "kg_co2_emissions": null,
  "mteb_version": "1.13.1",
  "scores": {
    "test": [
      {
        "hf_subset": "default",
        "languages": [
          "eng-Latn"
        ],
        "main_score": 0.48744,
        "map_at_1": 0.32087,
        "map_at_10": 0.42921,
        "map_at_100": 0.44226,
        "map_at_1000": 0.44356,
        "map_at_20": 0.43598,
        "map_at_3": 0.39847,
        "map_at_5": 0.41686,
        "mrr_at_1": 0.4089171974522293,
        "mrr_at_10": 0.49306061065615203,
        "mrr_at_100": 0.49979191563145564,
        "mrr_at_1000": 0.5001567199733126,
        "mrr_at_20": 0.49709223883715115,
        "mrr_at_3": 0.4733545647558386,
        "mrr_at_5": 0.4843736730360934,
        "nauc_map_at_1000_diff1": 0.5424111324947478,
        "nauc_map_at_1000_max": 0.4580572082633401,
        "nauc_map_at_1000_std": -0.0665732100719867,
        "nauc_map_at_100_diff1": 0.5423728955003451,
        "nauc_map_at_100_max": 0.4569477052312684,
        "nauc_map_at_100_std": -0.06805367218522172,
        "nauc_map_at_10_diff1": 0.5463975545354866,
        "nauc_map_at_10_max": 0.44694613986971243,
        "nauc_map_at_10_std": -0.08495278900615534,
        "nauc_map_at_1_diff1": 0.615298260871548,
        "nauc_map_at_1_max": 0.3988499664638118,
        "nauc_map_at_1_std": -0.11810207192401692,
        "nauc_map_at_20_diff1": 0.5443364843518644,
        "nauc_map_at_20_max": 0.45122633331050693,
        "nauc_map_at_20_std": -0.07747814491420123,
        "nauc_map_at_3_diff1": 0.5597262782629088,
        "nauc_map_at_3_max": 0.43222903935044904,
        "nauc_map_at_3_std": -0.10241181256600422,
        "nauc_map_at_5_diff1": 0.5531052405026613,
        "nauc_map_at_5_max": 0.4432754864140134,
        "nauc_map_at_5_std": -0.0924373675386989,
        "nauc_mrr_at_1000_diff1": 0.5333980291789261,
        "nauc_mrr_at_1000_max": 0.48219745896508465,
        "nauc_mrr_at_1000_std": -0.015786734080105617,
        "nauc_mrr_at_100_diff1": 0.5332214617745201,
        "nauc_mrr_at_100_max": 0.4820403679365979,
        "nauc_mrr_at_100_std": -0.015841581169083654,
        "nauc_mrr_at_10_diff1": 0.5335736561335792,
        "nauc_mrr_at_10_max": 0.4825970127860073,
        "nauc_mrr_at_10_std": -0.018633093327739193,
        "nauc_mrr_at_1_diff1": 0.5777337498170069,
        "nauc_mrr_at_1_max": 0.46848738459109096,
        "nauc_mrr_at_1_std": -0.04026584554245694,
        "nauc_mrr_at_20_diff1": 0.5329284796921112,
        "nauc_mrr_at_20_max": 0.4817853464677958,
        "nauc_mrr_at_20_std": -0.016993532594920226,
        "nauc_mrr_at_3_diff1": 0.542204660197096,
        "nauc_mrr_at_3_max": 0.4836215839004508,
        "nauc_mrr_at_3_std": -0.019644164620236826,
        "nauc_mrr_at_5_diff1": 0.53856103764277,
        "nauc_mrr_at_5_max": 0.48438115587462166,
        "nauc_mrr_at_5_std": -0.020757605634700967,
        "nauc_ndcg_at_1000_diff1": 0.5169308560031359,
        "nauc_ndcg_at_1000_max": 0.47950846529508523,
        "nauc_ndcg_at_1000_std": -0.013048419002251592,
        "nauc_ndcg_at_100_diff1": 0.5138004432215413,
        "nauc_ndcg_at_100_max": 0.47283782581850675,
        "nauc_ndcg_at_100_std": -0.02014546694103622,
        "nauc_ndcg_at_10_diff1": 0.519574491985436,
        "nauc_ndcg_at_10_max": 0.4670241235358274,
        "nauc_ndcg_at_10_std": -0.05181708347366929,
        "nauc_ndcg_at_1_diff1": 0.5810057381496518,
        "nauc_ndcg_at_1_max": 0.4710215221716183,
        "nauc_ndcg_at_1_std": -0.03850150441459369,
        "nauc_ndcg_at_20_diff1": 0.5168694910268458,
        "nauc_ndcg_at_20_max": 0.46593106209540613,
        "nauc_ndcg_at_20_std": -0.044041731919669536,
        "nauc_ndcg_at_3_diff1": 0.5334630628202535,
        "nauc_ndcg_at_3_max": 0.4677405338169028,
        "nauc_ndcg_at_3_std": -0.04869442444614338,
        "nauc_ndcg_at_5_diff1": 0.5282950011034053,
        "nauc_ndcg_at_5_max": 0.47332329422140534,
        "nauc_ndcg_at_5_std": -0.050340930012613874,
        "nauc_precision_at_1000_diff1": -0.1441427855406914,
        "nauc_precision_at_1000_max": 0.1992243056760635,
        "nauc_precision_at_1000_std": 0.3628248098861827,
        "nauc_precision_at_100_diff1": -0.1097720414604043,
        "nauc_precision_at_100_max": 0.26973334720723774,
        "nauc_precision_at_100_std": 0.377898770616066,
        "nauc_precision_at_10_diff1": 0.07968199593359378,
        "nauc_precision_at_10_max": 0.3830639714312438,
        "nauc_precision_at_10_std": 0.2209956807420672,
        "nauc_precision_at_1_diff1": 0.5810057381496518,
        "nauc_precision_at_1_max": 0.4710215221716183,
        "nauc_precision_at_1_std": -0.03850150441459369,
        "nauc_precision_at_20_diff1": -0.003126501026156369,
        "nauc_precision_at_20_max": 0.34908300947556886,
        "nauc_precision_at_20_std": 0.29210660378731695,
        "nauc_precision_at_3_diff1": 0.28940038751131425,
        "nauc_precision_at_3_max": 0.44301257191839427,
        "nauc_precision_at_3_std": 0.09219880407828127,
        "nauc_precision_at_5_diff1": 0.19283724276093595,
        "nauc_precision_at_5_max": 0.420984418217494,
        "nauc_precision_at_5_std": 0.14950182301530465,
        "nauc_recall_at_1000_diff1": 0.3577795544226707,
        "nauc_recall_at_1000_max": 0.5168781042629185,
        "nauc_recall_at_1000_std": 0.27575985390693164,
        "nauc_recall_at_100_diff1": 0.3621375320303139,
        "nauc_recall_at_100_max": 0.43522910279796434,
        "nauc_recall_at_100_std": 0.11644547898148358,
        "nauc_recall_at_10_diff1": 0.4303289529210136,
        "nauc_recall_at_10_max": 0.4162071600723781,
        "nauc_recall_at_10_std": -0.06992524112253588,
        "nauc_recall_at_1_diff1": 0.615298260871548,
        "nauc_recall_at_1_max": 0.3988499664638118,
        "nauc_recall_at_1_std": -0.11810207192401692,
        "nauc_recall_at_20_diff1": 0.4037443906565566,
        "nauc_recall_at_20_max": 0.40666499691131763,
        "nauc_recall_at_20_std": -0.03462294644251927,
        "nauc_recall_at_3_diff1": 0.5018867630854323,
        "nauc_recall_at_3_max": 0.4185983781850526,
        "nauc_recall_at_3_std": -0.09704584918100975,
        "nauc_recall_at_5_diff1": 0.47794869636843795,
        "nauc_recall_at_5_max": 0.4336098341005059,
        "nauc_recall_at_5_std": -0.08419757688467965,
        "ndcg_at_1": 0.40764,
        "ndcg_at_10": 0.48744,
        "ndcg_at_100": 0.53148,
        "ndcg_at_1000": 0.55038,
        "ndcg_at_20": 0.50406,
        "ndcg_at_3": 0.44797,
        "ndcg_at_5": 0.46749,
        "precision_at_1": 0.40764,
        "precision_at_10": 0.09197,
        "precision_at_100": 0.0148,
        "precision_at_1000": 0.00194,
        "precision_at_20": 0.05408,
        "precision_at_3": 0.21805,
        "precision_at_5": 0.15389,
        "recall_at_1": 0.32087,
        "recall_at_10": 0.58477,
        "recall_at_100": 0.77161,
        "recall_at_1000": 0.88919,
        "recall_at_20": 0.64629,
        "recall_at_3": 0.46479,
        "recall_at_5": 0.52041
      }
    ]
  },
  "task_name": "CQADupstackEnglishRetrieval"
}