{
  "dataset_revision": "4885aa143210c98657558c04aaf3dc47cfb54340",
  "evaluation_time": 46.550769090652466,
  "kg_co2_emissions": null,
  "mteb_version": "1.13.1",
  "scores": {
    "test": [
      {
        "hf_subset": "default",
        "languages": [
          "eng-Latn"
        ],
        "main_score": 0.60607,
        "map_at_1": 0.42165,
        "map_at_10": 0.54828,
        "map_at_100": 0.55743,
        "map_at_1000": 0.55793,
        "map_at_20": 0.55356,
        "map_at_3": 0.51694,
        "map_at_5": 0.53452,
        "mrr_at_1": 0.47711598746081507,
        "mrr_at_10": 0.58136736826392,
        "mrr_at_100": 0.5868113998398363,
        "mrr_at_1000": 0.5870751508790956,
        "mrr_at_20": 0.5846098977252107,
        "mrr_at_3": 0.5585161964472309,
        "mrr_at_5": 0.5726541274817137,
        "nauc_map_at_1000_diff1": 0.5417992155377728,
        "nauc_map_at_1000_max": 0.48680357469708857,
        "nauc_map_at_1000_std": -0.05276426435055101,
        "nauc_map_at_100_diff1": 0.5415097501317601,
        "nauc_map_at_100_max": 0.4866882901875696,
        "nauc_map_at_100_std": -0.052727664752280134,
        "nauc_map_at_10_diff1": 0.5425749560589402,
        "nauc_map_at_10_max": 0.48043939434947047,
        "nauc_map_at_10_std": -0.06467596804894421,
        "nauc_map_at_1_diff1": 0.5899816898990904,
        "nauc_map_at_1_max": 0.42238185910584386,
        "nauc_map_at_1_std": -0.08405090027018394,
        "nauc_map_at_20_diff1": 0.5417651625642431,
        "nauc_map_at_20_max": 0.4844423699139584,
        "nauc_map_at_20_std": -0.05710538247792255,
        "nauc_map_at_3_diff1": 0.5509034276377225,
        "nauc_map_at_3_max": 0.4663145347402753,
        "nauc_map_at_3_std": -0.0849136159779829,
        "nauc_map_at_5_diff1": 0.5436129517758106,
        "nauc_map_at_5_max": 0.474400129388024,
        "nauc_map_at_5_std": -0.07259754785457871,
        "nauc_mrr_at_1000_diff1": 0.549065310645455,
        "nauc_mrr_at_1000_max": 0.5029422240010443,
        "nauc_mrr_at_1000_std": -0.038026033928375405,
        "nauc_mrr_at_100_diff1": 0.5489346910910868,
        "nauc_mrr_at_100_max": 0.5029828264452467,
        "nauc_mrr_at_100_std": -0.03787659382176032,
        "nauc_mrr_at_10_diff1": 0.5476686940593763,
        "nauc_mrr_at_10_max": 0.5016690325924661,
        "nauc_mrr_at_10_std": -0.041321269499369796,
        "nauc_mrr_at_1_diff1": 0.5972786098690493,
        "nauc_mrr_at_1_max": 0.48132071997050174,
        "nauc_mrr_at_1_std": -0.060387313525272344,
        "nauc_mrr_at_20_diff1": 0.548416760472622,
        "nauc_mrr_at_20_max": 0.5029920778060062,
        "nauc_mrr_at_20_std": -0.03917923573106429,
        "nauc_mrr_at_3_diff1": 0.5555340018087307,
        "nauc_mrr_at_3_max": 0.5020801088508758,
        "nauc_mrr_at_3_std": -0.04997839715985267,
        "nauc_mrr_at_5_diff1": 0.5473786316301265,
        "nauc_mrr_at_5_max": 0.5038307708296801,
        "nauc_mrr_at_5_std": -0.03969157854543217,
        "nauc_ndcg_at_1000_diff1": 0.5311599402124781,
        "nauc_ndcg_at_1000_max": 0.507914880046185,
        "nauc_ndcg_at_1000_std": -0.020999968580842056,
        "nauc_ndcg_at_100_diff1": 0.5250362123685209,
        "nauc_ndcg_at_100_max": 0.5085129388637836,
        "nauc_ndcg_at_100_std": -0.015754186067204617,
        "nauc_ndcg_at_10_diff1": 0.5232137267118266,
        "nauc_ndcg_at_10_max": 0.4966496688582684,
        "nauc_ndcg_at_10_std": -0.04587583183473146,
        "nauc_ndcg_at_1_diff1": 0.5956335794587873,
        "nauc_ndcg_at_1_max": 0.47965047437484054,
        "nauc_ndcg_at_1_std": -0.06103578378158911,
        "nauc_ndcg_at_20_diff1": 0.5233679516333253,
        "nauc_ndcg_at_20_max": 0.5030417356664648,
        "nauc_ndcg_at_20_std": -0.0321011503077829,
        "nauc_ndcg_at_3_diff1": 0.5377111835994105,
        "nauc_ndcg_at_3_max": 0.48258999665032726,
        "nauc_ndcg_at_3_std": -0.0724376141808628,
        "nauc_ndcg_at_5_diff1": 0.5247567100389182,
        "nauc_ndcg_at_5_max": 0.4914875221364649,
        "nauc_ndcg_at_5_std": -0.05471946729561307,
        "nauc_precision_at_1000_diff1": -0.1046076961391341,
        "nauc_precision_at_1000_max": 0.17833320152040702,
        "nauc_precision_at_1000_std": 0.3036782290236141,
        "nauc_precision_at_100_diff1": -0.07036635544761254,
        "nauc_precision_at_100_max": 0.25488809006742585,
        "nauc_precision_at_100_std": 0.3274903497050243,
        "nauc_precision_at_10_diff1": 0.11158148954961529,
        "nauc_precision_at_10_max": 0.36490914107854017,
        "nauc_precision_at_10_std": 0.15200929213448292,
        "nauc_precision_at_1_diff1": 0.5956335794587873,
        "nauc_precision_at_1_max": 0.47965047437484054,
        "nauc_precision_at_1_std": -0.06103578378158911,
        "nauc_precision_at_20_diff1": 0.028943664844068375,
        "nauc_precision_at_20_max": 0.338126135028629,
        "nauc_precision_at_20_std": 0.2435282969294089,
        "nauc_precision_at_3_diff1": 0.3296687819901297,
        "nauc_precision_at_3_max": 0.4535857683026963,
        "nauc_precision_at_3_std": 0.004230913157495828,
        "nauc_precision_at_5_diff1": 0.22019202392269618,
        "nauc_precision_at_5_max": 0.42512180920655657,
        "nauc_precision_at_5_std": 0.08162760800656924,
        "nauc_recall_at_1000_diff1": 0.39839558940941994,
        "nauc_recall_at_1000_max": 0.7207432451340303,
        "nauc_recall_at_1000_std": 0.44270159811428406,
        "nauc_recall_at_100_diff1": 0.3564984485651756,
        "nauc_recall_at_100_max": 0.584466581216895,
        "nauc_recall_at_100_std": 0.25308937694988415,
        "nauc_recall_at_10_diff1": 0.4197127123387463,
        "nauc_recall_at_10_max": 0.4859566795700578,
        "nauc_recall_at_10_std": -0.02466507708347777,
        "nauc_recall_at_1_diff1": 0.5899816898990904,
        "nauc_recall_at_1_max": 0.42238185910584386,
        "nauc_recall_at_1_std": -0.08405090027018394,
        "nauc_recall_at_20_diff1": 0.4119896031678568,
        "nauc_recall_at_20_max": 0.5238452648194485,
        "nauc_recall_at_20_std": 0.03963264012605919,
        "nauc_recall_at_3_diff1": 0.4889637283409679,
        "nauc_recall_at_3_max": 0.464289938034113,
        "nauc_recall_at_3_std": -0.09484449892181554,
        "nauc_recall_at_5_diff1": 0.4436980896756351,
        "nauc_recall_at_5_max": 0.47740999740693496,
        "nauc_recall_at_5_std": -0.049385187651912084,
        "ndcg_at_1": 0.47774,
        "ndcg_at_10": 0.60607,
        "ndcg_at_100": 0.64131,
        "ndcg_at_1000": 0.6516,
        "ndcg_at_20": 0.62055,
        "ndcg_at_3": 0.55334,
        "ndcg_at_5": 0.57925,
        "precision_at_1": 0.47774,
        "precision_at_10": 0.0953,
        "precision_at_100": 0.01232,
        "precision_at_1000": 0.00136,
        "precision_at_20": 0.05245,
        "precision_at_3": 0.24305,
        "precision_at_5": 0.16514,
        "recall_at_1": 0.42165,
        "recall_at_10": 0.74307,
        "recall_at_100": 0.89293,
        "recall_at_1000": 0.96615,
        "recall_at_20": 0.79529,
        "recall_at_3": 0.60274,
        "recall_at_5": 0.66556
      }
    ]
  },
  "task_name": "CQADupstackGamingRetrieval"
}