{
  "dataset_revision": "4ffe81d471b1924886b33c7567bfb200e9eec5c4",
  "evaluation_time": 53.47746753692627,
  "kg_co2_emissions": null,
  "mteb_version": "1.13.1",
  "scores": {
    "test": [
      {
        "hf_subset": "default",
        "languages": [
          "eng-Latn"
        ],
        "main_score": 0.33117,
        "map_at_1": 0.21941,
        "map_at_10": 0.28859,
        "map_at_100": 0.29936,
        "map_at_1000": 0.30045,
        "map_at_20": 0.2949,
        "map_at_3": 0.26717,
        "map_at_5": 0.27903,
        "mrr_at_1": 0.23844731977818853,
        "mrr_at_10": 0.30813895490420445,
        "mrr_at_100": 0.31775227332630196,
        "mrr_at_1000": 0.3185790653074704,
        "mrr_at_20": 0.31395865389551836,
        "mrr_at_3": 0.28835489833641403,
        "mrr_at_5": 0.29833641404805916,
        "nauc_map_at_1000_diff1": 0.45215393019811995,
        "nauc_map_at_1000_max": 0.2689571844969537,
        "nauc_map_at_1000_std": -0.044227664551728,
        "nauc_map_at_100_diff1": 0.45245666100510956,
        "nauc_map_at_100_max": 0.26896905103872054,
        "nauc_map_at_100_std": -0.044760849288916854,
        "nauc_map_at_10_diff1": 0.4541554330063533,
        "nauc_map_at_10_max": 0.2697040478619805,
        "nauc_map_at_10_std": -0.0528567146702763,
        "nauc_map_at_1_diff1": 0.5215422354866494,
        "nauc_map_at_1_max": 0.26315765621501425,
        "nauc_map_at_1_std": -0.08192379664429919,
        "nauc_map_at_20_diff1": 0.45286147290725287,
        "nauc_map_at_20_max": 0.2683764639114092,
        "nauc_map_at_20_std": -0.04785932196377425,
        "nauc_map_at_3_diff1": 0.4773343158526063,
        "nauc_map_at_3_max": 0.26923713657951837,
        "nauc_map_at_3_std": -0.049960055902672294,
        "nauc_map_at_5_diff1": 0.4610000747633068,
        "nauc_map_at_5_max": 0.2701518335874115,
        "nauc_map_at_5_std": -0.05397867328810213,
        "nauc_mrr_at_1000_diff1": 0.45028191101589427,
        "nauc_mrr_at_1000_max": 0.2879692673613865,
        "nauc_mrr_at_1000_std": -0.036431876092883744,
        "nauc_mrr_at_100_diff1": 0.4503534235730639,
        "nauc_mrr_at_100_max": 0.2878019521597934,
        "nauc_mrr_at_100_std": -0.03668602442257489,
        "nauc_mrr_at_10_diff1": 0.45111666684309415,
        "nauc_mrr_at_10_max": 0.29095834303097756,
        "nauc_mrr_at_10_std": -0.042477848466231614,
        "nauc_mrr_at_1_diff1": 0.5201794215121932,
        "nauc_mrr_at_1_max": 0.27603744155619475,
        "nauc_mrr_at_1_std": -0.07524278247327998,
        "nauc_mrr_at_20_diff1": 0.4503546509452678,
        "nauc_mrr_at_20_max": 0.2879582096986766,
        "nauc_mrr_at_20_std": -0.03905125938341541,
        "nauc_mrr_at_3_diff1": 0.4696603763972273,
        "nauc_mrr_at_3_max": 0.2919042431514058,
        "nauc_mrr_at_3_std": -0.03986337019875414,
        "nauc_mrr_at_5_diff1": 0.45628961502415744,
        "nauc_mrr_at_5_max": 0.2923509382915904,
        "nauc_mrr_at_5_std": -0.04030140744352188,
        "nauc_ndcg_at_1000_diff1": 0.4117180358944583,
        "nauc_ndcg_at_1000_max": 0.27141614518533885,
        "nauc_ndcg_at_1000_std": -0.0032311711460422075,
        "nauc_ndcg_at_100_diff1": 0.41498614431984365,
        "nauc_ndcg_at_100_max": 0.26637503874659707,
        "nauc_ndcg_at_100_std": -0.011293570251692493,
        "nauc_ndcg_at_10_diff1": 0.42087379393813723,
        "nauc_ndcg_at_10_max": 0.2766475769882243,
        "nauc_ndcg_at_10_std": -0.045537676906154845,
        "nauc_ndcg_at_1_diff1": 0.5201794215121932,
        "nauc_ndcg_at_1_max": 0.27603744155619475,
        "nauc_ndcg_at_1_std": -0.07524278247327998,
        "nauc_ndcg_at_20_diff1": 0.4174108552568328,
        "nauc_ndcg_at_20_max": 0.2682249517627217,
        "nauc_ndcg_at_20_std": -0.030041165347412753,
        "nauc_ndcg_at_3_diff1": 0.4610052056660908,
        "nauc_ndcg_at_3_max": 0.2781511517877843,
        "nauc_ndcg_at_3_std": -0.038000415686601605,
        "nauc_ndcg_at_5_diff1": 0.4356261009168728,
        "nauc_ndcg_at_5_max": 0.2773355319005565,
        "nauc_ndcg_at_5_std": -0.04644766600977816,
        "nauc_precision_at_1000_diff1": -0.2121031883979971,
        "nauc_precision_at_1000_max": -0.02736138495862668,
        "nauc_precision_at_1000_std": 0.2358276117052976,
        "nauc_precision_at_100_diff1": 0.07526072337032286,
        "nauc_precision_at_100_max": 0.1671195958326021,
        "nauc_precision_at_100_std": 0.18678286228376237,
        "nauc_precision_at_10_diff1": 0.2488242448028627,
        "nauc_precision_at_10_max": 0.29245222567191975,
        "nauc_precision_at_10_std": 0.006572734971544481,
        "nauc_precision_at_1_diff1": 0.5201794215121932,
        "nauc_precision_at_1_max": 0.27603744155619475,
        "nauc_precision_at_1_std": -0.07524278247327998,
        "nauc_precision_at_20_diff1": 0.199261482215606,
        "nauc_precision_at_20_max": 0.24665077116914078,
        "nauc_precision_at_20_std": 0.08559333279702855,
        "nauc_precision_at_3_diff1": 0.3919709405558114,
        "nauc_precision_at_3_max": 0.2982152473141606,
        "nauc_precision_at_3_std": -0.0004025613901324742,
        "nauc_precision_at_5_diff1": 0.31441268997259725,
        "nauc_precision_at_5_max": 0.29975007393734293,
        "nauc_precision_at_5_std": -0.008793890315959048,
        "nauc_recall_at_1000_diff1": 0.06581077072059376,
        "nauc_recall_at_1000_max": 0.23733226882225852,
        "nauc_recall_at_1000_std": 0.40089264683759895,
        "nauc_recall_at_100_diff1": 0.2758762052818503,
        "nauc_recall_at_100_max": 0.20334892618669095,
        "nauc_recall_at_100_std": 0.12426136970477353,
        "nauc_recall_at_10_diff1": 0.32248352213400766,
        "nauc_recall_at_10_max": 0.2658213745160558,
        "nauc_recall_at_10_std": -0.038967177498023996,
        "nauc_recall_at_1_diff1": 0.5215422354866494,
        "nauc_recall_at_1_max": 0.26315765621501425,
        "nauc_recall_at_1_std": -0.08192379664429919,
        "nauc_recall_at_20_diff1": 0.3064804115655885,
        "nauc_recall_at_20_max": 0.2305026710332463,
        "nauc_recall_at_20_std": 0.012240468480743468,
        "nauc_recall_at_3_diff1": 0.42097252133482543,
        "nauc_recall_at_3_max": 0.27059754085759063,
        "nauc_recall_at_3_std": -0.024019748099557366,
        "nauc_recall_at_5_diff1": 0.36721898397339214,
        "nauc_recall_at_5_max": 0.27071335183297784,
        "nauc_recall_at_5_std": -0.04211859577201764,
        "ndcg_at_1": 0.23845,
        "ndcg_at_10": 0.33117,
        "ndcg_at_100": 0.38205,
        "ndcg_at_1000": 0.4098,
        "ndcg_at_20": 0.35323,
        "ndcg_at_3": 0.28901,
        "ndcg_at_5": 0.30825,
        "precision_at_1": 0.23845,
        "precision_at_10": 0.05102,
        "precision_at_100": 0.00819,
        "precision_at_1000": 0.00118,
        "precision_at_20": 0.03105,
        "precision_at_3": 0.12138,
        "precision_at_5": 0.08503,
        "recall_at_1": 0.21941,
        "recall_at_10": 0.44301,
        "recall_at_100": 0.67156,
        "recall_at_1000": 0.87881,
        "recall_at_20": 0.52658,
        "recall_at_3": 0.32865,
        "recall_at_5": 0.37575
      }
    ]
  },
  "task_name": "CQADupstackWordpressRetrieval"
}