{
  "dataset_revision": "f46a197baaae43b4f621051089b82a364682dfeb",
  "evaluation_time": 27.61478281021118,
  "kg_co2_emissions": null,
  "mteb_version": "1.13.1",
  "scores": {
    "test": [
      {
        "hf_subset": "default",
        "languages": [
          "eng-Latn"
        ],
        "main_score": 0.49492,
        "map_at_1": 0.33371,
        "map_at_10": 0.43578,
        "map_at_100": 0.45067,
        "map_at_1000": 0.45189,
        "map_at_20": 0.44459,
        "map_at_3": 0.40169,
        "map_at_5": 0.42151,
        "mrr_at_1": 0.40915593705293274,
        "mrr_at_10": 0.4962525830551581,
        "mrr_at_100": 0.5039539057751338,
        "mrr_at_1000": 0.5043757330900867,
        "mrr_at_20": 0.5011298349432327,
        "mrr_at_3": 0.46876490224129713,
        "mrr_at_5": 0.48614687649022414,
        "nauc_map_at_1000_diff1": 0.49434103061131196,
        "nauc_map_at_1000_max": 0.4254246695180134,
        "nauc_map_at_1000_std": -0.07660003355000931,
        "nauc_map_at_100_diff1": 0.49435999307116696,
        "nauc_map_at_100_max": 0.42568603026141566,
        "nauc_map_at_100_std": -0.07622801512600695,
        "nauc_map_at_10_diff1": 0.4965584062793423,
        "nauc_map_at_10_max": 0.42287909652413874,
        "nauc_map_at_10_std": -0.08360882996227335,
        "nauc_map_at_1_diff1": 0.5569503907796947,
        "nauc_map_at_1_max": 0.3850792769625103,
        "nauc_map_at_1_std": -0.10024331140275754,
        "nauc_map_at_20_diff1": 0.4944884560446395,
        "nauc_map_at_20_max": 0.4242964614354174,
        "nauc_map_at_20_std": -0.08019346261833869,
        "nauc_map_at_3_diff1": 0.5132863218079453,
        "nauc_map_at_3_max": 0.4133264431907449,
        "nauc_map_at_3_std": -0.08631285245911541,
        "nauc_map_at_5_diff1": 0.5007195531790364,
        "nauc_map_at_5_max": 0.4190673649710666,
        "nauc_map_at_5_std": -0.08865195645088712,
        "nauc_mrr_at_1000_diff1": 0.47378770039975004,
        "nauc_mrr_at_1000_max": 0.4224131941998587,
        "nauc_mrr_at_1000_std": -0.071859495742041,
        "nauc_mrr_at_100_diff1": 0.4737018399610465,
        "nauc_mrr_at_100_max": 0.4224313126108494,
        "nauc_mrr_at_100_std": -0.07178540025055552,
        "nauc_mrr_at_10_diff1": 0.47145510341142394,
        "nauc_mrr_at_10_max": 0.422082557714884,
        "nauc_mrr_at_10_std": -0.07283730971776962,
        "nauc_mrr_at_1_diff1": 0.5110183785928777,
        "nauc_mrr_at_1_max": 0.4172490540083984,
        "nauc_mrr_at_1_std": -0.0911768252378228,
        "nauc_mrr_at_20_diff1": 0.47373584247836176,
        "nauc_mrr_at_20_max": 0.42275885420276066,
        "nauc_mrr_at_20_std": -0.07284276827593202,
        "nauc_mrr_at_3_diff1": 0.4789346570703115,
        "nauc_mrr_at_3_max": 0.42173353093094385,
        "nauc_mrr_at_3_std": -0.07276708597688603,
        "nauc_mrr_at_5_diff1": 0.46998035770919544,
        "nauc_mrr_at_5_max": 0.42001590581095183,
        "nauc_mrr_at_5_std": -0.0790937533691509,
        "nauc_ndcg_at_1000_diff1": 0.4759124609883395,
        "nauc_ndcg_at_1000_max": 0.43467328714638787,
        "nauc_ndcg_at_1000_std": -0.05207698202758572,
        "nauc_ndcg_at_100_diff1": 0.4748377717739337,
        "nauc_ndcg_at_100_max": 0.4365974051464202,
        "nauc_ndcg_at_100_std": -0.04555153368951772,
        "nauc_ndcg_at_10_diff1": 0.47335362544461523,
        "nauc_ndcg_at_10_max": 0.42902659726637254,
        "nauc_ndcg_at_10_std": -0.07035698910514046,
        "nauc_ndcg_at_1_diff1": 0.5110183785928777,
        "nauc_ndcg_at_1_max": 0.4172490540083984,
        "nauc_ndcg_at_1_std": -0.0911768252378228,
        "nauc_ndcg_at_20_diff1": 0.47308531067707604,
        "nauc_ndcg_at_20_max": 0.431815778940451,
        "nauc_ndcg_at_20_std": -0.06509583536295188,
        "nauc_ndcg_at_3_diff1": 0.4883055720393509,
        "nauc_ndcg_at_3_max": 0.4228110690200415,
        "nauc_ndcg_at_3_std": -0.07037925444267545,
        "nauc_ndcg_at_5_diff1": 0.47272161006247454,
        "nauc_ndcg_at_5_max": 0.42356494406503953,
        "nauc_ndcg_at_5_std": -0.08029488726698605,
        "nauc_precision_at_1000_diff1": -0.1637273365196304,
        "nauc_precision_at_1000_max": -0.11413019131732606,
        "nauc_precision_at_1000_std": 0.0074095972380252345,
        "nauc_precision_at_100_diff1": -0.10311474357801727,
        "nauc_precision_at_100_max": 0.028835773638560304,
        "nauc_precision_at_100_std": 0.08411353055192398,
        "nauc_precision_at_10_diff1": 0.05567843939349142,
        "nauc_precision_at_10_max": 0.2545307300940039,
        "nauc_precision_at_10_std": 0.02691037309007323,
        "nauc_precision_at_1_diff1": 0.5110183785928777,
        "nauc_precision_at_1_max": 0.4172490540083984,
        "nauc_precision_at_1_std": -0.0911768252378228,
        "nauc_precision_at_20_diff1": -0.010699733306322422,
        "nauc_precision_at_20_max": 0.18717048482124685,
        "nauc_precision_at_20_std": 0.06481085913919236,
        "nauc_precision_at_3_diff1": 0.2761472067725727,
        "nauc_precision_at_3_max": 0.3691093215648415,
        "nauc_precision_at_3_std": -0.037472183462976226,
        "nauc_precision_at_5_diff1": 0.1469501003969382,
        "nauc_precision_at_5_max": 0.3138975606050665,
        "nauc_precision_at_5_std": -0.02864185180248459,
        "nauc_recall_at_1000_diff1": 0.3711015004809985,
        "nauc_recall_at_1000_max": 0.596209320769583,
        "nauc_recall_at_1000_std": 0.3608329548521004,
        "nauc_recall_at_100_diff1": 0.370708929558511,
        "nauc_recall_at_100_max": 0.4701892910341243,
        "nauc_recall_at_100_std": 0.17899526078034655,
        "nauc_recall_at_10_diff1": 0.4057609151796097,
        "nauc_recall_at_10_max": 0.4169485896050728,
        "nauc_recall_at_10_std": -0.04357362806398739,
        "nauc_recall_at_1_diff1": 0.5569503907796947,
        "nauc_recall_at_1_max": 0.3850792769625103,
        "nauc_recall_at_1_std": -0.10024331140275754,
        "nauc_recall_at_20_diff1": 0.39180563186137435,
        "nauc_recall_at_20_max": 0.4274036692733608,
        "nauc_recall_at_20_std": -0.019224893901783918,
        "nauc_recall_at_3_diff1": 0.46736089955864557,
        "nauc_recall_at_3_max": 0.4097935564772694,
        "nauc_recall_at_3_std": -0.05857808385902629,
        "nauc_recall_at_5_diff1": 0.41929495170382186,
        "nauc_recall_at_5_max": 0.4045458584568818,
        "nauc_recall_at_5_std": -0.07859610666865798,
        "ndcg_at_1": 0.40916,
        "ndcg_at_10": 0.49492,
        "ndcg_at_100": 0.54872,
        "ndcg_at_1000": 0.56782,
        "ndcg_at_20": 0.51756,
        "ndcg_at_3": 0.44515,
        "ndcg_at_5": 0.47091,
        "precision_at_1": 0.40916,
        "precision_at_10": 0.09142,
        "precision_at_100": 0.01492,
        "precision_at_1000": 0.00195,
        "precision_at_20": 0.05451,
        "precision_at_3": 0.20744,
        "precision_at_5": 0.15079,
        "recall_at_1": 0.33371,
        "recall_at_10": 0.60369,
        "recall_at_100": 0.82548,
        "recall_at_1000": 0.94613,
        "recall_at_20": 0.68393,
        "recall_at_3": 0.46223,
        "recall_at_5": 0.53257
      }
    ]
  },
  "task_name": "CQADupstackAndroidRetrieval"
}