{
  "dataset_revision": "79531abbd1fb92d06c6d6315a0cbbbf5bb247ea4",
  "evaluation_time": 55.79389715194702,
  "kg_co2_emissions": null,
  "mteb_version": "1.13.1",
  "scores": {
    "test": [
      {
        "hf_subset": "default",
        "languages": [
          "eng-Latn"
        ],
        "main_score": 0.45245,
        "map_at_1": 0.29798,
        "map_at_10": 0.39613,
        "map_at_100": 0.40897,
        "map_at_1000": 0.41001,
        "map_at_20": 0.40336,
        "map_at_3": 0.36874,
        "map_at_5": 0.38191,
        "mrr_at_1": 0.36092396535129934,
        "mrr_at_10": 0.4503467925508349,
        "mrr_at_100": 0.45875464342328065,
        "mrr_at_1000": 0.4591916835343952,
        "mrr_at_20": 0.4554161544181568,
        "mrr_at_3": 0.4278152069297401,
        "mrr_at_5": 0.43970163618864294,
        "nauc_map_at_1000_diff1": 0.50698746685888,
        "nauc_map_at_1000_max": 0.368701230294465,
        "nauc_map_at_1000_std": -0.07897443145471375,
        "nauc_map_at_100_diff1": 0.5066526193794569,
        "nauc_map_at_100_max": 0.36834470607638103,
        "nauc_map_at_100_std": -0.07937845774187002,
        "nauc_map_at_10_diff1": 0.5059349045207222,
        "nauc_map_at_10_max": 0.36414163426158097,
        "nauc_map_at_10_std": -0.08711698263031173,
        "nauc_map_at_1_diff1": 0.5624202513974221,
        "nauc_map_at_1_max": 0.3403456875479114,
        "nauc_map_at_1_std": -0.0990399061286317,
        "nauc_map_at_20_diff1": 0.5062502655889362,
        "nauc_map_at_20_max": 0.36621155042900466,
        "nauc_map_at_20_std": -0.08294731899444283,
        "nauc_map_at_3_diff1": 0.5119593455816599,
        "nauc_map_at_3_max": 0.3537467496776419,
        "nauc_map_at_3_std": -0.09659104167684032,
        "nauc_map_at_5_diff1": 0.5059568955520216,
        "nauc_map_at_5_max": 0.3599105134847596,
        "nauc_map_at_5_std": -0.09004332198029735,
        "nauc_mrr_at_1000_diff1": 0.511510614633634,
        "nauc_mrr_at_1000_max": 0.38438654063089367,
        "nauc_mrr_at_1000_std": -0.06807870255012027,
        "nauc_mrr_at_100_diff1": 0.5114002641121782,
        "nauc_mrr_at_100_max": 0.3843839291537773,
        "nauc_mrr_at_100_std": -0.06804480664893356,
        "nauc_mrr_at_10_diff1": 0.5123737352780678,
        "nauc_mrr_at_10_max": 0.38487358268053384,
        "nauc_mrr_at_10_std": -0.07105927025976044,
        "nauc_mrr_at_1_diff1": 0.5602551156018877,
        "nauc_mrr_at_1_max": 0.3701639168120045,
        "nauc_mrr_at_1_std": -0.08421536268082942,
        "nauc_mrr_at_20_diff1": 0.5111961420114842,
        "nauc_mrr_at_20_max": 0.3843873452424778,
        "nauc_mrr_at_20_std": -0.0689151533329149,
        "nauc_mrr_at_3_diff1": 0.5137615277931377,
        "nauc_mrr_at_3_max": 0.3814010961762984,
        "nauc_mrr_at_3_std": -0.07373259702101399,
        "nauc_mrr_at_5_diff1": 0.5135072393583555,
        "nauc_mrr_at_5_max": 0.3850982299419582,
        "nauc_mrr_at_5_std": -0.07314996905436198,
        "nauc_ndcg_at_1000_diff1": 0.4941200289949708,
        "nauc_ndcg_at_1000_max": 0.38913836799796087,
        "nauc_ndcg_at_1000_std": -0.041990156893365056,
        "nauc_ndcg_at_100_diff1": 0.48905762013565945,
        "nauc_ndcg_at_100_max": 0.38692612892625944,
        "nauc_ndcg_at_100_std": -0.044160702815376665,
        "nauc_ndcg_at_10_diff1": 0.48854310028796166,
        "nauc_ndcg_at_10_max": 0.37436702464165844,
        "nauc_ndcg_at_10_std": -0.07486446452529655,
        "nauc_ndcg_at_1_diff1": 0.5602551156018877,
        "nauc_ndcg_at_1_max": 0.3701639168120045,
        "nauc_ndcg_at_1_std": -0.08421536268082942,
        "nauc_ndcg_at_20_diff1": 0.486531038649738,
        "nauc_ndcg_at_20_max": 0.3762562300200801,
        "nauc_ndcg_at_20_std": -0.06429967262477704,
        "nauc_ndcg_at_3_diff1": 0.4986857786415392,
        "nauc_ndcg_at_3_max": 0.36875372592502015,
        "nauc_ndcg_at_3_std": -0.08454891108161881,
        "nauc_ndcg_at_5_diff1": 0.49259984018788294,
        "nauc_ndcg_at_5_max": 0.3735404511691247,
        "nauc_ndcg_at_5_std": -0.07941116290785255,
        "nauc_precision_at_1000_diff1": -0.0276243985631589,
        "nauc_precision_at_1000_max": 0.1387276157691021,
        "nauc_precision_at_1000_std": 0.22613037862594096,
        "nauc_precision_at_100_diff1": 0.047859204997517626,
        "nauc_precision_at_100_max": 0.22892182344843526,
        "nauc_precision_at_100_std": 0.21443120199877336,
        "nauc_precision_at_10_diff1": 0.22822017236515854,
        "nauc_precision_at_10_max": 0.3344513697950902,
        "nauc_precision_at_10_std": 0.060277526890848934,
        "nauc_precision_at_1_diff1": 0.5602551156018877,
        "nauc_precision_at_1_max": 0.3701639168120045,
        "nauc_precision_at_1_std": -0.08421536268082942,
        "nauc_precision_at_20_diff1": 0.1708731676093709,
        "nauc_precision_at_20_max": 0.30063575809991444,
        "nauc_precision_at_20_std": 0.12175820273308618,
        "nauc_precision_at_3_diff1": 0.36569242419261605,
        "nauc_precision_at_3_max": 0.3699328026861354,
        "nauc_precision_at_3_std": -0.030644001621627472,
        "nauc_precision_at_5_diff1": 0.30362255755991024,
        "nauc_precision_at_5_max": 0.3708177296052755,
        "nauc_precision_at_5_std": 0.013882494409606969,
        "nauc_recall_at_1000_diff1": 0.3103872031970802,
        "nauc_recall_at_1000_max": 0.4699441721895725,
        "nauc_recall_at_1000_std": 0.39794563594486243,
        "nauc_recall_at_100_diff1": 0.34790441854780735,
        "nauc_recall_at_100_max": 0.4025858822906087,
        "nauc_recall_at_100_std": 0.1426203928140259,
        "nauc_recall_at_10_diff1": 0.40151652539548033,
        "nauc_recall_at_10_max": 0.35251436364869265,
        "nauc_recall_at_10_std": -0.05462370370183876,
        "nauc_recall_at_1_diff1": 0.5624202513974221,
        "nauc_recall_at_1_max": 0.3403456875479114,
        "nauc_recall_at_1_std": -0.0990399061286317,
        "nauc_recall_at_20_diff1": 0.3764128746237359,
        "nauc_recall_at_20_max": 0.3456639571932748,
        "nauc_recall_at_20_std": -0.017456431615390688,
        "nauc_recall_at_3_diff1": 0.44868610658348357,
        "nauc_recall_at_3_max": 0.3436304558118833,
        "nauc_recall_at_3_std": -0.09287650624892803,
        "nauc_recall_at_5_diff1": 0.4257886292023202,
        "nauc_recall_at_5_max": 0.35098258547182776,
        "nauc_recall_at_5_std": -0.08023986148236605,
        "ndcg_at_1": 0.36092,
        "ndcg_at_10": 0.45245,
        "ndcg_at_100": 0.50694,
        "ndcg_at_1000": 0.52694,
        "ndcg_at_20": 0.47395,
        "ndcg_at_3": 0.40642,
        "ndcg_at_5": 0.42445,
        "precision_at_1": 0.36092,
        "precision_at_10": 0.08008,
        "precision_at_100": 0.01255,
        "precision_at_1000": 0.00159,
        "precision_at_20": 0.04716,
        "precision_at_3": 0.18928,
        "precision_at_5": 0.1307,
        "recall_at_1": 0.29798,
        "recall_at_10": 0.56705,
        "recall_at_100": 0.79712,
        "recall_at_1000": 0.92866,
        "recall_at_20": 0.64097,
        "recall_at_3": 0.43649,
        "recall_at_5": 0.48334
      }
    ]
  },
  "task_name": "CQADupstackPhysicsRetrieval"
}