{
  "dataset_revision": "6c6430d3a6d36f8d2a829195bc5dc94d7e063e53",
  "evaluation_time": 34.40726089477539,
  "kg_co2_emissions": null,
  "mteb_version": "1.13.1",
  "scores": {
    "test": [
      {
        "hf_subset": "default",
        "languages": [
          "eng-Latn"
        ],
        "main_score": 0.40532,
        "map_at_1": 0.26475,
        "map_at_10": 0.35531,
        "map_at_100": 0.36623,
        "map_at_1000": 0.36726,
        "map_at_20": 0.36097,
        "map_at_3": 0.33024,
        "map_at_5": 0.34571,
        "mrr_at_1": 0.3125,
        "mrr_at_10": 0.39660884565268895,
        "mrr_at_100": 0.4047802127228268,
        "mrr_at_1000": 0.4053586586993534,
        "mrr_at_20": 0.40107373531332247,
        "mrr_at_3": 0.37344527363184077,
        "mrr_at_5": 0.38813743781094523,
        "nauc_map_at_1000_diff1": 0.5028147445077332,
        "nauc_map_at_1000_max": 0.47716874482552113,
        "nauc_map_at_1000_std": 0.006793559118411439,
        "nauc_map_at_100_diff1": 0.5027083648172438,
        "nauc_map_at_100_max": 0.47691656505731617,
        "nauc_map_at_100_std": 0.006455461001310965,
        "nauc_map_at_10_diff1": 0.5050515177585486,
        "nauc_map_at_10_max": 0.4781866820261771,
        "nauc_map_at_10_std": 0.00189222205312333,
        "nauc_map_at_1_diff1": 0.5684426333766937,
        "nauc_map_at_1_max": 0.4891631229437061,
        "nauc_map_at_1_std": -0.011549953968536038,
        "nauc_map_at_20_diff1": 0.5034157249833522,
        "nauc_map_at_20_max": 0.4764824771288417,
        "nauc_map_at_20_std": 0.0036603568021365174,
        "nauc_map_at_3_diff1": 0.5116651415228114,
        "nauc_map_at_3_max": 0.4745294447021844,
        "nauc_map_at_3_std": -0.0072316591698833275,
        "nauc_map_at_5_diff1": 0.5067471061522213,
        "nauc_map_at_5_max": 0.47523123808865364,
        "nauc_map_at_5_std": -0.003578027832360974,
        "nauc_mrr_at_1000_diff1": 0.49009862723514225,
        "nauc_mrr_at_1000_max": 0.4711350228798368,
        "nauc_mrr_at_1000_std": 0.00013598823604756057,
        "nauc_mrr_at_100_diff1": 0.48993162796428363,
        "nauc_mrr_at_100_max": 0.4709395571174847,
        "nauc_mrr_at_100_std": 5.0387136094748105e-05,
        "nauc_mrr_at_10_diff1": 0.4900245633260656,
        "nauc_mrr_at_10_max": 0.4724240031028821,
        "nauc_mrr_at_10_std": -0.0016763399186639932,
        "nauc_mrr_at_1_diff1": 0.5545650798650584,
        "nauc_mrr_at_1_max": 0.489397318429427,
        "nauc_mrr_at_1_std": -0.021036199321406723,
        "nauc_mrr_at_20_diff1": 0.4893842457881304,
        "nauc_mrr_at_20_max": 0.47092245497328605,
        "nauc_mrr_at_20_std": -0.001376565055295325,
        "nauc_mrr_at_3_diff1": 0.49667282915282723,
        "nauc_mrr_at_3_max": 0.4671403782834657,
        "nauc_mrr_at_3_std": -0.01297748128489104,
        "nauc_mrr_at_5_diff1": 0.4925071738664604,
        "nauc_mrr_at_5_max": 0.4699498939524466,
        "nauc_mrr_at_5_std": -0.008566000406842593,
        "nauc_ndcg_at_1000_diff1": 0.47713703355961523,
        "nauc_ndcg_at_1000_max": 0.4755295513873098,
        "nauc_ndcg_at_1000_std": 0.03810278655321798,
        "nauc_ndcg_at_100_diff1": 0.47270213919203613,
        "nauc_ndcg_at_100_max": 0.4694529488297044,
        "nauc_ndcg_at_100_std": 0.03462017714009258,
        "nauc_ndcg_at_10_diff1": 0.4782699985916815,
        "nauc_ndcg_at_10_max": 0.47259319415817075,
        "nauc_ndcg_at_10_std": 0.012574594118014733,
        "nauc_ndcg_at_1_diff1": 0.5516282028546533,
        "nauc_ndcg_at_1_max": 0.4901579272238712,
        "nauc_ndcg_at_1_std": -0.014409654097802715,
        "nauc_ndcg_at_20_diff1": 0.4735799674789686,
        "nauc_ndcg_at_20_max": 0.4672468626807972,
        "nauc_ndcg_at_20_std": 0.018866353413160473,
        "nauc_ndcg_at_3_diff1": 0.4854085706028635,
        "nauc_ndcg_at_3_max": 0.46373401054775387,
        "nauc_ndcg_at_3_std": -0.009709656701252118,
        "nauc_ndcg_at_5_diff1": 0.4816396533442151,
        "nauc_ndcg_at_5_max": 0.46542755557570925,
        "nauc_ndcg_at_5_std": -0.0019420109091575076,
        "nauc_precision_at_1000_diff1": -0.1022960828894771,
        "nauc_precision_at_1000_max": -0.004091459626411793,
        "nauc_precision_at_1000_std": 0.0633403016200683,
        "nauc_precision_at_100_diff1": 0.03232492055702059,
        "nauc_precision_at_100_max": 0.14337474496479252,
        "nauc_precision_at_100_std": 0.10236994407767624,
        "nauc_precision_at_10_diff1": 0.24348930752902773,
        "nauc_precision_at_10_max": 0.33162041497884576,
        "nauc_precision_at_10_std": 0.0439866001288387,
        "nauc_precision_at_1_diff1": 0.5516282028546533,
        "nauc_precision_at_1_max": 0.4901579272238712,
        "nauc_precision_at_1_std": -0.014409654097802715,
        "nauc_precision_at_20_diff1": 0.17404062515257407,
        "nauc_precision_at_20_max": 0.26749539836670244,
        "nauc_precision_at_20_std": 0.06676327503110611,
        "nauc_precision_at_3_diff1": 0.3514176156233368,
        "nauc_precision_at_3_max": 0.3863298382236933,
        "nauc_precision_at_3_std": -0.014554824067378977,
        "nauc_precision_at_5_diff1": 0.2989043798643324,
        "nauc_precision_at_5_max": 0.3615735890183047,
        "nauc_precision_at_5_std": 0.009780349165994542,
        "nauc_recall_at_1000_diff1": 0.345267428035166,
        "nauc_recall_at_1000_max": 0.5172061803808413,
        "nauc_recall_at_1000_std": 0.456943178074545,
        "nauc_recall_at_100_diff1": 0.3469192745615252,
        "nauc_recall_at_100_max": 0.4109896599559106,
        "nauc_recall_at_100_std": 0.1881234757467473,
        "nauc_recall_at_10_diff1": 0.39307330009087577,
        "nauc_recall_at_10_max": 0.437372111192398,
        "nauc_recall_at_10_std": 0.044692049828497886,
        "nauc_recall_at_1_diff1": 0.5684426333766937,
        "nauc_recall_at_1_max": 0.4891631229437061,
        "nauc_recall_at_1_std": -0.011549953968536038,
        "nauc_recall_at_20_diff1": 0.36805308762262495,
        "nauc_recall_at_20_max": 0.4092920270750005,
        "nauc_recall_at_20_std": 0.06865653362195626,
        "nauc_recall_at_3_diff1": 0.4321472233171882,
        "nauc_recall_at_3_max": 0.4258057523784686,
        "nauc_recall_at_3_std": -0.005305395336489527,
        "nauc_recall_at_5_diff1": 0.41054902516198666,
        "nauc_recall_at_5_max": 0.4228585067912472,
        "nauc_recall_at_5_std": 0.00690760731417355,
        "ndcg_at_1": 0.31343,
        "ndcg_at_10": 0.40532,
        "ndcg_at_100": 0.45573,
        "ndcg_at_1000": 0.47892,
        "ndcg_at_20": 0.42329,
        "ndcg_at_3": 0.36189,
        "ndcg_at_5": 0.38504,
        "precision_at_1": 0.31343,
        "precision_at_10": 0.06744,
        "precision_at_100": 0.01039,
        "precision_at_1000": 0.00135,
        "precision_at_20": 0.03857,
        "precision_at_3": 0.16511,
        "precision_at_5": 0.1166,
        "recall_at_1": 0.26475,
        "recall_at_10": 0.51411,
        "recall_at_100": 0.73452,
        "recall_at_1000": 0.89768,
        "recall_at_20": 0.57844,
        "recall_at_3": 0.39699,
        "recall_at_5": 0.4559
      }
    ]
  },
  "task_name": "CQADupstackUnixRetrieval"
}