{
  "dataset_revision": "c0f706b76e590d620bd6618b3ca8efdd34e2d659",
  "evaluation_time": 1178.872124671936,
  "kg_co2_emissions": null,
  "mteb_version": "1.13.1",
  "scores": {
    "test": [
      {
        "hf_subset": "default",
        "languages": [
          "eng-Latn"
        ],
        "main_score": 0.43461,
        "map_at_1": 0.08594,
        "map_at_10": 0.19997,
        "map_at_100": 0.28629,
        "map_at_1000": 0.30265,
        "map_at_20": 0.23421,
        "map_at_3": 0.14107,
        "map_at_5": 0.1684,
        "mrr_at_1": 0.6875,
        "mrr_at_10": 0.761795634920635,
        "mrr_at_100": 0.7645460183501173,
        "mrr_at_1000": 0.7646117169175558,
        "mrr_at_20": 0.7638799880674881,
        "mrr_at_3": 0.7458333333333332,
        "mrr_at_5": 0.7529583333333334,
        "nauc_map_at_1000_diff1": 0.23657179052624358,
        "nauc_map_at_1000_max": 0.29885612218435564,
        "nauc_map_at_1000_std": 0.22609513993423086,
        "nauc_map_at_100_diff1": 0.243870637591947,
        "nauc_map_at_100_max": 0.27916585178182846,
        "nauc_map_at_100_std": 0.19133267838775192,
        "nauc_map_at_10_diff1": 0.24718806995004972,
        "nauc_map_at_10_max": 0.12456887145763275,
        "nauc_map_at_10_std": -0.07139767686149678,
        "nauc_map_at_1_diff1": 0.30885718802429596,
        "nauc_map_at_1_max": -0.03329170182351973,
        "nauc_map_at_1_std": -0.25235907035992966,
        "nauc_map_at_20_diff1": 0.24665605290950382,
        "nauc_map_at_20_max": 0.18724633177900502,
        "nauc_map_at_20_std": 0.04077336898603058,
        "nauc_map_at_3_diff1": 0.24820131558012623,
        "nauc_map_at_3_max": 0.0201829609443393,
        "nauc_map_at_3_std": -0.20770117006998914,
        "nauc_map_at_5_diff1": 0.24263228566460474,
        "nauc_map_at_5_max": 0.05903658107249445,
        "nauc_map_at_5_std": -0.152639521982718,
        "nauc_mrr_at_1000_diff1": 0.48623934771941046,
        "nauc_mrr_at_1000_max": 0.5858119113742987,
        "nauc_mrr_at_1000_std": 0.4006848493915279,
        "nauc_mrr_at_100_diff1": 0.4860893095977827,
        "nauc_mrr_at_100_max": 0.5858761940068715,
        "nauc_mrr_at_100_std": 0.40080249390091943,
        "nauc_mrr_at_10_diff1": 0.4838919946299687,
        "nauc_mrr_at_10_max": 0.5841786856059393,
        "nauc_mrr_at_10_std": 0.3997264089218021,
        "nauc_mrr_at_1_diff1": 0.5095076214497204,
        "nauc_mrr_at_1_max": 0.5681236977738783,
        "nauc_mrr_at_1_std": 0.37080820265379943,
        "nauc_mrr_at_20_diff1": 0.4858268850626249,
        "nauc_mrr_at_20_max": 0.5855993180164036,
        "nauc_mrr_at_20_std": 0.40076954672697346,
        "nauc_mrr_at_3_diff1": 0.484902268957912,
        "nauc_mrr_at_3_max": 0.5817215598760017,
        "nauc_mrr_at_3_std": 0.3931896529267213,
        "nauc_mrr_at_5_diff1": 0.4865305077792277,
        "nauc_mrr_at_5_max": 0.5893988318164706,
        "nauc_mrr_at_5_std": 0.40540563952270264,
        "nauc_ndcg_at_1000_diff1": 0.30572662502953135,
        "nauc_ndcg_at_1000_max": 0.4702936169054814,
        "nauc_ndcg_at_1000_std": 0.40311035025693415,
        "nauc_ndcg_at_100_diff1": 0.31814262645157826,
        "nauc_ndcg_at_100_max": 0.40751333307692744,
        "nauc_ndcg_at_100_std": 0.3058141558048874,
        "nauc_ndcg_at_10_diff1": 0.32434020378343564,
        "nauc_ndcg_at_10_max": 0.4248022444764148,
        "nauc_ndcg_at_10_std": 0.2930387217610246,
        "nauc_ndcg_at_1_diff1": 0.46355818303147656,
        "nauc_ndcg_at_1_max": 0.4533210522853087,
        "nauc_ndcg_at_1_std": 0.2591670817786218,
        "nauc_ndcg_at_20_diff1": 0.3194088900980851,
        "nauc_ndcg_at_20_max": 0.38720589180281956,
        "nauc_ndcg_at_20_std": 0.26641345051140547,
        "nauc_ndcg_at_3_diff1": 0.3350105079144142,
        "nauc_ndcg_at_3_max": 0.4361452998872343,
        "nauc_ndcg_at_3_std": 0.2964047901600884,
        "nauc_ndcg_at_5_diff1": 0.3241850569725076,
        "nauc_ndcg_at_5_max": 0.42621099643185595,
        "nauc_ndcg_at_5_std": 0.3030949357275909,
        "nauc_precision_at_1000_diff1": -0.14909966688117623,
        "nauc_precision_at_1000_max": 0.13071240041466747,
        "nauc_precision_at_1000_std": 0.28240475627128797,
        "nauc_precision_at_100_diff1": -0.013387264973837328,
        "nauc_precision_at_100_max": 0.3532894156683483,
        "nauc_precision_at_100_std": 0.5208942408224477,
        "nauc_precision_at_10_diff1": 0.07611669249626361,
        "nauc_precision_at_10_max": 0.45316462946992564,
        "nauc_precision_at_10_std": 0.5351844721162341,
        "nauc_precision_at_1_diff1": 0.5027294213097692,
        "nauc_precision_at_1_max": 0.5616522920083958,
        "nauc_precision_at_1_std": 0.3633040548882656,
        "nauc_precision_at_20_diff1": 0.0455755361276967,
        "nauc_precision_at_20_max": 0.4208059551893546,
        "nauc_precision_at_20_std": 0.5678367647136211,
        "nauc_precision_at_3_diff1": 0.18042363295473912,
        "nauc_precision_at_3_max": 0.47323804385644885,
        "nauc_precision_at_3_std": 0.43131001666415436,
        "nauc_precision_at_5_diff1": 0.13161879090771886,
        "nauc_precision_at_5_max": 0.45356462662512315,
        "nauc_precision_at_5_std": 0.46816463150625415,
        "nauc_recall_at_1000_diff1": 0.16640469298698138,
        "nauc_recall_at_1000_max": 0.4061648221682489,
        "nauc_recall_at_1000_std": 0.43101090701336786,
        "nauc_recall_at_100_diff1": 0.1927450878025648,
        "nauc_recall_at_100_max": 0.27687372873291244,
        "nauc_recall_at_100_std": 0.2341673331764326,
        "nauc_recall_at_10_diff1": 0.18037670256852573,
        "nauc_recall_at_10_max": 0.06960812760793217,
        "nauc_recall_at_10_std": -0.1103636215421995,
        "nauc_recall_at_1_diff1": 0.30885718802429596,
        "nauc_recall_at_1_max": -0.03329170182351973,
        "nauc_recall_at_1_std": -0.25235907035992966,
        "nauc_recall_at_20_diff1": 0.1641892889689751,
        "nauc_recall_at_20_max": 0.10601099299000417,
        "nauc_recall_at_20_std": 0.0005156219160446545,
        "nauc_recall_at_3_diff1": 0.20659216121516247,
        "nauc_recall_at_3_max": -0.009943910050095822,
        "nauc_recall_at_3_std": -0.22634060842097517,
        "nauc_recall_at_5_diff1": 0.1964516517086864,
        "nauc_recall_at_5_max": 0.031192485217410405,
        "nauc_recall_at_5_std": -0.1653199901937269,
        "ndcg_at_1": 0.57125,
        "ndcg_at_10": 0.43461,
        "ndcg_at_100": 0.47973,
        "ndcg_at_1000": 0.55233,
        "ndcg_at_20": 0.42868,
        "ndcg_at_3": 0.48592,
        "ndcg_at_5": 0.46086,
        "precision_at_1": 0.69,
        "precision_at_10": 0.345,
        "precision_at_100": 0.11165,
        "precision_at_1000": 0.02029,
        "precision_at_20": 0.26637,
        "precision_at_3": 0.52167,
        "precision_at_5": 0.447,
        "recall_at_1": 0.08594,
        "recall_at_10": 0.25841,
        "recall_at_100": 0.54036,
        "recall_at_1000": 0.7715,
        "recall_at_20": 0.33655,
        "recall_at_3": 0.15594,
        "recall_at_5": 0.19772
      }
    ]
  },
  "task_name": "DBPedia"
}