{
  "dataset_revision": "bea83ef9e8fb933d90a2f1d5515737465d613e12",
  "evaluation_time": 1689.919434785843,
  "kg_co2_emissions": null,
  "mteb_version": "1.13.1",
  "scores": {
    "test": [
      {
        "hf_subset": "default",
        "languages": [
          "eng-Latn"
        ],
        "main_score": 0.89168,
        "map_at_1": 0.77987,
        "map_at_10": 0.85915,
        "map_at_100": 0.8614,
        "map_at_1000": 0.86152,
        "map_at_20": 0.86055,
        "map_at_3": 0.8486,
        "map_at_5": 0.85545,
        "mrr_at_1": 0.8381338133813382,
        "mrr_at_10": 0.8988970325603989,
        "mrr_at_100": 0.8995098797503591,
        "mrr_at_1000": 0.8995160750355914,
        "mrr_at_20": 0.899326036582239,
        "mrr_at_3": 0.892989298929893,
        "mrr_at_5": 0.8973472347234723,
        "nauc_map_at_1000_diff1": 0.5474363791356711,
        "nauc_map_at_1000_max": 0.25289632601619855,
        "nauc_map_at_1000_std": -0.010010548675766222,
        "nauc_map_at_100_diff1": 0.5469017886285567,
        "nauc_map_at_100_max": 0.2526983105114282,
        "nauc_map_at_100_std": -0.00998504960186582,
        "nauc_map_at_10_diff1": 0.5431576367657497,
        "nauc_map_at_10_max": 0.2509094232333181,
        "nauc_map_at_10_std": -0.011186288231480726,
        "nauc_map_at_1_diff1": 0.5826114305598359,
        "nauc_map_at_1_max": 0.19450828147636198,
        "nauc_map_at_1_std": -0.05942202248383219,
        "nauc_map_at_20_diff1": 0.5446868891717489,
        "nauc_map_at_20_max": 0.25174426543602524,
        "nauc_map_at_20_std": -0.01024202524191335,
        "nauc_map_at_3_diff1": 0.5418896988484581,
        "nauc_map_at_3_max": 0.24352318685768837,
        "nauc_map_at_3_std": -0.02093386131499768,
        "nauc_map_at_5_diff1": 0.5399322275070808,
        "nauc_map_at_5_max": 0.24711136879687418,
        "nauc_map_at_5_std": -0.014211444959330893,
        "nauc_mrr_at_1000_diff1": 0.7106521620769288,
        "nauc_mrr_at_1000_max": 0.30842647017900865,
        "nauc_mrr_at_1000_std": -0.05066174145129515,
        "nauc_mrr_at_100_diff1": 0.7106452783907816,
        "nauc_mrr_at_100_max": 0.30841834608733104,
        "nauc_mrr_at_100_std": -0.0506754598085943,
        "nauc_mrr_at_10_diff1": 0.7100026947892838,
        "nauc_mrr_at_10_max": 0.30973138847104326,
        "nauc_mrr_at_10_std": -0.05039831916649961,
        "nauc_mrr_at_1_diff1": 0.7200125992222479,
        "nauc_mrr_at_1_max": 0.27281385801667374,
        "nauc_mrr_at_1_std": -0.06640111477195304,
        "nauc_mrr_at_20_diff1": 0.7104879665590129,
        "nauc_mrr_at_20_max": 0.3089710063091477,
        "nauc_mrr_at_20_std": -0.05049400820433068,
        "nauc_mrr_at_3_diff1": 0.7115245882577659,
        "nauc_mrr_at_3_max": 0.3170301192133166,
        "nauc_mrr_at_3_std": -0.04764372809433839,
        "nauc_mrr_at_5_diff1": 0.7107162612143346,
        "nauc_mrr_at_5_max": 0.31325775888339097,
        "nauc_mrr_at_5_std": -0.0483517870395897,
        "nauc_ndcg_at_1000_diff1": 0.57265588805005,
        "nauc_ndcg_at_1000_max": 0.2798722090450816,
        "nauc_ndcg_at_1000_std": 0.0028089673606260914,
        "nauc_ndcg_at_100_diff1": 0.5614374550412091,
        "nauc_ndcg_at_100_max": 0.2766015760025585,
        "nauc_ndcg_at_100_std": 0.005111410700777018,
        "nauc_ndcg_at_10_diff1": 0.546598909358465,
        "nauc_ndcg_at_10_max": 0.27293675945148527,
        "nauc_ndcg_at_10_std": 0.001408388626041539,
        "nauc_ndcg_at_1_diff1": 0.7200125992222479,
        "nauc_ndcg_at_1_max": 0.27514058065367303,
        "nauc_ndcg_at_1_std": -0.06445047751340827,
        "nauc_ndcg_at_20_diff1": 0.5502066087198626,
        "nauc_ndcg_at_20_max": 0.27342507563876384,
        "nauc_ndcg_at_20_std": 0.004197131467127271,
        "nauc_ndcg_at_3_diff1": 0.5642653878223284,
        "nauc_ndcg_at_3_max": 0.2766846985219599,
        "nauc_ndcg_at_3_std": -0.010792755434596799,
        "nauc_ndcg_at_5_diff1": 0.5483454167988508,
        "nauc_ndcg_at_5_max": 0.2730287219720637,
        "nauc_ndcg_at_5_std": -0.0018623914226195777,
        "nauc_precision_at_1000_diff1": -0.05138063388601715,
        "nauc_precision_at_1000_max": 0.06890099395158819,
        "nauc_precision_at_1000_std": 0.07174786160015846,
        "nauc_precision_at_100_diff1": -0.08287427977806103,
        "nauc_precision_at_100_max": 0.08393898169054681,
        "nauc_precision_at_100_std": 0.09867984270772734,
        "nauc_precision_at_10_diff1": -0.06238653444659046,
        "nauc_precision_at_10_max": 0.14981438583911494,
        "nauc_precision_at_10_std": 0.12409643620331923,
        "nauc_precision_at_1_diff1": 0.7200125992222479,
        "nauc_precision_at_1_max": 0.27514058065367303,
        "nauc_precision_at_1_std": -0.06445047751340827,
        "nauc_precision_at_20_diff1": -0.08874136597779948,
        "nauc_precision_at_20_max": 0.11771794782585014,
        "nauc_precision_at_20_std": 0.11791554424407792,
        "nauc_precision_at_3_diff1": 0.1381524766730603,
        "nauc_precision_at_3_max": 0.2483666042393654,
        "nauc_precision_at_3_std": 0.10320904501103706,
        "nauc_precision_at_5_diff1": -0.002575496918813807,
        "nauc_precision_at_5_max": 0.19186429162477553,
        "nauc_precision_at_5_std": 0.12398510359548987,
        "nauc_recall_at_1000_diff1": 0.24837140177596498,
        "nauc_recall_at_1000_max": 0.5674378113751948,
        "nauc_recall_at_1000_std": 0.5987810676253019,
        "nauc_recall_at_100_diff1": 0.1255246912009461,
        "nauc_recall_at_100_max": 0.3440611006534753,
        "nauc_recall_at_100_std": 0.365323691120569,
        "nauc_recall_at_10_diff1": 0.24598945021884358,
        "nauc_recall_at_10_max": 0.2870439166642546,
        "nauc_recall_at_10_std": 0.14016578720259698,
        "nauc_recall_at_1_diff1": 0.5826114305598359,
        "nauc_recall_at_1_max": 0.19450828147636198,
        "nauc_recall_at_1_std": -0.05942202248383219,
        "nauc_recall_at_20_diff1": 0.18660718060606735,
        "nauc_recall_at_20_max": 0.29024221274295775,
        "nauc_recall_at_20_std": 0.20835421288328154,
        "nauc_recall_at_3_diff1": 0.39620420487373587,
        "nauc_recall_at_3_max": 0.2751925103195025,
        "nauc_recall_at_3_std": 0.039618328329227036,
        "nauc_recall_at_5_diff1": 0.31327907330509985,
        "nauc_recall_at_5_max": 0.2782481692405954,
        "nauc_recall_at_5_std": 0.09148790571341936,
        "ndcg_at_1": 0.83813,
        "ndcg_at_10": 0.89168,
        "ndcg_at_100": 0.89897,
        "ndcg_at_1000": 0.90084,
        "ndcg_at_20": 0.89522,
        "ndcg_at_3": 0.87662,
        "ndcg_at_5": 0.88555,
        "precision_at_1": 0.83813,
        "precision_at_10": 0.10665,
        "precision_at_100": 0.01126,
        "precision_at_1000": 0.00116,
        "precision_at_20": 0.05449,
        "precision_at_3": 0.33363,
        "precision_at_5": 0.20693,
        "recall_at_1": 0.77987,
        "recall_at_10": 0.95083,
        "recall_at_100": 0.9786,
        "recall_at_1000": 0.9897,
        "recall_at_20": 0.96272,
        "recall_at_3": 0.90949,
        "recall_at_5": 0.93314
      }
    ]
  },
  "task_name": "FEVER"
}