{
  "dataset_revision": "27a168819829fe9bcd655c2df245fb19452e8e06",
  "evaluation_time": 48.38357973098755,
  "kg_co2_emissions": null,
  "mteb_version": "1.13.1",
  "scores": {
    "test": [
      {
        "hf_subset": "default",
        "languages": [
          "eng-Latn"
        ],
        "main_score": 0.40176,
        "map_at_1": 0.19145,
        "map_at_10": 0.31986,
        "map_at_100": 0.33765,
        "map_at_1000": 0.33939,
        "map_at_20": 0.32979,
        "map_at_3": 0.27329,
        "map_at_5": 0.30092,
        "mrr_at_1": 0.3904320987654321,
        "mrr_at_10": 0.47994133352929647,
        "mrr_at_100": 0.48782525840269597,
        "mrr_at_1000": 0.48815974892880376,
        "mrr_at_20": 0.48488985312439475,
        "mrr_at_3": 0.45267489711934156,
        "mrr_at_5": 0.46802983539094656,
        "nauc_map_at_1000_diff1": 0.4389254358008024,
        "nauc_map_at_1000_max": 0.37682003836680916,
        "nauc_map_at_1000_std": -0.02877965464994769,
        "nauc_map_at_100_diff1": 0.43850615279054694,
        "nauc_map_at_100_max": 0.37564202636506266,
        "nauc_map_at_100_std": -0.029632848658559585,
        "nauc_map_at_10_diff1": 0.43723681848708396,
        "nauc_map_at_10_max": 0.3641786110894571,
        "nauc_map_at_10_std": -0.041636033952454465,
        "nauc_map_at_1_diff1": 0.5074928895607189,
        "nauc_map_at_1_max": 0.28713175284382064,
        "nauc_map_at_1_std": -0.08508878169584887,
        "nauc_map_at_20_diff1": 0.4368308582089585,
        "nauc_map_at_20_max": 0.37098858756140407,
        "nauc_map_at_20_std": -0.03566508269426923,
        "nauc_map_at_3_diff1": 0.4491478176527959,
        "nauc_map_at_3_max": 0.34374745515672905,
        "nauc_map_at_3_std": -0.055368337883518005,
        "nauc_map_at_5_diff1": 0.43817351227075485,
        "nauc_map_at_5_max": 0.3494735147842918,
        "nauc_map_at_5_std": -0.05396847008323693,
        "nauc_mrr_at_1000_diff1": 0.5000278599046483,
        "nauc_mrr_at_1000_max": 0.42678805299176936,
        "nauc_mrr_at_1000_std": -0.010787701010437384,
        "nauc_mrr_at_100_diff1": 0.499850783524572,
        "nauc_mrr_at_100_max": 0.4269162301211276,
        "nauc_mrr_at_100_std": -0.010479989468528194,
        "nauc_mrr_at_10_diff1": 0.4999338501011927,
        "nauc_mrr_at_10_max": 0.42490382315457065,
        "nauc_mrr_at_10_std": -0.012453368534493614,
        "nauc_mrr_at_1_diff1": 0.5434968698922276,
        "nauc_mrr_at_1_max": 0.4321467137674779,
        "nauc_mrr_at_1_std": -0.03219534496642798,
        "nauc_mrr_at_20_diff1": 0.49895077476511224,
        "nauc_mrr_at_20_max": 0.42542709011367486,
        "nauc_mrr_at_20_std": -0.011991858541612924,
        "nauc_mrr_at_3_diff1": 0.5009543337337715,
        "nauc_mrr_at_3_max": 0.4244470288082846,
        "nauc_mrr_at_3_std": -0.023913361819687624,
        "nauc_mrr_at_5_diff1": 0.49639445958464057,
        "nauc_mrr_at_5_max": 0.42335715233303695,
        "nauc_mrr_at_5_std": -0.0193272120104441,
        "nauc_ndcg_at_1000_diff1": 0.4495866074178137,
        "nauc_ndcg_at_1000_max": 0.4186582667696582,
        "nauc_ndcg_at_1000_std": 0.023580024573735453,
        "nauc_ndcg_at_100_diff1": 0.44287780703630075,
        "nauc_ndcg_at_100_max": 0.4100382583659735,
        "nauc_ndcg_at_100_std": 0.021287161715186288,
        "nauc_ndcg_at_10_diff1": 0.4362470651634548,
        "nauc_ndcg_at_10_max": 0.37667094483923025,
        "nauc_ndcg_at_10_std": -0.021660456780757495,
        "nauc_ndcg_at_1_diff1": 0.5434968698922276,
        "nauc_ndcg_at_1_max": 0.4321467137674779,
        "nauc_ndcg_at_1_std": -0.03219534496642798,
        "nauc_ndcg_at_20_diff1": 0.43359807025603586,
        "nauc_ndcg_at_20_max": 0.3862874454914515,
        "nauc_ndcg_at_20_std": -0.012192803083375328,
        "nauc_ndcg_at_3_diff1": 0.43814589916042274,
        "nauc_ndcg_at_3_max": 0.39772291136109456,
        "nauc_ndcg_at_3_std": -0.024479387486570144,
        "nauc_ndcg_at_5_diff1": 0.43119951456991257,
        "nauc_ndcg_at_5_max": 0.3725166797870789,
        "nauc_ndcg_at_5_std": -0.03796921342601874,
        "nauc_precision_at_1000_diff1": 0.02983165318881168,
        "nauc_precision_at_1000_max": 0.2627330940385417,
        "nauc_precision_at_1000_std": 0.2083699031795403,
        "nauc_precision_at_100_diff1": 0.10636149109543223,
        "nauc_precision_at_100_max": 0.33871930352126434,
        "nauc_precision_at_100_std": 0.21782724619686844,
        "nauc_precision_at_10_diff1": 0.20580194072844785,
        "nauc_precision_at_10_max": 0.38804510721830804,
        "nauc_precision_at_10_std": 0.10342367243930586,
        "nauc_precision_at_1_diff1": 0.5434968698922276,
        "nauc_precision_at_1_max": 0.4321467137674779,
        "nauc_precision_at_1_std": -0.03219534496642798,
        "nauc_precision_at_20_diff1": 0.16843472924799793,
        "nauc_precision_at_20_max": 0.37640105740319363,
        "nauc_precision_at_20_std": 0.13038689656788674,
        "nauc_precision_at_3_diff1": 0.3199415644135324,
        "nauc_precision_at_3_max": 0.4159077659740526,
        "nauc_precision_at_3_std": 0.02854330187959097,
        "nauc_precision_at_5_diff1": 0.265166845923325,
        "nauc_precision_at_5_max": 0.39197327544101634,
        "nauc_precision_at_5_std": 0.04127528367062717,
        "nauc_recall_at_1000_diff1": 0.3131537884865213,
        "nauc_recall_at_1000_max": 0.4968603450023315,
        "nauc_recall_at_1000_std": 0.37116172788308743,
        "nauc_recall_at_100_diff1": 0.28555107366317495,
        "nauc_recall_at_100_max": 0.36978446447441,
        "nauc_recall_at_100_std": 0.18871656092225322,
        "nauc_recall_at_10_diff1": 0.31357815767692604,
        "nauc_recall_at_10_max": 0.2733076878405234,
        "nauc_recall_at_10_std": -0.00936116318018631,
        "nauc_recall_at_1_diff1": 0.5074928895607189,
        "nauc_recall_at_1_max": 0.28713175284382064,
        "nauc_recall_at_1_std": -0.08508878169584887,
        "nauc_recall_at_20_diff1": 0.2796287441084818,
        "nauc_recall_at_20_max": 0.28420600556889136,
        "nauc_recall_at_20_std": 0.020455325738688888,
        "nauc_recall_at_3_diff1": 0.35723008228975134,
        "nauc_recall_at_3_max": 0.29560684233661244,
        "nauc_recall_at_3_std": -0.05121341296863387,
        "nauc_recall_at_5_diff1": 0.3266558425590402,
        "nauc_recall_at_5_max": 0.2748272693928461,
        "nauc_recall_at_5_std": -0.05120492892212479,
        "ndcg_at_1": 0.39043,
        "ndcg_at_10": 0.40176,
        "ndcg_at_100": 0.46644,
        "ndcg_at_1000": 0.49539,
        "ndcg_at_20": 0.4274,
        "ndcg_at_3": 0.35649,
        "ndcg_at_5": 0.37423,
        "precision_at_1": 0.39043,
        "precision_at_10": 0.11296,
        "precision_at_100": 0.01796,
        "precision_at_1000": 0.00233,
        "precision_at_20": 0.06674,
        "precision_at_3": 0.24023,
        "precision_at_5": 0.18086,
        "recall_at_1": 0.19145,
        "recall_at_10": 0.48278,
        "recall_at_100": 0.72259,
        "recall_at_1000": 0.89342,
        "recall_at_20": 0.56367,
        "recall_at_3": 0.32363,
        "recall_at_5": 0.39605
      }
    ]
  },
  "task_name": "FiQA2018"
}