{
  "dataset_revision": "ab518f4d6fcca38d87c25209f94beba119d02014",
  "evaluation_time": 1429.7070586681366,
  "kg_co2_emissions": null,
  "mteb_version": "1.13.1",
  "scores": {
    "test": [
      {
        "hf_subset": "default",
        "languages": [
          "eng-Latn"
        ],
        "main_score": 0.73944,
        "map_at_1": 0.40115,
        "map_at_10": 0.66192,
        "map_at_100": 0.67028,
        "map_at_1000": 0.6708,
        "map_at_20": 0.66701,
        "map_at_3": 0.62754,
        "map_at_5": 0.64887,
        "mrr_at_1": 0.8024307900067522,
        "mrr_at_10": 0.8582753502031016,
        "mrr_at_100": 0.8598973497999405,
        "mrr_at_1000": 0.859942934416283,
        "mrr_at_20": 0.8594225781891267,
        "mrr_at_3": 0.849628629304524,
        "mrr_at_5": 0.8549358541525997,
        "nauc_map_at_1000_diff1": 0.17264227445535266,
        "nauc_map_at_1000_max": 0.18631182332420948,
        "nauc_map_at_1000_std": -0.008817241682878828,
        "nauc_map_at_100_diff1": 0.17244422481807312,
        "nauc_map_at_100_max": 0.1861935843422286,
        "nauc_map_at_100_std": -0.008723944410419673,
        "nauc_map_at_10_diff1": 0.17153548439758556,
        "nauc_map_at_10_max": 0.18428302304489813,
        "nauc_map_at_10_std": -0.015295243996262482,
        "nauc_map_at_1_diff1": 0.6596679999681436,
        "nauc_map_at_1_max": 0.4153669519978506,
        "nauc_map_at_1_std": -0.08177981128659972,
        "nauc_map_at_20_diff1": 0.1713808188665882,
        "nauc_map_at_20_max": 0.18524254194183037,
        "nauc_map_at_20_std": -0.010524901308775318,
        "nauc_map_at_3_diff1": 0.16310663215595766,
        "nauc_map_at_3_max": 0.17299447546607197,
        "nauc_map_at_3_std": -0.03726655758195526,
        "nauc_map_at_5_diff1": 0.16746261861077513,
        "nauc_map_at_5_max": 0.1792692484647025,
        "nauc_map_at_5_std": -0.024463109211149657,
        "nauc_mrr_at_1000_diff1": 0.6505027423118507,
        "nauc_mrr_at_1000_max": 0.44906678918776755,
        "nauc_mrr_at_1000_std": -0.06063961415626151,
        "nauc_mrr_at_100_diff1": 0.6504904062905921,
        "nauc_mrr_at_100_max": 0.44910233646971753,
        "nauc_mrr_at_100_std": -0.060574536579161585,
        "nauc_mrr_at_10_diff1": 0.6501574366938614,
        "nauc_mrr_at_10_max": 0.45006448645182584,
        "nauc_mrr_at_10_std": -0.06041526998859552,
        "nauc_mrr_at_1_diff1": 0.659356302863205,
        "nauc_mrr_at_1_max": 0.41686923738332626,
        "nauc_mrr_at_1_std": -0.07991957347260704,
        "nauc_mrr_at_20_diff1": 0.6504243039602182,
        "nauc_mrr_at_20_max": 0.44949281828939497,
        "nauc_mrr_at_20_std": -0.0605167645376652,
        "nauc_mrr_at_3_diff1": 0.6491934798704009,
        "nauc_mrr_at_3_max": 0.4534401604078839,
        "nauc_mrr_at_3_std": -0.06052931294748741,
        "nauc_mrr_at_5_diff1": 0.6491742040230694,
        "nauc_mrr_at_5_max": 0.45076234283075095,
        "nauc_mrr_at_5_std": -0.06162136358834826,
        "nauc_ndcg_at_1000_diff1": 0.23637046268050949,
        "nauc_ndcg_at_1000_max": 0.23498150000229384,
        "nauc_ndcg_at_1000_std": 0.020959928385103282,
        "nauc_ndcg_at_100_diff1": 0.22821260136103166,
        "nauc_ndcg_at_100_max": 0.23104356105162274,
        "nauc_ndcg_at_100_std": 0.024453745388054966,
        "nauc_ndcg_at_10_diff1": 0.22288950978822378,
        "nauc_ndcg_at_10_max": 0.22432006414064404,
        "nauc_ndcg_at_10_std": 0.0001497937551202582,
        "nauc_ndcg_at_1_diff1": 0.6596679999681436,
        "nauc_ndcg_at_1_max": 0.4153669519978506,
        "nauc_ndcg_at_1_std": -0.08177981128659972,
        "nauc_ndcg_at_20_diff1": 0.22160530762394215,
        "nauc_ndcg_at_20_max": 0.22642980165877172,
        "nauc_ndcg_at_20_std": 0.014197288451292664,
        "nauc_ndcg_at_3_diff1": 0.216888075134592,
        "nauc_ndcg_at_3_max": 0.2118894691677064,
        "nauc_ndcg_at_3_std": -0.03459028721912755,
        "nauc_ndcg_at_5_diff1": 0.21841273164871217,
        "nauc_ndcg_at_5_max": 0.21703557182578012,
        "nauc_ndcg_at_5_std": -0.017962315265982964,
        "nauc_precision_at_1000_diff1": -0.03585885842960209,
        "nauc_precision_at_1000_max": 0.1898698650786518,
        "nauc_precision_at_1000_std": 0.44961381896992386,
        "nauc_precision_at_100_diff1": 0.009888973653162469,
        "nauc_precision_at_100_max": 0.16457038703396196,
        "nauc_precision_at_100_std": 0.2632509953392253,
        "nauc_precision_at_10_diff1": 0.07587816094961687,
        "nauc_precision_at_10_max": 0.16693189875046305,
        "nauc_precision_at_10_std": 0.07220992074143757,
        "nauc_precision_at_1_diff1": 0.6596679999681436,
        "nauc_precision_at_1_max": 0.4153669519978506,
        "nauc_precision_at_1_std": -0.08177981128659972,
        "nauc_precision_at_20_diff1": 0.04568986621643535,
        "nauc_precision_at_20_max": 0.16461872612509754,
        "nauc_precision_at_20_std": 0.13755013670792374,
        "nauc_precision_at_3_diff1": 0.10126415131660443,
        "nauc_precision_at_3_max": 0.1603615406156815,
        "nauc_precision_at_3_std": -0.016891019112051542,
        "nauc_precision_at_5_diff1": 0.08923883693034053,
        "nauc_precision_at_5_max": 0.16121033231776924,
        "nauc_precision_at_5_std": 0.017561121542990287,
        "nauc_recall_at_1000_diff1": -0.035858858429594465,
        "nauc_recall_at_1000_max": 0.18986986507865722,
        "nauc_recall_at_1000_std": 0.4496138189699271,
        "nauc_recall_at_100_diff1": 0.009888973653161064,
        "nauc_recall_at_100_max": 0.16457038703396343,
        "nauc_recall_at_100_std": 0.2632509953392235,
        "nauc_recall_at_10_diff1": 0.07587816094961869,
        "nauc_recall_at_10_max": 0.16693189875046446,
        "nauc_recall_at_10_std": 0.07220992074143849,
        "nauc_recall_at_1_diff1": 0.6596679999681436,
        "nauc_recall_at_1_max": 0.4153669519978506,
        "nauc_recall_at_1_std": -0.08177981128659972,
        "nauc_recall_at_20_diff1": 0.04568986621643675,
        "nauc_recall_at_20_max": 0.1646187261250979,
        "nauc_recall_at_20_std": 0.13755013670792457,
        "nauc_recall_at_3_diff1": 0.10126415131660378,
        "nauc_recall_at_3_max": 0.16036154061568147,
        "nauc_recall_at_3_std": -0.01689101911205199,
        "nauc_recall_at_5_diff1": 0.08923883693034043,
        "nauc_recall_at_5_max": 0.1612103323177692,
        "nauc_recall_at_5_std": 0.01756112154299027,
        "ndcg_at_1": 0.8023,
        "ndcg_at_10": 0.73944,
        "ndcg_at_100": 0.76746,
        "ndcg_at_1000": 0.77731,
        "ndcg_at_20": 0.7519,
        "ndcg_at_3": 0.69159,
        "ndcg_at_5": 0.71794,
        "precision_at_1": 0.8023,
        "precision_at_10": 0.15558,
        "precision_at_100": 0.01772,
        "precision_at_1000": 0.0019,
        "precision_at_20": 0.08178,
        "precision_at_3": 0.44835,
        "precision_at_5": 0.28975,
        "recall_at_1": 0.40115,
        "recall_at_10": 0.77792,
        "recall_at_100": 0.88616,
        "recall_at_1000": 0.95118,
        "recall_at_20": 0.81776,
        "recall_at_3": 0.67252,
        "recall_at_5": 0.72438
      }
    ]
  },
  "task_name": "HotpotQA"
}