{
  "dataset_revision": "c5a29a104738b98a9e76336939199e264163d4a0",
  "evaluation_time": 2414.626160144806,
  "kg_co2_emissions": null,
  "mteb_version": "1.13.1",
  "scores": {
    "dev": [
      {
        "hf_subset": "default",
        "languages": [
          "eng-Latn"
        ],
        "main_score": 0.42128,
        "map_at_1": 0.21987,
        "map_at_10": 0.35025,
        "map_at_100": 0.36193,
        "map_at_1000": 0.36239,
        "map_at_20": 0.35771,
        "map_at_3": 0.31218,
        "map_at_5": 0.3344,
        "mrr_at_1": 0.22650429799426935,
        "mrr_at_10": 0.35620832764815574,
        "mrr_at_100": 0.3673177736119991,
        "mrr_at_1000": 0.36771729789282476,
        "mrr_at_20": 0.36340586397660674,
        "mrr_at_3": 0.3188156638013372,
        "mrr_at_5": 0.34082855778414517,
        "nauc_map_at_1000_diff1": 0.32952159084975813,
        "nauc_map_at_1000_max": 0.05770221231940552,
        "nauc_map_at_1000_std": -0.22761861962979016,
        "nauc_map_at_100_diff1": 0.3294022319851934,
        "nauc_map_at_100_max": 0.05767150984649334,
        "nauc_map_at_100_std": -0.22750721632734858,
        "nauc_map_at_10_diff1": 0.328725750393696,
        "nauc_map_at_10_max": 0.05655879658795976,
        "nauc_map_at_10_std": -0.23465511975572065,
        "nauc_map_at_1_diff1": 0.37009157572236123,
        "nauc_map_at_1_max": 0.059428208059946266,
        "nauc_map_at_1_std": -0.19738637986489066,
        "nauc_map_at_20_diff1": 0.32902237442306176,
        "nauc_map_at_20_max": 0.05677136913308382,
        "nauc_map_at_20_std": -0.23076191093568696,
        "nauc_map_at_3_diff1": 0.3318184086531255,
        "nauc_map_at_3_max": 0.04991338586437413,
        "nauc_map_at_3_std": -0.23602265690261914,
        "nauc_map_at_5_diff1": 0.32901258976836206,
        "nauc_map_at_5_max": 0.05522401868668374,
        "nauc_map_at_5_std": -0.23701511259563737,
        "nauc_mrr_at_1000_diff1": 0.32663184647347043,
        "nauc_mrr_at_1000_max": 0.059260615626796624,
        "nauc_mrr_at_1000_std": -0.22375578622074196,
        "nauc_mrr_at_100_diff1": 0.326503953862555,
        "nauc_mrr_at_100_max": 0.05931287447855686,
        "nauc_mrr_at_100_std": -0.22352866930655738,
        "nauc_mrr_at_10_diff1": 0.32588465000610833,
        "nauc_mrr_at_10_max": 0.05856409510536708,
        "nauc_mrr_at_10_std": -0.23011467362057222,
        "nauc_mrr_at_1_diff1": 0.3663915444738358,
        "nauc_mrr_at_1_max": 0.059884439441556296,
        "nauc_mrr_at_1_std": -0.19684532124018556,
        "nauc_mrr_at_20_diff1": 0.32605119982398606,
        "nauc_mrr_at_20_max": 0.05853312672819169,
        "nauc_mrr_at_20_std": -0.22654243511352737,
        "nauc_mrr_at_3_diff1": 0.3287936498855218,
        "nauc_mrr_at_3_max": 0.05083314487514268,
        "nauc_mrr_at_3_std": -0.23297510759658302,
        "nauc_mrr_at_5_diff1": 0.3259040049146318,
        "nauc_mrr_at_5_max": 0.0569993069525142,
        "nauc_mrr_at_5_std": -0.23292926503650074,
        "nauc_ndcg_at_1000_diff1": 0.32075046245909206,
        "nauc_ndcg_at_1000_max": 0.06708695636269163,
        "nauc_ndcg_at_1000_std": -0.21243500349229635,
        "nauc_ndcg_at_100_diff1": 0.3179933805061405,
        "nauc_ndcg_at_100_max": 0.06878059909971988,
        "nauc_ndcg_at_100_std": -0.20419126164890444,
        "nauc_ndcg_at_10_diff1": 0.31498812558931816,
        "nauc_ndcg_at_10_max": 0.06135609801086086,
        "nauc_ndcg_at_10_std": -0.2406702361547567,
        "nauc_ndcg_at_1_diff1": 0.3663915444738358,
        "nauc_ndcg_at_1_max": 0.05761972346139741,
        "nauc_ndcg_at_1_std": -0.19668454554032191,
        "nauc_ndcg_at_20_diff1": 0.3151540129820597,
        "nauc_ndcg_at_20_max": 0.06200595027932949,
        "nauc_ndcg_at_20_std": -0.2268961125768876,
        "nauc_ndcg_at_3_diff1": 0.3213625855975446,
        "nauc_ndcg_at_3_max": 0.04821931652857147,
        "nauc_ndcg_at_3_std": -0.2453731910414391,
        "nauc_ndcg_at_5_diff1": 0.31583259421405757,
        "nauc_ndcg_at_5_max": 0.057719457630948046,
        "nauc_ndcg_at_5_std": -0.2467547243289293,
        "nauc_precision_at_1000_diff1": -0.02710877993058985,
        "nauc_precision_at_1000_max": 0.11820802935413606,
        "nauc_precision_at_1000_std": 0.1687949976821952,
        "nauc_precision_at_100_diff1": 0.11472921764622653,
        "nauc_precision_at_100_max": 0.13728739077958527,
        "nauc_precision_at_100_std": 0.11704530747258907,
        "nauc_precision_at_10_diff1": 0.24408598435904985,
        "nauc_precision_at_10_max": 0.07097197933470135,
        "nauc_precision_at_10_std": -0.24210253361818387,
        "nauc_precision_at_1_diff1": 0.3663915444738358,
        "nauc_precision_at_1_max": 0.05761972346139741,
        "nauc_precision_at_1_std": -0.19668454554032191,
        "nauc_precision_at_20_diff1": 0.21147246936936492,
        "nauc_precision_at_20_max": 0.0783080359177727,
        "nauc_precision_at_20_std": -0.1591578347355728,
        "nauc_precision_at_3_diff1": 0.2859446047816721,
        "nauc_precision_at_3_max": 0.03917682023333965,
        "nauc_precision_at_3_std": -0.2703647562681807,
        "nauc_precision_at_5_diff1": 0.2648586069277472,
        "nauc_precision_at_5_max": 0.059096618943819436,
        "nauc_precision_at_5_std": -0.2701643464076728,
        "nauc_recall_at_1000_diff1": 0.19966382191505963,
        "nauc_recall_at_1000_max": 0.48388237693831204,
        "nauc_recall_at_1000_std": 0.5656826204001882,
        "nauc_recall_at_100_diff1": 0.2441000036968213,
        "nauc_recall_at_100_max": 0.1952504179750903,
        "nauc_recall_at_100_std": 0.12608102078082153,
        "nauc_recall_at_10_diff1": 0.2703266732780787,
        "nauc_recall_at_10_max": 0.07770311768399438,
        "nauc_recall_at_10_std": -0.2572377928901387,
        "nauc_recall_at_1_diff1": 0.37009157572236123,
        "nauc_recall_at_1_max": 0.059428208059946266,
        "nauc_recall_at_1_std": -0.19738637986489066,
        "nauc_recall_at_20_diff1": 0.25946718443731587,
        "nauc_recall_at_20_max": 0.08349333749572706,
        "nauc_recall_at_20_std": -0.19560672965690926,
        "nauc_recall_at_3_diff1": 0.2943504867583555,
        "nauc_recall_at_3_max": 0.04388204561286515,
        "nauc_recall_at_3_std": -0.27063730725398166,
        "nauc_recall_at_5_diff1": 0.27930184381290135,
        "nauc_recall_at_5_max": 0.06474565553911006,
        "nauc_recall_at_5_std": -0.2738917274883579,
        "ndcg_at_1": 0.2265,
        "ndcg_at_10": 0.42128,
        "ndcg_at_100": 0.47652,
        "ndcg_at_1000": 0.48798,
        "ndcg_at_20": 0.44772,
        "ndcg_at_3": 0.34406,
        "ndcg_at_5": 0.38368,
        "precision_at_1": 0.2265,
        "precision_at_10": 0.06676,
        "precision_at_100": 0.00943,
        "precision_at_1000": 0.00104,
        "precision_at_20": 0.0389,
        "precision_at_3": 0.14866,
        "precision_at_5": 0.10928,
        "recall_at_1": 0.21987,
        "recall_at_10": 0.63893,
        "recall_at_100": 0.89189,
        "recall_at_1000": 0.97956,
        "recall_at_20": 0.7414,
        "recall_at_3": 0.42975,
        "recall_at_5": 0.52483
      }
    ]
  },
  "task_name": "MSMARCO"
}