{
  "dataset_revision": "ec0fa4fe99da2ff19ca1214b7966684033a58814",
  "evaluation_time": 46.18173098564148,
  "kg_co2_emissions": null,
  "mteb_version": "1.13.1",
  "scores": {
    "test": [
      {
        "hf_subset": "default",
        "languages": [
          "eng-Latn"
        ],
        "main_score": 0.35882,
        "map_at_1": 0.05595,
        "map_at_10": 0.13568,
        "map_at_100": 0.17179,
        "map_at_1000": 0.1865,
        "map_at_20": 0.15129,
        "map_at_3": 0.09738,
        "map_at_5": 0.11527,
        "mrr_at_1": 0.4582043343653251,
        "mrr_at_10": 0.5513035038576833,
        "mrr_at_100": 0.5571575631743534,
        "mrr_at_1000": 0.557525937130555,
        "mrr_at_20": 0.554868633075196,
        "mrr_at_3": 0.5319917440660475,
        "mrr_at_5": 0.5440660474716202,
        "nauc_map_at_1000_diff1": 0.2114706309748754,
        "nauc_map_at_1000_max": 0.37389263022689284,
        "nauc_map_at_1000_std": 0.15385481818696733,
        "nauc_map_at_100_diff1": 0.21944319651433025,
        "nauc_map_at_100_max": 0.3592331994236653,
        "nauc_map_at_100_std": 0.10761502323320947,
        "nauc_map_at_10_diff1": 0.2534298315169827,
        "nauc_map_at_10_max": 0.28699703387142617,
        "nauc_map_at_10_std": -0.02392087186061007,
        "nauc_map_at_1_diff1": 0.49541144362065953,
        "nauc_map_at_1_max": 0.19633745894247126,
        "nauc_map_at_1_std": -0.16246125966896918,
        "nauc_map_at_20_diff1": 0.23309268087708537,
        "nauc_map_at_20_max": 0.3205929871156977,
        "nauc_map_at_20_std": 0.026393294157293953,
        "nauc_map_at_3_diff1": 0.358787842360913,
        "nauc_map_at_3_max": 0.21407101276502574,
        "nauc_map_at_3_std": -0.12443992675688735,
        "nauc_map_at_5_diff1": 0.2995117538212245,
        "nauc_map_at_5_max": 0.24547969614200743,
        "nauc_map_at_5_std": -0.08441499079949044,
        "nauc_mrr_at_1000_diff1": 0.3156412789026248,
        "nauc_mrr_at_1000_max": 0.5933566152790054,
        "nauc_mrr_at_1000_std": 0.31217154653739587,
        "nauc_mrr_at_100_diff1": 0.3156759976255222,
        "nauc_mrr_at_100_max": 0.5936307876506923,
        "nauc_mrr_at_100_std": 0.3125144927707618,
        "nauc_mrr_at_10_diff1": 0.3198734478137263,
        "nauc_mrr_at_10_max": 0.5931767931861283,
        "nauc_mrr_at_10_std": 0.31119703016492317,
        "nauc_mrr_at_1_diff1": 0.3425155377719641,
        "nauc_mrr_at_1_max": 0.5487768064275388,
        "nauc_mrr_at_1_std": 0.24728655026748322,
        "nauc_mrr_at_20_diff1": 0.31462607106543666,
        "nauc_mrr_at_20_max": 0.5934563017904156,
        "nauc_mrr_at_20_std": 0.3122290192804136,
        "nauc_mrr_at_3_diff1": 0.31680950365168004,
        "nauc_mrr_at_3_max": 0.5799311243930553,
        "nauc_mrr_at_3_std": 0.2929214424143217,
        "nauc_mrr_at_5_diff1": 0.31998987324648487,
        "nauc_mrr_at_5_max": 0.5937491348969367,
        "nauc_mrr_at_5_std": 0.30745748120179306,
        "nauc_ndcg_at_1000_diff1": 0.19863281155253545,
        "nauc_ndcg_at_1000_max": 0.522992027949645,
        "nauc_ndcg_at_1000_std": 0.3519142258458594,
        "nauc_ndcg_at_100_diff1": 0.18858789048169583,
        "nauc_ndcg_at_100_max": 0.4868736095772327,
        "nauc_ndcg_at_100_std": 0.30487572288970055,
        "nauc_ndcg_at_10_diff1": 0.207722396636519,
        "nauc_ndcg_at_10_max": 0.5078267604599705,
        "nauc_ndcg_at_10_std": 0.32066785721621904,
        "nauc_ndcg_at_1_diff1": 0.38050229085188764,
        "nauc_ndcg_at_1_max": 0.5401712423183077,
        "nauc_ndcg_at_1_std": 0.2466536714167916,
        "nauc_ndcg_at_20_diff1": 0.19774440371136467,
        "nauc_ndcg_at_20_max": 0.4940417178010656,
        "nauc_ndcg_at_20_std": 0.32300318359195673,
        "nauc_ndcg_at_3_diff1": 0.26848813067402794,
        "nauc_ndcg_at_3_max": 0.5157880911254883,
        "nauc_ndcg_at_3_std": 0.2753237218013162,
        "nauc_ndcg_at_5_diff1": 0.22842153079607797,
        "nauc_ndcg_at_5_max": 0.5259494910663587,
        "nauc_ndcg_at_5_std": 0.3024601079588079,
        "nauc_precision_at_1000_diff1": -0.07123838762087671,
        "nauc_precision_at_1000_max": 0.1944606074934421,
        "nauc_precision_at_1000_std": 0.4979896909720412,
        "nauc_precision_at_100_diff1": -0.044805928262724885,
        "nauc_precision_at_100_max": 0.33757143626627445,
        "nauc_precision_at_100_std": 0.5824589653742804,
        "nauc_precision_at_10_diff1": 0.015803586234912723,
        "nauc_precision_at_10_max": 0.4873745828514672,
        "nauc_precision_at_10_std": 0.47409610698768967,
        "nauc_precision_at_1_diff1": 0.3674471353159178,
        "nauc_precision_at_1_max": 0.5454485963588805,
        "nauc_precision_at_1_std": 0.2529158161791719,
        "nauc_precision_at_20_diff1": -0.010622095933439777,
        "nauc_precision_at_20_max": 0.4489039961942421,
        "nauc_precision_at_20_std": 0.5342072432366021,
        "nauc_precision_at_3_diff1": 0.14657084433460052,
        "nauc_precision_at_3_max": 0.5044075113195013,
        "nauc_precision_at_3_std": 0.33407316964265377,
        "nauc_precision_at_5_diff1": 0.05758604582944054,
        "nauc_precision_at_5_max": 0.5165134664660728,
        "nauc_precision_at_5_std": 0.4037198261521884,
        "nauc_recall_at_1000_diff1": -0.022281256593022845,
        "nauc_recall_at_1000_max": 0.1867941938252188,
        "nauc_recall_at_1000_std": 0.17828754088283918,
        "nauc_recall_at_100_diff1": 0.07730109869807711,
        "nauc_recall_at_100_max": 0.27369271941309364,
        "nauc_recall_at_100_std": 0.14039003020594645,
        "nauc_recall_at_10_diff1": 0.15669605647783236,
        "nauc_recall_at_10_max": 0.22546599558134586,
        "nauc_recall_at_10_std": -0.018825459210415577,
        "nauc_recall_at_1_diff1": 0.49541144362065953,
        "nauc_recall_at_1_max": 0.19633745894247126,
        "nauc_recall_at_1_std": -0.16246125966896918,
        "nauc_recall_at_20_diff1": 0.09253972438310401,
        "nauc_recall_at_20_max": 0.23099282313441047,
        "nauc_recall_at_20_std": 0.009876301079592139,
        "nauc_recall_at_3_diff1": 0.30524238912266133,
        "nauc_recall_at_3_max": 0.1963583869477043,
        "nauc_recall_at_3_std": -0.11572827329583187,
        "nauc_recall_at_5_diff1": 0.22335434721806793,
        "nauc_recall_at_5_max": 0.2208407048096589,
        "nauc_recall_at_5_std": -0.069573284019724,
        "ndcg_at_1": 0.43034,
        "ndcg_at_10": 0.35882,
        "ndcg_at_100": 0.32815,
        "ndcg_at_1000": 0.41392,
        "ndcg_at_20": 0.33657,
        "ndcg_at_3": 0.40561,
        "ndcg_at_5": 0.38697,
        "precision_at_1": 0.44892,
        "precision_at_10": 0.26935,
        "precision_at_100": 0.08427,
        "precision_at_1000": 0.02103,
        "precision_at_20": 0.19954,
        "precision_at_3": 0.38287,
        "precision_at_5": 0.34056,
        "recall_at_1": 0.05595,
        "recall_at_10": 0.17903,
        "recall_at_100": 0.33242,
        "recall_at_1000": 0.64935,
        "recall_at_20": 0.22317,
        "recall_at_3": 0.10883,
        "recall_at_5": 0.13856
      }
    ]
  },
  "task_name": "NFCorpus"
}