{
  "dataset_revision": "b774495ed302d8c44a3a7ea25c90dbce03968f31",
  "evaluation_time": 654.8810684680939,
  "kg_co2_emissions": null,
  "mteb_version": "1.13.1",
  "scores": {
    "test": [
      {
        "hf_subset": "default",
        "languages": [
          "eng-Latn"
        ],
        "main_score": 0.61496,
        "map_at_1": 0.37775,
        "map_at_10": 0.54045,
        "map_at_100": 0.5489,
        "map_at_1000": 0.54909,
        "map_at_20": 0.5463,
        "map_at_3": 0.49955,
        "map_at_5": 0.5235,
        "mrr_at_1": 0.42265353418308227,
        "mrr_at_10": 0.5637685307804079,
        "mrr_at_100": 0.5699342594825428,
        "mrr_at_1000": 0.5700604363410613,
        "mrr_at_20": 0.5681391912075363,
        "mrr_at_3": 0.5323966782541522,
        "mrr_at_5": 0.5509801081498649,
        "nauc_map_at_1000_diff1": 0.35259008232122174,
        "nauc_map_at_1000_max": 0.3019109306428963,
        "nauc_map_at_1000_std": -0.018922951855923683,
        "nauc_map_at_100_diff1": 0.35252024257168174,
        "nauc_map_at_100_max": 0.30199401650382046,
        "nauc_map_at_100_std": -0.01879964829604023,
        "nauc_map_at_10_diff1": 0.35155147747342685,
        "nauc_map_at_10_max": 0.3011319218570634,
        "nauc_map_at_10_std": -0.02332615556415459,
        "nauc_map_at_1_diff1": 0.3897227438369973,
        "nauc_map_at_1_max": 0.2531789183596658,
        "nauc_map_at_1_std": -0.02979800919751274,
        "nauc_map_at_20_diff1": 0.3518806169987158,
        "nauc_map_at_20_max": 0.3021783880263219,
        "nauc_map_at_20_std": -0.01935564104488393,
        "nauc_map_at_3_diff1": 0.3504527591548335,
        "nauc_map_at_3_max": 0.29121612560596183,
        "nauc_map_at_3_std": -0.03867634064454087,
        "nauc_map_at_5_diff1": 0.34818898235725165,
        "nauc_map_at_5_max": 0.2947636399641909,
        "nauc_map_at_5_std": -0.03249103387657559,
        "nauc_mrr_at_1000_diff1": 0.35618502915682687,
        "nauc_mrr_at_1000_max": 0.30957927976750044,
        "nauc_mrr_at_1000_std": 0.001357482068472382,
        "nauc_mrr_at_100_diff1": 0.356151658351838,
        "nauc_mrr_at_100_max": 0.30967624453069476,
        "nauc_mrr_at_100_std": 0.0014497052987995287,
        "nauc_mrr_at_10_diff1": 0.35451236265503117,
        "nauc_mrr_at_10_max": 0.310036599092809,
        "nauc_mrr_at_10_std": 0.0001487087788858092,
        "nauc_mrr_at_1_diff1": 0.39304741964383977,
        "nauc_mrr_at_1_max": 0.2742131281774895,
        "nauc_mrr_at_1_std": -0.009756378718163351,
        "nauc_mrr_at_20_diff1": 0.35554655808299995,
        "nauc_mrr_at_20_max": 0.3101145763965964,
        "nauc_mrr_at_20_std": 0.001435470720248213,
        "nauc_mrr_at_3_diff1": 0.3526702013874727,
        "nauc_mrr_at_3_max": 0.30809588247204506,
        "nauc_mrr_at_3_std": -0.008210925348140377,
        "nauc_mrr_at_5_diff1": 0.3523819996649724,
        "nauc_mrr_at_5_max": 0.3081850559403391,
        "nauc_mrr_at_5_std": -0.004113304655869482,
        "nauc_ndcg_at_1000_diff1": 0.34812148354273753,
        "nauc_ndcg_at_1000_max": 0.317121817856365,
        "nauc_ndcg_at_1000_std": 0.0011786250856930768,
        "nauc_ndcg_at_100_diff1": 0.34617564140513396,
        "nauc_ndcg_at_100_max": 0.3205968821632638,
        "nauc_ndcg_at_100_std": 0.0060516158998170635,
        "nauc_ndcg_at_10_diff1": 0.34085376062002337,
        "nauc_ndcg_at_10_max": 0.3204211783931073,
        "nauc_ndcg_at_10_std": -0.006710794043042167,
        "nauc_ndcg_at_1_diff1": 0.39228122492475304,
        "nauc_ndcg_at_1_max": 0.2716453687240519,
        "nauc_ndcg_at_1_std": -0.012603429443983561,
        "nauc_ndcg_at_20_diff1": 0.3429783327474787,
        "nauc_ndcg_at_20_max": 0.32384800798304386,
        "nauc_ndcg_at_20_std": 0.004432396648443475,
        "nauc_ndcg_at_3_diff1": 0.33729924766120045,
        "nauc_ndcg_at_3_max": 0.3034837662573415,
        "nauc_ndcg_at_3_std": -0.0344558646722783,
        "nauc_ndcg_at_5_diff1": 0.3341362883406343,
        "nauc_ndcg_at_5_max": 0.3076003571769466,
        "nauc_ndcg_at_5_std": -0.025288089402182787,
        "nauc_precision_at_1000_diff1": -0.07935854871970749,
        "nauc_precision_at_1000_max": 0.06171848147235969,
        "nauc_precision_at_1000_std": 0.1508234030571989,
        "nauc_precision_at_100_diff1": -0.04907346826879875,
        "nauc_precision_at_100_max": 0.12186494807388176,
        "nauc_precision_at_100_std": 0.1842934516269288,
        "nauc_precision_at_10_diff1": 0.08679491623977997,
        "nauc_precision_at_10_max": 0.2451718846049376,
        "nauc_precision_at_10_std": 0.10676764209950153,
        "nauc_precision_at_1_diff1": 0.39228122492475304,
        "nauc_precision_at_1_max": 0.2716453687240519,
        "nauc_precision_at_1_std": -0.012603429443983561,
        "nauc_precision_at_20_diff1": 0.03049732931687834,
        "nauc_precision_at_20_max": 0.20759196234035135,
        "nauc_precision_at_20_std": 0.1605588045243461,
        "nauc_precision_at_3_diff1": 0.20964922363497449,
        "nauc_precision_at_3_max": 0.29673198751511753,
        "nauc_precision_at_3_std": -0.00067508001309246,
        "nauc_precision_at_5_diff1": 0.14754092620068443,
        "nauc_precision_at_5_max": 0.26669357677029404,
        "nauc_precision_at_5_std": 0.03591438031736113,
        "nauc_recall_at_1000_diff1": 0.37625024012140906,
        "nauc_recall_at_1000_max": 0.8114975784101249,
        "nauc_recall_at_1000_std": 0.734487931410793,
        "nauc_recall_at_100_diff1": 0.2562279637111985,
        "nauc_recall_at_100_max": 0.5726974583991162,
        "nauc_recall_at_100_std": 0.37926093600508626,
        "nauc_recall_at_10_diff1": 0.2789638637356024,
        "nauc_recall_at_10_max": 0.38889205661912457,
        "nauc_recall_at_10_std": 0.037466632791467676,
        "nauc_recall_at_1_diff1": 0.3897227438369973,
        "nauc_recall_at_1_max": 0.2531789183596658,
        "nauc_recall_at_1_std": -0.02979800919751274,
        "nauc_recall_at_20_diff1": 0.27694850759990286,
        "nauc_recall_at_20_max": 0.45432400483531965,
        "nauc_recall_at_20_std": 0.13831380841703783,
        "nauc_recall_at_3_diff1": 0.282855209676261,
        "nauc_recall_at_3_max": 0.31243308215341836,
        "nauc_recall_at_3_std": -0.05030571042941461,
        "nauc_recall_at_5_diff1": 0.2668267012444601,
        "nauc_recall_at_5_max": 0.3239799116632804,
        "nauc_recall_at_5_std": -0.03273806815491768,
        "ndcg_at_1": 0.42294,
        "ndcg_at_10": 0.61496,
        "ndcg_at_100": 0.6488,
        "ndcg_at_1000": 0.6532,
        "ndcg_at_20": 0.63325,
        "ndcg_at_3": 0.54059,
        "ndcg_at_5": 0.5792,
        "precision_at_1": 0.42294,
        "precision_at_10": 0.09733,
        "precision_at_100": 0.01164,
        "precision_at_1000": 0.00121,
        "precision_at_20": 0.05314,
        "precision_at_3": 0.24247,
        "precision_at_5": 0.16773,
        "recall_at_1": 0.37775,
        "recall_at_10": 0.81566,
        "recall_at_100": 0.95903,
        "recall_at_1000": 0.99179,
        "recall_at_20": 0.88227,
        "recall_at_3": 0.62572,
        "recall_at_5": 0.71408
      }
    ]
  },
  "task_name": "NQ"
}