{
  "dataset_revision": "e4e08e0b7dbe3c8700f0daef558ff32256715259",
  "evaluation_time": 143.58924555778503,
  "kg_co2_emissions": null,
  "mteb_version": "1.13.1",
  "scores": {
    "test": [
      {
        "hf_subset": "default",
        "languages": [
          "eng-Latn"
        ],
        "main_score": 0.87034,
        "map_at_1": 0.69264,
        "map_at_10": 0.83087,
        "map_at_100": 0.83753,
        "map_at_1000": 0.83773,
        "map_at_20": 0.83524,
        "map_at_3": 0.80113,
        "map_at_5": 0.82009,
        "mrr_at_1": 0.7933,
        "mrr_at_10": 0.860891111111111,
        "mrr_at_100": 0.8621249420474334,
        "mrr_at_1000": 0.8621357787592057,
        "mrr_at_20": 0.8617910035754579,
        "mrr_at_3": 0.8505166666666666,
        "mrr_at_5": 0.8576466666666667,
        "nauc_map_at_1000_diff1": 0.7470835203820774,
        "nauc_map_at_1000_max": 0.36521353713851673,
        "nauc_map_at_1000_std": -0.48045171460983777,
        "nauc_map_at_100_diff1": 0.7471743193734566,
        "nauc_map_at_100_max": 0.36496962311846315,
        "nauc_map_at_100_std": -0.48117514112422904,
        "nauc_map_at_10_diff1": 0.7483746013507995,
        "nauc_map_at_10_max": 0.3582560650479303,
        "nauc_map_at_10_std": -0.49861112484671527,
        "nauc_map_at_1_diff1": 0.7803995557741865,
        "nauc_map_at_1_max": 0.2870892916725321,
        "nauc_map_at_1_std": -0.43506185543909387,
        "nauc_map_at_20_diff1": 0.7480323568260403,
        "nauc_map_at_20_max": 0.3630800330912088,
        "nauc_map_at_20_std": -0.48858498750173807,
        "nauc_map_at_3_diff1": 0.7502646942557248,
        "nauc_map_at_3_max": 0.33509948353957114,
        "nauc_map_at_3_std": -0.5126840280998607,
        "nauc_map_at_5_diff1": 0.7496660475290218,
        "nauc_map_at_5_max": 0.3481381107316937,
        "nauc_map_at_5_std": -0.5114484367706387,
        "nauc_mrr_at_1000_diff1": 0.7506851687449795,
        "nauc_mrr_at_1000_max": 0.3945614718928727,
        "nauc_mrr_at_1000_std": -0.4401800262933217,
        "nauc_mrr_at_100_diff1": 0.7506801710930425,
        "nauc_mrr_at_100_max": 0.394560772530263,
        "nauc_mrr_at_100_std": -0.44017341731303916,
        "nauc_mrr_at_10_diff1": 0.7500960641662859,
        "nauc_mrr_at_10_max": 0.3950125773839536,
        "nauc_mrr_at_10_std": -0.4420749328531272,
        "nauc_mrr_at_1_diff1": 0.7624480572707162,
        "nauc_mrr_at_1_max": 0.38879246985319377,
        "nauc_mrr_at_1_std": -0.4152416625665919,
        "nauc_mrr_at_20_diff1": 0.750744350339129,
        "nauc_mrr_at_20_max": 0.3947572689939137,
        "nauc_mrr_at_20_std": -0.44053291056941984,
        "nauc_mrr_at_3_diff1": 0.7467020562636155,
        "nauc_mrr_at_3_max": 0.39470973244495666,
        "nauc_mrr_at_3_std": -0.4451616068101661,
        "nauc_mrr_at_5_diff1": 0.7493841820487199,
        "nauc_mrr_at_5_max": 0.3950608426481492,
        "nauc_mrr_at_5_std": -0.4439894341201102,
        "nauc_ndcg_at_1000_diff1": 0.7445525202288715,
        "nauc_ndcg_at_1000_max": 0.37966134553071806,
        "nauc_ndcg_at_1000_std": -0.4599372266995403,
        "nauc_ndcg_at_100_diff1": 0.7449536502628714,
        "nauc_ndcg_at_100_max": 0.37908065207554126,
        "nauc_ndcg_at_100_std": -0.46320405905779266,
        "nauc_ndcg_at_10_diff1": 0.7439393177580893,
        "nauc_ndcg_at_10_max": 0.37358418622584616,
        "nauc_ndcg_at_10_std": -0.4924002527861179,
        "nauc_ndcg_at_1_diff1": 0.7619790695946328,
        "nauc_ndcg_at_1_max": 0.3917028764384944,
        "nauc_ndcg_at_1_std": -0.4129200363985854,
        "nauc_ndcg_at_20_diff1": 0.7465567904597161,
        "nauc_ndcg_at_20_max": 0.37687067241059163,
        "nauc_ndcg_at_20_std": -0.48068398260135725,
        "nauc_ndcg_at_3_diff1": 0.736910798344879,
        "nauc_ndcg_at_3_max": 0.3676528588666445,
        "nauc_ndcg_at_3_std": -0.487864409680897,
        "nauc_ndcg_at_5_diff1": 0.7420675607613002,
        "nauc_ndcg_at_5_max": 0.37046079863800924,
        "nauc_ndcg_at_5_std": -0.4985997282229836,
        "nauc_precision_at_1000_diff1": -0.4272760995498706,
        "nauc_precision_at_1000_max": -0.036066554440111885,
        "nauc_precision_at_1000_std": 0.4289322585922388,
        "nauc_precision_at_100_diff1": -0.4201181528430303,
        "nauc_precision_at_100_max": -0.032255120874835605,
        "nauc_precision_at_100_std": 0.41088948340589543,
        "nauc_precision_at_10_diff1": -0.35257558823802204,
        "nauc_precision_at_10_max": 0.010612422130809299,
        "nauc_precision_at_10_std": 0.2666188951736785,
        "nauc_precision_at_1_diff1": 0.7619790695946328,
        "nauc_precision_at_1_max": 0.3917028764384944,
        "nauc_precision_at_1_std": -0.4129200363985854,
        "nauc_precision_at_20_diff1": -0.38938052783337385,
        "nauc_precision_at_20_max": -0.010882811901780975,
        "nauc_precision_at_20_std": 0.3376059687312097,
        "nauc_precision_at_3_diff1": -0.13141322740879877,
        "nauc_precision_at_3_max": 0.1055871517106407,
        "nauc_precision_at_3_std": 0.02681950545631373,
        "nauc_precision_at_5_diff1": -0.26872670377715535,
        "nauc_precision_at_5_max": 0.04786869788333147,
        "nauc_precision_at_5_std": 0.1544034527059931,
        "nauc_recall_at_1000_diff1": 0.5621337530556793,
        "nauc_recall_at_1000_max": 0.3308620369043597,
        "nauc_recall_at_1000_std": 0.002741399421319524,
        "nauc_recall_at_100_diff1": 0.6929519743530483,
        "nauc_recall_at_100_max": 0.37897080637674163,
        "nauc_recall_at_100_std": -0.4794212336187093,
        "nauc_recall_at_10_diff1": 0.6863393768579749,
        "nauc_recall_at_10_max": 0.32353897292116585,
        "nauc_recall_at_10_std": -0.6565571136854254,
        "nauc_recall_at_1_diff1": 0.7803995557741865,
        "nauc_recall_at_1_max": 0.2870892916725321,
        "nauc_recall_at_1_std": -0.43506185543909387,
        "nauc_recall_at_20_diff1": 0.7163835357422835,
        "nauc_recall_at_20_max": 0.3476389958416232,
        "nauc_recall_at_20_std": -0.6457966810967366,
        "nauc_recall_at_3_diff1": 0.7046812953152509,
        "nauc_recall_at_3_max": 0.30263693449285234,
        "nauc_recall_at_3_std": -0.5828435832898132,
        "nauc_recall_at_5_diff1": 0.6952915109123884,
        "nauc_recall_at_5_max": 0.3129199166464427,
        "nauc_recall_at_5_std": -0.6281444690169019,
        "ndcg_at_1": 0.7935,
        "ndcg_at_10": 0.87034,
        "ndcg_at_100": 0.88398,
        "ndcg_at_1000": 0.88536,
        "ndcg_at_20": 0.87762,
        "ndcg_at_3": 0.84017,
        "ndcg_at_5": 0.85727,
        "precision_at_1": 0.7935,
        "precision_at_10": 0.1318,
        "precision_at_100": 0.01515,
        "precision_at_1000": 0.00156,
        "precision_at_20": 0.07016,
        "precision_at_3": 0.3664,
        "precision_at_5": 0.24166,
        "recall_at_1": 0.69264,
        "recall_at_10": 0.94673,
        "recall_at_100": 0.99338,
        "recall_at_1000": 0.99947,
        "recall_at_20": 0.9698,
        "recall_at_3": 0.86145,
        "recall_at_5": 0.90873
      }
    ]
  },
  "task_name": "QuoraRetrieval"
}