{
  "dataset_revision": "0228b52cf27578f30900b9e5271d331663a030d7",
  "evaluation_time": 41.21157240867615,
  "kg_co2_emissions": null,
  "mteb_version": "1.13.1",
  "scores": {
    "test": [
      {
        "hf_subset": "default",
        "languages": [
          "eng-Latn"
        ],
        "main_score": 0.72751,
        "map_at_1": 0.60417,
        "map_at_10": 0.68807,
        "map_at_100": 0.69446,
        "map_at_1000": 0.69469,
        "map_at_20": 0.69233,
        "map_at_3": 0.66389,
        "map_at_5": 0.67817,
        "mrr_at_1": 0.6333333333333333,
        "mrr_at_10": 0.7007619047619048,
        "mrr_at_100": 0.7056721796506905,
        "mrr_at_1000": 0.7058764386097854,
        "mrr_at_20": 0.7037921351524292,
        "mrr_at_3": 0.6838888888888889,
        "mrr_at_5": 0.6933888888888889,
        "nauc_map_at_1000_diff1": 0.7075261837665069,
        "nauc_map_at_1000_max": 0.5344731906583345,
        "nauc_map_at_1000_std": -0.046049249883981756,
        "nauc_map_at_100_diff1": 0.7071946545820627,
        "nauc_map_at_100_max": 0.5346373601314611,
        "nauc_map_at_100_std": -0.045862641568061156,
        "nauc_map_at_10_diff1": 0.7076194667521376,
        "nauc_map_at_10_max": 0.535870852400875,
        "nauc_map_at_10_std": -0.05189050151653904,
        "nauc_map_at_1_diff1": 0.7442738015551787,
        "nauc_map_at_1_max": 0.458109638230124,
        "nauc_map_at_1_std": -0.12604205113447944,
        "nauc_map_at_20_diff1": 0.7059611883058868,
        "nauc_map_at_20_max": 0.5359145596517012,
        "nauc_map_at_20_std": -0.04431188342173986,
        "nauc_map_at_3_diff1": 0.7085785433246257,
        "nauc_map_at_3_max": 0.506343586304569,
        "nauc_map_at_3_std": -0.07731006054239588,
        "nauc_map_at_5_diff1": 0.7064819780311761,
        "nauc_map_at_5_max": 0.5232798797052371,
        "nauc_map_at_5_std": -0.06611382291909623,
        "nauc_mrr_at_1000_diff1": 0.707993940061644,
        "nauc_mrr_at_1000_max": 0.5526518800896888,
        "nauc_mrr_at_1000_std": -0.01052917652531998,
        "nauc_mrr_at_100_diff1": 0.7076236856807903,
        "nauc_mrr_at_100_max": 0.5527790250696105,
        "nauc_mrr_at_100_std": -0.010412555468119745,
        "nauc_mrr_at_10_diff1": 0.7068628597617608,
        "nauc_mrr_at_10_max": 0.5554425230934703,
        "nauc_mrr_at_10_std": -0.009620414797386288,
        "nauc_mrr_at_1_diff1": 0.7416250591265044,
        "nauc_mrr_at_1_max": 0.507610238082725,
        "nauc_mrr_at_1_std": -0.05963105061228742,
        "nauc_mrr_at_20_diff1": 0.7061954797027497,
        "nauc_mrr_at_20_max": 0.5538516128768597,
        "nauc_mrr_at_20_std": -0.00870138097558053,
        "nauc_mrr_at_3_diff1": 0.7094018933084774,
        "nauc_mrr_at_3_max": 0.5488442876522213,
        "nauc_mrr_at_3_std": -0.01737700781363935,
        "nauc_mrr_at_5_diff1": 0.70594864824351,
        "nauc_mrr_at_5_max": 0.5527544322012293,
        "nauc_mrr_at_5_std": -0.015454182088100938,
        "nauc_ndcg_at_1000_diff1": 0.7016504269021205,
        "nauc_ndcg_at_1000_max": 0.5563361221089533,
        "nauc_ndcg_at_1000_std": -0.012296090783452522,
        "nauc_ndcg_at_100_diff1": 0.6947229115382851,
        "nauc_ndcg_at_100_max": 0.5599890529750746,
        "nauc_ndcg_at_100_std": -0.010014557160338592,
        "nauc_ndcg_at_10_diff1": 0.693044015607067,
        "nauc_ndcg_at_10_max": 0.5733635657330207,
        "nauc_ndcg_at_10_std": -0.01247474200848675,
        "nauc_ndcg_at_1_diff1": 0.748215003891213,
        "nauc_ndcg_at_1_max": 0.5106629687083782,
        "nauc_ndcg_at_1_std": -0.061178228009422526,
        "nauc_ndcg_at_20_diff1": 0.6886179229705827,
        "nauc_ndcg_at_20_max": 0.5720500783261883,
        "nauc_ndcg_at_20_std": 0.007198115643839282,
        "nauc_ndcg_at_3_diff1": 0.6942565137683131,
        "nauc_ndcg_at_3_max": 0.5390865501154658,
        "nauc_ndcg_at_3_std": -0.04377592609548677,
        "nauc_ndcg_at_5_diff1": 0.6906578334628627,
        "nauc_ndcg_at_5_max": 0.552510984567415,
        "nauc_ndcg_at_5_std": -0.040789539085863386,
        "nauc_precision_at_1000_diff1": -0.2551842124608211,
        "nauc_precision_at_1000_max": 0.12960029939119427,
        "nauc_precision_at_1000_std": 0.49506472329704615,
        "nauc_precision_at_100_diff1": -0.1785359711359178,
        "nauc_precision_at_100_max": 0.2114439305518563,
        "nauc_precision_at_100_std": 0.4610443857907343,
        "nauc_precision_at_10_diff1": 0.14524111930970532,
        "nauc_precision_at_10_max": 0.473942582960364,
        "nauc_precision_at_10_std": 0.3386607394863103,
        "nauc_precision_at_1_diff1": 0.748215003891213,
        "nauc_precision_at_1_max": 0.5106629687083782,
        "nauc_precision_at_1_std": -0.061178228009422526,
        "nauc_precision_at_20_diff1": 0.014575405465903803,
        "nauc_precision_at_20_max": 0.3848670153232531,
        "nauc_precision_at_20_std": 0.44970594818990245,
        "nauc_precision_at_3_diff1": 0.4137639746370767,
        "nauc_precision_at_3_max": 0.49314825629901565,
        "nauc_precision_at_3_std": 0.12557880026697765,
        "nauc_precision_at_5_diff1": 0.2558233597130718,
        "nauc_precision_at_5_max": 0.46194105492963167,
        "nauc_precision_at_5_std": 0.21129780515379495,
        "nauc_recall_at_1000_diff1": 0.869281045751621,
        "nauc_recall_at_1000_max": 0.6136788048552888,
        "nauc_recall_at_1000_std": 0.7117180205415388,
        "nauc_recall_at_100_diff1": 0.4662850647505387,
        "nauc_recall_at_100_max": 0.7059838428124879,
        "nauc_recall_at_100_std": 0.18408232858360685,
        "nauc_recall_at_10_diff1": 0.6210141308940652,
        "nauc_recall_at_10_max": 0.7068862430460324,
        "nauc_recall_at_10_std": 0.10060024149950159,
        "nauc_recall_at_1_diff1": 0.7442738015551787,
        "nauc_recall_at_1_max": 0.458109638230124,
        "nauc_recall_at_1_std": -0.12604205113447944,
        "nauc_recall_at_20_diff1": 0.5694701380639888,
        "nauc_recall_at_20_max": 0.7474691977934249,
        "nauc_recall_at_20_std": 0.26313805564287446,
        "nauc_recall_at_3_diff1": 0.6456686798176288,
        "nauc_recall_at_3_max": 0.564244402705027,
        "nauc_recall_at_3_std": -0.038423033196759354,
        "nauc_recall_at_5_diff1": 0.6284244247760574,
        "nauc_recall_at_5_max": 0.6134143826986082,
        "nauc_recall_at_5_std": -0.021460263155884406,
        "ndcg_at_1": 0.63,
        "ndcg_at_10": 0.72751,
        "ndcg_at_100": 0.75516,
        "ndcg_at_1000": 0.75956,
        "ndcg_at_20": 0.74087,
        "ndcg_at_3": 0.68743,
        "ndcg_at_5": 0.70701,
        "precision_at_1": 0.63,
        "precision_at_10": 0.094,
        "precision_at_100": 0.0109,
        "precision_at_1000": 0.00112,
        "precision_at_20": 0.05017,
        "precision_at_3": 0.26444,
        "precision_at_5": 0.17333,
        "recall_at_1": 0.60417,
        "recall_at_10": 0.83639,
        "recall_at_100": 0.96167,
        "recall_at_1000": 0.99333,
        "recall_at_20": 0.88633,
        "recall_at_3": 0.72867,
        "recall_at_5": 0.77667
      }
    ]
  },
  "task_name": "SciFact"
}