{
  "dataset_revision": "20a6d6f312dd54037fe07a32d58e5e168867909d",
  "evaluation_time": 26.32812476158142,
  "kg_co2_emissions": null,
  "mteb_version": "1.13.1",
  "scores": {
    "test": [
      {
        "cosine_pearson": 0.8507725584040244,
        "cosine_spearman": 0.7943125746670139,
        "euclidean_pearson": 0.8212577391955465,
        "euclidean_spearman": 0.7886704292412229,
        "hf_subset": "default",
        "languages": [
          "eng-Latn"
        ],
        "main_score": 0.7943125746670139,
        "manhattan_pearson": 0.8206829593161815,
        "manhattan_spearman": 0.7883829272065945,
        "pearson": 0.8507725584040244,
        "spearman": 0.7943125746670139
      }
    ]
  },
  "task_name": "SICK-R"
}