{
  "dataset_revision": "d66bd1f72af766a5cc4b0ca5e00c162f89e8cc46",
  "evaluation_time": 15.937108278274536,
  "kg_co2_emissions": null,
  "mteb_version": "1.13.1",
  "scores": {
    "test": [
      {
        "cosine_accuracy": 0.9983069306930693,
        "cosine_accuracy_threshold": 0.7258473634719849,
        "cosine_ap": 0.9562981621375598,
        "cosine_f1": 0.9141135107985937,
        "cosine_f1_threshold": 0.7243204116821289,
        "cosine_precision": 0.9182643794147326,
        "cosine_recall": 0.91,
        "dot_accuracy": 0.9974851485148515,
        "dot_accuracy_threshold": 4.789238452911377,
        "dot_ap": 0.9340230878012137,
        "dot_f1": 0.8699596774193549,
        "dot_f1_threshold": 4.708854675292969,
        "dot_precision": 0.8770325203252033,
        "dot_recall": 0.863,
        "euclidean_accuracy": 0.9982277227722772,
        "euclidean_accuracy_threshold": 1.8804705142974854,
        "euclidean_ap": 0.952076892973237,
        "euclidean_f1": 0.9098236775818639,
        "euclidean_f1_threshold": 1.8818645477294922,
        "euclidean_precision": 0.916751269035533,
        "euclidean_recall": 0.903,
        "hf_subset": "default",
        "languages": [
          "eng-Latn"
        ],
        "main_score": 0.9562981621375598,
        "manhattan_accuracy": 0.9982277227722772,
        "manhattan_accuracy_threshold": 41.77627182006836,
        "manhattan_ap": 0.951659665988263,
        "manhattan_f1": 0.910095429432446,
        "manhattan_f1_threshold": 41.82058334350586,
        "manhattan_precision": 0.9142280524722503,
        "manhattan_recall": 0.906,
        "max_ap": 0.9562981621375598,
        "max_f1": 0.9141135107985937,
        "max_precision": 0.9182643794147326,
        "max_recall": 0.91,
        "similarity_accuracy": 0.9983069306930693,
        "similarity_accuracy_threshold": 0.7258473634719849,
        "similarity_ap": 0.9562981621375598,
        "similarity_f1": 0.9141135107985937,
        "similarity_f1_threshold": 0.7243204116821289,
        "similarity_precision": 0.9182643794147326,
        "similarity_recall": 0.91
      }
    ]
  },
  "task_name": "SprintDuplicateQuestions"
}