{
  "dataset_revision": "faeb762787bd10488a50c8b5be4a3b82e411949c",
  "evaluation_time": 24.33884310722351,
  "kg_co2_emissions": null,
  "mteb_version": "1.13.1",
  "scores": {
    "test": [
      {
        "cosine_pearson": 0.884007994755441,
        "cosine_spearman": 0.8801181873043488,
        "euclidean_pearson": 0.8624387547987925,
        "euclidean_spearman": 0.8437611927106756,
        "hf_subset": "en-en",
        "languages": [
          "eng-Latn"
        ],
        "main_score": 0.8801181873043488,
        "manhattan_pearson": 0.8629293107825686,
        "manhattan_spearman": 0.844569578657584,
        "pearson": 0.884007994755441,
        "spearman": 0.8801181873043488
      }
    ]
  },
  "task_name": "STS17"
}