{
  "dataset_revision": "ae752c7c21bf194d8b67fd573edf7ae58183cbe3",
  "evaluation_time": 48.329779863357544,
  "kg_co2_emissions": null,
  "mteb_version": "1.13.1",
  "scores": {
    "test": [
      {
        "cosine_pearson": 0.8718577600664527,
        "cosine_spearman": 0.8788236207220438,
        "euclidean_pearson": 0.8628723004126249,
        "euclidean_spearman": 0.8675935389411358,
        "hf_subset": "default",
        "languages": [
          "eng-Latn"
        ],
        "main_score": 0.8788236207220438,
        "manhattan_pearson": 0.8620638307985569,
        "manhattan_spearman": 0.8668268410649019,
        "pearson": 0.8718577600664527,
        "spearman": 0.8788236207220438
      }
    ]
  },
  "task_name": "STS15"
}