{
  "dataset_revision": "6031580fec1f6af667f0bd2da0a551cf4f0b2375",
  "evaluation_time": 25.69881510734558,
  "kg_co2_emissions": null,
  "mteb_version": "1.13.1",
  "scores": {
    "test": [
      {
        "cosine_pearson": 0.8366378787352835,
        "cosine_spearman": 0.8188395797482874,
        "euclidean_pearson": 0.824836216463092,
        "euclidean_spearman": 0.8212959198249262,
        "hf_subset": "default",
        "languages": [
          "eng-Latn"
        ],
        "main_score": 0.8188395797482874,
        "manhattan_pearson": 0.8243548404782692,
        "manhattan_spearman": 0.8208590437201987,
        "pearson": 0.8366378787352835,
        "spearman": 0.8188395797482874
      }
    ]
  },
  "task_name": "STS14"
}