{
  "dataset_revision": "8b6510b0b1fa4e4c4f879467980e9be563ec1cdf",
  "evaluation_time": 17.546640872955322,
  "kg_co2_emissions": null,
  "mteb_version": "1.13.1",
  "scores": {
    "test": [
      {
        "cosine_accuracy": 0.8950207629914232,
        "cosine_accuracy_threshold": 0.6605780124664307,
        "cosine_ap": 0.8719730544986996,
        "cosine_f1": 0.7932876245312322,
        "cosine_f1_threshold": 0.6377153396606445,
        "cosine_precision": 0.7807769741257177,
        "cosine_recall": 0.8062057283646443,
        "dot_accuracy": 0.8891605541972291,
        "dot_accuracy_threshold": 4.613394737243652,
        "dot_ap": 0.8557891983198913,
        "dot_f1": 0.7838962761059339,
        "dot_f1_threshold": 4.342889308929443,
        "dot_precision": 0.7514299837582091,
        "dot_recall": 0.8192947336002464,
        "euclidean_accuracy": 0.8921682772538518,
        "euclidean_accuracy_threshold": 2.1675848960876465,
        "euclidean_ap": 0.865458163196108,
        "euclidean_f1": 0.7861542340525159,
        "euclidean_f1_threshold": 2.3207268714904785,
        "euclidean_precision": 0.7386125211505922,
        "euclidean_recall": 0.8402371419772098,
        "hf_subset": "default",
        "languages": [
          "eng-Latn"
        ],
        "main_score": 0.8719730544986996,
        "manhattan_accuracy": 0.8918189932859859,
        "manhattan_accuracy_threshold": 47.98636245727539,
        "manhattan_ap": 0.8651417803523394,
        "manhattan_f1": 0.7858083394294075,
        "manhattan_f1_threshold": 50.878570556640625,
        "manhattan_precision": 0.7484671125975474,
        "manhattan_recall": 0.827071142593163,
        "max_ap": 0.8719730544986996,
        "max_f1": 0.7932876245312322,
        "max_precision": 0.7807769741257177,
        "max_recall": 0.8402371419772098,
        "similarity_accuracy": 0.8950207629914232,
        "similarity_accuracy_threshold": 0.6605780124664307,
        "similarity_ap": 0.8719730544986996,
        "similarity_f1": 0.7932876245312322,
        "similarity_f1_threshold": 0.6377153396606445,
        "similarity_precision": 0.7807769741257177,
        "similarity_recall": 0.8062057283646443
      }
    ]
  },
  "task_name": "TwitterURLCorpus"
}