{
  "dataset_revision": "47f2ac6acb640fc46020b02a5b59fdda04d39380",
  "mteb_dataset_name": "ClimateFEVER",
  "mteb_version": "1.6.34",
  "test": {
    "evaluation_time": 705.07,
    "map_at_1": 0.15879,
    "map_at_10": 0.26816,
    "map_at_100": 0.28839,
    "map_at_1000": 0.29017,
    "map_at_20": 0.27918,
    "map_at_3": 0.22852,
    "map_at_5": 0.25022,
    "mrr_at_1": 0.36026,
    "mrr_at_10": 0.48434,
    "mrr_at_100": 0.49192,
    "mrr_at_1000": 0.49219,
    "mrr_at_20": 0.48912,
    "mrr_at_3": 0.45581,
    "mrr_at_5": 0.4734,
    "ndcg_at_1": 0.36156,
    "ndcg_at_10": 0.3627,
    "ndcg_at_100": 0.43549,
    "ndcg_at_1000": 0.46553,
    "ndcg_at_20": 0.39124,
    "ndcg_at_3": 0.30977,
    "ndcg_at_5": 0.32799,
    "precision_at_1": 0.36156,
    "precision_at_10": 0.10958,
    "precision_at_100": 0.01889,
    "precision_at_1000": 0.00245,
    "precision_at_20": 0.0673,
    "precision_at_3": 0.23105,
    "precision_at_5": 0.17238,
    "recall_at_1": 0.15879,
    "recall_at_10": 0.41717,
    "recall_at_100": 0.66274,
    "recall_at_1000": 0.8292,
    "recall_at_20": 0.49631,
    "recall_at_3": 0.28008,
    "recall_at_5": 0.3404
  }
}