{
  "dataset_revision": "ad9991cb51e31e31e430383c75ffb2885547b5f0",
  "mteb_dataset_name": "CQADupstackEnglishRetrieval",
  "mteb_version": "1.6.34",
  "test": {
    "evaluation_time": 12.29,
    "map_at_1": 0.30476,
    "map_at_10": 0.40472,
    "map_at_100": 0.41706,
    "map_at_1000": 0.41827,
    "map_at_20": 0.41162,
    "map_at_3": 0.37342,
    "map_at_5": 0.39073,
    "mrr_at_1": 0.38408,
    "mrr_at_10": 0.46694,
    "mrr_at_100": 0.47345,
    "mrr_at_1000": 0.4739,
    "mrr_at_20": 0.47104,
    "mrr_at_3": 0.44406,
    "mrr_at_5": 0.45746,
    "ndcg_at_1": 0.38408,
    "ndcg_at_10": 0.46337,
    "ndcg_at_100": 0.50588,
    "ndcg_at_1000": 0.52579,
    "ndcg_at_20": 0.48087,
    "ndcg_at_3": 0.41876,
    "ndcg_at_5": 0.43964,
    "precision_at_1": 0.38408,
    "precision_at_10": 0.08739,
    "precision_at_100": 0.01389,
    "precision_at_1000": 0.00185,
    "precision_at_20": 0.05134,
    "precision_at_3": 0.20127,
    "precision_at_5": 0.14318,
    "recall_at_1": 0.30476,
    "recall_at_10": 0.56672,
    "recall_at_100": 0.74519,
    "recall_at_1000": 0.87212,
    "recall_at_20": 0.63169,
    "recall_at_3": 0.43412,
    "recall_at_5": 0.49219
  }
}