{
  "dataset_revision": "f46a197baaae43b4f621051089b82a364682dfeb",
  "mteb_dataset_name": "CQADupstackAndroidRetrieval",
  "mteb_version": "1.6.34",
  "test": {
    "evaluation_time": 9.34,
    "map_at_1": 0.32704,
    "map_at_10": 0.42842,
    "map_at_100": 0.44196,
    "map_at_1000": 0.44332,
    "map_at_20": 0.43602,
    "map_at_3": 0.3978,
    "map_at_5": 0.41366,
    "mrr_at_1": 0.39771,
    "mrr_at_10": 0.48609,
    "mrr_at_100": 0.49393,
    "mrr_at_1000": 0.49443,
    "mrr_at_20": 0.49094,
    "mrr_at_3": 0.46209,
    "mrr_at_5": 0.47675,
    "ndcg_at_1": 0.39485,
    "ndcg_at_10": 0.48506,
    "ndcg_at_100": 0.53611,
    "ndcg_at_1000": 0.55788,
    "ndcg_at_20": 0.5055,
    "ndcg_at_3": 0.44038,
    "ndcg_at_5": 0.45919,
    "precision_at_1": 0.39485,
    "precision_at_10": 0.08841,
    "precision_at_100": 0.01432,
    "precision_at_1000": 0.0019,
    "precision_at_20": 0.05265,
    "precision_at_3": 0.20601,
    "precision_at_5": 0.14506,
    "recall_at_1": 0.32704,
    "recall_at_10": 0.58911,
    "recall_at_100": 0.80252,
    "recall_at_1000": 0.94145,
    "recall_at_20": 0.66232,
    "recall_at_3": 0.45839,
    "recall_at_5": 0.51234
  }
}