{
  "dataset_revision": "65ac3a16b8e91f9cee4c9828cc7c335575432a2a",
  "mteb_dataset_name": "CQADupstackStatsRetrieval",
  "mteb_version": "1.6.34",
  "test": {
    "evaluation_time": 12.51,
    "map_at_1": 0.23036,
    "map_at_10": 0.29673,
    "map_at_100": 0.30714,
    "map_at_1000": 0.30797,
    "map_at_20": 0.30349,
    "map_at_3": 0.27854,
    "map_at_5": 0.29049,
    "mrr_at_1": 0.26074,
    "mrr_at_10": 0.32553,
    "mrr_at_100": 0.33451,
    "mrr_at_1000": 0.33515,
    "mrr_at_20": 0.33178,
    "mrr_at_3": 0.30803,
    "mrr_at_5": 0.32014,
    "ndcg_at_1": 0.26074,
    "ndcg_at_10": 0.33543,
    "ndcg_at_100": 0.38308,
    "ndcg_at_1000": 0.40665,
    "ndcg_at_20": 0.35918,
    "ndcg_at_3": 0.30205,
    "ndcg_at_5": 0.32159,
    "precision_at_1": 0.26074,
    "precision_at_10": 0.05138,
    "precision_at_100": 0.00821,
    "precision_at_1000": 0.0011,
    "precision_at_20": 0.03152,
    "precision_at_3": 0.13139,
    "precision_at_5": 0.0911,
    "recall_at_1": 0.23036,
    "recall_at_10": 0.42577,
    "recall_at_100": 0.63347,
    "recall_at_1000": 0.81081,
    "recall_at_20": 0.51527,
    "recall_at_3": 0.33424,
    "recall_at_5": 0.3841
  }
}