{
  "dataset_revision": "6184bc1440d2dbc7612be22b50686b8826d22b32",
  "mteb_dataset_name": "CQADupstackProgrammersRetrieval",
  "mteb_version": "1.6.34",
  "test": {
    "evaluation_time": 11.43,
    "map_at_1": 0.2532,
    "map_at_10": 0.34624,
    "map_at_100": 0.35874,
    "map_at_1000": 0.35978,
    "map_at_20": 0.35263,
    "map_at_3": 0.3175,
    "map_at_5": 0.33467,
    "mrr_at_1": 0.31621,
    "mrr_at_10": 0.39993,
    "mrr_at_100": 0.40898,
    "mrr_at_1000": 0.4095,
    "mrr_at_20": 0.40489,
    "mrr_at_3": 0.37576,
    "mrr_at_5": 0.39003,
    "ndcg_at_1": 0.31507,
    "ndcg_at_10": 0.40115,
    "ndcg_at_100": 0.45717,
    "ndcg_at_1000": 0.47905,
    "ndcg_at_20": 0.42066,
    "ndcg_at_3": 0.3547,
    "ndcg_at_5": 0.37788,
    "precision_at_1": 0.31507,
    "precision_at_10": 0.07317,
    "precision_at_100": 0.01182,
    "precision_at_1000": 0.00152,
    "precision_at_20": 0.04247,
    "precision_at_3": 0.17009,
    "precision_at_5": 0.12169,
    "recall_at_1": 0.2532,
    "recall_at_10": 0.51265,
    "recall_at_100": 0.75626,
    "recall_at_1000": 0.90561,
    "recall_at_20": 0.58238,
    "recall_at_3": 0.38137,
    "recall_at_5": 0.44401
  }
}