{
  "dataset_revision": "f8c2fcf00f625baaa80f62ec5bd9e1fff3b8ae88",
  "mteb_dataset_name": "SCIDOCS",
  "mteb_version": "1.6.34",
  "test": {
    "evaluation_time": 21.05,
    "map_at_1": 0.04498,
    "map_at_10": 0.107,
    "map_at_100": 0.12417,
    "map_at_1000": 0.12669,
    "map_at_20": 0.11553,
    "map_at_3": 0.0792,
    "map_at_5": 0.09233,
    "mrr_at_1": 0.221,
    "mrr_at_10": 0.31889,
    "mrr_at_100": 0.32976,
    "mrr_at_1000": 0.33043,
    "mrr_at_20": 0.32518,
    "mrr_at_3": 0.28983,
    "mrr_at_5": 0.30663,
    "ndcg_at_1": 0.222,
    "ndcg_at_10": 0.18061,
    "ndcg_at_100": 0.25048,
    "ndcg_at_1000": 0.29904,
    "ndcg_at_20": 0.20486,
    "ndcg_at_3": 0.17744,
    "ndcg_at_5": 0.15151,
    "precision_at_1": 0.222,
    "precision_at_10": 0.0917,
    "precision_at_100": 0.01925,
    "precision_at_1000": 0.00309,
    "precision_at_20": 0.05985,
    "precision_at_3": 0.16533,
    "precision_at_5": 0.1312,
    "recall_at_1": 0.04498,
    "recall_at_10": 0.18583,
    "recall_at_100": 0.39013,
    "recall_at_1000": 0.62855,
    "recall_at_20": 0.24238,
    "recall_at_3": 0.10028,
    "recall_at_5": 0.13268
  }
}