{
  "dataset_revision": "a34f9a33db75fa0cbb21bb5cfc3dae8dc8bec93f",
  "mteb_dataset_name": "Touche2020",
  "mteb_version": "1.6.34",
  "test": {
    "evaluation_time": 59.0,
    "map_at_1": 0.02744,
    "map_at_10": 0.114,
    "map_at_100": 0.17371,
    "map_at_1000": 0.18879,
    "map_at_20": 0.14216,
    "map_at_3": 0.06174,
    "map_at_5": 0.0785,
    "mrr_at_1": 0.36735,
    "mrr_at_10": 0.50699,
    "mrr_at_100": 0.51557,
    "mrr_at_1000": 0.51557,
    "mrr_at_20": 0.51342,
    "mrr_at_3": 0.46939,
    "mrr_at_5": 0.48265,
    "ndcg_at_1": 0.33673,
    "ndcg_at_10": 0.27649,
    "ndcg_at_100": 0.37952,
    "ndcg_at_1000": 0.492,
    "ndcg_at_20": 0.28923,
    "ndcg_at_3": 0.32952,
    "ndcg_at_5": 0.28897,
    "precision_at_1": 0.36735,
    "precision_at_10": 0.2449,
    "precision_at_100": 0.07612,
    "precision_at_1000": 0.01502,
    "precision_at_20": 0.1949,
    "precision_at_3": 0.34694,
    "precision_at_5": 0.28163,
    "recall_at_1": 0.02744,
    "recall_at_10": 0.1758,
    "recall_at_100": 0.46954,
    "recall_at_1000": 0.80748,
    "recall_at_20": 0.25843,
    "recall_at_3": 0.07359,
    "recall_at_5": 0.10053
  }
}