{
  "dataset_revision": "c22ab2a51041ffd869aaddef7af8d8215647e41a",
  "mteb_dataset_name": "ArguAna",
  "mteb_version": "1.10.15",
  "test": {
    "evaluation_time": 10.22,
    "map_at_1": 0.23329,
    "map_at_10": 0.37251,
    "map_at_100": 0.38446,
    "map_at_1000": 0.38456,
    "map_at_20": 0.38138,
    "map_at_3": 0.31887,
    "map_at_5": 0.34657,
    "mrr_at_1": 0.23969,
    "mrr_at_10": 0.37618,
    "mrr_at_100": 0.38801,
    "mrr_at_1000": 0.38811,
    "mrr_at_20": 0.38495,
    "mrr_at_3": 0.32397,
    "mrr_at_5": 0.34979,
    "ndcg_at_1": 0.23329,
    "ndcg_at_10": 0.46167,
    "ndcg_at_100": 0.51339,
    "ndcg_at_1000": 0.51565,
    "ndcg_at_20": 0.4932,
    "ndcg_at_3": 0.34913,
    "ndcg_at_5": 0.39899,
    "precision_at_1": 0.23329,
    "precision_at_10": 0.07518,
    "precision_at_100": 0.00979,
    "precision_at_1000": 0.001,
    "precision_at_20": 0.04374,
    "precision_at_3": 0.1458,
    "precision_at_5": 0.11166,
    "recall_at_1": 0.23329,
    "recall_at_10": 0.75178,
    "recall_at_100": 0.97937,
    "recall_at_1000": 0.99644,
    "recall_at_20": 0.87482,
    "recall_at_3": 0.43741,
    "recall_at_5": 0.55832
  }
}