{
  "dataset_revision": "47f2ac6acb640fc46020b02a5b59fdda04d39380",
  "mteb_dataset_name": "ClimateFEVER",
  "mteb_version": "1.10.15",
  "test": {
    "evaluation_time": 553.4,
    "map_at_1": 0.13759,
    "map_at_10": 0.23574,
    "map_at_100": 0.2533,
    "map_at_1000": 0.25518,
    "map_at_20": 0.24504,
    "map_at_3": 0.20138,
    "map_at_5": 0.21937,
    "mrr_at_1": 0.31531,
    "mrr_at_10": 0.43097,
    "mrr_at_100": 0.43956,
    "mrr_at_1000": 0.43997,
    "mrr_at_20": 0.43636,
    "mrr_at_3": 0.40217,
    "mrr_at_5": 0.41839,
    "ndcg_at_1": 0.31401,
    "ndcg_at_10": 0.32203,
    "ndcg_at_100": 0.39031,
    "ndcg_at_1000": 0.42395,
    "ndcg_at_20": 0.34747,
    "ndcg_at_3": 0.27325,
    "ndcg_at_5": 0.28888,
    "precision_at_1": 0.31401,
    "precision_at_10": 0.09818,
    "precision_at_100": 0.01726,
    "precision_at_1000": 0.00236,
    "precision_at_20": 0.0602,
    "precision_at_3": 0.20391,
    "precision_at_5": 0.15192,
    "recall_at_1": 0.13759,
    "recall_at_10": 0.3751,
    "recall_at_100": 0.61014,
    "recall_at_1000": 0.79799,
    "recall_at_20": 0.44566,
    "recall_at_3": 0.25078,
    "recall_at_5": 0.3013
  }
}