{
  "dataset_revision": "4885aa143210c98657558c04aaf3dc47cfb54340",
  "mteb_dataset_name": "CQADupstackGamingRetrieval",
  "mteb_version": "1.10.15",
  "test": {
    "evaluation_time": 17.87,
    "map_at_1": 0.36963,
    "map_at_10": 0.49675,
    "map_at_100": 0.50733,
    "map_at_1000": 0.5079,
    "map_at_20": 0.50364,
    "map_at_3": 0.46372,
    "map_at_5": 0.48219,
    "mrr_at_1": 0.42696,
    "mrr_at_10": 0.53086,
    "mrr_at_100": 0.53814,
    "mrr_at_1000": 0.53846,
    "mrr_at_20": 0.5358,
    "mrr_at_3": 0.50648,
    "mrr_at_5": 0.5209,
    "ndcg_at_1": 0.42696,
    "ndcg_at_10": 0.55634,
    "ndcg_at_100": 0.59774,
    "ndcg_at_1000": 0.60966,
    "ndcg_at_20": 0.57625,
    "ndcg_at_3": 0.50084,
    "ndcg_at_5": 0.528,
    "precision_at_1": 0.42696,
    "precision_at_10": 0.09103,
    "precision_at_100": 0.01204,
    "precision_at_1000": 0.00135,
    "precision_at_20": 0.05141,
    "precision_at_3": 0.22529,
    "precision_at_5": 0.15524,
    "recall_at_1": 0.36963,
    "recall_at_10": 0.69936,
    "recall_at_100": 0.87719,
    "recall_at_1000": 0.96179,
    "recall_at_20": 0.77262,
    "recall_at_3": 0.55124,
    "recall_at_5": 0.61824
  }
}