{
  "dataset_revision": "5003b3064772da1887988e05400cf3806fe491f2",
  "mteb_dataset_name": "CQADupstackGisRetrieval",
  "mteb_version": "1.10.15",
  "test": {
    "evaluation_time": 21.21,
    "map_at_1": 0.21602,
    "map_at_10": 0.31435,
    "map_at_100": 0.32494,
    "map_at_1000": 0.32578,
    "map_at_20": 0.32041,
    "map_at_3": 0.28869,
    "map_at_5": 0.30371,
    "mrr_at_1": 0.2339,
    "mrr_at_10": 0.33101,
    "mrr_at_100": 0.34093,
    "mrr_at_1000": 0.3416,
    "mrr_at_20": 0.33687,
    "mrr_at_3": 0.30697,
    "mrr_at_5": 0.32115,
    "ndcg_at_1": 0.2339,
    "ndcg_at_10": 0.36579,
    "ndcg_at_100": 0.41816,
    "ndcg_at_1000": 0.43999,
    "ndcg_at_20": 0.38718,
    "ndcg_at_3": 0.31569,
    "ndcg_at_5": 0.34111,
    "precision_at_1": 0.2339,
    "precision_at_10": 0.05785,
    "precision_at_100": 0.00886,
    "precision_at_1000": 0.00111,
    "precision_at_20": 0.03401,
    "precision_at_3": 0.13861,
    "precision_at_5": 0.09785,
    "recall_at_1": 0.21602,
    "recall_at_10": 0.50816,
    "recall_at_100": 0.74763,
    "recall_at_1000": 0.91242,
    "recall_at_20": 0.58844,
    "recall_at_3": 0.37317,
    "recall_at_5": 0.43322
  }
}