{
  "dataset_revision": "4ffe81d471b1924886b33c7567bfb200e9eec5c4",
  "mteb_dataset_name": "CQADupstackWordpressRetrieval",
  "mteb_version": "1.10.15",
  "test": {
    "evaluation_time": 22.78,
    "map_at_1": 0.19076,
    "map_at_10": 0.27537,
    "map_at_100": 0.28524,
    "map_at_1000": 0.28644,
    "map_at_20": 0.28167,
    "map_at_3": 0.25047,
    "map_at_5": 0.26589,
    "mrr_at_1": 0.20702,
    "mrr_at_10": 0.29404,
    "mrr_at_100": 0.30315,
    "mrr_at_1000": 0.30399,
    "mrr_at_20": 0.29976,
    "mrr_at_3": 0.27018,
    "mrr_at_5": 0.28478,
    "ndcg_at_1": 0.20887,
    "ndcg_at_10": 0.32374,
    "ndcg_at_100": 0.37055,
    "ndcg_at_1000": 0.39947,
    "ndcg_at_20": 0.3458,
    "ndcg_at_3": 0.27628,
    "ndcg_at_5": 0.30196,
    "precision_at_1": 0.20887,
    "precision_at_10": 0.05157,
    "precision_at_100": 0.00802,
    "precision_at_1000": 0.00116,
    "precision_at_20": 0.03124,
    "precision_at_3": 0.12261,
    "precision_at_5": 0.08799,
    "recall_at_1": 0.19076,
    "recall_at_10": 0.45326,
    "recall_at_100": 0.66104,
    "recall_at_1000": 0.87509,
    "recall_at_20": 0.53623,
    "recall_at_3": 0.3268,
    "recall_at_5": 0.38857
  }
}