{
  "dataset_revision": "6184bc1440d2dbc7612be22b50686b8826d22b32",
  "mteb_dataset_name": "CQADupstackProgrammersRetrieval",
  "mteb_version": "1.10.15",
  "test": {
    "evaluation_time": 20.03,
    "map_at_1": 0.22251,
    "map_at_10": 0.31883,
    "map_at_100": 0.33272,
    "map_at_1000": 0.33392,
    "map_at_20": 0.32651,
    "map_at_3": 0.28636,
    "map_at_5": 0.30317,
    "mrr_at_1": 0.26598,
    "mrr_at_10": 0.36232,
    "mrr_at_100": 0.37176,
    "mrr_at_1000": 0.37235,
    "mrr_at_20": 0.36775,
    "mrr_at_3": 0.33219,
    "mrr_at_5": 0.34857,
    "ndcg_at_1": 0.26598,
    "ndcg_at_10": 0.37762,
    "ndcg_at_100": 0.43834,
    "ndcg_at_1000": 0.46151,
    "ndcg_at_20": 0.4001,
    "ndcg_at_3": 0.31872,
    "ndcg_at_5": 0.34387,
    "precision_at_1": 0.26598,
    "precision_at_10": 0.07112,
    "precision_at_100": 0.01191,
    "precision_at_1000": 0.00157,
    "precision_at_20": 0.04258,
    "precision_at_3": 0.1503,
    "precision_at_5": 0.11073,
    "recall_at_1": 0.22251,
    "recall_at_10": 0.51079,
    "recall_at_100": 0.77225,
    "recall_at_1000": 0.92448,
    "recall_at_20": 0.58828,
    "recall_at_3": 0.35163,
    "recall_at_5": 0.41327
  }
}