{
  "dataset_revision": "ab518f4d6fcca38d87c25209f94beba119d02014",
  "mteb_dataset_name": "HotpotQA",
  "mteb_version": "1.10.15",
  "test": {
    "evaluation_time": 607.01,
    "map_at_1": 0.39507,
    "map_at_10": 0.60642,
    "map_at_100": 0.61429,
    "map_at_1000": 0.61496,
    "map_at_20": 0.61098,
    "map_at_3": 0.57695,
    "map_at_5": 0.59557,
    "mrr_at_1": 0.79014,
    "mrr_at_10": 0.84378,
    "mrr_at_100": 0.84552,
    "mrr_at_1000": 0.84559,
    "mrr_at_20": 0.84488,
    "mrr_at_3": 0.83509,
    "mrr_at_5": 0.84054,
    "ndcg_at_1": 0.79014,
    "ndcg_at_10": 0.6892,
    "ndcg_at_100": 0.71709,
    "ndcg_at_1000": 0.72991,
    "ndcg_at_20": 0.70066,
    "ndcg_at_3": 0.64725,
    "ndcg_at_5": 0.67081,
    "precision_at_1": 0.79014,
    "precision_at_10": 0.14163,
    "precision_at_100": 0.01636,
    "precision_at_1000": 0.00181,
    "precision_at_20": 0.07452,
    "precision_at_3": 0.41031,
    "precision_at_5": 0.26479,
    "recall_at_1": 0.39507,
    "recall_at_10": 0.70817,
    "recall_at_100": 0.81796,
    "recall_at_1000": 0.90257,
    "recall_at_20": 0.74517,
    "recall_at_3": 0.61546,
    "recall_at_5": 0.66199
  }
}