{
  "dataset_revision": "c5a29a104738b98a9e76336939199e264163d4a0",
  "dev": {
    "evaluation_time": 1352.99,
    "map_at_1": 0.21245,
    "map_at_10": 0.33481,
    "map_at_100": 0.34633,
    "map_at_1000": 0.34681,
    "map_at_20": 0.34196,
    "map_at_3": 0.29596,
    "map_at_5": 0.31799,
    "mrr_at_1": 0.21805,
    "mrr_at_10": 0.34026,
    "mrr_at_100": 0.35128,
    "mrr_at_1000": 0.3517,
    "mrr_at_20": 0.34718,
    "mrr_at_3": 0.30201,
    "mrr_at_5": 0.32375,
    "ndcg_at_1": 0.21791,
    "ndcg_at_10": 0.40407,
    "ndcg_at_100": 0.45984,
    "ndcg_at_1000": 0.47216,
    "ndcg_at_20": 0.42948,
    "ndcg_at_3": 0.32471,
    "ndcg_at_5": 0.36401,
    "precision_at_1": 0.21791,
    "precision_at_10": 0.06438,
    "precision_at_100": 0.00925,
    "precision_at_1000": 0.00103,
    "precision_at_20": 0.03751,
    "precision_at_3": 0.13873,
    "precision_at_5": 0.10309,
    "recall_at_1": 0.21245,
    "recall_at_10": 0.61804,
    "recall_at_100": 0.8763,
    "recall_at_1000": 0.97117,
    "recall_at_20": 0.71651,
    "recall_at_3": 0.40197,
    "recall_at_5": 0.49601
  },
  "mteb_dataset_name": "MSMARCO",
  "mteb_version": "1.10.15"
}