{
  "dataset_revision": "e4e08e0b7dbe3c8700f0daef558ff32256715259",
  "mteb_dataset_name": "QuoraRetrieval",
  "mteb_version": "1.10.15",
  "test": {
    "evaluation_time": 68.56,
    "map_at_1": 0.70526,
    "map_at_10": 0.84282,
    "map_at_100": 0.84919,
    "map_at_1000": 0.84936,
    "map_at_20": 0.84708,
    "map_at_3": 0.81392,
    "map_at_5": 0.83196,
    "mrr_at_1": 0.8111,
    "mrr_at_10": 0.87365,
    "mrr_at_100": 0.87466,
    "mrr_at_1000": 0.87467,
    "mrr_at_20": 0.87439,
    "mrr_at_3": 0.86408,
    "mrr_at_5": 0.87065,
    "ndcg_at_1": 0.8111,
    "ndcg_at_10": 0.88091,
    "ndcg_at_100": 0.89329,
    "ndcg_at_1000": 0.89435,
    "ndcg_at_20": 0.88769,
    "ndcg_at_3": 0.85278,
    "ndcg_at_5": 0.8682,
    "precision_at_1": 0.8111,
    "precision_at_10": 0.13353,
    "precision_at_100": 0.01524,
    "precision_at_1000": 0.00156,
    "precision_at_20": 0.07094,
    "precision_at_3": 0.37267,
    "precision_at_5": 0.2449,
    "recall_at_1": 0.70526,
    "recall_at_10": 0.95269,
    "recall_at_100": 0.99497,
    "recall_at_1000": 0.99959,
    "recall_at_20": 0.97437,
    "recall_at_3": 0.87117,
    "recall_at_5": 0.91511
  }
}