{
  "dataset_revision": "bb9466bac8153a0349341eb1b22e06409e78ef4e",
  "mteb_dataset_name": "TRECCOVID",
  "mteb_version": "1.10.15",
  "test": {
    "evaluation_time": 120.39,
    "map_at_1": 0.00231,
    "map_at_10": 0.01766,
    "map_at_100": 0.10826,
    "map_at_1000": 0.27624,
    "map_at_20": 0.03177,
    "map_at_3": 0.00614,
    "map_at_5": 0.00986,
    "mrr_at_1": 0.84,
    "mrr_at_10": 0.91667,
    "mrr_at_100": 0.91667,
    "mrr_at_1000": 0.91667,
    "mrr_at_20": 0.91667,
    "mrr_at_3": 0.91667,
    "mrr_at_5": 0.91667,
    "ndcg_at_1": 0.74,
    "ndcg_at_10": 0.71141,
    "ndcg_at_100": 0.57314,
    "ndcg_at_1000": 0.5346,
    "ndcg_at_20": 0.68012,
    "ndcg_at_3": 0.73162,
    "ndcg_at_5": 0.73555,
    "precision_at_1": 0.84,
    "precision_at_10": 0.768,
    "precision_at_100": 0.5928,
    "precision_at_1000": 0.2362,
    "precision_at_20": 0.726,
    "precision_at_3": 0.81333,
    "precision_at_5": 0.8,
    "recall_at_1": 0.00231,
    "recall_at_10": 0.02013,
    "recall_at_100": 0.14419,
    "recall_at_1000": 0.51134,
    "recall_at_20": 0.03767,
    "recall_at_3": 0.00659,
    "recall_at_5": 0.01078
  }
}