{
  "dataset_revision": "c22ab2a51041ffd869aaddef7af8d8215647e41a",
  "mteb_dataset_name": "ArguAna",
  "mteb_version": "1.10.3",
  "test": {
    "evaluation_time": 131.74,
    "map_at_1": 0.28876,
    "map_at_10": 0.44263,
    "map_at_100": 0.45158,
    "map_at_1000": 0.45165,
    "map_at_20": 0.44956,
    "map_at_3": 0.39154,
    "map_at_5": 0.42237,
    "mrr_at_1": 0.29445,
    "mrr_at_10": 0.44446,
    "mrr_at_100": 0.45348,
    "mrr_at_1000": 0.45355,
    "mrr_at_20": 0.45146,
    "mrr_at_3": 0.39355,
    "mrr_at_5": 0.42367,
    "ndcg_at_1": 0.28876,
    "ndcg_at_10": 0.53164,
    "ndcg_at_100": 0.56952,
    "ndcg_at_1000": 0.57136,
    "ndcg_at_20": 0.55624,
    "ndcg_at_3": 0.42726,
    "ndcg_at_5": 0.48287,
    "precision_at_1": 0.28876,
    "precision_at_10": 0.08165,
    "precision_at_100": 0.00982,
    "precision_at_1000": 0.001,
    "precision_at_20": 0.04563,
    "precision_at_3": 0.1771,
    "precision_at_5": 0.13329,
    "recall_at_1": 0.28876,
    "recall_at_10": 0.8165,
    "recall_at_100": 0.98151,
    "recall_at_1000": 0.99573,
    "recall_at_20": 0.91252,
    "recall_at_3": 0.53129,
    "recall_at_5": 0.66643
  }
}