{
  "dataset_revision": "f46a197baaae43b4f621051089b82a364682dfeb",
  "mteb_dataset_name": "CQADupstackAndroidRetrieval",
  "mteb_version": "1.10.3",
  "test": {
    "evaluation_time": 173.12,
    "map_at_1": 0.35167,
    "map_at_10": 0.46401,
    "map_at_100": 0.47805,
    "map_at_1000": 0.47912,
    "map_at_20": 0.47124,
    "map_at_3": 0.43195,
    "map_at_5": 0.45121,
    "mrr_at_1": 0.43634,
    "mrr_at_10": 0.52556,
    "mrr_at_100": 0.5325,
    "mrr_at_1000": 0.53284,
    "mrr_at_20": 0.52944,
    "mrr_at_3": 0.50334,
    "mrr_at_5": 0.51664,
    "ndcg_at_1": 0.43634,
    "ndcg_at_10": 0.52288,
    "ndcg_at_100": 0.57445,
    "ndcg_at_1000": 0.59106,
    "ndcg_at_20": 0.5407,
    "ndcg_at_3": 0.48159,
    "ndcg_at_5": 0.5022,
    "precision_at_1": 0.43634,
    "precision_at_10": 0.09657,
    "precision_at_100": 0.01538,
    "precision_at_1000": 0.00196,
    "precision_at_20": 0.05615,
    "precision_at_3": 0.22842,
    "precision_at_5": 0.16166,
    "recall_at_1": 0.35167,
    "recall_at_10": 0.62666,
    "recall_at_100": 0.84328,
    "recall_at_1000": 0.94566,
    "recall_at_20": 0.68869,
    "recall_at_3": 0.50618,
    "recall_at_5": 0.56597
  }
}