{
  "dataset_revision": "ad9991cb51e31e31e430383c75ffb2885547b5f0",
  "mteb_dataset_name": "CQADupstackEnglishRetrieval",
  "mteb_version": "1.10.3",
  "test": {
    "evaluation_time": 221.29,
    "map_at_1": 0.33064,
    "map_at_10": 0.43526,
    "map_at_100": 0.44764,
    "map_at_1000": 0.44885,
    "map_at_20": 0.44153,
    "map_at_3": 0.40607,
    "map_at_5": 0.42132,
    "mrr_at_1": 0.41656,
    "mrr_at_10": 0.49685,
    "mrr_at_100": 0.50326,
    "mrr_at_1000": 0.50367,
    "mrr_at_20": 0.50063,
    "mrr_at_3": 0.47633,
    "mrr_at_5": 0.48821,
    "ndcg_at_1": 0.41592,
    "ndcg_at_10": 0.49108,
    "ndcg_at_100": 0.53347,
    "ndcg_at_1000": 0.55187,
    "ndcg_at_20": 0.50606,
    "ndcg_at_3": 0.45312,
    "ndcg_at_5": 0.46911,
    "precision_at_1": 0.41592,
    "precision_at_10": 0.09197,
    "precision_at_100": 0.01461,
    "precision_at_1000": 0.00189,
    "precision_at_20": 0.05334,
    "precision_at_3": 0.21911,
    "precision_at_5": 0.15261,
    "recall_at_1": 0.33064,
    "recall_at_10": 0.58376,
    "recall_at_100": 0.76417,
    "recall_at_1000": 0.87993,
    "recall_at_20": 0.63815,
    "recall_at_3": 0.46599,
    "recall_at_5": 0.51434
  }
}