{
  "dataset_revision": "160c094312a0e1facb97e55eeddb698c0abe3571",
  "mteb_dataset_name": "CQADupstackWebmastersRetrieval",
  "mteb_version": "1.10.3",
  "test": {
    "evaluation_time": 126.03,
    "map_at_1": 0.27589,
    "map_at_10": 0.35588,
    "map_at_100": 0.37233,
    "map_at_1000": 0.37449,
    "map_at_20": 0.36405,
    "map_at_3": 0.32875,
    "map_at_5": 0.33983,
    "mrr_at_1": 0.32411,
    "mrr_at_10": 0.40078,
    "mrr_at_100": 0.41095,
    "mrr_at_1000": 0.41145,
    "mrr_at_20": 0.40657,
    "mrr_at_3": 0.37879,
    "mrr_at_5": 0.38778,
    "ndcg_at_1": 0.32411,
    "ndcg_at_10": 0.41084,
    "ndcg_at_100": 0.47137,
    "ndcg_at_1000": 0.49449,
    "ndcg_at_20": 0.43273,
    "ndcg_at_3": 0.36671,
    "ndcg_at_5": 0.37908,
    "precision_at_1": 0.32411,
    "precision_at_10": 0.07826,
    "precision_at_100": 0.01561,
    "precision_at_1000": 0.00238,
    "precision_at_20": 0.04931,
    "precision_at_3": 0.16996,
    "precision_at_5": 0.117,
    "recall_at_1": 0.27589,
    "recall_at_10": 0.50934,
    "recall_at_100": 0.78241,
    "recall_at_1000": 0.92536,
    "recall_at_20": 0.5933,
    "recall_at_3": 0.37956,
    "recall_at_5": 0.41765
  }
}