{
  "dataset_revision": "6c6430d3a6d36f8d2a829195bc5dc94d7e063e53",
  "mteb_dataset_name": "CQADupstackUnixRetrieval",
  "mteb_version": "1.10.3",
  "test": {
    "evaluation_time": 240.48,
    "map_at_1": 0.27761,
    "map_at_10": 0.36278,
    "map_at_100": 0.37457,
    "map_at_1000": 0.3755,
    "map_at_20": 0.36969,
    "map_at_3": 0.3359,
    "map_at_5": 0.35284,
    "mrr_at_1": 0.32929,
    "mrr_at_10": 0.40548,
    "mrr_at_100": 0.41478,
    "mrr_at_1000": 0.41533,
    "mrr_at_20": 0.41136,
    "mrr_at_3": 0.38091,
    "mrr_at_5": 0.39723,
    "ndcg_at_1": 0.32836,
    "ndcg_at_10": 0.41212,
    "ndcg_at_100": 0.46566,
    "ndcg_at_1000": 0.48683,
    "ndcg_at_20": 0.4343,
    "ndcg_at_3": 0.36564,
    "ndcg_at_5": 0.39137,
    "precision_at_1": 0.32836,
    "precision_at_10": 0.06791,
    "precision_at_100": 0.01066,
    "precision_at_1000": 0.00135,
    "precision_at_20": 0.04011,
    "precision_at_3": 0.16449,
    "precision_at_5": 0.1181,
    "recall_at_1": 0.27761,
    "recall_at_10": 0.51885,
    "recall_at_100": 0.75051,
    "recall_at_1000": 0.89893,
    "recall_at_20": 0.59754,
    "recall_at_3": 0.39501,
    "recall_at_5": 0.45915
  }
}