{
  "dataset_revision": "46989137a86843e03a6195de44b09deda022eec7",
  "mteb_dataset_name": "CQADupstackTexRetrieval",
  "mteb_version": "1.10.3",
  "test": {
    "evaluation_time": 434.32,
    "map_at_1": 0.18408,
    "map_at_10": 0.25487,
    "map_at_100": 0.26492,
    "map_at_1000": 0.26615,
    "map_at_20": 0.26023,
    "map_at_3": 0.23285,
    "map_at_5": 0.24458,
    "mrr_at_1": 0.22092,
    "mrr_at_10": 0.29396,
    "mrr_at_100": 0.30244,
    "mrr_at_1000": 0.30324,
    "mrr_at_20": 0.29878,
    "mrr_at_3": 0.27351,
    "mrr_at_5": 0.28482,
    "ndcg_at_1": 0.22092,
    "ndcg_at_10": 0.30006,
    "ndcg_at_100": 0.34778,
    "ndcg_at_1000": 0.37779,
    "ndcg_at_20": 0.31768,
    "ndcg_at_3": 0.26083,
    "ndcg_at_5": 0.27829,
    "precision_at_1": 0.22092,
    "precision_at_10": 0.05361,
    "precision_at_100": 0.00909,
    "precision_at_1000": 0.00134,
    "precision_at_20": 0.03212,
    "precision_at_3": 0.12205,
    "precision_at_5": 0.08672,
    "recall_at_1": 0.18408,
    "recall_at_10": 0.39635,
    "recall_at_100": 0.6106,
    "recall_at_1000": 0.82708,
    "recall_at_20": 0.46094,
    "recall_at_3": 0.28663,
    "recall_at_5": 0.33225
  }
}