{
  "dataset_revision": "6184bc1440d2dbc7612be22b50686b8826d22b32",
  "mteb_dataset_name": "CQADupstackProgrammersRetrieval",
  "mteb_version": "1.10.3",
  "test": {
    "evaluation_time": 194.72,
    "map_at_1": 0.28345,
    "map_at_10": 0.38373,
    "map_at_100": 0.39653,
    "map_at_1000": 0.39755,
    "map_at_20": 0.39101,
    "map_at_3": 0.35368,
    "map_at_5": 0.37118,
    "mrr_at_1": 0.34361,
    "mrr_at_10": 0.43738,
    "mrr_at_100": 0.44578,
    "mrr_at_1000": 0.44632,
    "mrr_at_20": 0.44254,
    "mrr_at_3": 0.414,
    "mrr_at_5": 0.42776,
    "ndcg_at_1": 0.34361,
    "ndcg_at_10": 0.43869,
    "ndcg_at_100": 0.49291,
    "ndcg_at_1000": 0.51436,
    "ndcg_at_20": 0.46119,
    "ndcg_at_3": 0.39214,
    "ndcg_at_5": 0.41437,
    "precision_at_1": 0.34361,
    "precision_at_10": 0.07785,
    "precision_at_100": 0.01216,
    "precision_at_1000": 0.00156,
    "precision_at_20": 0.04618,
    "precision_at_3": 0.18493,
    "precision_at_5": 0.13128,
    "recall_at_1": 0.28345,
    "recall_at_10": 0.54934,
    "recall_at_100": 0.78061,
    "recall_at_1000": 0.92596,
    "recall_at_20": 0.62966,
    "recall_at_3": 0.41961,
    "recall_at_5": 0.47782
  }
}