{
  "dataset_revision": "ec0fa4fe99da2ff19ca1214b7966684033a58814",
  "mteb_dataset_name": "NFCorpus",
  "mteb_version": "1.10.3",
  "test": {
    "evaluation_time": 76.77,
    "map_at_1": 0.06467,
    "map_at_10": 0.14221,
    "map_at_100": 0.17582,
    "map_at_1000": 0.19025,
    "map_at_20": 0.15659,
    "map_at_3": 0.10601,
    "map_at_5": 0.12124,
    "mrr_at_1": 0.47988,
    "mrr_at_10": 0.55989,
    "mrr_at_100": 0.56576,
    "mrr_at_1000": 0.56618,
    "mrr_at_20": 0.56296,
    "mrr_at_3": 0.5418,
    "mrr_at_5": 0.55635,
    "ndcg_at_1": 0.4644,
    "ndcg_at_10": 0.36384,
    "ndcg_at_100": 0.32904,
    "ndcg_at_1000": 0.41638,
    "ndcg_at_20": 0.33874,
    "ndcg_at_3": 0.41868,
    "ndcg_at_5": 0.39159,
    "precision_at_1": 0.47988,
    "precision_at_10": 0.26811,
    "precision_at_100": 0.08161,
    "precision_at_1000": 0.02084,
    "precision_at_20": 0.19752,
    "precision_at_3": 0.39009,
    "precision_at_5": 0.33251,
    "recall_at_1": 0.06467,
    "recall_at_10": 0.17708,
    "recall_at_100": 0.32342,
    "recall_at_1000": 0.638,
    "recall_at_20": 0.21391,
    "recall_at_3": 0.11684,
    "recall_at_5": 0.14217
  }
}