{
  "dataset_revision": "e4e08e0b7dbe3c8700f0daef558ff32256715259",
  "mteb_dataset_name": "QuoraRetrieval",
  "mteb_version": "1.10.3",
  "test": {
    "evaluation_time": 2814.74,
    "map_at_1": 0.71275,
    "map_at_10": 0.85152,
    "map_at_100": 0.85772,
    "map_at_1000": 0.8579,
    "map_at_20": 0.85565,
    "map_at_3": 0.82291,
    "map_at_5": 0.84117,
    "mrr_at_1": 0.819,
    "mrr_at_10": 0.88046,
    "mrr_at_100": 0.88146,
    "mrr_at_1000": 0.88147,
    "mrr_at_20": 0.88124,
    "mrr_at_3": 0.87163,
    "mrr_at_5": 0.87798,
    "ndcg_at_1": 0.8191,
    "ndcg_at_10": 0.88788,
    "ndcg_at_100": 0.89962,
    "ndcg_at_1000": 0.90062,
    "ndcg_at_20": 0.8943,
    "ndcg_at_3": 0.86133,
    "ndcg_at_5": 0.87644,
    "precision_at_1": 0.8191,
    "precision_at_10": 0.13405,
    "precision_at_100": 0.01525,
    "precision_at_1000": 0.00157,
    "precision_at_20": 0.07105,
    "precision_at_3": 0.37613,
    "precision_at_5": 0.24694,
    "recall_at_1": 0.71275,
    "recall_at_10": 0.95591,
    "recall_at_100": 0.99565,
    "recall_at_1000": 0.99967,
    "recall_at_20": 0.97646,
    "recall_at_3": 0.87873,
    "recall_at_5": 0.9221
  }
}