{
  "dataset_revision": "a34f9a33db75fa0cbb21bb5cfc3dae8dc8bec93f",
  "mteb_dataset_name": "Touche2020",
  "mteb_version": "1.10.3",
  "test": {
    "evaluation_time": 1939.11,
    "map_at_1": 0.01771,
    "map_at_10": 0.07528,
    "map_at_100": 0.13133,
    "map_at_1000": 0.14624,
    "map_at_20": 0.10077,
    "map_at_3": 0.03532,
    "map_at_5": 0.04968,
    "mrr_at_1": 0.20408,
    "mrr_at_10": 0.32332,
    "mrr_at_100": 0.33913,
    "mrr_at_1000": 0.33931,
    "mrr_at_20": 0.3334,
    "mrr_at_3": 0.28231,
    "mrr_at_5": 0.30986,
    "ndcg_at_1": 0.19388,
    "ndcg_at_10": 0.19195,
    "ndcg_at_100": 0.31159,
    "ndcg_at_1000": 0.42663,
    "ndcg_at_20": 0.21265,
    "ndcg_at_3": 0.17677,
    "ndcg_at_5": 0.18201,
    "precision_at_1": 0.22449,
    "precision_at_10": 0.18776,
    "precision_at_100": 0.06939,
    "precision_at_1000": 0.01437,
    "precision_at_20": 0.15,
    "precision_at_3": 0.19048,
    "precision_at_5": 0.19592,
    "recall_at_1": 0.01771,
    "recall_at_10": 0.13788,
    "recall_at_100": 0.43496,
    "recall_at_1000": 0.78123,
    "recall_at_20": 0.216,
    "recall_at_3": 0.0441,
    "recall_at_5": 0.07442
  }
}