{
  "dataset_revision": "a34f9a33db75fa0cbb21bb5cfc3dae8dc8bec93f",
  "mteb_dataset_name": "Touche2020",
  "mteb_version": "1.10.3",
  "test": {
    "evaluation_time": 2450.88,
    "map_at_1": 0.01503,
    "map_at_10": 0.06779,
    "map_at_100": 0.12182,
    "map_at_1000": 0.13687,
    "map_at_20": 0.09297,
    "map_at_3": 0.02549,
    "map_at_5": 0.0391,
    "mrr_at_1": 0.18367,
    "mrr_at_10": 0.30533,
    "mrr_at_100": 0.32038,
    "mrr_at_1000": 0.32058,
    "mrr_at_20": 0.31486,
    "mrr_at_3": 0.2551,
    "mrr_at_5": 0.28265,
    "ndcg_at_1": 0.16327,
    "ndcg_at_10": 0.17977,
    "ndcg_at_100": 0.30056,
    "ndcg_at_1000": 0.41626,
    "ndcg_at_20": 0.20196,
    "ndcg_at_3": 0.13609,
    "ndcg_at_5": 0.15336,
    "precision_at_1": 0.18367,
    "precision_at_10": 0.18163,
    "precision_at_100": 0.06878,
    "precision_at_1000": 0.01449,
    "precision_at_20": 0.15,
    "precision_at_3": 0.14286,
    "precision_at_5": 0.17143,
    "recall_at_1": 0.01503,
    "recall_at_10": 0.13479,
    "recall_at_100": 0.4293,
    "recall_at_1000": 0.78114,
    "recall_at_20": 0.21301,
    "recall_at_3": 0.03169,
    "recall_at_5": 0.06138
  }
}