{
  "dataset_revision": "bea83ef9e8fb933d90a2f1d5515737465d613e12",
  "mteb_dataset_name": "FEVER",
  "mteb_version": "1.10.3",
  "test": {
    "evaluation_time": 25133.81,
    "map_at_1": 0.58331,
    "map_at_10": 0.70245,
    "map_at_100": 0.70601,
    "map_at_1000": 0.70617,
    "map_at_20": 0.70477,
    "map_at_3": 0.68353,
    "map_at_5": 0.69596,
    "mrr_at_1": 0.62901,
    "mrr_at_10": 0.74607,
    "mrr_at_100": 0.74856,
    "mrr_at_1000": 0.7486,
    "mrr_at_20": 0.74781,
    "mrr_at_3": 0.72885,
    "mrr_at_5": 0.74059,
    "ndcg_at_1": 0.62901,
    "ndcg_at_10": 0.75926,
    "ndcg_at_100": 0.7738,
    "ndcg_at_1000": 0.7767,
    "ndcg_at_20": 0.76665,
    "ndcg_at_3": 0.72469,
    "ndcg_at_5": 0.74517,
    "precision_at_1": 0.62901,
    "precision_at_10": 0.09784,
    "precision_at_100": 0.01065,
    "precision_at_1000": 0.0011,
    "precision_at_20": 0.05071,
    "precision_at_3": 0.28938,
    "precision_at_5": 0.18539,
    "recall_at_1": 0.58331,
    "recall_at_10": 0.89026,
    "recall_at_100": 0.95203,
    "recall_at_1000": 0.97125,
    "recall_at_20": 0.91752,
    "recall_at_3": 0.79746,
    "recall_at_5": 0.84824
  }
}