{
  "dataset_revision": "27a168819829fe9bcd655c2df245fb19452e8e06",
  "mteb_dataset_name": "FiQA2018",
  "mteb_version": "1.10.3",
  "test": {
    "evaluation_time": 432.85,
    "map_at_1": 0.20374,
    "map_at_10": 0.32871,
    "map_at_100": 0.34813,
    "map_at_1000": 0.34975,
    "map_at_20": 0.33987,
    "map_at_3": 0.2845,
    "map_at_5": 0.31171,
    "mrr_at_1": 0.40586,
    "mrr_at_10": 0.49256,
    "mrr_at_100": 0.50136,
    "mrr_at_1000": 0.50171,
    "mrr_at_20": 0.49851,
    "mrr_at_3": 0.46939,
    "mrr_at_5": 0.48251,
    "ndcg_at_1": 0.40432,
    "ndcg_at_10": 0.40768,
    "ndcg_at_100": 0.4776,
    "ndcg_at_1000": 0.50519,
    "ndcg_at_20": 0.43747,
    "ndcg_at_3": 0.36959,
    "ndcg_at_5": 0.38474,
    "precision_at_1": 0.40432,
    "precision_at_10": 0.11373,
    "precision_at_100": 0.01835,
    "precision_at_1000": 0.00233,
    "precision_at_20": 0.06829,
    "precision_at_3": 0.24486,
    "precision_at_5": 0.18426,
    "recall_at_1": 0.20374,
    "recall_at_10": 0.47306,
    "recall_at_100": 0.73228,
    "recall_at_1000": 0.89809,
    "recall_at_20": 0.56946,
    "recall_at_3": 0.33238,
    "recall_at_5": 0.39958
  }
}