{
  "dataset_revision": "ec0fa4fe99da2ff19ca1214b7966684033a58814",
  "mteb_dataset_name": "NFCorpus",
  "mteb_version": "1.10.3",
  "test": {
    "evaluation_time": 69.24,
    "map_at_1": 0.06252,
    "map_at_10": 0.14104,
    "map_at_100": 0.17475,
    "map_at_1000": 0.18906,
    "map_at_20": 0.15554,
    "map_at_3": 0.10512,
    "map_at_5": 0.11983,
    "mrr_at_1": 0.47988,
    "mrr_at_10": 0.56129,
    "mrr_at_100": 0.56699,
    "mrr_at_1000": 0.56742,
    "mrr_at_20": 0.56411,
    "mrr_at_3": 0.54386,
    "mrr_at_5": 0.55624,
    "ndcg_at_1": 0.45511,
    "ndcg_at_10": 0.36243,
    "ndcg_at_100": 0.32799,
    "ndcg_at_1000": 0.41459,
    "ndcg_at_20": 0.33697,
    "ndcg_at_3": 0.42019,
    "ndcg_at_5": 0.39497,
    "precision_at_1": 0.47368,
    "precision_at_10": 0.26625,
    "precision_at_100": 0.08173,
    "precision_at_1000": 0.02069,
    "precision_at_20": 0.19659,
    "precision_at_3": 0.39628,
    "precision_at_5": 0.34056,
    "recall_at_1": 0.06252,
    "recall_at_10": 0.17962,
    "recall_at_100": 0.32402,
    "recall_at_1000": 0.63578,
    "recall_at_20": 0.21249,
    "recall_at_3": 0.11757,
    "recall_at_5": 0.14191
  }
}