{
  "dataset_revision": "b774495ed302d8c44a3a7ea25c90dbce03968f31",
  "mteb_dataset_name": "NQ",
  "mteb_version": "1.10.3",
  "test": {
    "evaluation_time": 17563.44,
    "map_at_1": 0.23836,
    "map_at_10": 0.3857,
    "map_at_100": 0.39784,
    "map_at_1000": 0.39821,
    "map_at_20": 0.39405,
    "map_at_3": 0.33815,
    "map_at_5": 0.36562,
    "mrr_at_1": 0.26912,
    "mrr_at_10": 0.40839,
    "mrr_at_100": 0.41764,
    "mrr_at_1000": 0.41791,
    "mrr_at_20": 0.41477,
    "mrr_at_3": 0.3666,
    "mrr_at_5": 0.39198,
    "ndcg_at_1": 0.26912,
    "ndcg_at_10": 0.46628,
    "ndcg_at_100": 0.51654,
    "ndcg_at_1000": 0.52524,
    "ndcg_at_20": 0.49293,
    "ndcg_at_3": 0.37479,
    "ndcg_at_5": 0.42184,
    "precision_at_1": 0.26912,
    "precision_at_10": 0.08204,
    "precision_at_100": 0.01098,
    "precision_at_1000": 0.00118,
    "precision_at_20": 0.04726,
    "precision_at_3": 0.17458,
    "precision_at_5": 0.13169,
    "recall_at_1": 0.23836,
    "recall_at_10": 0.69098,
    "recall_at_100": 0.90737,
    "recall_at_1000": 0.97229,
    "recall_at_20": 0.7892,
    "recall_at_3": 0.4523,
    "recall_at_5": 0.56086
  }
}