{
  "dataset_revision": "c22ab2a51041ffd869aaddef7af8d8215647e41a",
  "evaluation_time": 58.01589798927307,
  "kg_co2_emissions": null,
  "mteb_version": "1.13.1",
  "scores": {
    "test": [
      {
        "hf_subset": "default",
        "languages": [
          "eng-Latn"
        ],
        "main_score": 0.54941,
        "map_at_1": 0.30228,
        "map_at_10": 0.46068,
        "map_at_100": 0.4692,
        "map_at_1000": 0.46925,
        "map_at_20": 0.46744,
        "map_at_3": 0.40837,
        "map_at_5": 0.44229,
        "mrr_at_1": 0.3058321479374111,
        "mrr_at_10": 0.46211926211926213,
        "mrr_at_100": 0.47057621412395717,
        "mrr_at_1000": 0.4706228453030072,
        "mrr_at_20": 0.46877485513117745,
        "mrr_at_3": 0.4112138454243717,
        "mrr_at_5": 0.44364627785680416,
        "nauc_map_at_1000_diff1": 0.029769030040741516,
        "nauc_map_at_1000_max": -0.09117931694768049,
        "nauc_map_at_1000_std": -0.16447591583530288,
        "nauc_map_at_100_diff1": 0.029800461279166215,
        "nauc_map_at_100_max": -0.09110618010013752,
        "nauc_map_at_100_std": -0.1644239247261172,
        "nauc_map_at_10_diff1": 0.027147497157407652,
        "nauc_map_at_10_max": -0.09064931561459276,
        "nauc_map_at_10_std": -0.16459925008400206,
        "nauc_map_at_1_diff1": 0.07795965271184238,
        "nauc_map_at_1_max": -0.10728240004351568,
        "nauc_map_at_1_std": -0.1753805737346351,
        "nauc_map_at_20_diff1": 0.029130170569075794,
        "nauc_map_at_20_max": -0.09005809618908032,
        "nauc_map_at_20_std": -0.1643867231771762,
        "nauc_map_at_3_diff1": 0.02309987613881584,
        "nauc_map_at_3_max": -0.10066933515905849,
        "nauc_map_at_3_std": -0.17122411432959167,
        "nauc_map_at_5_diff1": 0.02316490981062121,
        "nauc_map_at_5_max": -0.09389343504505111,
        "nauc_map_at_5_std": -0.1675398172361611,
        "nauc_mrr_at_1000_diff1": 0.016526822439581635,
        "nauc_mrr_at_1000_max": -0.09771240300711338,
        "nauc_mrr_at_1000_std": -0.15963813107790628,
        "nauc_mrr_at_100_diff1": 0.01656075346173461,
        "nauc_mrr_at_100_max": -0.09763768471559393,
        "nauc_mrr_at_100_std": -0.15958684359196063,
        "nauc_mrr_at_10_diff1": 0.014195043649512276,
        "nauc_mrr_at_10_max": -0.09711861355806073,
        "nauc_mrr_at_10_std": -0.15955197548237585,
        "nauc_mrr_at_1_diff1": 0.06756130967416857,
        "nauc_mrr_at_1_max": -0.10606263698391387,
        "nauc_mrr_at_1_std": -0.16516948149023347,
        "nauc_mrr_at_20_diff1": 0.01605822194804232,
        "nauc_mrr_at_20_max": -0.09671365122875494,
        "nauc_mrr_at_20_std": -0.15975112594620403,
        "nauc_mrr_at_3_diff1": 0.010887619916027456,
        "nauc_mrr_at_3_max": -0.10548731389597489,
        "nauc_mrr_at_3_std": -0.16571777732919746,
        "nauc_mrr_at_5_diff1": 0.010245441667816458,
        "nauc_mrr_at_5_max": -0.10051845822072862,
        "nauc_mrr_at_5_std": -0.1630837184435928,
        "nauc_ndcg_at_1000_diff1": 0.026491571319584364,
        "nauc_ndcg_at_1000_max": -0.08332399379815983,
        "nauc_ndcg_at_1000_std": -0.15719202973279853,
        "nauc_ndcg_at_100_diff1": 0.027240285126492764,
        "nauc_ndcg_at_100_max": -0.08127006259921588,
        "nauc_ndcg_at_100_std": -0.15530043196039525,
        "nauc_ndcg_at_10_diff1": 0.017206762924126776,
        "nauc_ndcg_at_10_max": -0.07375312811237099,
        "nauc_ndcg_at_10_std": -0.15515353740351573,
        "nauc_ndcg_at_1_diff1": 0.07795965271184238,
        "nauc_ndcg_at_1_max": -0.10728240004351568,
        "nauc_ndcg_at_1_std": -0.1753805737346351,
        "nauc_ndcg_at_20_diff1": 0.024044627283892766,
        "nauc_ndcg_at_20_max": -0.07070513389283996,
        "nauc_ndcg_at_20_std": -0.15260669756433723,
        "nauc_ndcg_at_3_diff1": 0.008722234733637752,
        "nauc_ndcg_at_3_max": -0.09724991013135652,
        "nauc_ndcg_at_3_std": -0.16963421163730125,
        "nauc_ndcg_at_5_diff1": 0.00768316338114426,
        "nauc_ndcg_at_5_max": -0.08367524031724456,
        "nauc_ndcg_at_5_std": -0.16247170195671246,
        "nauc_precision_at_1000_diff1": 0.10790040762260511,
        "nauc_precision_at_1000_max": 0.2276865406097888,
        "nauc_precision_at_1000_std": 0.7369775109546756,
        "nauc_precision_at_100_diff1": 0.14846471757596033,
        "nauc_precision_at_100_max": 0.2944893894764276,
        "nauc_precision_at_100_std": 0.39670146710494425,
        "nauc_precision_at_10_diff1": -0.028778597440569778,
        "nauc_precision_at_10_max": 0.03575935033181839,
        "nauc_precision_at_10_std": -0.09526879768527116,
        "nauc_precision_at_1_diff1": 0.07795965271184238,
        "nauc_precision_at_1_max": -0.10728240004351568,
        "nauc_precision_at_1_std": -0.1753805737346351,
        "nauc_precision_at_20_diff1": 0.005399176024469021,
        "nauc_precision_at_20_max": 0.19690160201622628,
        "nauc_precision_at_20_std": 0.014906048850140435,
        "nauc_precision_at_3_diff1": -0.03300612702059247,
        "nauc_precision_at_3_max": -0.08666046278077631,
        "nauc_precision_at_3_std": -0.16482234907398963,
        "nauc_precision_at_5_diff1": -0.04693012734931527,
        "nauc_precision_at_5_max": -0.04332324646636235,
        "nauc_precision_at_5_std": -0.1426787022977538,
        "nauc_recall_at_1000_diff1": 0.10790040762260734,
        "nauc_recall_at_1000_max": 0.22768654060977275,
        "nauc_recall_at_1000_std": 0.7369775109546982,
        "nauc_recall_at_100_diff1": 0.14846471757595245,
        "nauc_recall_at_100_max": 0.2944893894764113,
        "nauc_recall_at_100_std": 0.3967014671049403,
        "nauc_recall_at_10_diff1": -0.028778597440569344,
        "nauc_recall_at_10_max": 0.03575935033181939,
        "nauc_recall_at_10_std": -0.09526879768527005,
        "nauc_recall_at_1_diff1": 0.07795965271184238,
        "nauc_recall_at_1_max": -0.10728240004351568,
        "nauc_recall_at_1_std": -0.1753805737346351,
        "nauc_recall_at_20_diff1": 0.005399176024470784,
        "nauc_recall_at_20_max": 0.1969016020162293,
        "nauc_recall_at_20_std": 0.014906048850141311,
        "nauc_recall_at_3_diff1": -0.03300612702059238,
        "nauc_recall_at_3_max": -0.08666046278077612,
        "nauc_recall_at_3_std": -0.16482234907398935,
        "nauc_recall_at_5_diff1": -0.04693012734931487,
        "nauc_recall_at_5_max": -0.04332324646636138,
        "nauc_recall_at_5_std": -0.14267870229775328,
        "ndcg_at_1": 0.30228,
        "ndcg_at_10": 0.54941,
        "ndcg_at_100": 0.5851,
        "ndcg_at_1000": 0.5863,
        "ndcg_at_20": 0.57345,
        "ndcg_at_3": 0.44405,
        "ndcg_at_5": 0.50509,
        "precision_at_1": 0.30228,
        "precision_at_10": 0.08321,
        "precision_at_100": 0.00986,
        "precision_at_1000": 0.001,
        "precision_at_20": 0.0463,
        "precision_at_3": 0.18255,
        "precision_at_5": 0.13912,
        "recall_at_1": 0.30228,
        "recall_at_10": 0.83215,
        "recall_at_100": 0.98649,
        "recall_at_1000": 0.99573,
        "recall_at_20": 0.92603,
        "recall_at_3": 0.54765,
        "recall_at_5": 0.69559
      }
    ]
  },
  "task_name": "ArguAna"
}