{
  "dataset_revision": "5003b3064772da1887988e05400cf3806fe491f2",
  "evaluation_time": 65.5499939918518,
  "kg_co2_emissions": null,
  "mteb_version": "1.13.1",
  "scores": {
    "test": [
      {
        "hf_subset": "default",
        "languages": [
          "eng-Latn"
        ],
        "main_score": 0.41179,
        "map_at_1": 0.28626,
        "map_at_10": 0.3651,
        "map_at_100": 0.37533,
        "map_at_1000": 0.37611,
        "map_at_20": 0.37113,
        "map_at_3": 0.33969,
        "map_at_5": 0.3539,
        "mrr_at_1": 0.30847457627118646,
        "mrr_at_10": 0.386293157564344,
        "mrr_at_100": 0.39467876632683013,
        "mrr_at_1000": 0.3952675050494167,
        "mrr_at_20": 0.39096741811243046,
        "mrr_at_3": 0.3613935969868173,
        "mrr_at_5": 0.37568738229755183,
        "nauc_map_at_1000_diff1": 0.46878585902678693,
        "nauc_map_at_1000_max": 0.3628961537039042,
        "nauc_map_at_1000_std": -0.05130402121311688,
        "nauc_map_at_100_diff1": 0.46856529344964737,
        "nauc_map_at_100_max": 0.36249610685165046,
        "nauc_map_at_100_std": -0.051274246566279,
        "nauc_map_at_10_diff1": 0.47005847995663586,
        "nauc_map_at_10_max": 0.3641141393538706,
        "nauc_map_at_10_std": -0.05284181821685818,
        "nauc_map_at_1_diff1": 0.5146290753452779,
        "nauc_map_at_1_max": 0.33795936972603596,
        "nauc_map_at_1_std": -0.08930236367702117,
        "nauc_map_at_20_diff1": 0.4680366874146306,
        "nauc_map_at_20_max": 0.3624200484703089,
        "nauc_map_at_20_std": -0.052373520680039115,
        "nauc_map_at_3_diff1": 0.4837182150910289,
        "nauc_map_at_3_max": 0.35954002341395713,
        "nauc_map_at_3_std": -0.06586095129619647,
        "nauc_map_at_5_diff1": 0.47314879159835443,
        "nauc_map_at_5_max": 0.3630635542772181,
        "nauc_map_at_5_std": -0.05975059407842314,
        "nauc_mrr_at_1000_diff1": 0.46631452754532055,
        "nauc_mrr_at_1000_max": 0.37961425842784047,
        "nauc_mrr_at_1000_std": -0.03517117474691203,
        "nauc_mrr_at_100_diff1": 0.46597593255978786,
        "nauc_mrr_at_100_max": 0.3792298119096711,
        "nauc_mrr_at_100_std": -0.03507132213787698,
        "nauc_mrr_at_10_diff1": 0.4665430000513105,
        "nauc_mrr_at_10_max": 0.38246404646137117,
        "nauc_mrr_at_10_std": -0.035613629702546515,
        "nauc_mrr_at_1_diff1": 0.5105453855915085,
        "nauc_mrr_at_1_max": 0.3731073727343105,
        "nauc_mrr_at_1_std": -0.06841634212154123,
        "nauc_mrr_at_20_diff1": 0.46581031153270624,
        "nauc_mrr_at_20_max": 0.37966892739498687,
        "nauc_mrr_at_20_std": -0.03603967955929848,
        "nauc_mrr_at_3_diff1": 0.4813051032495813,
        "nauc_mrr_at_3_max": 0.3804838103225411,
        "nauc_mrr_at_3_std": -0.04929985941513511,
        "nauc_mrr_at_5_diff1": 0.47118788742452644,
        "nauc_mrr_at_5_max": 0.3833788780763176,
        "nauc_mrr_at_5_std": -0.04196882892153815,
        "nauc_ndcg_at_1000_diff1": 0.449312513177356,
        "nauc_ndcg_at_1000_max": 0.37214829566940905,
        "nauc_ndcg_at_1000_std": -0.019868116493169392,
        "nauc_ndcg_at_100_diff1": 0.44270716183652103,
        "nauc_ndcg_at_100_max": 0.3637516105558602,
        "nauc_ndcg_at_100_std": -0.01668054444896862,
        "nauc_ndcg_at_10_diff1": 0.4450136306115588,
        "nauc_ndcg_at_10_max": 0.3738547371121743,
        "nauc_ndcg_at_10_std": -0.025513587757678934,
        "nauc_ndcg_at_1_diff1": 0.5105453855915085,
        "nauc_ndcg_at_1_max": 0.3731073727343105,
        "nauc_ndcg_at_1_std": -0.06841634212154123,
        "nauc_ndcg_at_20_diff1": 0.43857649608047805,
        "nauc_ndcg_at_20_max": 0.3656599359778932,
        "nauc_ndcg_at_20_std": -0.02511530891855344,
        "nauc_ndcg_at_3_diff1": 0.47497699267892785,
        "nauc_ndcg_at_3_max": 0.37026812662765307,
        "nauc_ndcg_at_3_std": -0.05432494215056276,
        "nauc_ndcg_at_5_diff1": 0.45545575798954785,
        "nauc_ndcg_at_5_max": 0.37429934581399527,
        "nauc_ndcg_at_5_std": -0.04329959473058997,
        "nauc_precision_at_1000_diff1": 0.03433821992284095,
        "nauc_precision_at_1000_max": 0.21005516930560286,
        "nauc_precision_at_1000_std": 0.10306435383898557,
        "nauc_precision_at_100_diff1": 0.16438481732486956,
        "nauc_precision_at_100_max": 0.2682107839038173,
        "nauc_precision_at_100_std": 0.10612254966449235,
        "nauc_precision_at_10_diff1": 0.31968599103860357,
        "nauc_precision_at_10_max": 0.42325029307761547,
        "nauc_precision_at_10_std": 0.057569880475554794,
        "nauc_precision_at_1_diff1": 0.5105453855915085,
        "nauc_precision_at_1_max": 0.3731073727343105,
        "nauc_precision_at_1_std": -0.06841634212154123,
        "nauc_precision_at_20_diff1": 0.2398808185856038,
        "nauc_precision_at_20_max": 0.3504063029155445,
        "nauc_precision_at_20_std": 0.05704585039319837,
        "nauc_precision_at_3_diff1": 0.4232284968329504,
        "nauc_precision_at_3_max": 0.42046451957563513,
        "nauc_precision_at_3_std": -0.010935342069218226,
        "nauc_precision_at_5_diff1": 0.3633308515275199,
        "nauc_precision_at_5_max": 0.42327692492580954,
        "nauc_precision_at_5_std": 0.008878153249685128,
        "nauc_recall_at_1000_diff1": 0.3184155989654867,
        "nauc_recall_at_1000_max": 0.40882923329327714,
        "nauc_recall_at_1000_std": 0.25188986339122893,
        "nauc_recall_at_100_diff1": 0.3078299257775096,
        "nauc_recall_at_100_max": 0.30275330070854267,
        "nauc_recall_at_100_std": 0.15389188844125598,
        "nauc_recall_at_10_diff1": 0.35113898920244124,
        "nauc_recall_at_10_max": 0.36596495949531055,
        "nauc_recall_at_10_std": 0.0474941897025897,
        "nauc_recall_at_1_diff1": 0.5146290753452779,
        "nauc_recall_at_1_max": 0.33795936972603596,
        "nauc_recall_at_1_std": -0.08930236367702117,
        "nauc_recall_at_20_diff1": 0.3198597562739582,
        "nauc_recall_at_20_max": 0.33123148088879745,
        "nauc_recall_at_20_std": 0.05429849924882318,
        "nauc_recall_at_3_diff1": 0.4395655518886019,
        "nauc_recall_at_3_max": 0.36553260984044406,
        "nauc_recall_at_3_std": -0.03457592633290867,
        "nauc_recall_at_5_diff1": 0.3933513303657569,
        "nauc_recall_at_5_max": 0.3742901172313919,
        "nauc_recall_at_5_std": -0.009448061143714482,
        "ndcg_at_1": 0.30847,
        "ndcg_at_10": 0.41179,
        "ndcg_at_100": 0.46119,
        "ndcg_at_1000": 0.48006,
        "ndcg_at_20": 0.43179,
        "ndcg_at_3": 0.36164,
        "ndcg_at_5": 0.38573,
        "precision_at_1": 0.30847,
        "precision_at_10": 0.06124,
        "precision_at_100": 0.00901,
        "precision_at_1000": 0.00109,
        "precision_at_20": 0.03559,
        "precision_at_3": 0.1484,
        "precision_at_5": 0.10305,
        "recall_at_1": 0.28626,
        "recall_at_10": 0.5362,
        "recall_at_100": 0.76446,
        "recall_at_1000": 0.90456,
        "recall_at_20": 0.61099,
        "recall_at_3": 0.39957,
        "recall_at_5": 0.45738
      }
    ]
  },
  "task_name": "CQADupstackGisRetrieval"
}