{
  "dataset_revision": "ad9991cb51e31e31e430383c75ffb2885547b5f0",
  "evaluation_time": 69.4015040397644,
  "kg_co2_emissions": null,
  "mteb_version": "1.13.1",
  "scores": {
    "test": [
      {
        "hf_subset": "default",
        "languages": [
          "eng-Latn"
        ],
        "main_score": 0.49567,
        "map_at_1": 0.33438,
        "map_at_10": 0.43897,
        "map_at_100": 0.4514,
        "map_at_1000": 0.45263,
        "map_at_20": 0.44552,
        "map_at_3": 0.40924,
        "map_at_5": 0.42504,
        "mrr_at_1": 0.4229299363057325,
        "mrr_at_10": 0.5023240824992418,
        "mrr_at_100": 0.5084888591666463,
        "mrr_at_1000": 0.5089010637514623,
        "mrr_at_20": 0.5059852911139614,
        "mrr_at_3": 0.4826963906581741,
        "mrr_at_5": 0.4930148619957537,
        "nauc_map_at_1000_diff1": 0.5237531257002563,
        "nauc_map_at_1000_max": 0.48813221563332115,
        "nauc_map_at_1000_std": -0.09126581038849017,
        "nauc_map_at_100_diff1": 0.5240373021042383,
        "nauc_map_at_100_max": 0.4875587929357787,
        "nauc_map_at_100_std": -0.09250712285222898,
        "nauc_map_at_10_diff1": 0.5293138702527507,
        "nauc_map_at_10_max": 0.4777407267213581,
        "nauc_map_at_10_std": -0.1117996491766508,
        "nauc_map_at_1_diff1": 0.5941546687295852,
        "nauc_map_at_1_max": 0.4221183133967056,
        "nauc_map_at_1_std": -0.14320971016365833,
        "nauc_map_at_20_diff1": 0.5266996333858887,
        "nauc_map_at_20_max": 0.4828328433256476,
        "nauc_map_at_20_std": -0.10167618867085297,
        "nauc_map_at_3_diff1": 0.5418361798672375,
        "nauc_map_at_3_max": 0.4675847617347931,
        "nauc_map_at_3_std": -0.12819317023340782,
        "nauc_map_at_5_diff1": 0.5334790252071706,
        "nauc_map_at_5_max": 0.4733634361635383,
        "nauc_map_at_5_std": -0.11965143066248876,
        "nauc_mrr_at_1000_diff1": 0.5113191912042765,
        "nauc_mrr_at_1000_max": 0.5234489093341571,
        "nauc_mrr_at_1000_std": -0.03476391740596084,
        "nauc_mrr_at_100_diff1": 0.5112207856623466,
        "nauc_mrr_at_100_max": 0.5234171857779222,
        "nauc_mrr_at_100_std": -0.03470521190803075,
        "nauc_mrr_at_10_diff1": 0.5113232387452219,
        "nauc_mrr_at_10_max": 0.5230727592411568,
        "nauc_mrr_at_10_std": -0.037774330055722054,
        "nauc_mrr_at_1_diff1": 0.5598739947178268,
        "nauc_mrr_at_1_max": 0.5187214694886738,
        "nauc_mrr_at_1_std": -0.056951941479603516,
        "nauc_mrr_at_20_diff1": 0.5105463070292038,
        "nauc_mrr_at_20_max": 0.5231728756915099,
        "nauc_mrr_at_20_std": -0.03601168633060265,
        "nauc_mrr_at_3_diff1": 0.5189175243543758,
        "nauc_mrr_at_3_max": 0.5266492283912542,
        "nauc_mrr_at_3_std": -0.0417933879547548,
        "nauc_mrr_at_5_diff1": 0.5143849921598843,
        "nauc_mrr_at_5_max": 0.524033349243072,
        "nauc_mrr_at_5_std": -0.039259523048780665,
        "nauc_ndcg_at_1000_diff1": 0.49823574682628613,
        "nauc_ndcg_at_1000_max": 0.5086504490869492,
        "nauc_ndcg_at_1000_std": -0.03673179414902605,
        "nauc_ndcg_at_100_diff1": 0.4965088193298235,
        "nauc_ndcg_at_100_max": 0.5076201114963703,
        "nauc_ndcg_at_100_std": -0.03937244044192477,
        "nauc_ndcg_at_10_diff1": 0.5001894920011603,
        "nauc_ndcg_at_10_max": 0.49665599659347964,
        "nauc_ndcg_at_10_std": -0.07577391222107857,
        "nauc_ndcg_at_1_diff1": 0.5648160000396397,
        "nauc_ndcg_at_1_max": 0.5177170312586455,
        "nauc_ndcg_at_1_std": -0.05971193255908665,
        "nauc_ndcg_at_20_diff1": 0.4975953844061804,
        "nauc_ndcg_at_20_max": 0.5004109618919909,
        "nauc_ndcg_at_20_std": -0.06305031761115681,
        "nauc_ndcg_at_3_diff1": 0.5080621017401716,
        "nauc_ndcg_at_3_max": 0.5046457503691453,
        "nauc_ndcg_at_3_std": -0.06927378371398975,
        "nauc_ndcg_at_5_diff1": 0.503625839200987,
        "nauc_ndcg_at_5_max": 0.5003266657616818,
        "nauc_ndcg_at_5_std": -0.07437473608853867,
        "nauc_precision_at_1000_diff1": -0.21051060373163213,
        "nauc_precision_at_1000_max": 0.11986336848447898,
        "nauc_precision_at_1000_std": 0.3430346443843037,
        "nauc_precision_at_100_diff1": -0.15251938616538982,
        "nauc_precision_at_100_max": 0.2414885263503837,
        "nauc_precision_at_100_std": 0.3849712374783312,
        "nauc_precision_at_10_diff1": 0.06447296541427364,
        "nauc_precision_at_10_max": 0.3867720641525945,
        "nauc_precision_at_10_std": 0.208043667989214,
        "nauc_precision_at_1_diff1": 0.5648160000396397,
        "nauc_precision_at_1_max": 0.5177170312586455,
        "nauc_precision_at_1_std": -0.05971193255908665,
        "nauc_precision_at_20_diff1": -0.018349407001768424,
        "nauc_precision_at_20_max": 0.34250546122064285,
        "nauc_precision_at_20_std": 0.2871246181192946,
        "nauc_precision_at_3_diff1": 0.25434516129217966,
        "nauc_precision_at_3_max": 0.4746625580012171,
        "nauc_precision_at_3_std": 0.07773818427617843,
        "nauc_precision_at_5_diff1": 0.17073868562072575,
        "nauc_precision_at_5_max": 0.4370999319097572,
        "nauc_precision_at_5_std": 0.1356699357060282,
        "nauc_recall_at_1000_diff1": 0.37925275257858343,
        "nauc_recall_at_1000_max": 0.5368354929435467,
        "nauc_recall_at_1000_std": 0.2350196665538024,
        "nauc_recall_at_100_diff1": 0.374871455852708,
        "nauc_recall_at_100_max": 0.5034563307075361,
        "nauc_recall_at_100_std": 0.12460422828824513,
        "nauc_recall_at_10_diff1": 0.41862033247635755,
        "nauc_recall_at_10_max": 0.44172517600698763,
        "nauc_recall_at_10_std": -0.0904782199621133,
        "nauc_recall_at_1_diff1": 0.5941546687295852,
        "nauc_recall_at_1_max": 0.4221183133967056,
        "nauc_recall_at_1_std": -0.14320971016365833,
        "nauc_recall_at_20_diff1": 0.393907882844515,
        "nauc_recall_at_20_max": 0.4599600564853067,
        "nauc_recall_at_20_std": -0.030488085304022337,
        "nauc_recall_at_3_diff1": 0.4833481383877908,
        "nauc_recall_at_3_max": 0.45267923455577463,
        "nauc_recall_at_3_std": -0.12060909061158946,
        "nauc_recall_at_5_diff1": 0.4536654899908541,
        "nauc_recall_at_5_max": 0.4509273066200352,
        "nauc_recall_at_5_std": -0.10927730777508157,
        "ndcg_at_1": 0.42102,
        "ndcg_at_10": 0.49567,
        "ndcg_at_100": 0.53719,
        "ndcg_at_1000": 0.55599,
        "ndcg_at_20": 0.51117,
        "ndcg_at_3": 0.45742,
        "ndcg_at_5": 0.47305,
        "precision_at_1": 0.42102,
        "precision_at_10": 0.09255,
        "precision_at_100": 0.01461,
        "precision_at_1000": 0.0019,
        "precision_at_20": 0.05379,
        "precision_at_3": 0.22229,
        "precision_at_5": 0.15401,
        "recall_at_1": 0.33438,
        "recall_at_10": 0.59021,
        "recall_at_100": 0.76565,
        "recall_at_1000": 0.88411,
        "recall_at_20": 0.64699,
        "recall_at_3": 0.4701,
        "recall_at_5": 0.51881
      }
    ]
  },
  "task_name": "CQADupstackEnglishRetrieval"
}