{
  "dataset_revision": "6c6430d3a6d36f8d2a829195bc5dc94d7e063e53",
  "evaluation_time": 70.68849921226501,
  "kg_co2_emissions": null,
  "mteb_version": "1.13.1",
  "scores": {
    "test": [
      {
        "hf_subset": "default",
        "languages": [
          "eng-Latn"
        ],
        "main_score": 0.42011,
        "map_at_1": 0.27992,
        "map_at_10": 0.36878,
        "map_at_100": 0.37956,
        "map_at_1000": 0.38055,
        "map_at_20": 0.37452,
        "map_at_3": 0.34248,
        "map_at_5": 0.35807,
        "mrr_at_1": 0.33302238805970147,
        "mrr_at_10": 0.4125044420753376,
        "mrr_at_100": 0.42079796458342117,
        "mrr_at_1000": 0.42138781797189856,
        "mrr_at_20": 0.41728214332591584,
        "mrr_at_3": 0.3883706467661691,
        "mrr_at_5": 0.40348258706467666,
        "nauc_map_at_1000_diff1": 0.5233062465446096,
        "nauc_map_at_1000_max": 0.4856189356602668,
        "nauc_map_at_1000_std": 0.0023412860212014366,
        "nauc_map_at_100_diff1": 0.5231175693182478,
        "nauc_map_at_100_max": 0.4852597051692148,
        "nauc_map_at_100_std": 0.002009060588986888,
        "nauc_map_at_10_diff1": 0.5247497989748983,
        "nauc_map_at_10_max": 0.48382189989460317,
        "nauc_map_at_10_std": -0.0027943295272036574,
        "nauc_map_at_1_diff1": 0.5858520350463983,
        "nauc_map_at_1_max": 0.488837416987381,
        "nauc_map_at_1_std": -0.016118821872779087,
        "nauc_map_at_20_diff1": 0.5245713414618617,
        "nauc_map_at_20_max": 0.4853360308454043,
        "nauc_map_at_20_std": -0.0002025131676887357,
        "nauc_map_at_3_diff1": 0.5307874380413367,
        "nauc_map_at_3_max": 0.4785807530746419,
        "nauc_map_at_3_std": -0.011908666302354565,
        "nauc_map_at_5_diff1": 0.5272690394281597,
        "nauc_map_at_5_max": 0.4826381347696421,
        "nauc_map_at_5_std": -0.007345123918849385,
        "nauc_mrr_at_1000_diff1": 0.5208333438652176,
        "nauc_mrr_at_1000_max": 0.49393621951950456,
        "nauc_mrr_at_1000_std": 0.0023816289255270714,
        "nauc_mrr_at_100_diff1": 0.5205513855304558,
        "nauc_mrr_at_100_max": 0.4937134108914167,
        "nauc_mrr_at_100_std": 0.0023262201512097434,
        "nauc_mrr_at_10_diff1": 0.5206038660898418,
        "nauc_mrr_at_10_max": 0.4927794340491806,
        "nauc_mrr_at_10_std": -0.0018461648680304723,
        "nauc_mrr_at_1_diff1": 0.581782033315051,
        "nauc_mrr_at_1_max": 0.5138838863105835,
        "nauc_mrr_at_1_std": -0.010309369041296,
        "nauc_mrr_at_20_diff1": 0.5209025242941001,
        "nauc_mrr_at_20_max": 0.4939783715332816,
        "nauc_mrr_at_20_std": 0.0016020554446671378,
        "nauc_mrr_at_3_diff1": 0.5272429236585251,
        "nauc_mrr_at_3_max": 0.49330877351109426,
        "nauc_mrr_at_3_std": -0.010326462191559194,
        "nauc_mrr_at_5_diff1": 0.5226474410623372,
        "nauc_mrr_at_5_max": 0.4941919139958011,
        "nauc_mrr_at_5_std": -0.0032807337624105653,
        "nauc_ndcg_at_1000_diff1": 0.5028503405085125,
        "nauc_ndcg_at_1000_max": 0.48979361905115854,
        "nauc_ndcg_at_1000_std": 0.03011484876631346,
        "nauc_ndcg_at_100_diff1": 0.4957633380531602,
        "nauc_ndcg_at_100_max": 0.4814409303407599,
        "nauc_ndcg_at_100_std": 0.025578220135110685,
        "nauc_ndcg_at_10_diff1": 0.5016328254136654,
        "nauc_ndcg_at_10_max": 0.47890354682698627,
        "nauc_ndcg_at_10_std": 0.003139649617658921,
        "nauc_ndcg_at_1_diff1": 0.5847045638791842,
        "nauc_ndcg_at_1_max": 0.5110553826190668,
        "nauc_ndcg_at_1_std": -0.013376456818555458,
        "nauc_ndcg_at_20_diff1": 0.501352478047865,
        "nauc_ndcg_at_20_max": 0.48332537555615185,
        "nauc_ndcg_at_20_std": 0.014316803741789192,
        "nauc_ndcg_at_3_diff1": 0.5090504143763103,
        "nauc_ndcg_at_3_max": 0.4749751079905956,
        "nauc_ndcg_at_3_std": -0.013151201889242918,
        "nauc_ndcg_at_5_diff1": 0.5072171098900509,
        "nauc_ndcg_at_5_max": 0.4787683444488822,
        "nauc_ndcg_at_5_std": -0.004583694399745396,
        "nauc_precision_at_1000_diff1": -0.1270687957146909,
        "nauc_precision_at_1000_max": 0.012946729863436618,
        "nauc_precision_at_1000_std": 0.07930019306892613,
        "nauc_precision_at_100_diff1": 0.004931726100063443,
        "nauc_precision_at_100_max": 0.14134228834523277,
        "nauc_precision_at_100_std": 0.093940205368248,
        "nauc_precision_at_10_diff1": 0.25436134352055,
        "nauc_precision_at_10_max": 0.3447200169429093,
        "nauc_precision_at_10_std": 0.034254695315631974,
        "nauc_precision_at_1_diff1": 0.5847045638791842,
        "nauc_precision_at_1_max": 0.5110553826190668,
        "nauc_precision_at_1_std": -0.013376456818555458,
        "nauc_precision_at_20_diff1": 0.1928652158992207,
        "nauc_precision_at_20_max": 0.31273439720510005,
        "nauc_precision_at_20_std": 0.0654390492577886,
        "nauc_precision_at_3_diff1": 0.3749316211502553,
        "nauc_precision_at_3_max": 0.41216651709905366,
        "nauc_precision_at_3_std": -0.009769259504314527,
        "nauc_precision_at_5_diff1": 0.32643048969568467,
        "nauc_precision_at_5_max": 0.39218889667976364,
        "nauc_precision_at_5_std": 0.012838262827431246,
        "nauc_recall_at_1000_diff1": 0.4150606836472958,
        "nauc_recall_at_1000_max": 0.5650770547780909,
        "nauc_recall_at_1000_std": 0.4243903884094826,
        "nauc_recall_at_100_diff1": 0.36095377878008295,
        "nauc_recall_at_100_max": 0.4163617985956189,
        "nauc_recall_at_100_std": 0.153865278792542,
        "nauc_recall_at_10_diff1": 0.4144330730027685,
        "nauc_recall_at_10_max": 0.4299622057242128,
        "nauc_recall_at_10_std": 0.02011901139410942,
        "nauc_recall_at_1_diff1": 0.5858520350463983,
        "nauc_recall_at_1_max": 0.488837416987381,
        "nauc_recall_at_1_std": -0.016118821872779087,
        "nauc_recall_at_20_diff1": 0.40977128028140347,
        "nauc_recall_at_20_max": 0.4409235972213826,
        "nauc_recall_at_20_std": 0.06540713112944688,
        "nauc_recall_at_3_diff1": 0.4543984626026987,
        "nauc_recall_at_3_max": 0.43579646151768503,
        "nauc_recall_at_3_std": -0.016799198882989537,
        "nauc_recall_at_5_diff1": 0.4391374778647229,
        "nauc_recall_at_5_max": 0.4403220271353817,
        "nauc_recall_at_5_std": 0.0008790834326744557,
        "ndcg_at_1": 0.33209,
        "ndcg_at_10": 0.42011,
        "ndcg_at_100": 0.46991,
        "ndcg_at_1000": 0.49214,
        "ndcg_at_20": 0.43828,
        "ndcg_at_3": 0.37382,
        "ndcg_at_5": 0.3971,
        "precision_at_1": 0.33209,
        "precision_at_10": 0.06968,
        "precision_at_100": 0.01065,
        "precision_at_1000": 0.00136,
        "precision_at_20": 0.03988,
        "precision_at_3": 0.16947,
        "precision_at_5": 0.1194,
        "recall_at_1": 0.27992,
        "recall_at_10": 0.53251,
        "recall_at_100": 0.74922,
        "recall_at_1000": 0.90507,
        "recall_at_20": 0.59751,
        "recall_at_3": 0.40672,
        "recall_at_5": 0.46508
      }
    ]
  },
  "task_name": "CQADupstackUnixRetrieval"
}