{
  "dataset_revision": "bea83ef9e8fb933d90a2f1d5515737465d613e12",
  "evaluation_time": 2000.2618989944458,
  "kg_co2_emissions": null,
  "mteb_version": "1.13.1",
  "scores": {
    "test": [
      {
        "hf_subset": "default",
        "languages": [
          "eng-Latn"
        ],
        "main_score": 0.79608,
        "map_at_1": 0.63567,
        "map_at_10": 0.74492,
        "map_at_100": 0.74813,
        "map_at_1000": 0.74826,
        "map_at_20": 0.74712,
        "map_at_3": 0.72912,
        "map_at_5": 0.73945,
        "mrr_at_1": 0.6881188118811881,
        "mrr_at_10": 0.7922672029107672,
        "mrr_at_100": 0.7941523781046766,
        "mrr_at_1000": 0.7941821248078601,
        "mrr_at_20": 0.7936998606918289,
        "mrr_at_3": 0.7786028602860287,
        "mrr_at_5": 0.7877687768776878,
        "nauc_map_at_1000_diff1": 0.4241406854247974,
        "nauc_map_at_1000_max": 0.19415867521365038,
        "nauc_map_at_1000_std": -0.09243510299460622,
        "nauc_map_at_100_diff1": 0.42402422843010795,
        "nauc_map_at_100_max": 0.194103721462907,
        "nauc_map_at_100_std": -0.09246476965899562,
        "nauc_map_at_10_diff1": 0.4222846297816764,
        "nauc_map_at_10_max": 0.19336392866388086,
        "nauc_map_at_10_std": -0.09539874625733562,
        "nauc_map_at_1_diff1": 0.46581066644429964,
        "nauc_map_at_1_max": 0.16383358826475028,
        "nauc_map_at_1_std": -0.09697654158458777,
        "nauc_map_at_20_diff1": 0.4233069756605154,
        "nauc_map_at_20_max": 0.19388498226842485,
        "nauc_map_at_20_std": -0.09325611778521768,
        "nauc_map_at_3_diff1": 0.4247531537855953,
        "nauc_map_at_3_max": 0.19564575994708536,
        "nauc_map_at_3_std": -0.10199436969443273,
        "nauc_map_at_5_diff1": 0.42054822535403674,
        "nauc_map_at_5_max": 0.19358284244174478,
        "nauc_map_at_5_std": -0.09711379922343351,
        "nauc_mrr_at_1000_diff1": 0.5009468346444268,
        "nauc_mrr_at_1000_max": 0.22916015609643564,
        "nauc_mrr_at_1000_std": -0.1301718081716456,
        "nauc_mrr_at_100_diff1": 0.5009275907675116,
        "nauc_mrr_at_100_max": 0.22918660003402333,
        "nauc_mrr_at_100_std": -0.13017016015362454,
        "nauc_mrr_at_10_diff1": 0.4997323199402444,
        "nauc_mrr_at_10_max": 0.23000875529801862,
        "nauc_mrr_at_10_std": -0.13154972536661932,
        "nauc_mrr_at_1_diff1": 0.5294671859838067,
        "nauc_mrr_at_1_max": 0.20028789361846053,
        "nauc_mrr_at_1_std": -0.11700200218166135,
        "nauc_mrr_at_20_diff1": 0.5006188749092212,
        "nauc_mrr_at_20_max": 0.22975564656664793,
        "nauc_mrr_at_20_std": -0.130401931812693,
        "nauc_mrr_at_3_diff1": 0.49947594647893095,
        "nauc_mrr_at_3_max": 0.23571326087499536,
        "nauc_mrr_at_3_std": -0.13299719802863563,
        "nauc_mrr_at_5_diff1": 0.4978339112776539,
        "nauc_mrr_at_5_max": 0.23178195648799255,
        "nauc_mrr_at_5_std": -0.1309058702360252,
        "nauc_ndcg_at_1000_diff1": 0.42793581602584563,
        "nauc_ndcg_at_1000_max": 0.20831723235947822,
        "nauc_ndcg_at_1000_std": -0.08634921788027089,
        "nauc_ndcg_at_100_diff1": 0.4252285539926606,
        "nauc_ndcg_at_100_max": 0.20731104563684075,
        "nauc_ndcg_at_100_std": -0.08586382547451134,
        "nauc_ndcg_at_10_diff1": 0.4167462235921363,
        "nauc_ndcg_at_10_max": 0.20580104020712672,
        "nauc_ndcg_at_10_std": -0.09889811656519745,
        "nauc_ndcg_at_1_diff1": 0.5310607333878887,
        "nauc_ndcg_at_1_max": 0.19907707095071595,
        "nauc_ndcg_at_1_std": -0.1197026846575028,
        "nauc_ndcg_at_20_diff1": 0.42036102787849783,
        "nauc_ndcg_at_20_max": 0.20727713764217118,
        "nauc_ndcg_at_20_std": -0.09136503875977153,
        "nauc_ndcg_at_3_diff1": 0.42493316525524316,
        "nauc_ndcg_at_3_max": 0.21554494404162522,
        "nauc_ndcg_at_3_std": -0.11185509275645968,
        "nauc_ndcg_at_5_diff1": 0.41429091125351836,
        "nauc_ndcg_at_5_max": 0.2083297357404613,
        "nauc_ndcg_at_5_std": -0.10235576036828531,
        "nauc_precision_at_1000_diff1": -0.07693107805778521,
        "nauc_precision_at_1000_max": 0.07376838436735762,
        "nauc_precision_at_1000_std": 0.09541096762906034,
        "nauc_precision_at_100_diff1": -0.06824017523006025,
        "nauc_precision_at_100_max": 0.10252798060646662,
        "nauc_precision_at_100_std": 0.11858758850051927,
        "nauc_precision_at_10_diff1": 0.0709686219456247,
        "nauc_precision_at_10_max": 0.19951924242900468,
        "nauc_precision_at_10_std": -0.0160033229941909,
        "nauc_precision_at_1_diff1": 0.5310607333878887,
        "nauc_precision_at_1_max": 0.19907707095071595,
        "nauc_precision_at_1_std": -0.1197026846575028,
        "nauc_precision_at_20_diff1": -0.009401515790924766,
        "nauc_precision_at_20_max": 0.16277245866176446,
        "nauc_precision_at_20_std": 0.05855107253268928,
        "nauc_precision_at_3_diff1": 0.30718443214428826,
        "nauc_precision_at_3_max": 0.2821493177674803,
        "nauc_precision_at_3_std": -0.12360086106640873,
        "nauc_precision_at_5_diff1": 0.18335813218518482,
        "nauc_precision_at_5_max": 0.24542287627250156,
        "nauc_precision_at_5_std": -0.07531018934450803,
        "nauc_recall_at_1000_diff1": 0.043199265327391836,
        "nauc_recall_at_1000_max": 0.2055386008832997,
        "nauc_recall_at_1000_std": 0.36643939212083326,
        "nauc_recall_at_100_diff1": 0.09532152426678722,
        "nauc_recall_at_100_max": 0.18005331439845437,
        "nauc_recall_at_100_std": 0.22576971444607516,
        "nauc_recall_at_10_diff1": 0.19188166112213648,
        "nauc_recall_at_10_max": 0.18839893684770662,
        "nauc_recall_at_10_std": -0.04069548279597284,
        "nauc_recall_at_1_diff1": 0.46581066644429964,
        "nauc_recall_at_1_max": 0.16383358826475028,
        "nauc_recall_at_1_std": -0.09697654158458777,
        "nauc_recall_at_20_diff1": 0.14759613164346086,
        "nauc_recall_at_20_max": 0.19195740206889558,
        "nauc_recall_at_20_std": 0.046395318624216544,
        "nauc_recall_at_3_diff1": 0.31206461762728593,
        "nauc_recall_at_3_max": 0.22765841592140307,
        "nauc_recall_at_3_std": -0.10375233883089822,
        "nauc_recall_at_5_diff1": 0.24134357819029176,
        "nauc_recall_at_5_max": 0.2073757831789657,
        "nauc_recall_at_5_std": -0.06940391237851347,
        "ndcg_at_1": 0.68752,
        "ndcg_at_10": 0.79608,
        "ndcg_at_100": 0.80829,
        "ndcg_at_1000": 0.81073,
        "ndcg_at_20": 0.80282,
        "ndcg_at_3": 0.768,
        "ndcg_at_5": 0.78443,
        "precision_at_1": 0.68752,
        "precision_at_10": 0.09992,
        "precision_at_100": 0.01075,
        "precision_at_1000": 0.00111,
        "precision_at_20": 0.05159,
        "precision_at_3": 0.30208,
        "precision_at_5": 0.19091,
        "recall_at_1": 0.63567,
        "recall_at_10": 0.90711,
        "recall_at_100": 0.95755,
        "recall_at_1000": 0.97317,
        "recall_at_20": 0.9319,
        "recall_at_3": 0.83126,
        "recall_at_5": 0.87249
      }
    ]
  },
  "task_name": "FEVER"
}