{
  "dataset_revision": "b774495ed302d8c44a3a7ea25c90dbce03968f31",
  "evaluation_time": 794.8951027393341,
  "kg_co2_emissions": null,
  "mteb_version": "1.13.1",
  "scores": {
    "test": [
      {
        "hf_subset": "default",
        "languages": [
          "eng-Latn"
        ],
        "main_score": 0.57792,
        "map_at_1": 0.33864,
        "map_at_10": 0.50098,
        "map_at_100": 0.51014,
        "map_at_1000": 0.51038,
        "map_at_20": 0.5073,
        "map_at_3": 0.45845,
        "map_at_5": 0.48427,
        "mrr_at_1": 0.37949015063731173,
        "mrr_at_10": 0.5246039792896687,
        "mrr_at_100": 0.5313780987053388,
        "mrr_at_1000": 0.5315490654189933,
        "mrr_at_20": 0.5293234089339524,
        "mrr_at_3": 0.4917921977597528,
        "mrr_at_5": 0.5120268443414445,
        "nauc_map_at_1000_diff1": 0.30005190058163006,
        "nauc_map_at_1000_max": 0.274268770258278,
        "nauc_map_at_1000_std": 0.0003713405364044166,
        "nauc_map_at_100_diff1": 0.29995833174674646,
        "nauc_map_at_100_max": 0.2744636576455754,
        "nauc_map_at_100_std": 0.0006279444394450514,
        "nauc_map_at_10_diff1": 0.2985536023081735,
        "nauc_map_at_10_max": 0.274368071320696,
        "nauc_map_at_10_std": -0.00269306382214975,
        "nauc_map_at_1_diff1": 0.3346527356734051,
        "nauc_map_at_1_max": 0.2068099633130664,
        "nauc_map_at_1_std": -0.039469664599304205,
        "nauc_map_at_20_diff1": 0.29976436330639555,
        "nauc_map_at_20_max": 0.2755605046648406,
        "nauc_map_at_20_std": 0.0005191433436364773,
        "nauc_map_at_3_diff1": 0.3009778151752682,
        "nauc_map_at_3_max": 0.25819602703509636,
        "nauc_map_at_3_std": -0.018881229553505356,
        "nauc_map_at_5_diff1": 0.29721355643122377,
        "nauc_map_at_5_max": 0.2688844833105071,
        "nauc_map_at_5_std": -0.010855845064045048,
        "nauc_mrr_at_1000_diff1": 0.3015559309838854,
        "nauc_mrr_at_1000_max": 0.27427090876320326,
        "nauc_mrr_at_1000_std": 0.009921894355629868,
        "nauc_mrr_at_100_diff1": 0.30148324335963056,
        "nauc_mrr_at_100_max": 0.2744499810894868,
        "nauc_mrr_at_100_std": 0.010137595202484485,
        "nauc_mrr_at_10_diff1": 0.2992883060677993,
        "nauc_mrr_at_10_max": 0.2750260857806918,
        "nauc_mrr_at_10_std": 0.008748344724009302,
        "nauc_mrr_at_1_diff1": 0.3362443167368244,
        "nauc_mrr_at_1_max": 0.22166583666221268,
        "nauc_mrr_at_1_std": -0.023904647347783838,
        "nauc_mrr_at_20_diff1": 0.30102650889414073,
        "nauc_mrr_at_20_max": 0.2755083562964033,
        "nauc_mrr_at_20_std": 0.010729131563978471,
        "nauc_mrr_at_3_diff1": 0.30017415096089806,
        "nauc_mrr_at_3_max": 0.2669297596777633,
        "nauc_mrr_at_3_std": 0.00025413263562820124,
        "nauc_mrr_at_5_diff1": 0.2995221339485454,
        "nauc_mrr_at_5_max": 0.275106797121255,
        "nauc_mrr_at_5_std": 0.005520688980922515,
        "nauc_ndcg_at_1000_diff1": 0.29564056768649205,
        "nauc_ndcg_at_1000_max": 0.29358620719233336,
        "nauc_ndcg_at_1000_std": 0.02290098943708221,
        "nauc_ndcg_at_100_diff1": 0.29358950448304777,
        "nauc_ndcg_at_100_max": 0.2993091248600043,
        "nauc_ndcg_at_100_std": 0.03097957131392263,
        "nauc_ndcg_at_10_diff1": 0.2873432189677608,
        "nauc_ndcg_at_10_max": 0.3026863717268886,
        "nauc_ndcg_at_10_std": 0.020035725010278577,
        "nauc_ndcg_at_1_diff1": 0.3362443167368244,
        "nauc_ndcg_at_1_max": 0.22166583666221268,
        "nauc_ndcg_at_1_std": -0.024625430238975794,
        "nauc_ndcg_at_20_diff1": 0.2918990347412186,
        "nauc_ndcg_at_20_max": 0.3075319325731045,
        "nauc_ndcg_at_20_std": 0.03198645433571653,
        "nauc_ndcg_at_3_diff1": 0.29145257517897444,
        "nauc_ndcg_at_3_max": 0.27419210804779776,
        "nauc_ndcg_at_3_std": -0.009729680913533772,
        "nauc_ndcg_at_5_diff1": 0.28610005316010784,
        "nauc_ndcg_at_5_max": 0.2925284493769401,
        "nauc_ndcg_at_5_std": 0.0029970918695699338,
        "nauc_precision_at_1000_diff1": -0.062032112545660996,
        "nauc_precision_at_1000_max": 0.07140340109226591,
        "nauc_precision_at_1000_std": 0.13807760666555705,
        "nauc_precision_at_100_diff1": -0.03036006133488924,
        "nauc_precision_at_100_max": 0.14930365022920442,
        "nauc_precision_at_100_std": 0.19355595187694127,
        "nauc_precision_at_10_diff1": 0.083343461308451,
        "nauc_precision_at_10_max": 0.2749498971404042,
        "nauc_precision_at_10_std": 0.13473004811205208,
        "nauc_precision_at_1_diff1": 0.3362443167368244,
        "nauc_precision_at_1_max": 0.22166583666221268,
        "nauc_precision_at_1_std": -0.024625430238975794,
        "nauc_precision_at_20_diff1": 0.04603374152965636,
        "nauc_precision_at_20_max": 0.24772199744804688,
        "nauc_precision_at_20_std": 0.18278374288253127,
        "nauc_precision_at_3_diff1": 0.19910280025636307,
        "nauc_precision_at_3_max": 0.29448814260430145,
        "nauc_precision_at_3_std": 0.036599946548753697,
        "nauc_precision_at_5_diff1": 0.13817614145881554,
        "nauc_precision_at_5_max": 0.29400237010440117,
        "nauc_precision_at_5_std": 0.07589822905833858,
        "nauc_recall_at_1000_diff1": 0.2701929277469547,
        "nauc_recall_at_1000_max": 0.8409578645893111,
        "nauc_recall_at_1000_std": 0.7624693639539529,
        "nauc_recall_at_100_diff1": 0.22019614570765608,
        "nauc_recall_at_100_max": 0.620490923020217,
        "nauc_recall_at_100_std": 0.4844768734925742,
        "nauc_recall_at_10_diff1": 0.22869039808917474,
        "nauc_recall_at_10_max": 0.4172645384392159,
        "nauc_recall_at_10_std": 0.10483912955986377,
        "nauc_recall_at_1_diff1": 0.3346527356734051,
        "nauc_recall_at_1_max": 0.2068099633130664,
        "nauc_recall_at_1_std": -0.039469664599304205,
        "nauc_recall_at_20_diff1": 0.23856948570577263,
        "nauc_recall_at_20_max": 0.5091632600728653,
        "nauc_recall_at_20_std": 0.23052202205177483,
        "nauc_recall_at_3_diff1": 0.2555923700805498,
        "nauc_recall_at_3_max": 0.30259721585623633,
        "nauc_recall_at_3_std": -0.0011366762888364692,
        "nauc_recall_at_5_diff1": 0.23711185817721694,
        "nauc_recall_at_5_max": 0.3548369307346342,
        "nauc_recall_at_5_std": 0.02930474044158052,
        "ndcg_at_1": 0.37949,
        "ndcg_at_10": 0.57792,
        "ndcg_at_100": 0.6155,
        "ndcg_at_1000": 0.62098,
        "ndcg_at_20": 0.59825,
        "ndcg_at_3": 0.50042,
        "ndcg_at_5": 0.54235,
        "precision_at_1": 0.37949,
        "precision_at_10": 0.09392,
        "precision_at_100": 0.0115,
        "precision_at_1000": 0.0012,
        "precision_at_20": 0.05193,
        "precision_at_3": 0.2276,
        "precision_at_5": 0.16107,
        "recall_at_1": 0.33864,
        "recall_at_10": 0.78638,
        "recall_at_100": 0.94735,
        "recall_at_1000": 0.98788,
        "recall_at_20": 0.86153,
        "recall_at_3": 0.58814,
        "recall_at_5": 0.68424
      }
    ]
  },
  "task_name": "NQ"
}