{
  "dataset_revision": "e4e08e0b7dbe3c8700f0daef558ff32256715259",
  "evaluation_time": 205.0613362789154,
  "kg_co2_emissions": null,
  "mteb_version": "1.13.1",
  "scores": {
    "test": [
      {
        "hf_subset": "default",
        "languages": [
          "eng-Latn"
        ],
        "main_score": 0.88904,
        "map_at_1": 0.7148,
        "map_at_10": 0.85283,
        "map_at_100": 0.85899,
        "map_at_1000": 0.85916,
        "map_at_20": 0.85688,
        "map_at_3": 0.82434,
        "map_at_5": 0.84245,
        "mrr_at_1": 0.8209,
        "mrr_at_10": 0.8817803174603174,
        "mrr_at_100": 0.8827345648620054,
        "mrr_at_1000": 0.8827400566434213,
        "mrr_at_20": 0.8825023752627661,
        "mrr_at_3": 0.87315,
        "mrr_at_5": 0.8793350000000001,
        "nauc_map_at_1000_diff1": 0.7556352828180818,
        "nauc_map_at_1000_max": 0.3940415391772249,
        "nauc_map_at_1000_std": -0.5424512615730556,
        "nauc_map_at_100_diff1": 0.7557285484195361,
        "nauc_map_at_100_max": 0.3938940623621548,
        "nauc_map_at_100_std": -0.5432278508536779,
        "nauc_map_at_10_diff1": 0.7582340478711577,
        "nauc_map_at_10_max": 0.3907409797823835,
        "nauc_map_at_10_std": -0.5618134298668026,
        "nauc_map_at_1_diff1": 0.796116578391146,
        "nauc_map_at_1_max": 0.30173844417982393,
        "nauc_map_at_1_std": -0.4825826757553449,
        "nauc_map_at_20_diff1": 0.7565317966245476,
        "nauc_map_at_20_max": 0.3932004490329737,
        "nauc_map_at_20_std": -0.5506776932682407,
        "nauc_map_at_3_diff1": 0.7607159289642896,
        "nauc_map_at_3_max": 0.365335662322793,
        "nauc_map_at_3_std": -0.5734660310147811,
        "nauc_map_at_5_diff1": 0.7603201322049916,
        "nauc_map_at_5_max": 0.3799789565975517,
        "nauc_map_at_5_std": -0.5763642549810907,
        "nauc_mrr_at_1000_diff1": 0.7641082583621551,
        "nauc_mrr_at_1000_max": 0.42016104541318056,
        "nauc_mrr_at_1000_std": -0.5090902858300242,
        "nauc_mrr_at_100_diff1": 0.7641117066228393,
        "nauc_mrr_at_100_max": 0.42017886148121764,
        "nauc_mrr_at_100_std": -0.509078068190233,
        "nauc_mrr_at_10_diff1": 0.7639131758540728,
        "nauc_mrr_at_10_max": 0.42083622541672516,
        "nauc_mrr_at_10_std": -0.5110664628182624,
        "nauc_mrr_at_1_diff1": 0.7767747525341355,
        "nauc_mrr_at_1_max": 0.41562950745841765,
        "nauc_mrr_at_1_std": -0.48308778087672855,
        "nauc_mrr_at_20_diff1": 0.7640056079142757,
        "nauc_mrr_at_20_max": 0.4203413918264617,
        "nauc_mrr_at_20_std": -0.5094170835687807,
        "nauc_mrr_at_3_diff1": 0.7605656156715537,
        "nauc_mrr_at_3_max": 0.4221198412463947,
        "nauc_mrr_at_3_std": -0.5126892130754173,
        "nauc_mrr_at_5_diff1": 0.7632686653777725,
        "nauc_mrr_at_5_max": 0.41998700865941524,
        "nauc_mrr_at_5_std": -0.512090281746148,
        "nauc_ndcg_at_1000_diff1": 0.7544456278728129,
        "nauc_ndcg_at_1000_max": 0.40604546150331844,
        "nauc_ndcg_at_1000_std": -0.5234712937885139,
        "nauc_ndcg_at_100_diff1": 0.7546509104356486,
        "nauc_ndcg_at_100_max": 0.40599582604225476,
        "nauc_ndcg_at_100_std": -0.5270173178231011,
        "nauc_ndcg_at_10_diff1": 0.7545422740573966,
        "nauc_ndcg_at_10_max": 0.40370237111189794,
        "nauc_ndcg_at_10_std": -0.5576222269646668,
        "nauc_ndcg_at_1_diff1": 0.7763894727339292,
        "nauc_ndcg_at_1_max": 0.4162176367540463,
        "nauc_ndcg_at_1_std": -0.48100145162799957,
        "nauc_ndcg_at_20_diff1": 0.7545528553007558,
        "nauc_ndcg_at_20_max": 0.4043705684106019,
        "nauc_ndcg_at_20_std": -0.5446337048776607,
        "nauc_ndcg_at_3_diff1": 0.7448870810902158,
        "nauc_ndcg_at_3_max": 0.3934269683658576,
        "nauc_ndcg_at_3_std": -0.5489854792687582,
        "nauc_ndcg_at_5_diff1": 0.7522093000240414,
        "nauc_ndcg_at_5_max": 0.3960443234492819,
        "nauc_ndcg_at_5_std": -0.5649454988175845,
        "nauc_precision_at_1000_diff1": -0.44220817207345164,
        "nauc_precision_at_1000_max": -0.09237210350440411,
        "nauc_precision_at_1000_std": 0.4349817587364903,
        "nauc_precision_at_100_diff1": -0.43877843454151455,
        "nauc_precision_at_100_max": -0.08514394844275745,
        "nauc_precision_at_100_std": 0.4173328845160646,
        "nauc_precision_at_10_diff1": -0.38775766211050927,
        "nauc_precision_at_10_max": -0.028544005250321188,
        "nauc_precision_at_10_std": 0.28859767948308584,
        "nauc_precision_at_1_diff1": 0.7763894727339292,
        "nauc_precision_at_1_max": 0.4162176367540463,
        "nauc_precision_at_1_std": -0.48100145162799957,
        "nauc_precision_at_20_diff1": -0.4180563922534921,
        "nauc_precision_at_20_max": -0.05715916799702434,
        "nauc_precision_at_20_std": 0.3543928734156668,
        "nauc_precision_at_3_diff1": -0.20378051755876883,
        "nauc_precision_at_3_max": 0.07635495633644566,
        "nauc_precision_at_3_std": 0.06105596085650413,
        "nauc_precision_at_5_diff1": -0.31997939818642385,
        "nauc_precision_at_5_max": 0.014343343746244543,
        "nauc_precision_at_5_std": 0.17962244511008793,
        "nauc_recall_at_1000_diff1": 0.6427207164396345,
        "nauc_recall_at_1000_max": -0.12436727693418542,
        "nauc_recall_at_1000_std": 0.047540987741730954,
        "nauc_recall_at_100_diff1": 0.7013158707943687,
        "nauc_recall_at_100_max": 0.4175666925131646,
        "nauc_recall_at_100_std": -0.5995237107529718,
        "nauc_recall_at_10_diff1": 0.7142645132853085,
        "nauc_recall_at_10_max": 0.3854502316084539,
        "nauc_recall_at_10_std": -0.7476188923730889,
        "nauc_recall_at_1_diff1": 0.796116578391146,
        "nauc_recall_at_1_max": 0.30173844417982393,
        "nauc_recall_at_1_std": -0.4825826757553449,
        "nauc_recall_at_20_diff1": 0.7068468011718259,
        "nauc_recall_at_20_max": 0.38749761027091456,
        "nauc_recall_at_20_std": -0.7371123283185569,
        "nauc_recall_at_3_diff1": 0.7118483739344305,
        "nauc_recall_at_3_max": 0.3306241169005806,
        "nauc_recall_at_3_std": -0.6415464609416452,
        "nauc_recall_at_5_diff1": 0.7100318579786344,
        "nauc_recall_at_5_max": 0.34156422331333386,
        "nauc_recall_at_5_std": -0.7079187580255951,
        "ndcg_at_1": 0.8211,
        "ndcg_at_10": 0.88904,
        "ndcg_at_100": 0.90064,
        "ndcg_at_1000": 0.90162,
        "ndcg_at_20": 0.89526,
        "ndcg_at_3": 0.8627,
        "ndcg_at_5": 0.87755,
        "precision_at_1": 0.8211,
        "precision_at_10": 0.13428,
        "precision_at_100": 0.01526,
        "precision_at_1000": 0.00157,
        "precision_at_20": 0.07108,
        "precision_at_3": 0.37657,
        "precision_at_5": 0.247,
        "recall_at_1": 0.7148,
        "recall_at_10": 0.95645,
        "recall_at_100": 0.99582,
        "recall_at_1000": 0.99973,
        "recall_at_20": 0.9764,
        "recall_at_3": 0.87989,
        "recall_at_5": 0.92277
      }
    ]
  },
  "task_name": "QuoraRetrieval"
}