{
  "dataset_revision": "f8c2fcf00f625baaa80f62ec5bd9e1fff3b8ae88",
  "evaluation_time": 73.08624458312988,
  "kg_co2_emissions": null,
  "mteb_version": "1.13.1",
  "scores": {
    "test": [
      {
        "hf_subset": "default",
        "languages": [
          "eng-Latn"
        ],
        "main_score": 0.21108,
        "map_at_1": 0.04943,
        "map_at_10": 0.12757,
        "map_at_100": 0.14847,
        "map_at_1000": 0.15124,
        "map_at_20": 0.1383,
        "map_at_3": 0.09022,
        "map_at_5": 0.10804,
        "mrr_at_1": 0.244,
        "mrr_at_10": 0.3537170634920635,
        "mrr_at_100": 0.36436820543887216,
        "mrr_at_1000": 0.364911044957252,
        "mrr_at_20": 0.36024056575948993,
        "mrr_at_3": 0.3215,
        "mrr_at_5": 0.34,
        "nauc_map_at_1000_diff1": 0.177753107844765,
        "nauc_map_at_1000_max": 0.3231085729896935,
        "nauc_map_at_1000_std": 0.10501009957467289,
        "nauc_map_at_100_diff1": 0.17848798914713657,
        "nauc_map_at_100_max": 0.3231672752507396,
        "nauc_map_at_100_std": 0.10347428322490398,
        "nauc_map_at_10_diff1": 0.17460829774147252,
        "nauc_map_at_10_max": 0.302498239098304,
        "nauc_map_at_10_std": 0.06748875727957136,
        "nauc_map_at_1_diff1": 0.2787305756332229,
        "nauc_map_at_1_max": 0.22186966387805154,
        "nauc_map_at_1_std": 0.01796505044861486,
        "nauc_map_at_20_diff1": 0.17519539458189698,
        "nauc_map_at_20_max": 0.31296695573648103,
        "nauc_map_at_20_std": 0.08504343995988953,
        "nauc_map_at_3_diff1": 0.1961509158440553,
        "nauc_map_at_3_max": 0.2582278046481237,
        "nauc_map_at_3_std": 0.018824670080497475,
        "nauc_map_at_5_diff1": 0.18408071043889432,
        "nauc_map_at_5_max": 0.27838560078938585,
        "nauc_map_at_5_std": 0.038055778381396364,
        "nauc_mrr_at_1000_diff1": 0.2475582462339812,
        "nauc_mrr_at_1000_max": 0.2712559298527391,
        "nauc_mrr_at_1000_std": 0.06515951587874921,
        "nauc_mrr_at_100_diff1": 0.24761262552851512,
        "nauc_mrr_at_100_max": 0.2714812310240445,
        "nauc_mrr_at_100_std": 0.06549415739109109,
        "nauc_mrr_at_10_diff1": 0.2472802028413228,
        "nauc_mrr_at_10_max": 0.26848321150658727,
        "nauc_mrr_at_10_std": 0.05889711216893341,
        "nauc_mrr_at_1_diff1": 0.2775193752341981,
        "nauc_mrr_at_1_max": 0.22179067014816176,
        "nauc_mrr_at_1_std": 0.018951447417725916,
        "nauc_mrr_at_20_diff1": 0.24691971328931753,
        "nauc_mrr_at_20_max": 0.2714883502215539,
        "nauc_mrr_at_20_std": 0.06564299161279463,
        "nauc_mrr_at_3_diff1": 0.24981697139800513,
        "nauc_mrr_at_3_max": 0.26807307626697086,
        "nauc_mrr_at_3_std": 0.04953032881727743,
        "nauc_mrr_at_5_diff1": 0.2488984434964417,
        "nauc_mrr_at_5_max": 0.2700695004005531,
        "nauc_mrr_at_5_std": 0.05764874520494383,
        "nauc_ndcg_at_1000_diff1": 0.1839095479340829,
        "nauc_ndcg_at_1000_max": 0.3395953238795262,
        "nauc_ndcg_at_1000_std": 0.17931647331841924,
        "nauc_ndcg_at_100_diff1": 0.19196570083527437,
        "nauc_ndcg_at_100_max": 0.35006093918659875,
        "nauc_ndcg_at_100_std": 0.17849348728669223,
        "nauc_ndcg_at_10_diff1": 0.1869267410041119,
        "nauc_ndcg_at_10_max": 0.31097853058209846,
        "nauc_ndcg_at_10_std": 0.09039431829501655,
        "nauc_ndcg_at_1_diff1": 0.2775193752341981,
        "nauc_ndcg_at_1_max": 0.22179067014816176,
        "nauc_ndcg_at_1_std": 0.018951447417725916,
        "nauc_ndcg_at_20_diff1": 0.18850893564390633,
        "nauc_ndcg_at_20_max": 0.3293892391372654,
        "nauc_ndcg_at_20_std": 0.1252123973984081,
        "nauc_ndcg_at_3_diff1": 0.20594441138345204,
        "nauc_ndcg_at_3_max": 0.2714861044473091,
        "nauc_ndcg_at_3_std": 0.036141467082084086,
        "nauc_ndcg_at_5_diff1": 0.20022602893540284,
        "nauc_ndcg_at_5_max": 0.29214519936936034,
        "nauc_ndcg_at_5_std": 0.06040962912105975,
        "nauc_precision_at_1000_diff1": 0.05727340071177254,
        "nauc_precision_at_1000_max": 0.265167801701869,
        "nauc_precision_at_1000_std": 0.3162629878371258,
        "nauc_precision_at_100_diff1": 0.1252068348230568,
        "nauc_precision_at_100_max": 0.34836602413829726,
        "nauc_precision_at_100_std": 0.31075594953153346,
        "nauc_precision_at_10_diff1": 0.13593812219994764,
        "nauc_precision_at_10_max": 0.3236829051374699,
        "nauc_precision_at_10_std": 0.13035342669206618,
        "nauc_precision_at_1_diff1": 0.2775193752341981,
        "nauc_precision_at_1_max": 0.22179067014816176,
        "nauc_precision_at_1_std": 0.018951447417725916,
        "nauc_precision_at_20_diff1": 0.13519792382416868,
        "nauc_precision_at_20_max": 0.34057023313554147,
        "nauc_precision_at_20_std": 0.19420085877253243,
        "nauc_precision_at_3_diff1": 0.17323531724192162,
        "nauc_precision_at_3_max": 0.28522132243100856,
        "nauc_precision_at_3_std": 0.043317084676468436,
        "nauc_precision_at_5_diff1": 0.16244205102302334,
        "nauc_precision_at_5_max": 0.3078799439296529,
        "nauc_precision_at_5_std": 0.08344590632479251,
        "nauc_recall_at_1000_diff1": 0.05656438517177515,
        "nauc_recall_at_1000_max": 0.2643273054978072,
        "nauc_recall_at_1000_std": 0.32301243280361847,
        "nauc_recall_at_100_diff1": 0.1212410646305163,
        "nauc_recall_at_100_max": 0.3463678644833907,
        "nauc_recall_at_100_std": 0.312026409497959,
        "nauc_recall_at_10_diff1": 0.13382766650271924,
        "nauc_recall_at_10_max": 0.3206416126215998,
        "nauc_recall_at_10_std": 0.12882385833495247,
        "nauc_recall_at_1_diff1": 0.2787305756332229,
        "nauc_recall_at_1_max": 0.22186966387805154,
        "nauc_recall_at_1_std": 0.01796505044861486,
        "nauc_recall_at_20_diff1": 0.13279992510616087,
        "nauc_recall_at_20_max": 0.33799705263290786,
        "nauc_recall_at_20_std": 0.19362886947118862,
        "nauc_recall_at_3_diff1": 0.17173741258840297,
        "nauc_recall_at_3_max": 0.2825893761774932,
        "nauc_recall_at_3_std": 0.0410012176278734,
        "nauc_recall_at_5_diff1": 0.15962747407890002,
        "nauc_recall_at_5_max": 0.304532342803941,
        "nauc_recall_at_5_std": 0.08222383267385001,
        "ndcg_at_1": 0.244,
        "ndcg_at_10": 0.21108,
        "ndcg_at_100": 0.28938,
        "ndcg_at_1000": 0.339,
        "ndcg_at_20": 0.23959,
        "ndcg_at_3": 0.19965,
        "ndcg_at_5": 0.17406,
        "precision_at_1": 0.244,
        "precision_at_10": 0.1098,
        "precision_at_100": 0.02216,
        "precision_at_1000": 0.00341,
        "precision_at_20": 0.0714,
        "precision_at_3": 0.18667,
        "precision_at_5": 0.1526,
        "recall_at_1": 0.04943,
        "recall_at_10": 0.22228,
        "recall_at_100": 0.44972,
        "recall_at_1000": 0.69282,
        "recall_at_20": 0.2892,
        "recall_at_3": 0.11353,
        "recall_at_5": 0.15473
      }
    ]
  },
  "task_name": "SCIDOCS"
}