{
  "dataset_revision": "0228b52cf27578f30900b9e5271d331663a030d7",
  "evaluation_time": 37.945703983306885,
  "kg_co2_emissions": null,
  "mteb_version": "1.13.1",
  "scores": {
    "test": [
      {
        "hf_subset": "default",
        "languages": [
          "eng-Latn"
        ],
        "main_score": 0.72769,
        "map_at_1": 0.60583,
        "map_at_10": 0.69025,
        "map_at_100": 0.69746,
        "map_at_1000": 0.69767,
        "map_at_20": 0.69558,
        "map_at_3": 0.66565,
        "map_at_5": 0.68162,
        "mrr_at_1": 0.63,
        "mrr_at_10": 0.699058201058201,
        "mrr_at_100": 0.7048546085796833,
        "mrr_at_1000": 0.7050601699072244,
        "mrr_at_20": 0.7033682596643123,
        "mrr_at_3": 0.6816666666666666,
        "mrr_at_5": 0.6928333333333333,
        "nauc_map_at_1000_diff1": 0.6689981729933746,
        "nauc_map_at_1000_max": 0.5154276118196242,
        "nauc_map_at_1000_std": -0.09701683812999723,
        "nauc_map_at_100_diff1": 0.6688691049582506,
        "nauc_map_at_100_max": 0.5156398216995384,
        "nauc_map_at_100_std": -0.096732122730294,
        "nauc_map_at_10_diff1": 0.6666896857064777,
        "nauc_map_at_10_max": 0.5140790946796069,
        "nauc_map_at_10_std": -0.10215169211721839,
        "nauc_map_at_1_diff1": 0.7079048785451071,
        "nauc_map_at_1_max": 0.4409067718316078,
        "nauc_map_at_1_std": -0.16768935894430587,
        "nauc_map_at_20_diff1": 0.6683435632543294,
        "nauc_map_at_20_max": 0.5169694783840116,
        "nauc_map_at_20_std": -0.09503275358987455,
        "nauc_map_at_3_diff1": 0.6785311232821678,
        "nauc_map_at_3_max": 0.4861215218963871,
        "nauc_map_at_3_std": -0.13255465655741583,
        "nauc_map_at_5_diff1": 0.6695512155398009,
        "nauc_map_at_5_max": 0.5046472815725186,
        "nauc_map_at_5_std": -0.1153254953901069,
        "nauc_mrr_at_1000_diff1": 0.675040048701865,
        "nauc_mrr_at_1000_max": 0.5305727129613032,
        "nauc_mrr_at_1000_std": -0.07092140802446713,
        "nauc_mrr_at_100_diff1": 0.6749074042272333,
        "nauc_mrr_at_100_max": 0.5307650816893149,
        "nauc_mrr_at_100_std": -0.07067870245216494,
        "nauc_mrr_at_10_diff1": 0.6729736091679713,
        "nauc_mrr_at_10_max": 0.532236683403881,
        "nauc_mrr_at_10_std": -0.0704444066906899,
        "nauc_mrr_at_1_diff1": 0.7213682445666654,
        "nauc_mrr_at_1_max": 0.5006293841436978,
        "nauc_mrr_at_1_std": -0.11042166126075331,
        "nauc_mrr_at_20_diff1": 0.6737157297310807,
        "nauc_mrr_at_20_max": 0.5320327666343395,
        "nauc_mrr_at_20_std": -0.06854863057155466,
        "nauc_mrr_at_3_diff1": 0.681953499145054,
        "nauc_mrr_at_3_max": 0.5238640223210326,
        "nauc_mrr_at_3_std": -0.08110059743993295,
        "nauc_mrr_at_5_diff1": 0.6735024907765653,
        "nauc_mrr_at_5_max": 0.5280789533871186,
        "nauc_mrr_at_5_std": -0.07599691025085589,
        "nauc_ndcg_at_1000_diff1": 0.6597416551269116,
        "nauc_ndcg_at_1000_max": 0.5340120261874008,
        "nauc_ndcg_at_1000_std": -0.0672509304009422,
        "nauc_ndcg_at_100_diff1": 0.6555423433778953,
        "nauc_ndcg_at_100_max": 0.5394950406735288,
        "nauc_ndcg_at_100_std": -0.059571763308511695,
        "nauc_ndcg_at_10_diff1": 0.6453782438763974,
        "nauc_ndcg_at_10_max": 0.5425419578443959,
        "nauc_ndcg_at_10_std": -0.06663465405371272,
        "nauc_ndcg_at_1_diff1": 0.7213682445666654,
        "nauc_ndcg_at_1_max": 0.5006293841436978,
        "nauc_ndcg_at_1_std": -0.11042166126075331,
        "nauc_ndcg_at_20_diff1": 0.6488545707559138,
        "nauc_ndcg_at_20_max": 0.550118042042412,
        "nauc_ndcg_at_20_std": -0.04430226021581408,
        "nauc_ndcg_at_3_diff1": 0.6682354314741775,
        "nauc_ndcg_at_3_max": 0.5129378151343067,
        "nauc_ndcg_at_3_std": -0.1053630950661364,
        "nauc_ndcg_at_5_diff1": 0.6525692469347006,
        "nauc_ndcg_at_5_max": 0.5251023908814816,
        "nauc_ndcg_at_5_std": -0.09589813058631373,
        "nauc_precision_at_1000_diff1": -0.24145766087264398,
        "nauc_precision_at_1000_max": 0.16558738814598012,
        "nauc_precision_at_1000_std": 0.4622052032585519,
        "nauc_precision_at_100_diff1": -0.13986381231117728,
        "nauc_precision_at_100_max": 0.2629224886706948,
        "nauc_precision_at_100_std": 0.451697035498489,
        "nauc_precision_at_10_diff1": 0.11181090340003626,
        "nauc_precision_at_10_max": 0.43389825656293773,
        "nauc_precision_at_10_std": 0.30329793020526147,
        "nauc_precision_at_1_diff1": 0.7213682445666654,
        "nauc_precision_at_1_max": 0.5006293841436978,
        "nauc_precision_at_1_std": -0.11042166126075331,
        "nauc_precision_at_20_diff1": -0.003309750259484592,
        "nauc_precision_at_20_max": 0.3953748225973858,
        "nauc_precision_at_20_std": 0.445651252939058,
        "nauc_precision_at_3_diff1": 0.41529561025120504,
        "nauc_precision_at_3_max": 0.4767825425019023,
        "nauc_precision_at_3_std": 0.06375539203247822,
        "nauc_precision_at_5_diff1": 0.23336562244312548,
        "nauc_precision_at_5_max": 0.443473681240654,
        "nauc_precision_at_5_std": 0.17989579708645648,
        "nauc_recall_at_1000_diff1": 0.540149393090572,
        "nauc_recall_at_1000_max": 0.49603174603173406,
        "nauc_recall_at_1000_std": 0.4225023342670368,
        "nauc_recall_at_100_diff1": 0.4867844573726929,
        "nauc_recall_at_100_max": 0.7197802197802196,
        "nauc_recall_at_100_std": 0.27472527472527636,
        "nauc_recall_at_10_diff1": 0.5331569848819194,
        "nauc_recall_at_10_max": 0.6331516089313319,
        "nauc_recall_at_10_std": 0.03750826633365934,
        "nauc_recall_at_1_diff1": 0.7079048785451071,
        "nauc_recall_at_1_max": 0.4409067718316078,
        "nauc_recall_at_1_std": -0.16768935894430587,
        "nauc_recall_at_20_diff1": 0.4936523886289308,
        "nauc_recall_at_20_max": 0.7372327450617936,
        "nauc_recall_at_20_std": 0.26754719787011977,
        "nauc_recall_at_3_diff1": 0.6309122488722263,
        "nauc_recall_at_3_max": 0.5170198343697504,
        "nauc_recall_at_3_std": -0.11635798700724555,
        "nauc_recall_at_5_diff1": 0.584663656855519,
        "nauc_recall_at_5_max": 0.5625907734230338,
        "nauc_recall_at_5_std": -0.08722625489655249,
        "ndcg_at_1": 0.63,
        "ndcg_at_10": 0.72769,
        "ndcg_at_100": 0.75669,
        "ndcg_at_1000": 0.76163,
        "ndcg_at_20": 0.74541,
        "ndcg_at_3": 0.68787,
        "ndcg_at_5": 0.70947,
        "precision_at_1": 0.63,
        "precision_at_10": 0.094,
        "precision_at_100": 0.01083,
        "precision_at_1000": 0.00112,
        "precision_at_20": 0.05083,
        "precision_at_3": 0.26444,
        "precision_at_5": 0.17467,
        "recall_at_1": 0.60583,
        "recall_at_10": 0.83078,
        "recall_at_100": 0.95667,
        "recall_at_1000": 0.99333,
        "recall_at_20": 0.89922,
        "recall_at_3": 0.72617,
        "recall_at_5": 0.77717
      }
    ]
  },
  "task_name": "SciFact"
}