{
  "dataset_revision": "c22ab2a51041ffd869aaddef7af8d8215647e41a",
  "evaluation_time": 57.9345269203186,
  "kg_co2_emissions": null,
  "mteb_version": "1.13.1",
  "scores": {
    "test": [
      {
        "hf_subset": "default",
        "languages": [
          "eng-Latn"
        ],
        "main_score": 0.56498,
        "map_at_1": 0.31721,
        "map_at_10": 0.47731,
        "map_at_100": 0.48556,
        "map_at_1000": 0.48561,
        "map_at_20": 0.48383,
        "map_at_3": 0.42888,
        "map_at_5": 0.45825,
        "mrr_at_1": 0.3264580369843528,
        "mrr_at_10": 0.481204700941543,
        "mrr_at_100": 0.4893015557252458,
        "mrr_at_1000": 0.4893605377989759,
        "mrr_at_20": 0.48761282024989866,
        "mrr_at_3": 0.43231389284020866,
        "mrr_at_5": 0.46175912754860127,
        "nauc_map_at_1000_diff1": 0.050240117425092275,
        "nauc_map_at_1000_max": -0.09352644153526256,
        "nauc_map_at_1000_std": -0.15041761259225933,
        "nauc_map_at_100_diff1": 0.05022940852516713,
        "nauc_map_at_100_max": -0.09344946668346503,
        "nauc_map_at_100_std": -0.15035073324362236,
        "nauc_map_at_10_diff1": 0.04772726206923255,
        "nauc_map_at_10_max": -0.09338749490084669,
        "nauc_map_at_10_std": -0.1514013998422055,
        "nauc_map_at_1_diff1": 0.08513296501966149,
        "nauc_map_at_1_max": -0.1115928872670641,
        "nauc_map_at_1_std": -0.16302604529696968,
        "nauc_map_at_20_diff1": 0.049554375321044314,
        "nauc_map_at_20_max": -0.09284295294708178,
        "nauc_map_at_20_std": -0.1504099738443895,
        "nauc_map_at_3_diff1": 0.0479648184762211,
        "nauc_map_at_3_max": -0.0992507087570747,
        "nauc_map_at_3_std": -0.15731829047786228,
        "nauc_map_at_5_diff1": 0.045366493348630396,
        "nauc_map_at_5_max": -0.09198889117174101,
        "nauc_map_at_5_std": -0.14998141968910625,
        "nauc_mrr_at_1000_diff1": 0.02152336818570196,
        "nauc_mrr_at_1000_max": -0.10409253020003861,
        "nauc_mrr_at_1000_std": -0.14716956515127386,
        "nauc_mrr_at_100_diff1": 0.02151821898122365,
        "nauc_mrr_at_100_max": -0.10401372005991567,
        "nauc_mrr_at_100_std": -0.14710356976183023,
        "nauc_mrr_at_10_diff1": 0.019857138090895246,
        "nauc_mrr_at_10_max": -0.1037638625544634,
        "nauc_mrr_at_10_std": -0.14816637208464745,
        "nauc_mrr_at_1_diff1": 0.0583379438644438,
        "nauc_mrr_at_1_max": -0.10846865987383711,
        "nauc_mrr_at_1_std": -0.151082651373189,
        "nauc_mrr_at_20_diff1": 0.021150436249695554,
        "nauc_mrr_at_20_max": -0.10314193337497952,
        "nauc_mrr_at_20_std": -0.14699547844301852,
        "nauc_mrr_at_3_diff1": 0.017509525368163033,
        "nauc_mrr_at_3_max": -0.11203340517044615,
        "nauc_mrr_at_3_std": -0.15332299055157791,
        "nauc_mrr_at_5_diff1": 0.016648324651494507,
        "nauc_mrr_at_5_max": -0.10375333624478933,
        "nauc_mrr_at_5_std": -0.1474043244137438,
        "nauc_ndcg_at_1000_diff1": 0.0483150965248622,
        "nauc_ndcg_at_1000_max": -0.085715400887608,
        "nauc_ndcg_at_1000_std": -0.14368815447978286,
        "nauc_ndcg_at_100_diff1": 0.04798758420181598,
        "nauc_ndcg_at_100_max": -0.08344667805565566,
        "nauc_ndcg_at_100_std": -0.1411848278799257,
        "nauc_ndcg_at_10_diff1": 0.039437930813388346,
        "nauc_ndcg_at_10_max": -0.07847428927909089,
        "nauc_ndcg_at_10_std": -0.1451669135372096,
        "nauc_ndcg_at_1_diff1": 0.08513296501966149,
        "nauc_ndcg_at_1_max": -0.1115928872670641,
        "nauc_ndcg_at_1_std": -0.16302604529696968,
        "nauc_ndcg_at_20_diff1": 0.044902253068955934,
        "nauc_ndcg_at_20_max": -0.0766727221253803,
        "nauc_ndcg_at_20_std": -0.14037288160204126,
        "nauc_ndcg_at_3_diff1": 0.03950257421162252,
        "nauc_ndcg_at_3_max": -0.09126271011103186,
        "nauc_ndcg_at_3_std": -0.1558755986139109,
        "nauc_ndcg_at_5_diff1": 0.03421373460540375,
        "nauc_ndcg_at_5_max": -0.07579244847947222,
        "nauc_ndcg_at_5_std": -0.14051621115079374,
        "nauc_precision_at_1000_diff1": 0.34439879624882147,
        "nauc_precision_at_1000_max": 0.23470666256242634,
        "nauc_precision_at_1000_std": 0.7441453481858654,
        "nauc_precision_at_100_diff1": 0.08020266559993794,
        "nauc_precision_at_100_max": 0.2914038814695922,
        "nauc_precision_at_100_std": 0.419236401989526,
        "nauc_precision_at_10_diff1": -0.0045600170809981695,
        "nauc_precision_at_10_max": 0.01730458722315135,
        "nauc_precision_at_10_std": -0.108302892042576,
        "nauc_precision_at_1_diff1": 0.08513296501966149,
        "nauc_precision_at_1_max": -0.1115928872670641,
        "nauc_precision_at_1_std": -0.16302604529696968,
        "nauc_precision_at_20_diff1": 0.009998814944969178,
        "nauc_precision_at_20_max": 0.1451253637910674,
        "nauc_precision_at_20_std": 0.006594193052241218,
        "nauc_precision_at_3_diff1": 0.015017385240257195,
        "nauc_precision_at_3_max": -0.06571587400334156,
        "nauc_precision_at_3_std": -0.15163392283363786,
        "nauc_precision_at_5_diff1": -0.00585255250131211,
        "nauc_precision_at_5_max": -0.010966137595189704,
        "nauc_precision_at_5_std": -0.1019398671563582,
        "nauc_recall_at_1000_diff1": 0.3443987962487738,
        "nauc_recall_at_1000_max": 0.2347066625623464,
        "nauc_recall_at_1000_std": 0.7441453481858409,
        "nauc_recall_at_100_diff1": 0.08020266559993335,
        "nauc_recall_at_100_max": 0.2914038814695874,
        "nauc_recall_at_100_std": 0.4192364019895223,
        "nauc_recall_at_10_diff1": -0.004560017080998612,
        "nauc_recall_at_10_max": 0.01730458722315158,
        "nauc_recall_at_10_std": -0.10830289204257494,
        "nauc_recall_at_1_diff1": 0.08513296501966149,
        "nauc_recall_at_1_max": -0.1115928872670641,
        "nauc_recall_at_1_std": -0.16302604529696968,
        "nauc_recall_at_20_diff1": 0.009998814944968702,
        "nauc_recall_at_20_max": 0.1451253637910661,
        "nauc_recall_at_20_std": 0.006594193052240741,
        "nauc_recall_at_3_diff1": 0.015017385240257596,
        "nauc_recall_at_3_max": -0.06571587400334156,
        "nauc_recall_at_3_std": -0.15163392283363783,
        "nauc_recall_at_5_diff1": -0.005852552501311467,
        "nauc_recall_at_5_max": -0.010966137595188545,
        "nauc_recall_at_5_std": -0.10193986715635711,
        "ndcg_at_1": 0.31721,
        "ndcg_at_10": 0.56498,
        "ndcg_at_100": 0.59834,
        "ndcg_at_1000": 0.59974,
        "ndcg_at_20": 0.58777,
        "ndcg_at_3": 0.46574,
        "ndcg_at_5": 0.51917,
        "precision_at_1": 0.31721,
        "precision_at_10": 0.08442,
        "precision_at_100": 0.00986,
        "precision_at_1000": 0.001,
        "precision_at_20": 0.04662,
        "precision_at_3": 0.19085,
        "precision_at_5": 0.14068,
        "recall_at_1": 0.31721,
        "recall_at_10": 0.84424,
        "recall_at_100": 0.98578,
        "recall_at_1000": 0.99644,
        "recall_at_20": 0.93243,
        "recall_at_3": 0.57255,
        "recall_at_5": 0.70341
      }
    ]
  },
  "task_name": "ArguAna"
}