{
  "dataset_revision": "2000358ca161889fa9c082cb41daa8dcfb161a54",
  "evaluation_time": 40.83501648902893,
  "kg_co2_emissions": null,
  "mteb_version": "1.13.1",
  "scores": {
    "test": [
      {
        "hf_subset": "default",
        "languages": [
          "eng-Latn"
        ],
        "main_score": 0.6102838791632215,
        "map": 0.6102838791632215,
        "mrr": 0.7421800114320891,
        "nAUC_map_diff1": 0.10704062752440356,
        "nAUC_map_max": 0.21509970828055505,
        "nAUC_map_std": 0.11087450038581526,
        "nAUC_mrr_diff1": 0.19475228479001094,
        "nAUC_mrr_max": 0.30891231062783775,
        "nAUC_mrr_std": 0.16799106012669135
      }
    ]
  },
  "task_name": "AskUbuntuDupQuestions"
}