{
  "dataset_revision": "6c6430d3a6d36f8d2a829195bc5dc94d7e063e53",
  "evaluation_time": 100.0199384689331,
  "kg_co2_emissions": null,
  "mteb_version": "1.13.1",
  "scores": {
    "test": [
      {
        "hf_subset": "default",
        "languages": [
          "eng-Latn"
        ],
        "main_score": 0.41649,
        "map_at_1": 0.27964,
        "map_at_10": 0.36454,
        "map_at_100": 0.37463,
        "map_at_1000": 0.3757,
        "map_at_20": 0.36981,
        "map_at_3": 0.33629,
        "map_at_5": 0.35203,
        "mrr_at_1": 0.3283582089552239,
        "mrr_at_10": 0.4074412165363658,
        "mrr_at_100": 0.41518016549007436,
        "mrr_at_1000": 0.4157875812353251,
        "mrr_at_20": 0.41165985631316193,
        "mrr_at_3": 0.3829291044776119,
        "mrr_at_5": 0.39734141791044775,
        "nauc_map_at_1000_diff1": 0.5408511177148347,
        "nauc_map_at_1000_max": 0.49455199935551936,
        "nauc_map_at_1000_std": -0.004335663766685578,
        "nauc_map_at_100_diff1": 0.540803796683793,
        "nauc_map_at_100_max": 0.49427200045572606,
        "nauc_map_at_100_std": -0.00472467351963611,
        "nauc_map_at_10_diff1": 0.5428824580961206,
        "nauc_map_at_10_max": 0.4933684605764914,
        "nauc_map_at_10_std": -0.008053193766656667,
        "nauc_map_at_1_diff1": 0.6086827603463921,
        "nauc_map_at_1_max": 0.502694534079893,
        "nauc_map_at_1_std": -0.035997465614455715,
        "nauc_map_at_20_diff1": 0.5412285740011754,
        "nauc_map_at_20_max": 0.4936814791373409,
        "nauc_map_at_20_std": -0.006336193734579897,
        "nauc_map_at_3_diff1": 0.5517476443261768,
        "nauc_map_at_3_max": 0.49284708545307526,
        "nauc_map_at_3_std": -0.01832109071007254,
        "nauc_map_at_5_diff1": 0.5434844147022769,
        "nauc_map_at_5_max": 0.49046119192300786,
        "nauc_map_at_5_std": -0.013427993545793666,
        "nauc_mrr_at_1000_diff1": 0.5365999764871295,
        "nauc_mrr_at_1000_max": 0.49635191008607726,
        "nauc_mrr_at_1000_std": -0.0026678476571472508,
        "nauc_mrr_at_100_diff1": 0.5363156737997367,
        "nauc_mrr_at_100_max": 0.4961209085868568,
        "nauc_mrr_at_100_std": -0.0028857852513034287,
        "nauc_mrr_at_10_diff1": 0.5367051988044902,
        "nauc_mrr_at_10_max": 0.49634995423787587,
        "nauc_mrr_at_10_std": -0.004611435122299869,
        "nauc_mrr_at_1_diff1": 0.6033191823574864,
        "nauc_mrr_at_1_max": 0.5127580681687752,
        "nauc_mrr_at_1_std": -0.03514224736609076,
        "nauc_mrr_at_20_diff1": 0.5355453066900525,
        "nauc_mrr_at_20_max": 0.495617317848385,
        "nauc_mrr_at_20_std": -0.0036343663324268616,
        "nauc_mrr_at_3_diff1": 0.5437109853968015,
        "nauc_mrr_at_3_max": 0.49713911384566983,
        "nauc_mrr_at_3_std": -0.013321954269009019,
        "nauc_mrr_at_5_diff1": 0.5368669332915094,
        "nauc_mrr_at_5_max": 0.49489465053779125,
        "nauc_mrr_at_5_std": -0.008414614337800363,
        "nauc_ndcg_at_1000_diff1": 0.5151305466417017,
        "nauc_ndcg_at_1000_max": 0.4965835377958162,
        "nauc_ndcg_at_1000_std": 0.028333363691294477,
        "nauc_ndcg_at_100_diff1": 0.5102181733078465,
        "nauc_ndcg_at_100_max": 0.4893044832111995,
        "nauc_ndcg_at_100_std": 0.022186612441791275,
        "nauc_ndcg_at_10_diff1": 0.5186585588584399,
        "nauc_ndcg_at_10_max": 0.48773738327743577,
        "nauc_ndcg_at_10_std": 0.00807830134950127,
        "nauc_ndcg_at_1_diff1": 0.6003828398743702,
        "nauc_ndcg_at_1_max": 0.5115715420396549,
        "nauc_ndcg_at_1_std": -0.036079058282833185,
        "nauc_ndcg_at_20_diff1": 0.5141036010773017,
        "nauc_ndcg_at_20_max": 0.4877324149301328,
        "nauc_ndcg_at_20_std": 0.013786340436356221,
        "nauc_ndcg_at_3_diff1": 0.5259908057112935,
        "nauc_ndcg_at_3_max": 0.4886824799979221,
        "nauc_ndcg_at_3_std": -0.010003206381222438,
        "nauc_ndcg_at_5_diff1": 0.519069738685107,
        "nauc_ndcg_at_5_max": 0.48356685780702047,
        "nauc_ndcg_at_5_std": -0.0030105255906338097,
        "nauc_precision_at_1000_diff1": -0.15721462803404265,
        "nauc_precision_at_1000_max": 0.01609622162633047,
        "nauc_precision_at_1000_std": 0.10541509170954606,
        "nauc_precision_at_100_diff1": 0.001997971950379451,
        "nauc_precision_at_100_max": 0.16608878406415728,
        "nauc_precision_at_100_std": 0.11271724730532418,
        "nauc_precision_at_10_diff1": 0.25611646366705154,
        "nauc_precision_at_10_max": 0.3530151346563696,
        "nauc_precision_at_10_std": 0.0693941035759685,
        "nauc_precision_at_1_diff1": 0.6003828398743702,
        "nauc_precision_at_1_max": 0.5115715420396549,
        "nauc_precision_at_1_std": -0.036079058282833185,
        "nauc_precision_at_20_diff1": 0.1808454786407334,
        "nauc_precision_at_20_max": 0.3045599635846439,
        "nauc_precision_at_20_std": 0.09112253932078959,
        "nauc_precision_at_3_diff1": 0.3767659756444148,
        "nauc_precision_at_3_max": 0.42312480215397696,
        "nauc_precision_at_3_std": 0.008266039461345189,
        "nauc_precision_at_5_diff1": 0.3181347689047357,
        "nauc_precision_at_5_max": 0.3899613265704417,
        "nauc_precision_at_5_std": 0.03493438163467422,
        "nauc_recall_at_1000_diff1": 0.35372649413127166,
        "nauc_recall_at_1000_max": 0.547392475113201,
        "nauc_recall_at_1000_std": 0.41897070285192384,
        "nauc_recall_at_100_diff1": 0.36058760765054326,
        "nauc_recall_at_100_max": 0.4216875050833039,
        "nauc_recall_at_100_std": 0.14170342879908315,
        "nauc_recall_at_10_diff1": 0.42975443054454293,
        "nauc_recall_at_10_max": 0.4360124298864609,
        "nauc_recall_at_10_std": 0.04893638372955555,
        "nauc_recall_at_1_diff1": 0.6086827603463921,
        "nauc_recall_at_1_max": 0.502694534079893,
        "nauc_recall_at_1_std": -0.035997465614455715,
        "nauc_recall_at_20_diff1": 0.4111451950471374,
        "nauc_recall_at_20_max": 0.4316131221529457,
        "nauc_recall_at_20_std": 0.0738264046828743,
        "nauc_recall_at_3_diff1": 0.47919030743096724,
        "nauc_recall_at_3_max": 0.4572568246970856,
        "nauc_recall_at_3_std": 0.0008758104374739344,
        "nauc_recall_at_5_diff1": 0.4427824646215832,
        "nauc_recall_at_5_max": 0.43719001630095805,
        "nauc_recall_at_5_std": 0.019664826724914767,
        "ndcg_at_1": 0.32929,
        "ndcg_at_10": 0.41649,
        "ndcg_at_100": 0.46335,
        "ndcg_at_1000": 0.48685,
        "ndcg_at_20": 0.43321,
        "ndcg_at_3": 0.36713,
        "ndcg_at_5": 0.38976,
        "precision_at_1": 0.32929,
        "precision_at_10": 0.0694,
        "precision_at_100": 0.01042,
        "precision_at_1000": 0.00135,
        "precision_at_20": 0.03955,
        "precision_at_3": 0.16573,
        "precision_at_5": 0.11586,
        "recall_at_1": 0.27964,
        "recall_at_10": 0.5327,
        "recall_at_100": 0.73654,
        "recall_at_1000": 0.90149,
        "recall_at_20": 0.59165,
        "recall_at_3": 0.3933,
        "recall_at_5": 0.45321
      }
    ]
  },
  "task_name": "CQADupstackUnixRetrieval"
}