{
  "dataset_revision": "4ffe81d471b1924886b33c7567bfb200e9eec5c4",
  "evaluation_time": 102.58018279075623,
  "kg_co2_emissions": null,
  "mteb_version": "1.13.1",
  "scores": {
    "test": [
      {
        "hf_subset": "default",
        "languages": [
          "eng-Latn"
        ],
        "main_score": 0.358,
        "map_at_1": 0.24251,
        "map_at_10": 0.3131,
        "map_at_100": 0.32198,
        "map_at_1000": 0.32287,
        "map_at_20": 0.31689,
        "map_at_3": 0.29041,
        "map_at_5": 0.30077,
        "mrr_at_1": 0.26247689463955637,
        "mrr_at_10": 0.3333692750051345,
        "mrr_at_100": 0.3408001835372223,
        "mrr_at_1000": 0.3414443361586729,
        "mrr_at_20": 0.3366171923546182,
        "mrr_at_3": 0.31115218730745536,
        "mrr_at_5": 0.32159581022797284,
        "nauc_map_at_1000_diff1": 0.468714280442307,
        "nauc_map_at_1000_max": 0.33537851225165316,
        "nauc_map_at_1000_std": -0.01774242939782766,
        "nauc_map_at_100_diff1": 0.46880058289178445,
        "nauc_map_at_100_max": 0.33534224904770354,
        "nauc_map_at_100_std": -0.017808633757648393,
        "nauc_map_at_10_diff1": 0.4695303003822484,
        "nauc_map_at_10_max": 0.33300594091385255,
        "nauc_map_at_10_std": -0.02508869581819081,
        "nauc_map_at_1_diff1": 0.514581998690344,
        "nauc_map_at_1_max": 0.3301475067041459,
        "nauc_map_at_1_std": -0.03736784301350012,
        "nauc_map_at_20_diff1": 0.46931613282641327,
        "nauc_map_at_20_max": 0.33499819518836743,
        "nauc_map_at_20_std": -0.021859739244629278,
        "nauc_map_at_3_diff1": 0.4820116698464074,
        "nauc_map_at_3_max": 0.34384159153804855,
        "nauc_map_at_3_std": -0.023178632128200725,
        "nauc_map_at_5_diff1": 0.47219596350855075,
        "nauc_map_at_5_max": 0.33491209355561624,
        "nauc_map_at_5_std": -0.029837567485400986,
        "nauc_mrr_at_1000_diff1": 0.46791562826497124,
        "nauc_mrr_at_1000_max": 0.3542157265458019,
        "nauc_mrr_at_1000_std": -0.0004711004183977719,
        "nauc_mrr_at_100_diff1": 0.46792533880391163,
        "nauc_mrr_at_100_max": 0.3541055346440479,
        "nauc_mrr_at_100_std": -0.0004735016633614439,
        "nauc_mrr_at_10_diff1": 0.4674691045517968,
        "nauc_mrr_at_10_max": 0.3527571177565994,
        "nauc_mrr_at_10_std": -0.00423029031282094,
        "nauc_mrr_at_1_diff1": 0.521742981946329,
        "nauc_mrr_at_1_max": 0.3652727603198587,
        "nauc_mrr_at_1_std": -0.018149589953513123,
        "nauc_mrr_at_20_diff1": 0.4681716393788734,
        "nauc_mrr_at_20_max": 0.3536338442238727,
        "nauc_mrr_at_20_std": -0.003243616368959628,
        "nauc_mrr_at_3_diff1": 0.4765359338630187,
        "nauc_mrr_at_3_max": 0.36412397599862645,
        "nauc_mrr_at_3_std": -0.004751755004336789,
        "nauc_mrr_at_5_diff1": 0.46892236476455973,
        "nauc_mrr_at_5_max": 0.3563242494644871,
        "nauc_mrr_at_5_std": -0.006209100131795783,
        "nauc_ndcg_at_1000_diff1": 0.43953248951186225,
        "nauc_ndcg_at_1000_max": 0.33841122246140354,
        "nauc_ndcg_at_1000_std": 0.02094096146948278,
        "nauc_ndcg_at_100_diff1": 0.44266092012358244,
        "nauc_ndcg_at_100_max": 0.3348154910313806,
        "nauc_ndcg_at_100_std": 0.020386221788059263,
        "nauc_ndcg_at_10_diff1": 0.4467818479568215,
        "nauc_ndcg_at_10_max": 0.3252329284512743,
        "nauc_ndcg_at_10_std": -0.015542874796195373,
        "nauc_ndcg_at_1_diff1": 0.521742981946329,
        "nauc_ndcg_at_1_max": 0.3652727603198587,
        "nauc_ndcg_at_1_std": -0.018149589953513123,
        "nauc_ndcg_at_20_diff1": 0.44646624772950394,
        "nauc_ndcg_at_20_max": 0.3300340086007747,
        "nauc_ndcg_at_20_std": -0.00658800165530674,
        "nauc_ndcg_at_3_diff1": 0.46670666549188156,
        "nauc_ndcg_at_3_max": 0.349666552278373,
        "nauc_ndcg_at_3_std": -0.012622847211821614,
        "nauc_ndcg_at_5_diff1": 0.45294170933714806,
        "nauc_ndcg_at_5_max": 0.3332742579812621,
        "nauc_ndcg_at_5_std": -0.024942668093631673,
        "nauc_precision_at_1000_diff1": -0.11298893224331534,
        "nauc_precision_at_1000_max": 0.009610365088498215,
        "nauc_precision_at_1000_std": 0.1951513990744767,
        "nauc_precision_at_100_diff1": 0.13431361930943977,
        "nauc_precision_at_100_max": 0.24353600480272278,
        "nauc_precision_at_100_std": 0.24537024025666695,
        "nauc_precision_at_10_diff1": 0.30655825614404597,
        "nauc_precision_at_10_max": 0.3120482907993641,
        "nauc_precision_at_10_std": 0.054538268685079674,
        "nauc_precision_at_1_diff1": 0.521742981946329,
        "nauc_precision_at_1_max": 0.3652727603198587,
        "nauc_precision_at_1_std": -0.018149589953513123,
        "nauc_precision_at_20_diff1": 0.27198968184055394,
        "nauc_precision_at_20_max": 0.3114457205172413,
        "nauc_precision_at_20_std": 0.11041621586177498,
        "nauc_precision_at_3_diff1": 0.40921444153582454,
        "nauc_precision_at_3_max": 0.3705374242119988,
        "nauc_precision_at_3_std": 0.022502516984895398,
        "nauc_precision_at_5_diff1": 0.36621729433783623,
        "nauc_precision_at_5_max": 0.338926897843257,
        "nauc_precision_at_5_std": 0.008639090984356708,
        "nauc_recall_at_1000_diff1": 0.1288980312738393,
        "nauc_recall_at_1000_max": 0.35148129018877605,
        "nauc_recall_at_1000_std": 0.37540351710732806,
        "nauc_recall_at_100_diff1": 0.3216834339965631,
        "nauc_recall_at_100_max": 0.3012717241730734,
        "nauc_recall_at_100_std": 0.19250380679538728,
        "nauc_recall_at_10_diff1": 0.3752559792307845,
        "nauc_recall_at_10_max": 0.2704836291207714,
        "nauc_recall_at_10_std": -0.010476450022890705,
        "nauc_recall_at_1_diff1": 0.514581998690344,
        "nauc_recall_at_1_max": 0.3301475067041459,
        "nauc_recall_at_1_std": -0.03736784301350012,
        "nauc_recall_at_20_diff1": 0.3700443424776098,
        "nauc_recall_at_20_max": 0.2826265538440642,
        "nauc_recall_at_20_std": 0.01877861076304797,
        "nauc_recall_at_3_diff1": 0.43116894699039393,
        "nauc_recall_at_3_max": 0.33605665098927673,
        "nauc_recall_at_3_std": -0.008973148749226263,
        "nauc_recall_at_5_diff1": 0.3959497858008253,
        "nauc_recall_at_5_max": 0.3017294130276647,
        "nauc_recall_at_5_std": -0.03356118457075113,
        "ndcg_at_1": 0.26248,
        "ndcg_at_10": 0.358,
        "ndcg_at_100": 0.40432,
        "ndcg_at_1000": 0.42867,
        "ndcg_at_20": 0.37083,
        "ndcg_at_3": 0.3118,
        "ndcg_at_5": 0.32924,
        "precision_at_1": 0.26248,
        "precision_at_10": 0.05527,
        "precision_at_100": 0.00848,
        "precision_at_1000": 0.00117,
        "precision_at_20": 0.03078,
        "precision_at_3": 0.13001,
        "precision_at_5": 0.08835,
        "recall_at_1": 0.24251,
        "recall_at_10": 0.47788,
        "recall_at_100": 0.69521,
        "recall_at_1000": 0.88008,
        "recall_at_20": 0.526,
        "recall_at_3": 0.35077,
        "recall_at_5": 0.39372
      }
    ]
  },
  "task_name": "CQADupstackWordpressRetrieval"
}