{
  "dataset_revision": "6184bc1440d2dbc7612be22b50686b8826d22b32",
  "evaluation_time": 75.4337420463562,
  "kg_co2_emissions": null,
  "mteb_version": "1.13.1",
  "scores": {
    "test": [
      {
        "hf_subset": "default",
        "languages": [
          "eng-Latn"
        ],
        "main_score": 0.43533,
        "map_at_1": 0.28112,
        "map_at_10": 0.38017,
        "map_at_100": 0.39241,
        "map_at_1000": 0.39346,
        "map_at_20": 0.3873,
        "map_at_3": 0.34974,
        "map_at_5": 0.36633,
        "mrr_at_1": 0.3436073059360731,
        "mrr_at_10": 0.43098590273247805,
        "mrr_at_100": 0.4396357184448686,
        "mrr_at_1000": 0.44015836457819585,
        "mrr_at_20": 0.436313572517663,
        "mrr_at_3": 0.4067732115677321,
        "mrr_at_5": 0.4205289193302892,
        "nauc_map_at_1000_diff1": 0.509704129635749,
        "nauc_map_at_1000_max": 0.538328405577918,
        "nauc_map_at_1000_std": 0.08119399765763174,
        "nauc_map_at_100_diff1": 0.5095462427025315,
        "nauc_map_at_100_max": 0.5378963369203741,
        "nauc_map_at_100_std": 0.08085432809476427,
        "nauc_map_at_10_diff1": 0.5096771702698322,
        "nauc_map_at_10_max": 0.5329766528519204,
        "nauc_map_at_10_std": 0.0708710688929125,
        "nauc_map_at_1_diff1": 0.5779226719640449,
        "nauc_map_at_1_max": 0.5237476900846871,
        "nauc_map_at_1_std": 0.029248820649170712,
        "nauc_map_at_20_diff1": 0.5096012649422301,
        "nauc_map_at_20_max": 0.5351841944800911,
        "nauc_map_at_20_std": 0.07511491589691123,
        "nauc_map_at_3_diff1": 0.5253712363611512,
        "nauc_map_at_3_max": 0.5317652744862552,
        "nauc_map_at_3_std": 0.056805424959986014,
        "nauc_map_at_5_diff1": 0.5130160119224484,
        "nauc_map_at_5_max": 0.5336692247342616,
        "nauc_map_at_5_std": 0.0642517528895181,
        "nauc_mrr_at_1000_diff1": 0.5134220192511875,
        "nauc_mrr_at_1000_max": 0.576278853848601,
        "nauc_mrr_at_1000_std": 0.11203930731733272,
        "nauc_mrr_at_100_diff1": 0.5133145695730319,
        "nauc_mrr_at_100_max": 0.5762879353612835,
        "nauc_mrr_at_100_std": 0.11216852798603462,
        "nauc_mrr_at_10_diff1": 0.5109860976564421,
        "nauc_mrr_at_10_max": 0.5745077109919245,
        "nauc_mrr_at_10_std": 0.11059870627588873,
        "nauc_mrr_at_1_diff1": 0.5765431786359938,
        "nauc_mrr_at_1_max": 0.5964588764676036,
        "nauc_mrr_at_1_std": 0.0921075042803296,
        "nauc_mrr_at_20_diff1": 0.5120111226010818,
        "nauc_mrr_at_20_max": 0.5746624796804793,
        "nauc_mrr_at_20_std": 0.10995341829437807,
        "nauc_mrr_at_3_diff1": 0.5244427245257272,
        "nauc_mrr_at_3_max": 0.5807528702005736,
        "nauc_mrr_at_3_std": 0.10174122339895253,
        "nauc_mrr_at_5_diff1": 0.5149900755936012,
        "nauc_mrr_at_5_max": 0.5767540124639076,
        "nauc_mrr_at_5_std": 0.10762089892668517,
        "nauc_ndcg_at_1000_diff1": 0.4938327129024263,
        "nauc_ndcg_at_1000_max": 0.5516634148110872,
        "nauc_ndcg_at_1000_std": 0.121440005160639,
        "nauc_ndcg_at_100_diff1": 0.48935361655952064,
        "nauc_ndcg_at_100_max": 0.5491674863833516,
        "nauc_ndcg_at_100_std": 0.12537241989945913,
        "nauc_ndcg_at_10_diff1": 0.4830274912106147,
        "nauc_ndcg_at_10_max": 0.5299810846235394,
        "nauc_ndcg_at_10_std": 0.08965536022368195,
        "nauc_ndcg_at_1_diff1": 0.5729921618421069,
        "nauc_ndcg_at_1_max": 0.5937944851719438,
        "nauc_ndcg_at_1_std": 0.09165945506107093,
        "nauc_ndcg_at_20_diff1": 0.4844292815662611,
        "nauc_ndcg_at_20_max": 0.532906250762596,
        "nauc_ndcg_at_20_std": 0.09661114041546777,
        "nauc_ndcg_at_3_diff1": 0.5083883213395124,
        "nauc_ndcg_at_3_max": 0.5452897134306203,
        "nauc_ndcg_at_3_std": 0.07924047506900782,
        "nauc_ndcg_at_5_diff1": 0.49167751948526073,
        "nauc_ndcg_at_5_max": 0.5367539932279372,
        "nauc_ndcg_at_5_std": 0.08167846106541231,
        "nauc_precision_at_1000_diff1": -0.12556045144755856,
        "nauc_precision_at_1000_max": 0.06740849944225032,
        "nauc_precision_at_1000_std": 0.19967019973726755,
        "nauc_precision_at_100_diff1": 0.01435746914467912,
        "nauc_precision_at_100_max": 0.24276324054105616,
        "nauc_precision_at_100_std": 0.30014642587068197,
        "nauc_precision_at_10_diff1": 0.20027577670244096,
        "nauc_precision_at_10_max": 0.41018035748067,
        "nauc_precision_at_10_std": 0.22502139241031846,
        "nauc_precision_at_1_diff1": 0.5729921618421069,
        "nauc_precision_at_1_max": 0.5937944851719438,
        "nauc_precision_at_1_std": 0.09165945506107093,
        "nauc_precision_at_20_diff1": 0.14603188746729506,
        "nauc_precision_at_20_max": 0.36033680839568005,
        "nauc_precision_at_20_std": 0.24451475138180698,
        "nauc_precision_at_3_diff1": 0.3640036623673732,
        "nauc_precision_at_3_max": 0.526835540939371,
        "nauc_precision_at_3_std": 0.1560621062719581,
        "nauc_precision_at_5_diff1": 0.2698013665455526,
        "nauc_precision_at_5_max": 0.47296699873250747,
        "nauc_precision_at_5_std": 0.18197306804585917,
        "nauc_recall_at_1000_diff1": 0.385151771094084,
        "nauc_recall_at_1000_max": 0.5368051651828764,
        "nauc_recall_at_1000_std": 0.41306029418462564,
        "nauc_recall_at_100_diff1": 0.3730907956122513,
        "nauc_recall_at_100_max": 0.5123008855537456,
        "nauc_recall_at_100_std": 0.29576404648030263,
        "nauc_recall_at_10_diff1": 0.3820401305315134,
        "nauc_recall_at_10_max": 0.44781266151315985,
        "nauc_recall_at_10_std": 0.09322111745054984,
        "nauc_recall_at_1_diff1": 0.5779226719640449,
        "nauc_recall_at_1_max": 0.5237476900846871,
        "nauc_recall_at_1_std": 0.029248820649170712,
        "nauc_recall_at_20_diff1": 0.3731742393279843,
        "nauc_recall_at_20_max": 0.4417802706653254,
        "nauc_recall_at_20_std": 0.11166905795059529,
        "nauc_recall_at_3_diff1": 0.4649990599112713,
        "nauc_recall_at_3_max": 0.4914344836538222,
        "nauc_recall_at_3_std": 0.058995271113909814,
        "nauc_recall_at_5_diff1": 0.41607174337889735,
        "nauc_recall_at_5_max": 0.47363735362555187,
        "nauc_recall_at_5_std": 0.07384813060416014,
        "ndcg_at_1": 0.34475,
        "ndcg_at_10": 0.43533,
        "ndcg_at_100": 0.48772,
        "ndcg_at_1000": 0.5102,
        "ndcg_at_20": 0.4575,
        "ndcg_at_3": 0.38669,
        "ndcg_at_5": 0.4084,
        "precision_at_1": 0.34475,
        "precision_at_10": 0.07831,
        "precision_at_100": 0.01195,
        "precision_at_1000": 0.00156,
        "precision_at_20": 0.04566,
        "precision_at_3": 0.18189,
        "precision_at_5": 0.12922,
        "recall_at_1": 0.28112,
        "recall_at_10": 0.54768,
        "recall_at_100": 0.7721,
        "recall_at_1000": 0.92536,
        "recall_at_20": 0.6283,
        "recall_at_3": 0.41409,
        "recall_at_5": 0.46946
      }
    ]
  },
  "task_name": "CQADupstackProgrammersRetrieval"
}