{
  "dataset_revision": "5003b3064772da1887988e05400cf3806fe491f2",
  "evaluation_time": 84.19868159294128,
  "kg_co2_emissions": null,
  "mteb_version": "1.13.1",
  "scores": {
    "test": [
      {
        "hf_subset": "default",
        "languages": [
          "eng-Latn"
        ],
        "main_score": 0.4045,
        "map_at_1": 0.27308,
        "map_at_10": 0.35696,
        "map_at_100": 0.36708,
        "map_at_1000": 0.3678,
        "map_at_20": 0.36243,
        "map_at_3": 0.33298,
        "map_at_5": 0.34575,
        "mrr_at_1": 0.29491525423728815,
        "mrr_at_10": 0.3775047080979284,
        "mrr_at_100": 0.3861738334682957,
        "mrr_at_1000": 0.38677903851814,
        "mrr_at_20": 0.3823637337777811,
        "mrr_at_3": 0.35480225988700564,
        "mrr_at_5": 0.3674011299435028,
        "nauc_map_at_1000_diff1": 0.4867331080574132,
        "nauc_map_at_1000_max": 0.3719410101374039,
        "nauc_map_at_1000_std": -0.04823054084534116,
        "nauc_map_at_100_diff1": 0.4864704485662605,
        "nauc_map_at_100_max": 0.37146765586848945,
        "nauc_map_at_100_std": -0.04845976228545381,
        "nauc_map_at_10_diff1": 0.48941743928618486,
        "nauc_map_at_10_max": 0.37255601493669244,
        "nauc_map_at_10_std": -0.051475775826953445,
        "nauc_map_at_1_diff1": 0.5452643657840714,
        "nauc_map_at_1_max": 0.34023375199552613,
        "nauc_map_at_1_std": -0.09468871597703928,
        "nauc_map_at_20_diff1": 0.48689542438866423,
        "nauc_map_at_20_max": 0.37245285754235913,
        "nauc_map_at_20_std": -0.04841231572046186,
        "nauc_map_at_3_diff1": 0.5043770100387,
        "nauc_map_at_3_max": 0.3683522404799638,
        "nauc_map_at_3_std": -0.05488480824610819,
        "nauc_map_at_5_diff1": 0.4920791138760369,
        "nauc_map_at_5_max": 0.370620384256263,
        "nauc_map_at_5_std": -0.05384106953425883,
        "nauc_mrr_at_1000_diff1": 0.4777270016672052,
        "nauc_mrr_at_1000_max": 0.3837320999636637,
        "nauc_mrr_at_1000_std": -0.02303010454213617,
        "nauc_mrr_at_100_diff1": 0.47742755694220335,
        "nauc_mrr_at_100_max": 0.38335432557129284,
        "nauc_mrr_at_100_std": -0.02313741154875929,
        "nauc_mrr_at_10_diff1": 0.47933548137038046,
        "nauc_mrr_at_10_max": 0.38609662017116686,
        "nauc_mrr_at_10_std": -0.023748580023429052,
        "nauc_mrr_at_1_diff1": 0.5310513902947613,
        "nauc_mrr_at_1_max": 0.3665344550151809,
        "nauc_mrr_at_1_std": -0.06552906419024983,
        "nauc_mrr_at_20_diff1": 0.4773712324268658,
        "nauc_mrr_at_20_max": 0.38469050740574556,
        "nauc_mrr_at_20_std": -0.022921886946289126,
        "nauc_mrr_at_3_diff1": 0.49509977616384604,
        "nauc_mrr_at_3_max": 0.3866624763271871,
        "nauc_mrr_at_3_std": -0.026061508661906846,
        "nauc_mrr_at_5_diff1": 0.4830787027665994,
        "nauc_mrr_at_5_max": 0.3855064675366957,
        "nauc_mrr_at_5_std": -0.02626154333487532,
        "nauc_ndcg_at_1000_diff1": 0.45683208663993247,
        "nauc_ndcg_at_1000_max": 0.38118070482225797,
        "nauc_ndcg_at_1000_std": -0.014371056368691694,
        "nauc_ndcg_at_100_diff1": 0.4498237426619454,
        "nauc_ndcg_at_100_max": 0.37335556020153127,
        "nauc_ndcg_at_100_std": -0.014958039803161221,
        "nauc_ndcg_at_10_diff1": 0.4607859173255046,
        "nauc_ndcg_at_10_max": 0.38360346032066983,
        "nauc_ndcg_at_10_std": -0.025931488746315227,
        "nauc_ndcg_at_1_diff1": 0.5267759346398171,
        "nauc_ndcg_at_1_max": 0.36770993660765294,
        "nauc_ndcg_at_1_std": -0.059692093596684086,
        "nauc_ndcg_at_20_diff1": 0.45194169083444563,
        "nauc_ndcg_at_20_max": 0.3812140959944907,
        "nauc_ndcg_at_20_std": -0.018629366646485953,
        "nauc_ndcg_at_3_diff1": 0.49088101360460673,
        "nauc_ndcg_at_3_max": 0.3790757083546047,
        "nauc_ndcg_at_3_std": -0.036122830568189816,
        "nauc_ndcg_at_5_diff1": 0.46884242915175905,
        "nauc_ndcg_at_5_max": 0.38024534297812324,
        "nauc_ndcg_at_5_std": -0.03374707243133013,
        "nauc_precision_at_1000_diff1": -0.002088768427075045,
        "nauc_precision_at_1000_max": 0.20572278348457793,
        "nauc_precision_at_1000_std": 0.11311093387239833,
        "nauc_precision_at_100_diff1": 0.10895937005664863,
        "nauc_precision_at_100_max": 0.2635766701137167,
        "nauc_precision_at_100_std": 0.09851675943884769,
        "nauc_precision_at_10_diff1": 0.312193123889239,
        "nauc_precision_at_10_max": 0.4242961914684953,
        "nauc_precision_at_10_std": 0.052783040515835156,
        "nauc_precision_at_1_diff1": 0.5267759346398171,
        "nauc_precision_at_1_max": 0.36770993660765294,
        "nauc_precision_at_1_std": -0.059692093596684086,
        "nauc_precision_at_20_diff1": 0.24809319123541593,
        "nauc_precision_at_20_max": 0.39337894495425374,
        "nauc_precision_at_20_std": 0.08445789379393676,
        "nauc_precision_at_3_diff1": 0.4206795118153468,
        "nauc_precision_at_3_max": 0.42558013648672793,
        "nauc_precision_at_3_std": 0.033080018344543785,
        "nauc_precision_at_5_diff1": 0.360170179810032,
        "nauc_precision_at_5_max": 0.42814452034109407,
        "nauc_precision_at_5_std": 0.03407536358450918,
        "nauc_recall_at_1000_diff1": 0.24762756821162768,
        "nauc_recall_at_1000_max": 0.41757005863303664,
        "nauc_recall_at_1000_std": 0.25359667466774594,
        "nauc_recall_at_100_diff1": 0.26932417443658596,
        "nauc_recall_at_100_max": 0.32012434453477157,
        "nauc_recall_at_100_std": 0.1269082815782902,
        "nauc_recall_at_10_diff1": 0.3632530794591402,
        "nauc_recall_at_10_max": 0.3842634696679523,
        "nauc_recall_at_10_std": 0.026393337915213463,
        "nauc_recall_at_1_diff1": 0.5452643657840714,
        "nauc_recall_at_1_max": 0.34023375199552613,
        "nauc_recall_at_1_std": -0.09468871597703928,
        "nauc_recall_at_20_diff1": 0.3226339137469285,
        "nauc_recall_at_20_max": 0.3744791665890852,
        "nauc_recall_at_20_std": 0.05554712958888963,
        "nauc_recall_at_3_diff1": 0.45158283053221826,
        "nauc_recall_at_3_max": 0.37727838659926566,
        "nauc_recall_at_3_std": -0.007261812848394554,
        "nauc_recall_at_5_diff1": 0.39709551200736,
        "nauc_recall_at_5_max": 0.37733295745589757,
        "nauc_recall_at_5_std": -0.002033368677296386,
        "ndcg_at_1": 0.29605,
        "ndcg_at_10": 0.4045,
        "ndcg_at_100": 0.45333,
        "ndcg_at_1000": 0.47187,
        "ndcg_at_20": 0.42281,
        "ndcg_at_3": 0.35696,
        "ndcg_at_5": 0.37889,
        "precision_at_1": 0.29605,
        "precision_at_10": 0.06045,
        "precision_at_100": 0.00892,
        "precision_at_1000": 0.00108,
        "precision_at_20": 0.03452,
        "precision_at_3": 0.14878,
        "precision_at_5": 0.10192,
        "recall_at_1": 0.27308,
        "recall_at_10": 0.5314,
        "recall_at_100": 0.75457,
        "recall_at_1000": 0.89354,
        "recall_at_20": 0.59965,
        "recall_at_3": 0.40153,
        "recall_at_5": 0.45477
      }
    ]
  },
  "task_name": "CQADupstackGisRetrieval"
}