{
  "dataset_revision": "90fceea13679c63fe563ded68f3b6f06e50061de",
  "evaluation_time": 54.21897339820862,
  "kg_co2_emissions": null,
  "mteb_version": "1.13.1",
  "scores": {
    "test": [
      {
        "hf_subset": "default",
        "languages": [
          "eng-Latn"
        ],
        "main_score": 0.2969,
        "map_at_1": 0.16958,
        "map_at_10": 0.24609,
        "map_at_100": 0.25722,
        "map_at_1000": 0.25841,
        "map_at_20": 0.2515,
        "map_at_3": 0.2204,
        "map_at_5": 0.23404,
        "mrr_at_1": 0.21517412935323382,
        "mrr_at_10": 0.2944824488667772,
        "mrr_at_100": 0.30337560346401665,
        "mrr_at_1000": 0.30415651688270623,
        "mrr_at_20": 0.29908282891653576,
        "mrr_at_3": 0.26803482587064675,
        "mrr_at_5": 0.2822761194029851,
        "nauc_map_at_1000_diff1": 0.3310062204224595,
        "nauc_map_at_1000_max": 0.24407175676533424,
        "nauc_map_at_1000_std": -0.05056006737511935,
        "nauc_map_at_100_diff1": 0.33112819792689485,
        "nauc_map_at_100_max": 0.2442826358397039,
        "nauc_map_at_100_std": -0.050587187092961866,
        "nauc_map_at_10_diff1": 0.33197163533674706,
        "nauc_map_at_10_max": 0.24389780537730785,
        "nauc_map_at_10_std": -0.05496968091941248,
        "nauc_map_at_1_diff1": 0.37958964151150143,
        "nauc_map_at_1_max": 0.23116859564325723,
        "nauc_map_at_1_std": -0.07424295254984073,
        "nauc_map_at_20_diff1": 0.330406818410219,
        "nauc_map_at_20_max": 0.24421872631384786,
        "nauc_map_at_20_std": -0.05174647947049246,
        "nauc_map_at_3_diff1": 0.3344297340808448,
        "nauc_map_at_3_max": 0.2333276679778682,
        "nauc_map_at_3_std": -0.07067193500175947,
        "nauc_map_at_5_diff1": 0.33485806589306566,
        "nauc_map_at_5_max": 0.244692208324798,
        "nauc_map_at_5_std": -0.06166165518869993,
        "nauc_mrr_at_1000_diff1": 0.3388512321022809,
        "nauc_mrr_at_1000_max": 0.2442245299303414,
        "nauc_mrr_at_1000_std": -0.06813920736683554,
        "nauc_mrr_at_100_diff1": 0.33854132873352494,
        "nauc_mrr_at_100_max": 0.24436019870902753,
        "nauc_mrr_at_100_std": -0.06805626394548937,
        "nauc_mrr_at_10_diff1": 0.34002746890947544,
        "nauc_mrr_at_10_max": 0.24420816430240208,
        "nauc_mrr_at_10_std": -0.07066572214004574,
        "nauc_mrr_at_1_diff1": 0.38664810909994335,
        "nauc_mrr_at_1_max": 0.22867352825707896,
        "nauc_mrr_at_1_std": -0.10385643861929385,
        "nauc_mrr_at_20_diff1": 0.33895227648690296,
        "nauc_mrr_at_20_max": 0.24471038723458602,
        "nauc_mrr_at_20_std": -0.06840576823095555,
        "nauc_mrr_at_3_diff1": 0.3524030186017521,
        "nauc_mrr_at_3_max": 0.2416983701295242,
        "nauc_mrr_at_3_std": -0.07989891645753698,
        "nauc_mrr_at_5_diff1": 0.34524526520205806,
        "nauc_mrr_at_5_max": 0.24550495846738388,
        "nauc_mrr_at_5_std": -0.07615525153907707,
        "nauc_ndcg_at_1000_diff1": 0.3084469687309109,
        "nauc_ndcg_at_1000_max": 0.25399647978670525,
        "nauc_ndcg_at_1000_std": -0.020526958175904424,
        "nauc_ndcg_at_100_diff1": 0.30718522811643717,
        "nauc_ndcg_at_100_max": 0.25381011236717227,
        "nauc_ndcg_at_100_std": -0.022638288527461723,
        "nauc_ndcg_at_10_diff1": 0.313707459897304,
        "nauc_ndcg_at_10_max": 0.2522807074048028,
        "nauc_ndcg_at_10_std": -0.041191356733470706,
        "nauc_ndcg_at_1_diff1": 0.3917479413551402,
        "nauc_ndcg_at_1_max": 0.23340058100926026,
        "nauc_ndcg_at_1_std": -0.09991407132175135,
        "nauc_ndcg_at_20_diff1": 0.3089712664337559,
        "nauc_ndcg_at_20_max": 0.25360406570501914,
        "nauc_ndcg_at_20_std": -0.031205305332955673,
        "nauc_ndcg_at_3_diff1": 0.3324397824708235,
        "nauc_ndcg_at_3_max": 0.23996358027093553,
        "nauc_ndcg_at_3_std": -0.0709400719492327,
        "nauc_ndcg_at_5_diff1": 0.3242872461062731,
        "nauc_ndcg_at_5_max": 0.2531145234921982,
        "nauc_ndcg_at_5_std": -0.0570398107168821,
        "nauc_precision_at_1000_diff1": 0.014614805385161536,
        "nauc_precision_at_1000_max": 0.03152396084072662,
        "nauc_precision_at_1000_std": 0.012703841029609466,
        "nauc_precision_at_100_diff1": 0.10060331342275534,
        "nauc_precision_at_100_max": 0.11933307189945323,
        "nauc_precision_at_100_std": 0.038056201181007776,
        "nauc_precision_at_10_diff1": 0.23408512755665162,
        "nauc_precision_at_10_max": 0.23877973348966683,
        "nauc_precision_at_10_std": 0.006629490590638738,
        "nauc_precision_at_1_diff1": 0.3917479413551402,
        "nauc_precision_at_1_max": 0.23340058100926026,
        "nauc_precision_at_1_std": -0.09991407132175135,
        "nauc_precision_at_20_diff1": 0.1941925037354638,
        "nauc_precision_at_20_max": 0.21684923083503393,
        "nauc_precision_at_20_std": 0.02473639354678535,
        "nauc_precision_at_3_diff1": 0.29572384466801366,
        "nauc_precision_at_3_max": 0.25033402507005764,
        "nauc_precision_at_3_std": -0.06399481095620854,
        "nauc_precision_at_5_diff1": 0.27443205473346327,
        "nauc_precision_at_5_max": 0.27056850959758294,
        "nauc_precision_at_5_std": -0.03496787116534298,
        "nauc_recall_at_1000_diff1": 0.09964367786632032,
        "nauc_recall_at_1000_max": 0.2931989114987326,
        "nauc_recall_at_1000_std": 0.25852583992549394,
        "nauc_recall_at_100_diff1": 0.1860422113691109,
        "nauc_recall_at_100_max": 0.25656573783527303,
        "nauc_recall_at_100_std": 0.09505851310994551,
        "nauc_recall_at_10_diff1": 0.2396712966984334,
        "nauc_recall_at_10_max": 0.25182631835359254,
        "nauc_recall_at_10_std": -0.00024267764326690912,
        "nauc_recall_at_1_diff1": 0.37958964151150143,
        "nauc_recall_at_1_max": 0.23116859564325723,
        "nauc_recall_at_1_std": -0.07424295254984073,
        "nauc_recall_at_20_diff1": 0.21637499586367792,
        "nauc_recall_at_20_max": 0.24946206947685468,
        "nauc_recall_at_20_std": 0.03561258073278591,
        "nauc_recall_at_3_diff1": 0.28128727457413366,
        "nauc_recall_at_3_max": 0.23441600889086364,
        "nauc_recall_at_3_std": -0.05328531454864855,
        "nauc_recall_at_5_diff1": 0.26717544254810643,
        "nauc_recall_at_5_max": 0.25402530422014985,
        "nauc_recall_at_5_std": -0.035701070567420425,
        "ndcg_at_1": 0.21393,
        "ndcg_at_10": 0.2969,
        "ndcg_at_100": 0.35046,
        "ndcg_at_1000": 0.37963,
        "ndcg_at_20": 0.31526,
        "ndcg_at_3": 0.25001,
        "ndcg_at_5": 0.27035,
        "precision_at_1": 0.21393,
        "precision_at_10": 0.0551,
        "precision_at_100": 0.00959,
        "precision_at_1000": 0.00132,
        "precision_at_20": 0.0329,
        "precision_at_3": 0.12023,
        "precision_at_5": 0.08706,
        "recall_at_1": 0.16958,
        "recall_at_10": 0.40814,
        "recall_at_100": 0.63833,
        "recall_at_1000": 0.84904,
        "recall_at_20": 0.47376,
        "recall_at_3": 0.27555,
        "recall_at_5": 0.32934
      }
    ]
  },
  "task_name": "CQADupstackMathematicaRetrieval"
}