{
  "dataset_revision": "160c094312a0e1facb97e55eeddb698c0abe3571",
  "evaluation_time": 52.56324648857117,
  "kg_co2_emissions": null,
  "mteb_version": "1.13.1",
  "scores": {
    "test": [
      {
        "hf_subset": "default",
        "languages": [
          "eng-Latn"
        ],
        "main_score": 0.42276,
        "map_at_1": 0.29914,
        "map_at_10": 0.37255,
        "map_at_100": 0.38862,
        "map_at_1000": 0.39038,
        "map_at_20": 0.38072,
        "map_at_3": 0.34682,
        "map_at_5": 0.36034,
        "mrr_at_1": 0.35375494071146246,
        "mrr_at_10": 0.4189252776209298,
        "mrr_at_100": 0.42851129523618875,
        "mrr_at_1000": 0.42890986929216474,
        "mrr_at_20": 0.4239513646063836,
        "mrr_at_3": 0.39624505928853754,
        "mrr_at_5": 0.4072134387351779,
        "nauc_map_at_1000_diff1": 0.5603994833696117,
        "nauc_map_at_1000_max": 0.44045323114545304,
        "nauc_map_at_1000_std": -0.038416126806077505,
        "nauc_map_at_100_diff1": 0.5612944440258969,
        "nauc_map_at_100_max": 0.44139232665612255,
        "nauc_map_at_100_std": -0.038311729294706796,
        "nauc_map_at_10_diff1": 0.5686729700033817,
        "nauc_map_at_10_max": 0.4428300120761953,
        "nauc_map_at_10_std": -0.0493385400748778,
        "nauc_map_at_1_diff1": 0.6160705357314651,
        "nauc_map_at_1_max": 0.42983885239698866,
        "nauc_map_at_1_std": -0.059850744408425686,
        "nauc_map_at_20_diff1": 0.5650997921942517,
        "nauc_map_at_20_max": 0.4423177574159935,
        "nauc_map_at_20_std": -0.044078370080266924,
        "nauc_map_at_3_diff1": 0.589406141349855,
        "nauc_map_at_3_max": 0.4392302624484143,
        "nauc_map_at_3_std": -0.060719385521384575,
        "nauc_map_at_5_diff1": 0.5769569356079195,
        "nauc_map_at_5_max": 0.4395151597240858,
        "nauc_map_at_5_std": -0.05663520317075186,
        "nauc_mrr_at_1000_diff1": 0.5437865084538827,
        "nauc_mrr_at_1000_max": 0.4366261285787615,
        "nauc_mrr_at_1000_std": -0.0286036151234281,
        "nauc_mrr_at_100_diff1": 0.5435261681335547,
        "nauc_mrr_at_100_max": 0.43659605241489396,
        "nauc_mrr_at_100_std": -0.028439386248033025,
        "nauc_mrr_at_10_diff1": 0.5428144004188448,
        "nauc_mrr_at_10_max": 0.43631347711298174,
        "nauc_mrr_at_10_std": -0.03067255636443528,
        "nauc_mrr_at_1_diff1": 0.5754293316409167,
        "nauc_mrr_at_1_max": 0.4370404974327828,
        "nauc_mrr_at_1_std": -0.03365950464831622,
        "nauc_mrr_at_20_diff1": 0.5440195276646584,
        "nauc_mrr_at_20_max": 0.437513613106173,
        "nauc_mrr_at_20_std": -0.028917776896123883,
        "nauc_mrr_at_3_diff1": 0.5571254210305108,
        "nauc_mrr_at_3_max": 0.43827182356941524,
        "nauc_mrr_at_3_std": -0.04296655572565934,
        "nauc_mrr_at_5_diff1": 0.5482096562715332,
        "nauc_mrr_at_5_max": 0.4361170289747633,
        "nauc_mrr_at_5_std": -0.03862148978098426,
        "nauc_ndcg_at_1000_diff1": 0.535901866934266,
        "nauc_ndcg_at_1000_max": 0.4432489405758552,
        "nauc_ndcg_at_1000_std": -0.008320848054201338,
        "nauc_ndcg_at_100_diff1": 0.5290167953554801,
        "nauc_ndcg_at_100_max": 0.43772659676903525,
        "nauc_ndcg_at_100_std": -0.008034327328589707,
        "nauc_ndcg_at_10_diff1": 0.5335964480141888,
        "nauc_ndcg_at_10_max": 0.43901974524370807,
        "nauc_ndcg_at_10_std": -0.03071846762934405,
        "nauc_ndcg_at_1_diff1": 0.5693159769292634,
        "nauc_ndcg_at_1_max": 0.43178728875925193,
        "nauc_ndcg_at_1_std": -0.03764509255251042,
        "nauc_ndcg_at_20_diff1": 0.5336477766597415,
        "nauc_ndcg_at_20_max": 0.439643510868554,
        "nauc_ndcg_at_20_std": -0.02377842418095934,
        "nauc_ndcg_at_3_diff1": 0.5591892634117623,
        "nauc_ndcg_at_3_max": 0.43628804475262356,
        "nauc_ndcg_at_3_std": -0.05362263710305189,
        "nauc_ndcg_at_5_diff1": 0.5456515244135934,
        "nauc_ndcg_at_5_max": 0.43258243538448315,
        "nauc_ndcg_at_5_std": -0.044968837295794636,
        "nauc_precision_at_1000_diff1": -0.2659122405680917,
        "nauc_precision_at_1000_max": -0.2089629555185125,
        "nauc_precision_at_1000_std": 0.040030057924162914,
        "nauc_precision_at_100_diff1": -0.16066185489418583,
        "nauc_precision_at_100_max": -0.024020189070568153,
        "nauc_precision_at_100_std": 0.1547342913579279,
        "nauc_precision_at_10_diff1": 0.15016506954969833,
        "nauc_precision_at_10_max": 0.2664734048341662,
        "nauc_precision_at_10_std": 0.09851236493361802,
        "nauc_precision_at_1_diff1": 0.5693159769292634,
        "nauc_precision_at_1_max": 0.43178728875925193,
        "nauc_precision_at_1_std": -0.03764509255251042,
        "nauc_precision_at_20_diff1": 0.04036337048788438,
        "nauc_precision_at_20_max": 0.17967403610864097,
        "nauc_precision_at_20_std": 0.14659096584383974,
        "nauc_precision_at_3_diff1": 0.3854317155504781,
        "nauc_precision_at_3_max": 0.3760031829927059,
        "nauc_precision_at_3_std": -0.025667073511706218,
        "nauc_precision_at_5_diff1": 0.28174708984305735,
        "nauc_precision_at_5_max": 0.3302346554610933,
        "nauc_precision_at_5_std": 0.018641084941441458,
        "nauc_recall_at_1000_diff1": 0.34586451333957385,
        "nauc_recall_at_1000_max": 0.5253701286345598,
        "nauc_recall_at_1000_std": 0.3415608417240457,
        "nauc_recall_at_100_diff1": 0.3328863459845803,
        "nauc_recall_at_100_max": 0.3639542153082823,
        "nauc_recall_at_100_std": 0.1538230754547888,
        "nauc_recall_at_10_diff1": 0.458615924022268,
        "nauc_recall_at_10_max": 0.4252826545624506,
        "nauc_recall_at_10_std": -0.008484913384536821,
        "nauc_recall_at_1_diff1": 0.6160705357314651,
        "nauc_recall_at_1_max": 0.42983885239698866,
        "nauc_recall_at_1_std": -0.059850744408425686,
        "nauc_recall_at_20_diff1": 0.4376361194192652,
        "nauc_recall_at_20_max": 0.41136837905585505,
        "nauc_recall_at_20_std": 0.02122308193630693,
        "nauc_recall_at_3_diff1": 0.5646555033448668,
        "nauc_recall_at_3_max": 0.4314208287871184,
        "nauc_recall_at_3_std": -0.06977016829195265,
        "nauc_recall_at_5_diff1": 0.5171930133217267,
        "nauc_recall_at_5_max": 0.41994474734411685,
        "nauc_recall_at_5_std": -0.05486576811691266,
        "ndcg_at_1": 0.35573,
        "ndcg_at_10": 0.42276,
        "ndcg_at_100": 0.48466,
        "ndcg_at_1000": 0.50598,
        "ndcg_at_20": 0.44356,
        "ndcg_at_3": 0.38158,
        "ndcg_at_5": 0.39803,
        "precision_at_1": 0.35573,
        "precision_at_10": 0.07569,
        "precision_at_100": 0.01498,
        "precision_at_1000": 0.00233,
        "precision_at_20": 0.04753,
        "precision_at_3": 0.17062,
        "precision_at_5": 0.11937,
        "recall_at_1": 0.29914,
        "recall_at_10": 0.51251,
        "recall_at_100": 0.79207,
        "recall_at_1000": 0.92327,
        "recall_at_20": 0.59063,
        "recall_at_3": 0.3888,
        "recall_at_5": 0.43751
      }
    ]
  },
  "task_name": "CQADupstackWebmastersRetrieval"
}