{
  "dataset_revision": "bea83ef9e8fb933d90a2f1d5515737465d613e12",
  "evaluation_time": 9009.400389909744,
  "kg_co2_emissions": null,
  "mteb_version": "1.13.1",
  "scores": {
    "test": [
      {
        "hf_subset": "default",
        "languages": [
          "eng-Latn"
        ],
        "main_score": 0.74098,
        "map_at_1": 0.5753,
        "map_at_10": 0.68649,
        "map_at_100": 0.69052,
        "map_at_1000": 0.69069,
        "map_at_20": 0.68909,
        "map_at_3": 0.66754,
        "map_at_5": 0.67995,
        "mrr_at_1": 0.621962196219622,
        "mrr_at_10": 0.7302162954390677,
        "mrr_at_100": 0.7334736592152153,
        "mrr_at_1000": 0.7335417684459066,
        "mrr_at_20": 0.7325420796549643,
        "mrr_at_3": 0.7131713171317132,
        "mrr_at_5": 0.7244374437443745,
        "nauc_map_at_1000_diff1": 0.44527475723629056,
        "nauc_map_at_1000_max": 0.2632793564487414,
        "nauc_map_at_1000_std": -0.050084446405107584,
        "nauc_map_at_100_diff1": 0.445197115208064,
        "nauc_map_at_100_max": 0.26329013868179946,
        "nauc_map_at_100_std": -0.05010733566912468,
        "nauc_map_at_10_diff1": 0.4441520281944343,
        "nauc_map_at_10_max": 0.26401869018619256,
        "nauc_map_at_10_std": -0.05122024706341128,
        "nauc_map_at_1_diff1": 0.47319354971316174,
        "nauc_map_at_1_max": 0.22196308865825162,
        "nauc_map_at_1_std": -0.06419387946527011,
        "nauc_map_at_20_diff1": 0.4449956669216302,
        "nauc_map_at_20_max": 0.26357239226036216,
        "nauc_map_at_20_std": -0.05048997753735954,
        "nauc_map_at_3_diff1": 0.4449801398168316,
        "nauc_map_at_3_max": 0.26273415897451086,
        "nauc_map_at_3_std": -0.05553927287751667,
        "nauc_map_at_5_diff1": 0.4443045154225521,
        "nauc_map_at_5_max": 0.2646531945237006,
        "nauc_map_at_5_std": -0.052893848857543335,
        "nauc_mrr_at_1000_diff1": 0.5044758702578236,
        "nauc_mrr_at_1000_max": 0.29507388560237735,
        "nauc_mrr_at_1000_std": -0.07146324143831474,
        "nauc_mrr_at_100_diff1": 0.5044376927934963,
        "nauc_mrr_at_100_max": 0.29514550554854413,
        "nauc_mrr_at_100_std": -0.07143215802191681,
        "nauc_mrr_at_10_diff1": 0.5035334116154654,
        "nauc_mrr_at_10_max": 0.29698557996630637,
        "nauc_mrr_at_10_std": -0.07103131715755569,
        "nauc_mrr_at_1_diff1": 0.5253692630936634,
        "nauc_mrr_at_1_max": 0.25317010120702066,
        "nauc_mrr_at_1_std": -0.07544523534467165,
        "nauc_mrr_at_20_diff1": 0.5043895020109959,
        "nauc_mrr_at_20_max": 0.29596582957643003,
        "nauc_mrr_at_20_std": -0.0713076084955498,
        "nauc_mrr_at_3_diff1": 0.503605187210654,
        "nauc_mrr_at_3_max": 0.29899780344197496,
        "nauc_mrr_at_3_std": -0.07068328380878924,
        "nauc_mrr_at_5_diff1": 0.5028330653246109,
        "nauc_mrr_at_5_max": 0.2984812987314241,
        "nauc_mrr_at_5_std": -0.07044184053025714,
        "nauc_ndcg_at_1000_diff1": 0.44897436771970645,
        "nauc_ndcg_at_1000_max": 0.27868592330447767,
        "nauc_ndcg_at_1000_std": -0.041098510760605715,
        "nauc_ndcg_at_100_diff1": 0.4466016275571785,
        "nauc_ndcg_at_100_max": 0.2792361337140677,
        "nauc_ndcg_at_100_std": -0.04155627391600783,
        "nauc_ndcg_at_10_diff1": 0.44311231904250337,
        "nauc_ndcg_at_10_max": 0.28534876278576804,
        "nauc_ndcg_at_10_std": -0.04670434051161309,
        "nauc_ndcg_at_1_diff1": 0.5257208212384377,
        "nauc_ndcg_at_1_max": 0.2534312448643349,
        "nauc_ndcg_at_1_std": -0.07401860726876779,
        "nauc_ndcg_at_20_diff1": 0.44576001770800244,
        "nauc_ndcg_at_20_max": 0.28311472772803226,
        "nauc_ndcg_at_20_std": -0.044463100677766605,
        "nauc_ndcg_at_3_diff1": 0.4483483131566252,
        "nauc_ndcg_at_3_max": 0.2869410384215847,
        "nauc_ndcg_at_3_std": -0.05420566054460168,
        "nauc_ndcg_at_5_diff1": 0.44428090067507153,
        "nauc_ndcg_at_5_max": 0.28800916317662173,
        "nauc_ndcg_at_5_std": -0.049696908295739965,
        "nauc_precision_at_1000_diff1": -0.05688386257888639,
        "nauc_precision_at_1000_max": 0.06674398942150479,
        "nauc_precision_at_1000_std": 0.09922696907687224,
        "nauc_precision_at_100_diff1": 0.0001866437744519422,
        "nauc_precision_at_100_max": 0.14743101648497986,
        "nauc_precision_at_100_std": 0.10953744579271539,
        "nauc_precision_at_10_diff1": 0.22957325920303234,
        "nauc_precision_at_10_max": 0.32073386122755004,
        "nauc_precision_at_10_std": 0.024807838859337242,
        "nauc_precision_at_1_diff1": 0.5257208212384377,
        "nauc_precision_at_1_max": 0.2534312448643349,
        "nauc_precision_at_1_std": -0.07401860726876779,
        "nauc_precision_at_20_diff1": 0.15809479106731752,
        "nauc_precision_at_20_max": 0.2821478336639577,
        "nauc_precision_at_20_std": 0.06495430656443242,
        "nauc_precision_at_3_diff1": 0.38798422272999,
        "nauc_precision_at_3_max": 0.3617385746352668,
        "nauc_precision_at_3_std": -0.03192823679845803,
        "nauc_precision_at_5_diff1": 0.31975021156310174,
        "nauc_precision_at_5_max": 0.35741466130107624,
        "nauc_precision_at_5_std": -0.006945426184359389,
        "nauc_recall_at_1000_diff1": 0.09470245470924168,
        "nauc_recall_at_1000_max": 0.21209667943942542,
        "nauc_recall_at_1000_std": 0.35032065086324926,
        "nauc_recall_at_100_diff1": 0.1661673669779327,
        "nauc_recall_at_100_max": 0.24153447590042348,
        "nauc_recall_at_100_std": 0.16572068907179194,
        "nauc_recall_at_10_diff1": 0.30219384585462367,
        "nauc_recall_at_10_max": 0.3179289580809143,
        "nauc_recall_at_10_std": 0.013069324831472055,
        "nauc_recall_at_1_diff1": 0.47319354971316174,
        "nauc_recall_at_1_max": 0.22196308865825162,
        "nauc_recall_at_1_std": -0.06419387946527011,
        "nauc_recall_at_20_diff1": 0.2697549171019453,
        "nauc_recall_at_20_max": 0.30383414411459625,
        "nauc_recall_at_20_std": 0.04946673122194026,
        "nauc_recall_at_3_diff1": 0.3744671341504984,
        "nauc_recall_at_3_max": 0.3113899526322426,
        "nauc_recall_at_3_std": -0.031747997620984555,
        "nauc_recall_at_5_diff1": 0.34020334362104687,
        "nauc_recall_at_5_max": 0.3209804019014526,
        "nauc_recall_at_5_std": -0.012201838439416968,
        "ndcg_at_1": 0.62181,
        "ndcg_at_10": 0.74098,
        "ndcg_at_100": 0.75841,
        "ndcg_at_1000": 0.76214,
        "ndcg_at_20": 0.74987,
        "ndcg_at_3": 0.70596,
        "ndcg_at_5": 0.72628,
        "precision_at_1": 0.62181,
        "precision_at_10": 0.09514,
        "precision_at_100": 0.0105,
        "precision_at_1000": 0.0011,
        "precision_at_20": 0.04956,
        "precision_at_3": 0.28033,
        "precision_at_5": 0.17975,
        "recall_at_1": 0.5753,
        "recall_at_10": 0.86646,
        "recall_at_100": 0.94209,
        "recall_at_1000": 0.96782,
        "recall_at_20": 0.90019,
        "recall_at_3": 0.77153,
        "recall_at_5": 0.82167
      }
    ]
  },
  "task_name": "FEVER"
}