{
  "dataset_revision": "27a168819829fe9bcd655c2df245fb19452e8e06",
  "evaluation_time": 143.82370328903198,
  "kg_co2_emissions": null,
  "mteb_version": "1.13.1",
  "scores": {
    "test": [
      {
        "hf_subset": "default",
        "languages": [
          "eng-Latn"
        ],
        "main_score": 0.43426,
        "map_at_1": 0.21241,
        "map_at_10": 0.35325,
        "map_at_100": 0.37128,
        "map_at_1000": 0.37298,
        "map_at_20": 0.36262,
        "map_at_3": 0.30764,
        "map_at_5": 0.33371,
        "mrr_at_1": 0.4182098765432099,
        "mrr_at_10": 0.5140101410934744,
        "mrr_at_100": 0.5218662866554257,
        "mrr_at_1000": 0.5221957859838593,
        "mrr_at_20": 0.5187733669992728,
        "mrr_at_3": 0.49202674897119336,
        "mrr_at_5": 0.5056069958847736,
        "nauc_map_at_1000_diff1": 0.39158561560714955,
        "nauc_map_at_1000_max": 0.41586026359890693,
        "nauc_map_at_1000_std": -0.06651316018848873,
        "nauc_map_at_100_diff1": 0.39110267197008763,
        "nauc_map_at_100_max": 0.41509828113844094,
        "nauc_map_at_100_std": -0.06656030015078165,
        "nauc_map_at_10_diff1": 0.3897965140202,
        "nauc_map_at_10_max": 0.40370199343266816,
        "nauc_map_at_10_std": -0.07971686076082705,
        "nauc_map_at_1_diff1": 0.4875194270837395,
        "nauc_map_at_1_max": 0.30609212636635025,
        "nauc_map_at_1_std": -0.12815033520904673,
        "nauc_map_at_20_diff1": 0.38884018044767843,
        "nauc_map_at_20_max": 0.4094344039663694,
        "nauc_map_at_20_std": -0.07184306127853213,
        "nauc_map_at_3_diff1": 0.4103775197221982,
        "nauc_map_at_3_max": 0.36858167883908693,
        "nauc_map_at_3_std": -0.09515953928764621,
        "nauc_map_at_5_diff1": 0.396268406561851,
        "nauc_map_at_5_max": 0.3905243775991778,
        "nauc_map_at_5_std": -0.08891861288992055,
        "nauc_mrr_at_1000_diff1": 0.4758260389649049,
        "nauc_mrr_at_1000_max": 0.4872120198697386,
        "nauc_mrr_at_1000_std": -0.04412352899177663,
        "nauc_mrr_at_100_diff1": 0.47575712085484434,
        "nauc_mrr_at_100_max": 0.48721008408955346,
        "nauc_mrr_at_100_std": -0.04391623262209258,
        "nauc_mrr_at_10_diff1": 0.47349104657956403,
        "nauc_mrr_at_10_max": 0.4846772426274006,
        "nauc_mrr_at_10_std": -0.04823584700000627,
        "nauc_mrr_at_1_diff1": 0.5248211795367219,
        "nauc_mrr_at_1_max": 0.48694861312884624,
        "nauc_mrr_at_1_std": -0.0755567098907051,
        "nauc_mrr_at_20_diff1": 0.47484803538912745,
        "nauc_mrr_at_20_max": 0.48687452592506286,
        "nauc_mrr_at_20_std": -0.04456454476721161,
        "nauc_mrr_at_3_diff1": 0.4771590445530144,
        "nauc_mrr_at_3_max": 0.4903532119210322,
        "nauc_mrr_at_3_std": -0.04743156921242093,
        "nauc_mrr_at_5_diff1": 0.46777631511320555,
        "nauc_mrr_at_5_max": 0.4816946792723594,
        "nauc_mrr_at_5_std": -0.0530435838226045,
        "nauc_ndcg_at_1000_diff1": 0.40859379684448593,
        "nauc_ndcg_at_1000_max": 0.46040788793000276,
        "nauc_ndcg_at_1000_std": -0.021759003395907767,
        "nauc_ndcg_at_100_diff1": 0.3990765483804589,
        "nauc_ndcg_at_100_max": 0.4534706850124853,
        "nauc_ndcg_at_100_std": -0.016555914503857863,
        "nauc_ndcg_at_10_diff1": 0.38638986626173927,
        "nauc_ndcg_at_10_max": 0.42357901454579655,
        "nauc_ndcg_at_10_std": -0.05968031228906535,
        "nauc_ndcg_at_1_diff1": 0.5248211795367219,
        "nauc_ndcg_at_1_max": 0.48694861312884624,
        "nauc_ndcg_at_1_std": -0.0755567098907051,
        "nauc_ndcg_at_20_diff1": 0.3887768354711426,
        "nauc_ndcg_at_20_max": 0.4343902145759967,
        "nauc_ndcg_at_20_std": -0.041984703595908515,
        "nauc_ndcg_at_3_diff1": 0.3951866273277488,
        "nauc_ndcg_at_3_max": 0.43785849062481447,
        "nauc_ndcg_at_3_std": -0.061484534055403134,
        "nauc_ndcg_at_5_diff1": 0.3823580115810401,
        "nauc_ndcg_at_5_max": 0.4198283476162478,
        "nauc_ndcg_at_5_std": -0.0700596652967856,
        "nauc_precision_at_1000_diff1": 0.000704642431499449,
        "nauc_precision_at_1000_max": 0.24246432089537517,
        "nauc_precision_at_1000_std": 0.15052087257222943,
        "nauc_precision_at_100_diff1": 0.04053755125568186,
        "nauc_precision_at_100_max": 0.337522293237254,
        "nauc_precision_at_100_std": 0.1833602092290613,
        "nauc_precision_at_10_diff1": 0.10487650436548963,
        "nauc_precision_at_10_max": 0.40370427040893236,
        "nauc_precision_at_10_std": 0.063841704077182,
        "nauc_precision_at_1_diff1": 0.5248211795367219,
        "nauc_precision_at_1_max": 0.48694861312884624,
        "nauc_precision_at_1_std": -0.0755567098907051,
        "nauc_precision_at_20_diff1": 0.07685372432941555,
        "nauc_precision_at_20_max": 0.3926682713937942,
        "nauc_precision_at_20_std": 0.12263637158647324,
        "nauc_precision_at_3_diff1": 0.2374041065588731,
        "nauc_precision_at_3_max": 0.4524691552169834,
        "nauc_precision_at_3_std": 0.004177995025105348,
        "nauc_precision_at_5_diff1": 0.1665119792664202,
        "nauc_precision_at_5_max": 0.4347481221174866,
        "nauc_precision_at_5_std": 0.029628940628630637,
        "nauc_recall_at_1000_diff1": 0.34753279250057484,
        "nauc_recall_at_1000_max": 0.4696002531126226,
        "nauc_recall_at_1000_std": 0.27865160785556303,
        "nauc_recall_at_100_diff1": 0.27083139528004757,
        "nauc_recall_at_100_max": 0.3799138968350907,
        "nauc_recall_at_100_std": 0.152504909102834,
        "nauc_recall_at_10_diff1": 0.2721914542666935,
        "nauc_recall_at_10_max": 0.3278682901809827,
        "nauc_recall_at_10_std": -0.040822167473475474,
        "nauc_recall_at_1_diff1": 0.4875194270837395,
        "nauc_recall_at_1_max": 0.30609212636635025,
        "nauc_recall_at_1_std": -0.12815033520904673,
        "nauc_recall_at_20_diff1": 0.2690997214478107,
        "nauc_recall_at_20_max": 0.34285003360162664,
        "nauc_recall_at_20_std": 0.010861255035166264,
        "nauc_recall_at_3_diff1": 0.32070005530907303,
        "nauc_recall_at_3_max": 0.31713446778914345,
        "nauc_recall_at_3_std": -0.07717988609926085,
        "nauc_recall_at_5_diff1": 0.27697758461746036,
        "nauc_recall_at_5_max": 0.3160320712792099,
        "nauc_recall_at_5_std": -0.08162165879478986,
        "ndcg_at_1": 0.41821,
        "ndcg_at_10": 0.43426,
        "ndcg_at_100": 0.50039,
        "ndcg_at_1000": 0.52826,
        "ndcg_at_20": 0.45859,
        "ndcg_at_3": 0.39781,
        "ndcg_at_5": 0.40947,
        "precision_at_1": 0.41821,
        "precision_at_10": 0.12099,
        "precision_at_100": 0.01897,
        "precision_at_1000": 0.0024,
        "precision_at_20": 0.0713,
        "precision_at_3": 0.268,
        "precision_at_5": 0.19753,
        "recall_at_1": 0.21241,
        "recall_at_10": 0.50606,
        "recall_at_100": 0.75249,
        "recall_at_1000": 0.91947,
        "recall_at_20": 0.58063,
        "recall_at_3": 0.36357,
        "recall_at_5": 0.42555
      }
    ]
  },
  "task_name": "FiQA2018"
}