{
  "dataset_revision": "ab518f4d6fcca38d87c25209f94beba119d02014",
  "evaluation_time": 8398.45392537117,
  "kg_co2_emissions": null,
  "mteb_version": "1.13.1",
  "scores": {
    "test": [
      {
        "hf_subset": "default",
        "languages": [
          "eng-Latn"
        ],
        "main_score": 0.66106,
        "map_at_1": 0.39392,
        "map_at_10": 0.57129,
        "map_at_100": 0.57896,
        "map_at_1000": 0.5796,
        "map_at_20": 0.57563,
        "map_at_3": 0.54217,
        "map_at_5": 0.56019,
        "mrr_at_1": 0.787711006076975,
        "mrr_at_10": 0.8397325916637194,
        "mrr_at_100": 0.8413460402654463,
        "mrr_at_1000": 0.8414257321718384,
        "mrr_at_20": 0.8406634603500895,
        "mrr_at_3": 0.8302723385100158,
        "mrr_at_5": 0.8366194013054243,
        "nauc_map_at_1000_diff1": 0.13262876277466099,
        "nauc_map_at_1000_max": 0.178979321733307,
        "nauc_map_at_1000_std": 0.04510849280202703,
        "nauc_map_at_100_diff1": 0.13233811656894773,
        "nauc_map_at_100_max": 0.17872250051142646,
        "nauc_map_at_100_std": 0.04498550772825217,
        "nauc_map_at_10_diff1": 0.1328974837146458,
        "nauc_map_at_10_max": 0.17975026780297526,
        "nauc_map_at_10_std": 0.04106539526966118,
        "nauc_map_at_1_diff1": 0.7376105956377541,
        "nauc_map_at_1_max": 0.5482021855468492,
        "nauc_map_at_1_std": 0.029769658391651844,
        "nauc_map_at_20_diff1": 0.13244987624027404,
        "nauc_map_at_20_max": 0.17909924302298635,
        "nauc_map_at_20_std": 0.04316522390334469,
        "nauc_map_at_3_diff1": 0.15816622790575666,
        "nauc_map_at_3_max": 0.1983377051984486,
        "nauc_map_at_3_std": 0.02936242946415264,
        "nauc_map_at_5_diff1": 0.14092018565577413,
        "nauc_map_at_5_max": 0.1847916080683867,
        "nauc_map_at_5_std": 0.033467203585075586,
        "nauc_mrr_at_1000_diff1": 0.7292424644038229,
        "nauc_mrr_at_1000_max": 0.5764239052742484,
        "nauc_mrr_at_1000_std": 0.041692251700443536,
        "nauc_mrr_at_100_diff1": 0.7292419636101378,
        "nauc_mrr_at_100_max": 0.5764909514271989,
        "nauc_mrr_at_100_std": 0.041805414785781966,
        "nauc_mrr_at_10_diff1": 0.7289169634363128,
        "nauc_mrr_at_10_max": 0.5770030810240768,
        "nauc_mrr_at_10_std": 0.04070769448921808,
        "nauc_mrr_at_1_diff1": 0.737932882991157,
        "nauc_mrr_at_1_max": 0.5483113123442958,
        "nauc_mrr_at_1_std": 0.0298395318110079,
        "nauc_mrr_at_20_diff1": 0.7292814411159715,
        "nauc_mrr_at_20_max": 0.5767852529547767,
        "nauc_mrr_at_20_std": 0.04150594789147489,
        "nauc_mrr_at_3_diff1": 0.728913712585576,
        "nauc_mrr_at_3_max": 0.5779200484047212,
        "nauc_mrr_at_3_std": 0.035441967507624565,
        "nauc_mrr_at_5_diff1": 0.7282102534175311,
        "nauc_mrr_at_5_max": 0.5778925817220723,
        "nauc_mrr_at_5_std": 0.03873014298329475,
        "nauc_ndcg_at_1000_diff1": 0.1870593956510124,
        "nauc_ndcg_at_1000_max": 0.22128634216115262,
        "nauc_ndcg_at_1000_std": 0.07444487258594491,
        "nauc_ndcg_at_100_diff1": 0.17978906641569464,
        "nauc_ndcg_at_100_max": 0.21503811433598446,
        "nauc_ndcg_at_100_std": 0.071761885172667,
        "nauc_ndcg_at_10_diff1": 0.18522861447334213,
        "nauc_ndcg_at_10_max": 0.22059337387848796,
        "nauc_ndcg_at_10_std": 0.05334964040108743,
        "nauc_ndcg_at_1_diff1": 0.7376105956377541,
        "nauc_ndcg_at_1_max": 0.5482021855468492,
        "nauc_ndcg_at_1_std": 0.029769658391651844,
        "nauc_ndcg_at_20_diff1": 0.18204731407642083,
        "nauc_ndcg_at_20_max": 0.21713215580511158,
        "nauc_ndcg_at_20_std": 0.059828593558378676,
        "nauc_ndcg_at_3_diff1": 0.23148404850414847,
        "nauc_ndcg_at_3_max": 0.25383072401750434,
        "nauc_ndcg_at_3_std": 0.03295886443006522,
        "nauc_ndcg_at_5_diff1": 0.20285028465246643,
        "nauc_ndcg_at_5_max": 0.23239922575813401,
        "nauc_ndcg_at_5_std": 0.039504537939512814,
        "nauc_precision_at_1000_diff1": -0.15881753970776982,
        "nauc_precision_at_1000_max": 0.002151844024830579,
        "nauc_precision_at_1000_std": 0.23551918947409523,
        "nauc_precision_at_100_diff1": -0.11156590919801826,
        "nauc_precision_at_100_max": 0.018032772026613856,
        "nauc_precision_at_100_std": 0.1667193708199739,
        "nauc_precision_at_10_diff1": -0.03238029484257096,
        "nauc_precision_at_10_max": 0.07885288945750564,
        "nauc_precision_at_10_std": 0.07941840293221084,
        "nauc_precision_at_1_diff1": 0.7376105956377541,
        "nauc_precision_at_1_max": 0.5482021855468492,
        "nauc_precision_at_1_std": 0.029769658391651844,
        "nauc_precision_at_20_diff1": -0.055477572508438835,
        "nauc_precision_at_20_max": 0.05825247445102195,
        "nauc_precision_at_20_std": 0.10089051024435396,
        "nauc_precision_at_3_diff1": 0.08214032220211376,
        "nauc_precision_at_3_max": 0.16532215479527398,
        "nauc_precision_at_3_std": 0.03657276724290603,
        "nauc_precision_at_5_diff1": 0.022934197480202517,
        "nauc_precision_at_5_max": 0.11942307472153835,
        "nauc_precision_at_5_std": 0.04836675166770393,
        "nauc_recall_at_1000_diff1": -0.15881753970776608,
        "nauc_recall_at_1000_max": 0.0021518440248343004,
        "nauc_recall_at_1000_std": 0.2355191894740961,
        "nauc_recall_at_100_diff1": -0.11156590919801812,
        "nauc_recall_at_100_max": 0.018032772026613155,
        "nauc_recall_at_100_std": 0.16671937081997454,
        "nauc_recall_at_10_diff1": -0.032380294842571336,
        "nauc_recall_at_10_max": 0.07885288945750508,
        "nauc_recall_at_10_std": 0.0794184029322109,
        "nauc_recall_at_1_diff1": 0.7376105956377541,
        "nauc_recall_at_1_max": 0.5482021855468492,
        "nauc_recall_at_1_std": 0.029769658391651844,
        "nauc_recall_at_20_diff1": -0.05547757250843953,
        "nauc_recall_at_20_max": 0.058252474451020886,
        "nauc_recall_at_20_std": 0.1008905102443531,
        "nauc_recall_at_3_diff1": 0.08214032220211356,
        "nauc_recall_at_3_max": 0.16532215479527432,
        "nauc_recall_at_3_std": 0.0365727672429052,
        "nauc_recall_at_5_diff1": 0.022934197480201986,
        "nauc_recall_at_5_max": 0.11942307472153915,
        "nauc_recall_at_5_std": 0.04836675166770412,
        "ndcg_at_1": 0.78785,
        "ndcg_at_10": 0.66106,
        "ndcg_at_100": 0.68847,
        "ndcg_at_1000": 0.70102,
        "ndcg_at_20": 0.67184,
        "ndcg_at_3": 0.61914,
        "ndcg_at_5": 0.6425,
        "precision_at_1": 0.78785,
        "precision_at_10": 0.13456,
        "precision_at_100": 0.01563,
        "precision_at_1000": 0.00173,
        "precision_at_20": 0.07076,
        "precision_at_3": 0.38686,
        "precision_at_5": 0.25056,
        "recall_at_1": 0.39392,
        "recall_at_10": 0.67279,
        "recall_at_100": 0.7813,
        "recall_at_1000": 0.86455,
        "recall_at_20": 0.70763,
        "recall_at_3": 0.58028,
        "recall_at_5": 0.6264
      }
    ]
  },
  "task_name": "HotpotQA"
}