{
  "dataset_revision": "59042f120c80e8afa9cdbb224f67076cec0fc9a7",
  "evaluation_time": 232.53796458244324,
  "kg_co2_emissions": null,
  "mteb_version": "1.13.1",
  "scores": {
    "test": [
      {
        "hf_subset": "default",
        "languages": [
          "eng-Latn"
        ],
        "main_score": 0.2876561948324495,
        "map": 0.2876561948324495,
        "mrr": 0.29568100380077034,
        "nAUC_map_diff1": 0.09744790027051405,
        "nAUC_map_max": -0.21111608164542628,
        "nAUC_map_std": -0.03525154236485604,
        "nAUC_mrr_diff1": 0.09760176098656773,
        "nAUC_mrr_max": -0.15672883340684776,
        "nAUC_mrr_std": -0.011459821402378282
      }
    ]
  },
  "task_name": "MindSmallReranking"
}