{
  "dataset_revision": "c5a29a104738b98a9e76336939199e264163d4a0",
  "evaluation_time": 14576.924280405045,
  "kg_co2_emissions": null,
  "mteb_version": "1.13.1",
  "scores": {
    "dev": [
      {
        "hf_subset": "default",
        "languages": [
          "eng-Latn"
        ],
        "main_score": 0.39735,
        "map_at_1": 0.20445,
        "map_at_10": 0.32806,
        "map_at_100": 0.33988,
        "map_at_1000": 0.34038,
        "map_at_20": 0.33515,
        "map_at_3": 0.289,
        "map_at_5": 0.3116,
        "mrr_at_1": 0.21031518624641835,
        "mrr_at_10": 0.33316124300723154,
        "mrr_at_100": 0.34457547583057124,
        "mrr_at_1000": 0.345014865389694,
        "mrr_at_20": 0.3401015584278911,
        "mrr_at_3": 0.2947707736389685,
        "mrr_at_5": 0.31718481375358165,
        "nauc_map_at_1000_diff1": 0.2920772615999018,
        "nauc_map_at_1000_max": 0.08085443057726126,
        "nauc_map_at_1000_std": -0.21135491524781758,
        "nauc_map_at_100_diff1": 0.29206784785324363,
        "nauc_map_at_100_max": 0.08096300996843721,
        "nauc_map_at_100_std": -0.21124301360175268,
        "nauc_map_at_10_diff1": 0.29146138228336244,
        "nauc_map_at_10_max": 0.07938224336959387,
        "nauc_map_at_10_std": -0.2187548109483179,
        "nauc_map_at_1_diff1": 0.32075752542967456,
        "nauc_map_at_1_max": 0.059213636031254915,
        "nauc_map_at_1_std": -0.19097618502546682,
        "nauc_map_at_20_diff1": 0.291995702137967,
        "nauc_map_at_20_max": 0.08015994808409665,
        "nauc_map_at_20_std": -0.21445896341310536,
        "nauc_map_at_3_diff1": 0.29481558796684904,
        "nauc_map_at_3_max": 0.07469260651985049,
        "nauc_map_at_3_std": -0.2188594671533249,
        "nauc_map_at_5_diff1": 0.2918248325127293,
        "nauc_map_at_5_max": 0.07686812407197172,
        "nauc_map_at_5_std": -0.21886433093155752,
        "nauc_mrr_at_1000_diff1": 0.29187159139185836,
        "nauc_mrr_at_1000_max": 0.08238811504657016,
        "nauc_mrr_at_1000_std": -0.20855020718920084,
        "nauc_mrr_at_100_diff1": 0.29186532423937417,
        "nauc_mrr_at_100_max": 0.08255706247371987,
        "nauc_mrr_at_100_std": -0.20835506858810438,
        "nauc_mrr_at_10_diff1": 0.2915818786484753,
        "nauc_mrr_at_10_max": 0.08113193439311563,
        "nauc_mrr_at_10_std": -0.21554866523017202,
        "nauc_mrr_at_1_diff1": 0.3181406955873457,
        "nauc_mrr_at_1_max": 0.0612246378717534,
        "nauc_mrr_at_1_std": -0.1904727461705692,
        "nauc_mrr_at_20_diff1": 0.29172098172646765,
        "nauc_mrr_at_20_max": 0.08195521982851135,
        "nauc_mrr_at_20_std": -0.2111591298587492,
        "nauc_mrr_at_3_diff1": 0.29456236475290143,
        "nauc_mrr_at_3_max": 0.07646717980988114,
        "nauc_mrr_at_3_std": -0.2170756571351331,
        "nauc_mrr_at_5_diff1": 0.2912007176080987,
        "nauc_mrr_at_5_max": 0.07871890744589774,
        "nauc_mrr_at_5_std": -0.21539098583649594,
        "nauc_ndcg_at_1000_diff1": 0.28452532617154275,
        "nauc_ndcg_at_1000_max": 0.09452301718410017,
        "nauc_ndcg_at_1000_std": -0.1941379228427102,
        "nauc_ndcg_at_100_diff1": 0.28409376236876205,
        "nauc_ndcg_at_100_max": 0.09883770891200368,
        "nauc_ndcg_at_100_std": -0.18667581907162337,
        "nauc_ndcg_at_10_diff1": 0.28140728262293757,
        "nauc_ndcg_at_10_max": 0.08948980546797107,
        "nauc_ndcg_at_10_std": -0.2253930800587587,
        "nauc_ndcg_at_1_diff1": 0.3192868171751551,
        "nauc_ndcg_at_1_max": 0.0585500766577842,
        "nauc_ndcg_at_1_std": -0.19152490232314592,
        "nauc_ndcg_at_20_diff1": 0.28283232181978973,
        "nauc_ndcg_at_20_max": 0.0924075234114904,
        "nauc_ndcg_at_20_std": -0.20989738478605685,
        "nauc_ndcg_at_3_diff1": 0.28794602670844205,
        "nauc_ndcg_at_3_max": 0.07985223464125783,
        "nauc_ndcg_at_3_std": -0.22601195680101885,
        "nauc_ndcg_at_5_diff1": 0.2825016267922496,
        "nauc_ndcg_at_5_max": 0.0834729639809353,
        "nauc_ndcg_at_5_std": -0.22589649969871867,
        "nauc_precision_at_1000_diff1": -0.01556845689683761,
        "nauc_precision_at_1000_max": 0.14405574319093553,
        "nauc_precision_at_1000_std": 0.19808458861580605,
        "nauc_precision_at_100_diff1": 0.1336083711977671,
        "nauc_precision_at_100_max": 0.20118859749746562,
        "nauc_precision_at_100_std": 0.12987751200801634,
        "nauc_precision_at_10_diff1": 0.22784435630221647,
        "nauc_precision_at_10_max": 0.11624966279328872,
        "nauc_precision_at_10_std": -0.23075292849114595,
        "nauc_precision_at_1_diff1": 0.3192868171751551,
        "nauc_precision_at_1_max": 0.0585500766577842,
        "nauc_precision_at_1_std": -0.19152490232314592,
        "nauc_precision_at_20_diff1": 0.21558090541161273,
        "nauc_precision_at_20_max": 0.13115834565263915,
        "nauc_precision_at_20_std": -0.15166185366959223,
        "nauc_precision_at_3_diff1": 0.2643211972130652,
        "nauc_precision_at_3_max": 0.08711044509596712,
        "nauc_precision_at_3_std": -0.24728118213764666,
        "nauc_precision_at_5_diff1": 0.24555127045348535,
        "nauc_precision_at_5_max": 0.09514674581447301,
        "nauc_precision_at_5_std": -0.24326402845111245,
        "nauc_recall_at_1000_diff1": 0.09524120621149643,
        "nauc_recall_at_1000_max": 0.4611254838082183,
        "nauc_recall_at_1000_std": 0.5229318145146409,
        "nauc_recall_at_100_diff1": 0.23035771313144177,
        "nauc_recall_at_100_max": 0.26113824524650875,
        "nauc_recall_at_100_std": 0.12239862192056579,
        "nauc_recall_at_10_diff1": 0.2470785966344248,
        "nauc_recall_at_10_max": 0.11950044870683117,
        "nauc_recall_at_10_std": -0.24566734725522843,
        "nauc_recall_at_1_diff1": 0.32075752542967456,
        "nauc_recall_at_1_max": 0.059213636031254915,
        "nauc_recall_at_1_std": -0.19097618502546682,
        "nauc_recall_at_20_diff1": 0.24557218622208596,
        "nauc_recall_at_20_max": 0.13782179360411811,
        "nauc_recall_at_20_std": -0.17875075966649961,
        "nauc_recall_at_3_diff1": 0.2695818181607867,
        "nauc_recall_at_3_max": 0.09312540751088616,
        "nauc_recall_at_3_std": -0.24548242155644356,
        "nauc_recall_at_5_diff1": 0.2557176482690598,
        "nauc_recall_at_5_max": 0.10016230614424972,
        "nauc_recall_at_5_std": -0.2460324450363354,
        "ndcg_at_1": 0.21003,
        "ndcg_at_10": 0.39735,
        "ndcg_at_100": 0.45466,
        "ndcg_at_1000": 0.46726,
        "ndcg_at_20": 0.4225,
        "ndcg_at_3": 0.31804,
        "ndcg_at_5": 0.35825,
        "precision_at_1": 0.21003,
        "precision_at_10": 0.06378,
        "precision_at_100": 0.00925,
        "precision_at_1000": 0.00103,
        "precision_at_20": 0.03712,
        "precision_at_3": 0.13677,
        "precision_at_5": 0.10232,
        "recall_at_1": 0.20445,
        "recall_at_10": 0.61131,
        "recall_at_100": 0.87674,
        "recall_at_1000": 0.97313,
        "recall_at_20": 0.70885,
        "recall_at_3": 0.39643,
        "recall_at_5": 0.49272
      }
    ]
  },
  "task_name": "MSMARCO"
}