{
  "dataset_revision": "b774495ed302d8c44a3a7ea25c90dbce03968f31",
  "evaluation_time": 4275.137202739716,
  "kg_co2_emissions": null,
  "mteb_version": "1.13.1",
  "scores": {
    "test": [
      {
        "hf_subset": "default",
        "languages": [
          "eng-Latn"
        ],
        "main_score": 0.58616,
        "map_at_1": 0.35574,
        "map_at_10": 0.51248,
        "map_at_100": 0.52153,
        "map_at_1000": 0.52178,
        "map_at_20": 0.51852,
        "map_at_3": 0.47299,
        "map_at_5": 0.49673,
        "mrr_at_1": 0.3988991888760139,
        "mrr_at_10": 0.5367925656164358,
        "mrr_at_100": 0.5433053325320641,
        "mrr_at_1000": 0.5434919338168512,
        "mrr_at_20": 0.5412826979498632,
        "mrr_at_3": 0.505648899188876,
        "mrr_at_5": 0.524449594438007,
        "nauc_map_at_1000_diff1": 0.3459721302892218,
        "nauc_map_at_1000_max": 0.328600867199602,
        "nauc_map_at_1000_std": -0.0016903261751236498,
        "nauc_map_at_100_diff1": 0.34595304770323215,
        "nauc_map_at_100_max": 0.32879323332334365,
        "nauc_map_at_100_std": -0.0014142141986656029,
        "nauc_map_at_10_diff1": 0.34511380286514803,
        "nauc_map_at_10_max": 0.33101920482532105,
        "nauc_map_at_10_std": -0.003188252627986038,
        "nauc_map_at_1_diff1": 0.3773908085047741,
        "nauc_map_at_1_max": 0.24709666037695754,
        "nauc_map_at_1_std": -0.04551014118085672,
        "nauc_map_at_20_diff1": 0.34612759340412946,
        "nauc_map_at_20_max": 0.33011778131511066,
        "nauc_map_at_20_std": -0.0016442373622871178,
        "nauc_map_at_3_diff1": 0.3435772014239147,
        "nauc_map_at_3_max": 0.31385778038882656,
        "nauc_map_at_3_std": -0.0191463812032749,
        "nauc_map_at_5_diff1": 0.34345967439274444,
        "nauc_map_at_5_max": 0.3243155428443798,
        "nauc_map_at_5_std": -0.010972194787920046,
        "nauc_mrr_at_1000_diff1": 0.34119165664780365,
        "nauc_mrr_at_1000_max": 0.32474038648421577,
        "nauc_mrr_at_1000_std": 0.006126715754041298,
        "nauc_mrr_at_100_diff1": 0.34117212724120904,
        "nauc_mrr_at_100_max": 0.32490041100690326,
        "nauc_mrr_at_100_std": 0.006374749630816818,
        "nauc_mrr_at_10_diff1": 0.34016977236204865,
        "nauc_mrr_at_10_max": 0.32682424515878244,
        "nauc_mrr_at_10_std": 0.006086258304058403,
        "nauc_mrr_at_1_diff1": 0.372716229145287,
        "nauc_mrr_at_1_max": 0.2612205538597432,
        "nauc_mrr_at_1_std": -0.03503686531207092,
        "nauc_mrr_at_20_diff1": 0.34093124542394226,
        "nauc_mrr_at_20_max": 0.32624120128457135,
        "nauc_mrr_at_20_std": 0.007037460499219318,
        "nauc_mrr_at_3_diff1": 0.3375835208748179,
        "nauc_mrr_at_3_max": 0.31980505133040776,
        "nauc_mrr_at_3_std": -0.0033964150807532212,
        "nauc_mrr_at_5_diff1": 0.3377347626893055,
        "nauc_mrr_at_5_max": 0.32285130025356773,
        "nauc_mrr_at_5_std": 0.0010428581448616399,
        "nauc_ndcg_at_1000_diff1": 0.34105074115974665,
        "nauc_ndcg_at_1000_max": 0.3490710411009269,
        "nauc_ndcg_at_1000_std": 0.02531900740438579,
        "nauc_ndcg_at_100_diff1": 0.3401575698985329,
        "nauc_ndcg_at_100_max": 0.3545991808326248,
        "nauc_ndcg_at_100_std": 0.03381733479039858,
        "nauc_ndcg_at_10_diff1": 0.3357693375072374,
        "nauc_ndcg_at_10_max": 0.36519400319054984,
        "nauc_ndcg_at_10_std": 0.027695275694755654,
        "nauc_ndcg_at_1_diff1": 0.3718660734029821,
        "nauc_ndcg_at_1_max": 0.260969185091376,
        "nauc_ndcg_at_1_std": -0.03551793627666796,
        "nauc_ndcg_at_20_diff1": 0.3401107579602888,
        "nauc_ndcg_at_20_max": 0.36377106546771587,
        "nauc_ndcg_at_20_std": 0.03463298723412842,
        "nauc_ndcg_at_3_diff1": 0.33219582019687893,
        "nauc_ndcg_at_3_max": 0.3341906063088628,
        "nauc_ndcg_at_3_std": -0.003939259227742003,
        "nauc_ndcg_at_5_diff1": 0.33147112497905323,
        "nauc_ndcg_at_5_max": 0.3494395068422091,
        "nauc_ndcg_at_5_std": 0.009611537915875552,
        "nauc_precision_at_1000_diff1": -0.06804731439307017,
        "nauc_precision_at_1000_max": 0.05294059986372626,
        "nauc_precision_at_1000_std": 0.12990534589928285,
        "nauc_precision_at_100_diff1": -0.016290913553718016,
        "nauc_precision_at_100_max": 0.14063493547942535,
        "nauc_precision_at_100_std": 0.18448860834369626,
        "nauc_precision_at_10_diff1": 0.11062930647224466,
        "nauc_precision_at_10_max": 0.317113581890406,
        "nauc_precision_at_10_std": 0.1481513319130893,
        "nauc_precision_at_1_diff1": 0.3718660734029821,
        "nauc_precision_at_1_max": 0.260969185091376,
        "nauc_precision_at_1_std": -0.03551793627666796,
        "nauc_precision_at_20_diff1": 0.0742899769548868,
        "nauc_precision_at_20_max": 0.2651277539552599,
        "nauc_precision_at_20_std": 0.18014158024404422,
        "nauc_precision_at_3_diff1": 0.21977747714214535,
        "nauc_precision_at_3_max": 0.34683706226929617,
        "nauc_precision_at_3_std": 0.05097694180392079,
        "nauc_precision_at_5_diff1": 0.16901034951884053,
        "nauc_precision_at_5_max": 0.33690730557477194,
        "nauc_precision_at_5_std": 0.08619672859992307,
        "nauc_recall_at_1000_diff1": 0.3604819384354287,
        "nauc_recall_at_1000_max": 0.8294802445844085,
        "nauc_recall_at_1000_std": 0.7464217762780877,
        "nauc_recall_at_100_diff1": 0.3069008088989578,
        "nauc_recall_at_100_max": 0.6492717024347361,
        "nauc_recall_at_100_std": 0.492711376867476,
        "nauc_recall_at_10_diff1": 0.2924994522904446,
        "nauc_recall_at_10_max": 0.511447063585703,
        "nauc_recall_at_10_std": 0.15419546946916374,
        "nauc_recall_at_1_diff1": 0.3773908085047741,
        "nauc_recall_at_1_max": 0.24709666037695754,
        "nauc_recall_at_1_std": -0.04551014118085672,
        "nauc_recall_at_20_diff1": 0.3116464261599676,
        "nauc_recall_at_20_max": 0.5642393426624013,
        "nauc_recall_at_20_std": 0.2539396385306039,
        "nauc_recall_at_3_diff1": 0.2924396924536591,
        "nauc_recall_at_3_max": 0.3769700853986775,
        "nauc_recall_at_3_std": 0.02783092389643187,
        "nauc_recall_at_5_diff1": 0.2843971407354545,
        "nauc_recall_at_5_max": 0.4218011649331352,
        "nauc_recall_at_5_std": 0.06738860298556773,
        "ndcg_at_1": 0.39919,
        "ndcg_at_10": 0.58616,
        "ndcg_at_100": 0.62267,
        "ndcg_at_1000": 0.62859,
        "ndcg_at_20": 0.60527,
        "ndcg_at_3": 0.51387,
        "ndcg_at_5": 0.55204,
        "precision_at_1": 0.39919,
        "precision_at_10": 0.09351,
        "precision_at_100": 0.0114,
        "precision_at_1000": 0.0012,
        "precision_at_20": 0.05127,
        "precision_at_3": 0.23194,
        "precision_at_5": 0.16141,
        "recall_at_1": 0.35574,
        "recall_at_10": 0.78406,
        "recall_at_100": 0.93936,
        "recall_at_1000": 0.98354,
        "recall_at_20": 0.8545,
        "recall_at_3": 0.59852,
        "recall_at_5": 0.68559
      }
    ]
  },
  "task_name": "NQ"
}