{
  "dataset_revision": "e4e08e0b7dbe3c8700f0daef558ff32256715259",
  "evaluation_time": 882.6568813323975,
  "kg_co2_emissions": null,
  "mteb_version": "1.13.1",
  "scores": {
    "test": [
      {
        "hf_subset": "default",
        "languages": [
          "eng-Latn"
        ],
        "main_score": 0.89004,
        "map_at_1": 0.71767,
        "map_at_10": 0.85379,
        "map_at_100": 0.85995,
        "map_at_1000": 0.86012,
        "map_at_20": 0.85787,
        "map_at_3": 0.82482,
        "map_at_5": 0.84333,
        "mrr_at_1": 0.8263,
        "mrr_at_10": 0.8847162698412698,
        "mrr_at_100": 0.8856891261415031,
        "mrr_at_1000": 0.8856971174916926,
        "mrr_at_20": 0.8854814632400623,
        "mrr_at_3": 0.876,
        "mrr_at_5": 0.88221,
        "nauc_map_at_1000_diff1": 0.7544100665604849,
        "nauc_map_at_1000_max": 0.3757128298514898,
        "nauc_map_at_1000_std": -0.5381432752562113,
        "nauc_map_at_100_diff1": 0.7544197910078543,
        "nauc_map_at_100_max": 0.37554873557010665,
        "nauc_map_at_100_std": -0.5388227577185911,
        "nauc_map_at_10_diff1": 0.7560488630782424,
        "nauc_map_at_10_max": 0.3721834410077854,
        "nauc_map_at_10_std": -0.5554354566591582,
        "nauc_map_at_1_diff1": 0.7931350343183491,
        "nauc_map_at_1_max": 0.2856069072157854,
        "nauc_map_at_1_std": -0.47183698452878187,
        "nauc_map_at_20_diff1": 0.7549217159595906,
        "nauc_map_at_20_max": 0.37486466790636874,
        "nauc_map_at_20_std": -0.5461291172882549,
        "nauc_map_at_3_diff1": 0.75911356398921,
        "nauc_map_at_3_max": 0.3442987617380859,
        "nauc_map_at_3_std": -0.5699849603846524,
        "nauc_map_at_5_diff1": 0.7572707857153218,
        "nauc_map_at_5_max": 0.360993022392411,
        "nauc_map_at_5_std": -0.5694914472965604,
        "nauc_mrr_at_1000_diff1": 0.7642154665159117,
        "nauc_mrr_at_1000_max": 0.3989126057089077,
        "nauc_mrr_at_1000_std": -0.5072817463652908,
        "nauc_mrr_at_100_diff1": 0.7642251982872877,
        "nauc_mrr_at_100_max": 0.3989066959693228,
        "nauc_mrr_at_100_std": -0.5073012101570328,
        "nauc_mrr_at_10_diff1": 0.7639627641140196,
        "nauc_mrr_at_10_max": 0.3995501601533113,
        "nauc_mrr_at_10_std": -0.5082205583779636,
        "nauc_mrr_at_1_diff1": 0.7739036631539638,
        "nauc_mrr_at_1_max": 0.39821284161199905,
        "nauc_mrr_at_1_std": -0.4782408643101569,
        "nauc_mrr_at_20_diff1": 0.7642681020106032,
        "nauc_mrr_at_20_max": 0.399221140824269,
        "nauc_mrr_at_20_std": -0.5074563353360967,
        "nauc_mrr_at_3_diff1": 0.7609656991395397,
        "nauc_mrr_at_3_max": 0.39548356770731286,
        "nauc_mrr_at_3_std": -0.5149018762975431,
        "nauc_mrr_at_5_diff1": 0.7634049453710224,
        "nauc_mrr_at_5_max": 0.3998895111323198,
        "nauc_mrr_at_5_std": -0.5115769497501921,
        "nauc_ndcg_at_1000_diff1": 0.7543894778850758,
        "nauc_ndcg_at_1000_max": 0.38824115114890473,
        "nauc_ndcg_at_1000_std": -0.520508087011366,
        "nauc_ndcg_at_100_diff1": 0.7544451565313575,
        "nauc_ndcg_at_100_max": 0.38744627827779043,
        "nauc_ndcg_at_100_std": -0.5234499510263819,
        "nauc_ndcg_at_10_diff1": 0.753242239779252,
        "nauc_ndcg_at_10_max": 0.3830704358796796,
        "nauc_ndcg_at_10_std": -0.5514350443703139,
        "nauc_ndcg_at_1_diff1": 0.7737040887908996,
        "nauc_ndcg_at_1_max": 0.39871291458453856,
        "nauc_ndcg_at_1_std": -0.47871275515084705,
        "nauc_ndcg_at_20_diff1": 0.754263672844716,
        "nauc_ndcg_at_20_max": 0.38591392669789953,
        "nauc_ndcg_at_20_std": -0.5413317674268692,
        "nauc_ndcg_at_3_diff1": 0.745043139608516,
        "nauc_ndcg_at_3_max": 0.36541542044417347,
        "nauc_ndcg_at_3_std": -0.5547143329301709,
        "nauc_ndcg_at_5_diff1": 0.7503392941529522,
        "nauc_ndcg_at_5_max": 0.37502954721261744,
        "nauc_ndcg_at_5_std": -0.561245278966008,
        "nauc_precision_at_1000_diff1": -0.4311574638294854,
        "nauc_precision_at_1000_max": -0.07700314967362085,
        "nauc_precision_at_1000_std": 0.42183485215167155,
        "nauc_precision_at_100_diff1": -0.4293307778321033,
        "nauc_precision_at_100_max": -0.07280929583399268,
        "nauc_precision_at_100_std": 0.40277440014519994,
        "nauc_precision_at_10_diff1": -0.3838431778899988,
        "nauc_precision_at_10_max": -0.0193584272205522,
        "nauc_precision_at_10_std": 0.27536531806341136,
        "nauc_precision_at_1_diff1": 0.7737040887908996,
        "nauc_precision_at_1_max": 0.39871291458453856,
        "nauc_precision_at_1_std": -0.47871275515084705,
        "nauc_precision_at_20_diff1": -0.41406553256329975,
        "nauc_precision_at_20_max": -0.04643919719273246,
        "nauc_precision_at_20_std": 0.3367255406825752,
        "nauc_precision_at_3_diff1": -0.19996494120741212,
        "nauc_precision_at_3_max": 0.06967153502481867,
        "nauc_precision_at_3_std": 0.03697294582473583,
        "nauc_precision_at_5_diff1": -0.31810645203723653,
        "nauc_precision_at_5_max": 0.01923180855478961,
        "nauc_precision_at_5_std": 0.16547706815871244,
        "nauc_recall_at_1000_diff1": 0.5931116735411527,
        "nauc_recall_at_1000_max": 0.20894700269991243,
        "nauc_recall_at_1000_std": -0.310506468573299,
        "nauc_recall_at_100_diff1": 0.7218186640461052,
        "nauc_recall_at_100_max": 0.34649040125513586,
        "nauc_recall_at_100_std": -0.5591197703305785,
        "nauc_recall_at_10_diff1": 0.7074448682644006,
        "nauc_recall_at_10_max": 0.36105978646487297,
        "nauc_recall_at_10_std": -0.7169919916024742,
        "nauc_recall_at_1_diff1": 0.7931350343183491,
        "nauc_recall_at_1_max": 0.2856069072157854,
        "nauc_recall_at_1_std": -0.47183698452878187,
        "nauc_recall_at_20_diff1": 0.7119750163263782,
        "nauc_recall_at_20_max": 0.37447655267086566,
        "nauc_recall_at_20_std": -0.7255901907403549,
        "nauc_recall_at_3_diff1": 0.7142806583638774,
        "nauc_recall_at_3_max": 0.30196341529341136,
        "nauc_recall_at_3_std": -0.6453587634883313,
        "nauc_recall_at_5_diff1": 0.7038853365117388,
        "nauc_recall_at_5_max": 0.32756545525112674,
        "nauc_recall_at_5_std": -0.6893978236846676,
        "ndcg_at_1": 0.8264,
        "ndcg_at_10": 0.89004,
        "ndcg_at_100": 0.90169,
        "ndcg_at_1000": 0.90271,
        "ndcg_at_20": 0.89644,
        "ndcg_at_3": 0.86311,
        "ndcg_at_5": 0.87846,
        "precision_at_1": 0.8264,
        "precision_at_10": 0.13423,
        "precision_at_100": 0.01525,
        "precision_at_1000": 0.00157,
        "precision_at_20": 0.07107,
        "precision_at_3": 0.37577,
        "precision_at_5": 0.24692,
        "recall_at_1": 0.71767,
        "recall_at_10": 0.95617,
        "recall_at_100": 0.99557,
        "recall_at_1000": 0.9998,
        "recall_at_20": 0.97689,
        "recall_at_3": 0.8782,
        "recall_at_5": 0.92208
      }
    ]
  },
  "task_name": "QuoraRetrieval"
}