{
  "dataset_revision": "f8c2fcf00f625baaa80f62ec5bd9e1fff3b8ae88",
  "evaluation_time": 66.4828736782074,
  "kg_co2_emissions": null,
  "mteb_version": "1.13.1",
  "scores": {
    "test": [
      {
        "hf_subset": "default",
        "languages": [
          "eng-Latn"
        ],
        "main_score": 0.20636,
        "map_at_1": 0.04813,
        "map_at_10": 0.12469,
        "map_at_100": 0.14525,
        "map_at_1000": 0.14786,
        "map_at_20": 0.13576,
        "map_at_3": 0.08955,
        "map_at_5": 0.10676,
        "mrr_at_1": 0.237,
        "mrr_at_10": 0.3460079365079365,
        "mrr_at_100": 0.35633184623746167,
        "mrr_at_1000": 0.35679421576897397,
        "mrr_at_20": 0.35199643170726763,
        "mrr_at_3": 0.3106666666666667,
        "mrr_at_5": 0.3315166666666666,
        "nauc_map_at_1000_diff1": 0.20149872141145905,
        "nauc_map_at_1000_max": 0.341522303121287,
        "nauc_map_at_1000_std": 0.13756234977215895,
        "nauc_map_at_100_diff1": 0.2029597610007146,
        "nauc_map_at_100_max": 0.341626440535241,
        "nauc_map_at_100_std": 0.13499221556330906,
        "nauc_map_at_10_diff1": 0.18975760550118753,
        "nauc_map_at_10_max": 0.3218313072560536,
        "nauc_map_at_10_std": 0.10101449931124377,
        "nauc_map_at_1_diff1": 0.26606109462348027,
        "nauc_map_at_1_max": 0.24163487729038444,
        "nauc_map_at_1_std": 0.04050563306436143,
        "nauc_map_at_20_diff1": 0.19713476467905985,
        "nauc_map_at_20_max": 0.33179751511561967,
        "nauc_map_at_20_std": 0.11647998495675758,
        "nauc_map_at_3_diff1": 0.19709465192840733,
        "nauc_map_at_3_max": 0.27661840623790235,
        "nauc_map_at_3_std": 0.05531852791154512,
        "nauc_map_at_5_diff1": 0.19375978802791463,
        "nauc_map_at_5_max": 0.30361107257238096,
        "nauc_map_at_5_std": 0.07075152234462681,
        "nauc_mrr_at_1000_diff1": 0.243661825565153,
        "nauc_mrr_at_1000_max": 0.29678788976662557,
        "nauc_mrr_at_1000_std": 0.1095793693589199,
        "nauc_mrr_at_100_diff1": 0.24361564323929155,
        "nauc_mrr_at_100_max": 0.29692612486357667,
        "nauc_mrr_at_100_std": 0.10978620312805243,
        "nauc_mrr_at_10_diff1": 0.24366270287181363,
        "nauc_mrr_at_10_max": 0.2964065127922072,
        "nauc_mrr_at_10_std": 0.10554483891317924,
        "nauc_mrr_at_1_diff1": 0.26571885931822325,
        "nauc_mrr_at_1_max": 0.24280071499670974,
        "nauc_mrr_at_1_std": 0.0401048701997865,
        "nauc_mrr_at_20_diff1": 0.24301094171999862,
        "nauc_mrr_at_20_max": 0.2968354764440736,
        "nauc_mrr_at_20_std": 0.10976571415385582,
        "nauc_mrr_at_3_diff1": 0.2432870678183761,
        "nauc_mrr_at_3_max": 0.29327349131056996,
        "nauc_mrr_at_3_std": 0.09417377186073488,
        "nauc_mrr_at_5_diff1": 0.24171220354216716,
        "nauc_mrr_at_5_max": 0.2963289512809764,
        "nauc_mrr_at_5_std": 0.11033358652052418,
        "nauc_ndcg_at_1000_diff1": 0.2096712605164174,
        "nauc_ndcg_at_1000_max": 0.36299174825942987,
        "nauc_ndcg_at_1000_std": 0.22030396481856365,
        "nauc_ndcg_at_100_diff1": 0.22161992359694474,
        "nauc_ndcg_at_100_max": 0.37084477142113925,
        "nauc_ndcg_at_100_std": 0.20901457342735935,
        "nauc_ndcg_at_10_diff1": 0.20256735519756952,
        "nauc_ndcg_at_10_max": 0.3338585860858237,
        "nauc_ndcg_at_10_std": 0.13077040771361975,
        "nauc_ndcg_at_1_diff1": 0.26571885931822325,
        "nauc_ndcg_at_1_max": 0.24280071499670974,
        "nauc_ndcg_at_1_std": 0.0401048701997865,
        "nauc_ndcg_at_20_diff1": 0.20960510566492307,
        "nauc_ndcg_at_20_max": 0.34669956360645454,
        "nauc_ndcg_at_20_std": 0.1569697055273028,
        "nauc_ndcg_at_3_diff1": 0.20691794372094063,
        "nauc_ndcg_at_3_max": 0.2929803703685749,
        "nauc_ndcg_at_3_std": 0.0815690252842032,
        "nauc_ndcg_at_5_diff1": 0.2046594965310205,
        "nauc_ndcg_at_5_max": 0.31906723605870196,
        "nauc_ndcg_at_5_std": 0.1086792114673261,
        "nauc_precision_at_1000_diff1": 0.10541477904599969,
        "nauc_precision_at_1000_max": 0.29194931681631103,
        "nauc_precision_at_1000_std": 0.3492827799851843,
        "nauc_precision_at_100_diff1": 0.18170886990568685,
        "nauc_precision_at_100_max": 0.3651658805616334,
        "nauc_precision_at_100_std": 0.31595190120044464,
        "nauc_precision_at_10_diff1": 0.16584175110892482,
        "nauc_precision_at_10_max": 0.3430876705045906,
        "nauc_precision_at_10_std": 0.1653458098918453,
        "nauc_precision_at_1_diff1": 0.26571885931822325,
        "nauc_precision_at_1_max": 0.24280071499670974,
        "nauc_precision_at_1_std": 0.0401048701997865,
        "nauc_precision_at_20_diff1": 0.17331130865477792,
        "nauc_precision_at_20_max": 0.3486599285022308,
        "nauc_precision_at_20_std": 0.20626944357270546,
        "nauc_precision_at_3_diff1": 0.18427453060947513,
        "nauc_precision_at_3_max": 0.3089410142598482,
        "nauc_precision_at_3_std": 0.09760963241485883,
        "nauc_precision_at_5_diff1": 0.1731986944205565,
        "nauc_precision_at_5_max": 0.33486266384799,
        "nauc_precision_at_5_std": 0.13605362095073362,
        "nauc_recall_at_1000_diff1": 0.1009950082031544,
        "nauc_recall_at_1000_max": 0.2913266439914545,
        "nauc_recall_at_1000_std": 0.35771930860743983,
        "nauc_recall_at_100_diff1": 0.1767595893978252,
        "nauc_recall_at_100_max": 0.36224792105984055,
        "nauc_recall_at_100_std": 0.318071328159843,
        "nauc_recall_at_10_diff1": 0.16366834354076204,
        "nauc_recall_at_10_max": 0.3394602077308669,
        "nauc_recall_at_10_std": 0.16424214857700617,
        "nauc_recall_at_1_diff1": 0.26606109462348027,
        "nauc_recall_at_1_max": 0.24163487729038444,
        "nauc_recall_at_1_std": 0.04050563306436143,
        "nauc_recall_at_20_diff1": 0.17118708808296484,
        "nauc_recall_at_20_max": 0.3460577360030073,
        "nauc_recall_at_20_std": 0.2078551260909254,
        "nauc_recall_at_3_diff1": 0.18327069346630864,
        "nauc_recall_at_3_max": 0.3064479193752918,
        "nauc_recall_at_3_std": 0.09717820711588789,
        "nauc_recall_at_5_diff1": 0.17204139183573627,
        "nauc_recall_at_5_max": 0.33307179365894457,
        "nauc_recall_at_5_std": 0.13566735004726327,
        "ndcg_at_1": 0.237,
        "ndcg_at_10": 0.20636,
        "ndcg_at_100": 0.28437,
        "ndcg_at_1000": 0.33163,
        "ndcg_at_20": 0.23569,
        "ndcg_at_3": 0.19654,
        "ndcg_at_5": 0.17188,
        "precision_at_1": 0.237,
        "precision_at_10": 0.107,
        "precision_at_100": 0.02185,
        "precision_at_1000": 0.00333,
        "precision_at_20": 0.0704,
        "precision_at_3": 0.18467,
        "precision_at_5": 0.1516,
        "recall_at_1": 0.04813,
        "recall_at_10": 0.21678,
        "recall_at_100": 0.44382,
        "recall_at_1000": 0.67572,
        "recall_at_20": 0.28558,
        "recall_at_3": 0.11248,
        "recall_at_5": 0.15358
      }
    ]
  },
  "task_name": "SCIDOCS"
}