{
  "dataset_revision": "0228b52cf27578f30900b9e5271d331663a030d7",
  "evaluation_time": 47.35354042053223,
  "kg_co2_emissions": null,
  "mteb_version": "1.13.1",
  "scores": {
    "test": [
      {
        "hf_subset": "default",
        "languages": [
          "eng-Latn"
        ],
        "main_score": 0.7212,
        "map_at_1": 0.594,
        "map_at_10": 0.68104,
        "map_at_100": 0.68783,
        "map_at_1000": 0.68806,
        "map_at_20": 0.68561,
        "map_at_3": 0.6561,
        "map_at_5": 0.67087,
        "mrr_at_1": 0.62,
        "mrr_at_10": 0.6894074074074074,
        "mrr_at_100": 0.6950527771349262,
        "mrr_at_1000": 0.695251586397616,
        "mrr_at_20": 0.6930105218855218,
        "mrr_at_3": 0.6727777777777778,
        "mrr_at_5": 0.6812777777777778,
        "nauc_map_at_1000_diff1": 0.7403651690876728,
        "nauc_map_at_1000_max": 0.5961781224162206,
        "nauc_map_at_1000_std": 0.005961149369393348,
        "nauc_map_at_100_diff1": 0.7403344199619772,
        "nauc_map_at_100_max": 0.5964578737639916,
        "nauc_map_at_100_std": 0.006113219954231508,
        "nauc_map_at_10_diff1": 0.740301716520191,
        "nauc_map_at_10_max": 0.5968634386997552,
        "nauc_map_at_10_std": -0.0007214498198058319,
        "nauc_map_at_1_diff1": 0.7812349302241641,
        "nauc_map_at_1_max": 0.5159664429066905,
        "nauc_map_at_1_std": -0.07272248536290221,
        "nauc_map_at_20_diff1": 0.7395701656337587,
        "nauc_map_at_20_max": 0.5978558554105948,
        "nauc_map_at_20_std": 0.00921233232137242,
        "nauc_map_at_3_diff1": 0.7520433159071401,
        "nauc_map_at_3_max": 0.5704636654777492,
        "nauc_map_at_3_std": -0.04042454426504789,
        "nauc_map_at_5_diff1": 0.739831647174196,
        "nauc_map_at_5_max": 0.5899115626271502,
        "nauc_map_at_5_std": -0.0139163320078044,
        "nauc_mrr_at_1000_diff1": 0.7374905730358339,
        "nauc_mrr_at_1000_max": 0.606350354225305,
        "nauc_mrr_at_1000_std": 0.02742289266232102,
        "nauc_mrr_at_100_diff1": 0.7374238232400138,
        "nauc_mrr_at_100_max": 0.6065444039078443,
        "nauc_mrr_at_100_std": 0.027580921500745415,
        "nauc_mrr_at_10_diff1": 0.7364106478586159,
        "nauc_mrr_at_10_max": 0.6091460184579243,
        "nauc_mrr_at_10_std": 0.024909547319395854,
        "nauc_mrr_at_1_diff1": 0.777056476838035,
        "nauc_mrr_at_1_max": 0.5591124921802085,
        "nauc_mrr_at_1_std": -0.017531715021178028,
        "nauc_mrr_at_20_diff1": 0.7364135633898711,
        "nauc_mrr_at_20_max": 0.6077581091534642,
        "nauc_mrr_at_20_std": 0.030226764512262336,
        "nauc_mrr_at_3_diff1": 0.7401999841600487,
        "nauc_mrr_at_3_max": 0.6033513902420171,
        "nauc_mrr_at_3_std": 0.016088047229774537,
        "nauc_mrr_at_5_diff1": 0.7342479683229913,
        "nauc_mrr_at_5_max": 0.6076103233588847,
        "nauc_mrr_at_5_std": 0.024163979420761886,
        "nauc_ndcg_at_1000_diff1": 0.7298793522338821,
        "nauc_ndcg_at_1000_max": 0.6137576658001488,
        "nauc_ndcg_at_1000_std": 0.03607956534110568,
        "nauc_ndcg_at_100_diff1": 0.7293131161000047,
        "nauc_ndcg_at_100_max": 0.619442170083184,
        "nauc_ndcg_at_100_std": 0.039480219912147174,
        "nauc_ndcg_at_10_diff1": 0.724652330206403,
        "nauc_ndcg_at_10_max": 0.6267324884766523,
        "nauc_ndcg_at_10_std": 0.028786571435041316,
        "nauc_ndcg_at_1_diff1": 0.777056476838035,
        "nauc_ndcg_at_1_max": 0.5591124921802085,
        "nauc_ndcg_at_1_std": -0.017531715021178028,
        "nauc_ndcg_at_20_diff1": 0.7217166929133929,
        "nauc_ndcg_at_20_max": 0.6273530066120314,
        "nauc_ndcg_at_20_std": 0.05705619763494573,
        "nauc_ndcg_at_3_diff1": 0.7339741524697858,
        "nauc_ndcg_at_3_max": 0.5972959814961406,
        "nauc_ndcg_at_3_std": -0.013408747318814465,
        "nauc_ndcg_at_5_diff1": 0.7208944043635799,
        "nauc_ndcg_at_5_max": 0.6138901019310491,
        "nauc_ndcg_at_5_std": 0.008304069148858041,
        "nauc_precision_at_1000_diff1": -0.3193393025385604,
        "nauc_precision_at_1000_max": 0.1145020062063912,
        "nauc_precision_at_1000_std": 0.4737414266795797,
        "nauc_precision_at_100_diff1": -0.18832609516616347,
        "nauc_precision_at_100_max": 0.22375967711480338,
        "nauc_precision_at_100_std": 0.4471004059667675,
        "nauc_precision_at_10_diff1": 0.11221039389740366,
        "nauc_precision_at_10_max": 0.43222779745662115,
        "nauc_precision_at_10_std": 0.3459241148067399,
        "nauc_precision_at_1_diff1": 0.777056476838035,
        "nauc_precision_at_1_max": 0.5591124921802085,
        "nauc_precision_at_1_std": -0.017531715021178028,
        "nauc_precision_at_20_diff1": -0.011663030290927532,
        "nauc_precision_at_20_max": 0.3648141953457715,
        "nauc_precision_at_20_std": 0.455871706666799,
        "nauc_precision_at_3_diff1": 0.43439226171593776,
        "nauc_precision_at_3_max": 0.5196704884766637,
        "nauc_precision_at_3_std": 0.13492650946388948,
        "nauc_precision_at_5_diff1": 0.23975073794686755,
        "nauc_precision_at_5_max": 0.47072249154225215,
        "nauc_precision_at_5_std": 0.24290919546943246,
        "nauc_recall_at_1000_diff1": 0.637410519763458,
        "nauc_recall_at_1000_max": 0.693432928727048,
        "nauc_recall_at_1000_std": 0.764239028944906,
        "nauc_recall_at_100_diff1": 0.686536230653877,
        "nauc_recall_at_100_max": 0.8235152646917351,
        "nauc_recall_at_100_std": 0.320841467900293,
        "nauc_recall_at_10_diff1": 0.6621131459845631,
        "nauc_recall_at_10_max": 0.7343935943632096,
        "nauc_recall_at_10_std": 0.10106008403946977,
        "nauc_recall_at_1_diff1": 0.7812349302241641,
        "nauc_recall_at_1_max": 0.5159664429066905,
        "nauc_recall_at_1_std": -0.07272248536290221,
        "nauc_recall_at_20_diff1": 0.6192349745112677,
        "nauc_recall_at_20_max": 0.7749944772083466,
        "nauc_recall_at_20_std": 0.31370435307836075,
        "nauc_recall_at_3_diff1": 0.6969368708752751,
        "nauc_recall_at_3_max": 0.618247245055458,
        "nauc_recall_at_3_std": -0.029385220472481304,
        "nauc_recall_at_5_diff1": 0.657830303847409,
        "nauc_recall_at_5_max": 0.6696225907258913,
        "nauc_recall_at_5_std": 0.02602072624013243,
        "ndcg_at_1": 0.62,
        "ndcg_at_10": 0.7212,
        "ndcg_at_100": 0.7489,
        "ndcg_at_1000": 0.75352,
        "ndcg_at_20": 0.73523,
        "ndcg_at_3": 0.68012,
        "ndcg_at_5": 0.69844,
        "precision_at_1": 0.62,
        "precision_at_10": 0.09467,
        "precision_at_100": 0.01083,
        "precision_at_1000": 0.00112,
        "precision_at_20": 0.05033,
        "precision_at_3": 0.26333,
        "precision_at_5": 0.17267,
        "recall_at_1": 0.594,
        "recall_at_10": 0.83522,
        "recall_at_100": 0.956,
        "recall_at_1000": 0.99,
        "recall_at_20": 0.887,
        "recall_at_3": 0.72267,
        "recall_at_5": 0.76689
      }
    ]
  },
  "task_name": "SciFact"
}