{
  "dataset_revision": "e185fbe320c72810689fc5848eb6114e1ef5ec69",
  "evaluation_time": 137.52344703674316,
  "kg_co2_emissions": null,
  "mteb_version": "1.13.1",
  "scores": {
    "test": [
      {
        "hf_subset": "default",
        "languages": [
          "eng-Latn"
        ],
        "main_score": 0.5161912288533899,
        "map": 0.5161912288533899,
        "mrr": 0.524486195993549,
        "nAUC_map_diff1": 0.38677874909110405,
        "nAUC_map_max": 0.1527720354991254,
        "nAUC_map_std": 0.0970894524231708,
        "nAUC_mrr_diff1": 0.38695554274886523,
        "nAUC_mrr_max": 0.15404043725047908,
        "nAUC_mrr_std": 0.10394166847683793
      }
    ]
  },
  "task_name": "StackOverflowDupQuestions"
}