{
  "dataset_revision": "4d8694f8f0e0100860b497b999b3dbed754a0513",
  "evaluation_time": 23.84439969062805,
  "kg_co2_emissions": null,
  "mteb_version": "1.13.1",
  "scores": {
    "test": [
      {
        "cosine_pearson": 0.8318528794490792,
        "cosine_spearman": 0.8370393216156704,
        "euclidean_pearson": 0.8088453663334313,
        "euclidean_spearman": 0.8250359781334108,
        "hf_subset": "default",
        "languages": [
          "eng-Latn"
        ],
        "main_score": 0.8370393216156704,
        "manhattan_pearson": 0.8082195280146636,
        "manhattan_spearman": 0.8244459252499091,
        "pearson": 0.8318528794490792,
        "spearman": 0.8370393216156704
      }
    ]
  },
  "task_name": "STS16"
}