{
  "dataset_revision": "a0d554a64d88156834ff5ae9920b964011b16384",
  "evaluation_time": 31.197556972503662,
  "kg_co2_emissions": null,
  "mteb_version": "1.13.1",
  "scores": {
    "test": [
      {
        "cosine_pearson": 0.8068033269089816,
        "cosine_spearman": 0.7424680361718168,
        "euclidean_pearson": 0.77198240711789,
        "euclidean_spearman": 0.7400172408950553,
        "hf_subset": "default",
        "languages": [
          "eng-Latn"
        ],
        "main_score": 0.7424680361718168,
        "manhattan_pearson": 0.7707764511982123,
        "manhattan_spearman": 0.7388858421191751,
        "pearson": 0.8068033269089816,
        "spearman": 0.7424680361718168
      }
    ]
  },
  "task_name": "STS12"
}