{
  "dataset_revision": "6031580fec1f6af667f0bd2da0a551cf4f0b2375",
  "evaluation_time": 47.27141070365906,
  "kg_co2_emissions": null,
  "mteb_version": "1.13.1",
  "scores": {
    "test": [
      {
        "cosine_pearson": 0.8355210615919055,
        "cosine_spearman": 0.8112665366092503,
        "euclidean_pearson": 0.812737635236038,
        "euclidean_spearman": 0.8029508673376555,
        "hf_subset": "default",
        "languages": [
          "eng-Latn"
        ],
        "main_score": 0.8112665366092503,
        "manhattan_pearson": 0.8125660666728314,
        "manhattan_spearman": 0.8028480571776531,
        "pearson": 0.8355210615919055,
        "spearman": 0.8112665366092503
      }
    ]
  },
  "task_name": "STS14"
}