{
  "dataset_revision": "de9d86b3b84231dc21f76c7b7af1f28e2f57f6e3",
  "evaluation_time": 28.924102306365967,
  "kg_co2_emissions": null,
  "mteb_version": "1.13.1",
  "scores": {
    "test": [
      {
        "cosine_pearson": 0.6686954299673584,
        "cosine_spearman": 0.6609501011857845,
        "euclidean_pearson": 0.645841882522158,
        "euclidean_spearman": 0.646974416598095,
        "hf_subset": "en",
        "languages": [
          "eng-Latn"
        ],
        "main_score": 0.6609501011857845,
        "manhattan_pearson": 0.6467444964987349,
        "manhattan_spearman": 0.6461499716593966,
        "pearson": 0.6686954299673584,
        "spearman": 0.6609501011857845
      }
    ]
  },
  "task_name": "STS22"
}