{
  "dataset_revision": "b0fddb56ed78048fa8b90373c8a3cfc37b684831",
  "evaluation_time": 60.35932016372681,
  "kg_co2_emissions": null,
  "mteb_version": "1.13.1",
  "scores": {
    "test": [
      {
        "cosine_pearson": 0.8527436960632213,
        "cosine_spearman": 0.8521390778480854,
        "euclidean_pearson": 0.8383737453781703,
        "euclidean_spearman": 0.8432334908260783,
        "hf_subset": "default",
        "languages": [
          "eng-Latn"
        ],
        "main_score": 0.8521390778480854,
        "manhattan_pearson": 0.8376608338055745,
        "manhattan_spearman": 0.8425022417634154,
        "pearson": 0.8527436960632213,
        "spearman": 0.8521390778480854
      }
    ]
  },
  "task_name": "STSBenchmark"
}