{
  "dataset_revision": "a34f9a33db75fa0cbb21bb5cfc3dae8dc8bec93f",
  "evaluation_time": 611.1453139781952,
  "kg_co2_emissions": null,
  "mteb_version": "1.13.1",
  "scores": {
    "test": [
      {
        "hf_subset": "default",
        "languages": [
          "eng-Latn"
        ],
        "main_score": 0.22449,
        "map_at_1": 0.02074,
        "map_at_10": 0.08832,
        "map_at_100": 0.14708,
        "map_at_1000": 0.16303,
        "map_at_20": 0.11361,
        "map_at_3": 0.04549,
        "map_at_5": 0.06144,
        "mrr_at_1": 0.2857142857142857,
        "mrr_at_10": 0.4308390022675737,
        "mrr_at_100": 0.4420733001716215,
        "mrr_at_1000": 0.4420733001716215,
        "mrr_at_20": 0.4392782754127292,
        "mrr_at_3": 0.39115646258503406,
        "mrr_at_5": 0.41462585034013605,
        "nauc_map_at_1000_diff1": 0.03780722275162747,
        "nauc_map_at_1000_max": -0.11475931478854802,
        "nauc_map_at_1000_std": -0.047707352707450405,
        "nauc_map_at_100_diff1": 0.04046537207938118,
        "nauc_map_at_100_max": -0.12022298399616116,
        "nauc_map_at_100_std": -0.08678836853006698,
        "nauc_map_at_10_diff1": 0.12520776945332587,
        "nauc_map_at_10_max": -0.07771265621682917,
        "nauc_map_at_10_std": -0.277059290416476,
        "nauc_map_at_1_diff1": 0.04400838206495336,
        "nauc_map_at_1_max": -0.18435968342507278,
        "nauc_map_at_1_std": -0.28669150231966034,
        "nauc_map_at_20_diff1": 0.07804353304519399,
        "nauc_map_at_20_max": -0.09974710919525519,
        "nauc_map_at_20_std": -0.19782836214027855,
        "nauc_map_at_3_diff1": 0.16761502555213284,
        "nauc_map_at_3_max": -0.0801553394070689,
        "nauc_map_at_3_std": -0.2937240945544259,
        "nauc_map_at_5_diff1": 0.21034629676177014,
        "nauc_map_at_5_max": -0.06356155449480792,
        "nauc_map_at_5_std": -0.3009725225148493,
        "nauc_mrr_at_1000_diff1": -0.0350252080949444,
        "nauc_mrr_at_1000_max": -0.32693944613216225,
        "nauc_mrr_at_1000_std": -0.2301306955278486,
        "nauc_mrr_at_100_diff1": -0.0350252080949444,
        "nauc_mrr_at_100_max": -0.32693944613216225,
        "nauc_mrr_at_100_std": -0.2301306955278486,
        "nauc_mrr_at_10_diff1": -0.038061716492524496,
        "nauc_mrr_at_10_max": -0.33180760626892813,
        "nauc_mrr_at_10_std": -0.22354720641369308,
        "nauc_mrr_at_1_diff1": -0.004300910786402682,
        "nauc_mrr_at_1_max": -0.3259453187720021,
        "nauc_mrr_at_1_std": -0.283199495770232,
        "nauc_mrr_at_20_diff1": -0.037401231136872375,
        "nauc_mrr_at_20_max": -0.3292526772906957,
        "nauc_mrr_at_20_std": -0.22330253056354157,
        "nauc_mrr_at_3_diff1": -0.02253155827670488,
        "nauc_mrr_at_3_max": -0.3119580795206478,
        "nauc_mrr_at_3_std": -0.27095940628240167,
        "nauc_mrr_at_5_diff1": -0.03186568174187776,
        "nauc_mrr_at_5_max": -0.30790880909221197,
        "nauc_mrr_at_5_std": -0.23194441811609742,
        "nauc_ndcg_at_1000_diff1": -0.13519631301295587,
        "nauc_ndcg_at_1000_max": -0.19772901928852227,
        "nauc_ndcg_at_1000_std": 0.19316139980726837,
        "nauc_ndcg_at_100_diff1": -0.09596381844540314,
        "nauc_ndcg_at_100_max": -0.24100925071701243,
        "nauc_ndcg_at_100_std": 0.09907793682819314,
        "nauc_ndcg_at_10_diff1": -0.06508291823876998,
        "nauc_ndcg_at_10_max": -0.22948433551471886,
        "nauc_ndcg_at_10_std": -0.20568038903197128,
        "nauc_ndcg_at_1_diff1": -0.1505204652619825,
        "nauc_ndcg_at_1_max": -0.3569219567323962,
        "nauc_ndcg_at_1_std": -0.25230533690459894,
        "nauc_ndcg_at_20_diff1": -0.07558433221350166,
        "nauc_ndcg_at_20_max": -0.2461622271984523,
        "nauc_ndcg_at_20_std": -0.11483786397919514,
        "nauc_ndcg_at_3_diff1": -0.03886307559227594,
        "nauc_ndcg_at_3_max": -0.2668995750521379,
        "nauc_ndcg_at_3_std": -0.26132751303084506,
        "nauc_ndcg_at_5_diff1": -0.017165477330387466,
        "nauc_ndcg_at_5_max": -0.23409013822410119,
        "nauc_ndcg_at_5_std": -0.23696234893967932,
        "nauc_precision_at_1000_diff1": -0.09685310522943753,
        "nauc_precision_at_1000_max": 0.2993433122939606,
        "nauc_precision_at_1000_std": 0.4043033725322426,
        "nauc_precision_at_100_diff1": -0.0804315078662433,
        "nauc_precision_at_100_max": -0.07216872969642234,
        "nauc_precision_at_100_std": 0.5536859622599642,
        "nauc_precision_at_10_diff1": -0.027846816324326496,
        "nauc_precision_at_10_max": -0.19651002073071977,
        "nauc_precision_at_10_std": -0.13155803505562552,
        "nauc_precision_at_1_diff1": -0.004300910786402682,
        "nauc_precision_at_1_max": -0.3259453187720021,
        "nauc_precision_at_1_std": -0.283199495770232,
        "nauc_precision_at_20_diff1": -0.06072524996429302,
        "nauc_precision_at_20_max": -0.2059576677482056,
        "nauc_precision_at_20_std": 0.10703919986213187,
        "nauc_precision_at_3_diff1": 0.0976172982521703,
        "nauc_precision_at_3_max": -0.17440910499696588,
        "nauc_precision_at_3_std": -0.2708402649542841,
        "nauc_precision_at_5_diff1": 0.14724388835657162,
        "nauc_precision_at_5_max": -0.13850841796126742,
        "nauc_precision_at_5_std": -0.2203643757226539,
        "nauc_recall_at_1000_diff1": -0.19329198585605106,
        "nauc_recall_at_1000_max": -0.06851514272432419,
        "nauc_recall_at_1000_std": 0.6582073762686459,
        "nauc_recall_at_100_diff1": -0.04859478637223698,
        "nauc_recall_at_100_max": -0.20866023766258507,
        "nauc_recall_at_100_std": 0.26486576241071774,
        "nauc_recall_at_10_diff1": 0.020085886752409594,
        "nauc_recall_at_10_max": -0.13827509984770586,
        "nauc_recall_at_10_std": -0.22203680622920793,
        "nauc_recall_at_1_diff1": 0.04400838206495336,
        "nauc_recall_at_1_max": -0.18435968342507278,
        "nauc_recall_at_1_std": -0.28669150231966034,
        "nauc_recall_at_20_diff1": -0.01273552189609393,
        "nauc_recall_at_20_max": -0.18855559075599504,
        "nauc_recall_at_20_std": -0.07346913602287651,
        "nauc_recall_at_3_diff1": 0.15977780847728074,
        "nauc_recall_at_3_max": -0.08125051372453143,
        "nauc_recall_at_3_std": -0.26947004280886605,
        "nauc_recall_at_5_diff1": 0.14341372750094605,
        "nauc_recall_at_5_max": -0.08997285177046693,
        "nauc_recall_at_5_std": -0.26600610044115736,
        "ndcg_at_1": 0.2551,
        "ndcg_at_10": 0.22449,
        "ndcg_at_100": 0.3461,
        "ndcg_at_1000": 0.46593,
        "ndcg_at_20": 0.24374,
        "ndcg_at_3": 0.24489,
        "ndcg_at_5": 0.23195,
        "precision_at_1": 0.28571,
        "precision_at_10": 0.2,
        "precision_at_100": 0.07449,
        "precision_at_1000": 0.01531,
        "precision_at_20": 0.16837,
        "precision_at_3": 0.2585,
        "precision_at_5": 0.23673,
        "recall_at_1": 0.02074,
        "recall_at_10": 0.14533,
        "recall_at_100": 0.45944,
        "recall_at_1000": 0.82899,
        "recall_at_20": 0.23255,
        "recall_at_3": 0.05511,
        "recall_at_5": 0.0847
      }
    ]
  },
  "task_name": "Touche2020"
}