{
  "dataset_revision": "bb9466bac8153a0349341eb1b22e06409e78ef4e",
  "evaluation_time": 289.5673997402191,
  "kg_co2_emissions": null,
  "mteb_version": "1.13.1",
  "scores": {
    "test": [
      {
        "hf_subset": "default",
        "languages": [
          "eng-Latn"
        ],
        "main_score": 0.79006,
        "map_at_1": 0.0026,
        "map_at_10": 0.02037,
        "map_at_100": 0.12302,
        "map_at_1000": 0.30768,
        "map_at_20": 0.03671,
        "map_at_3": 0.00698,
        "map_at_5": 0.01128,
        "mrr_at_1": 0.96,
        "mrr_at_10": 0.9766666666666667,
        "mrr_at_100": 0.9766666666666667,
        "mrr_at_1000": 0.9766666666666667,
        "mrr_at_20": 0.9766666666666667,
        "mrr_at_3": 0.9766666666666667,
        "mrr_at_5": 0.9766666666666667,
        "nauc_map_at_1000_diff1": -0.1918144151370008,
        "nauc_map_at_1000_max": 0.3622098664003819,
        "nauc_map_at_1000_std": 0.7217554977702691,
        "nauc_map_at_100_diff1": -0.023352265730457428,
        "nauc_map_at_100_max": 0.29751396276532716,
        "nauc_map_at_100_std": 0.576714916530863,
        "nauc_map_at_10_diff1": 0.2796450705568024,
        "nauc_map_at_10_max": 0.269470755173286,
        "nauc_map_at_10_std": 0.24624610559644142,
        "nauc_map_at_1_diff1": 0.2897856823300949,
        "nauc_map_at_1_max": 0.059357469828176544,
        "nauc_map_at_1_std": -0.0178953626271857,
        "nauc_map_at_20_diff1": 0.22760805567847492,
        "nauc_map_at_20_max": 0.29862720060559356,
        "nauc_map_at_20_std": 0.32554748712251946,
        "nauc_map_at_3_diff1": 0.3077053033292059,
        "nauc_map_at_3_max": 0.21057501804833254,
        "nauc_map_at_3_std": 0.10415830234181196,
        "nauc_map_at_5_diff1": 0.30066677217889043,
        "nauc_map_at_5_max": 0.2487893419067681,
        "nauc_map_at_5_std": 0.16882555328394164,
        "nauc_mrr_at_1000_diff1": -0.17133520074695588,
        "nauc_mrr_at_1000_max": 0.4233026543950969,
        "nauc_mrr_at_1000_std": 0.0778311324529875,
        "nauc_mrr_at_100_diff1": -0.17133520074695588,
        "nauc_mrr_at_100_max": 0.4233026543950969,
        "nauc_mrr_at_100_std": 0.0778311324529875,
        "nauc_mrr_at_10_diff1": -0.17133520074695588,
        "nauc_mrr_at_10_max": 0.4233026543950969,
        "nauc_mrr_at_10_std": 0.0778311324529875,
        "nauc_mrr_at_1_diff1": -0.22035480859010095,
        "nauc_mrr_at_1_max": 0.3489729225023353,
        "nauc_mrr_at_1_std": -0.07586367880485168,
        "nauc_mrr_at_20_diff1": -0.17133520074695588,
        "nauc_mrr_at_20_max": 0.4233026543950969,
        "nauc_mrr_at_20_std": 0.0778311324529875,
        "nauc_mrr_at_3_diff1": -0.17133520074695588,
        "nauc_mrr_at_3_max": 0.4233026543950969,
        "nauc_mrr_at_3_std": 0.0778311324529875,
        "nauc_mrr_at_5_diff1": -0.17133520074695588,
        "nauc_mrr_at_5_max": 0.4233026543950969,
        "nauc_mrr_at_5_std": 0.0778311324529875,
        "nauc_ndcg_at_1000_diff1": -0.13779737505394724,
        "nauc_ndcg_at_1000_max": 0.38393078804141784,
        "nauc_ndcg_at_1000_std": 0.709816498495808,
        "nauc_ndcg_at_100_diff1": -0.26661130943416556,
        "nauc_ndcg_at_100_max": 0.4014164133039321,
        "nauc_ndcg_at_100_std": 0.7493296300914121,
        "nauc_ndcg_at_10_diff1": -0.13413155177349068,
        "nauc_ndcg_at_10_max": 0.4368352318919164,
        "nauc_ndcg_at_10_std": 0.6600784310999759,
        "nauc_ndcg_at_1_diff1": -0.11666860082782088,
        "nauc_ndcg_at_1_max": 0.19252640129975668,
        "nauc_ndcg_at_1_std": 0.35240416231480404,
        "nauc_ndcg_at_20_diff1": -0.156690544136229,
        "nauc_ndcg_at_20_max": 0.3990096871878319,
        "nauc_ndcg_at_20_std": 0.6889441364442762,
        "nauc_ndcg_at_3_diff1": -0.12787855744825555,
        "nauc_ndcg_at_3_max": 0.44078976201538606,
        "nauc_ndcg_at_3_std": 0.5270896431382323,
        "nauc_ndcg_at_5_diff1": -0.1572118636158293,
        "nauc_ndcg_at_5_max": 0.4520460235127565,
        "nauc_ndcg_at_5_std": 0.6664920183312935,
        "nauc_precision_at_1000_diff1": -0.2823081898826816,
        "nauc_precision_at_1000_max": 0.2958542349280035,
        "nauc_precision_at_1000_std": 0.3720176672054201,
        "nauc_precision_at_100_diff1": -0.2943773590959393,
        "nauc_precision_at_100_max": 0.41182624678292123,
        "nauc_precision_at_100_std": 0.7457940198421895,
        "nauc_precision_at_10_diff1": -0.11779589325540162,
        "nauc_precision_at_10_max": 0.5590402214873493,
        "nauc_precision_at_10_std": 0.6794201338152734,
        "nauc_precision_at_1_diff1": -0.22035480859010095,
        "nauc_precision_at_1_max": 0.3489729225023353,
        "nauc_precision_at_1_std": -0.07586367880485168,
        "nauc_precision_at_20_diff1": -0.13420020909566016,
        "nauc_precision_at_20_max": 0.5075764506011502,
        "nauc_precision_at_20_std": 0.7123007056978573,
        "nauc_precision_at_3_diff1": -0.09822612208825379,
        "nauc_precision_at_3_max": 0.6604381036550737,
        "nauc_precision_at_3_std": 0.5602865980683036,
        "nauc_precision_at_5_diff1": -0.12562762578133044,
        "nauc_precision_at_5_max": 0.6859309355466757,
        "nauc_precision_at_5_std": 0.7586672131707481,
        "nauc_recall_at_1000_diff1": -0.08490346024065973,
        "nauc_recall_at_1000_max": 0.3208687565379364,
        "nauc_recall_at_1000_std": 0.5739242634163284,
        "nauc_recall_at_100_diff1": 0.05038705805797691,
        "nauc_recall_at_100_max": 0.24006415286024677,
        "nauc_recall_at_100_std": 0.45890442673848614,
        "nauc_recall_at_10_diff1": 0.28822225536988233,
        "nauc_recall_at_10_max": 0.21217859220481747,
        "nauc_recall_at_10_std": 0.1950019216801383,
        "nauc_recall_at_1_diff1": 0.2897856823300949,
        "nauc_recall_at_1_max": 0.059357469828176544,
        "nauc_recall_at_1_std": -0.0178953626271857,
        "nauc_recall_at_20_diff1": 0.24601763811189017,
        "nauc_recall_at_20_max": 0.2445906671378657,
        "nauc_recall_at_20_std": 0.2534147821059631,
        "nauc_recall_at_3_diff1": 0.3026258582181294,
        "nauc_recall_at_3_max": 0.20503152754094933,
        "nauc_recall_at_3_std": 0.10591109401777382,
        "nauc_recall_at_5_diff1": 0.2978955157365445,
        "nauc_recall_at_5_max": 0.21099691808418036,
        "nauc_recall_at_5_std": 0.15178657074749674,
        "ndcg_at_1": 0.87,
        "ndcg_at_10": 0.79006,
        "ndcg_at_100": 0.61103,
        "ndcg_at_1000": 0.56358,
        "ndcg_at_20": 0.75013,
        "ndcg_at_3": 0.84469,
        "ndcg_at_5": 0.82458,
        "precision_at_1": 0.96,
        "precision_at_10": 0.834,
        "precision_at_100": 0.6286,
        "precision_at_1000": 0.24846,
        "precision_at_20": 0.788,
        "precision_at_3": 0.89333,
        "precision_at_5": 0.872,
        "recall_at_1": 0.0026,
        "recall_at_10": 0.02193,
        "recall_at_100": 0.15475,
        "recall_at_1000": 0.53624,
        "recall_at_20": 0.04087,
        "recall_at_3": 0.00709,
        "recall_at_5": 0.01173
      }
    ]
  },
  "task_name": "TRECCOVID"
}