{
  "dataset_revision": "70970daeab8776df92f5ea462b6173c0b46fd2d1",
  "evaluation_time": 32.73397517204285,
  "kg_co2_emissions": null,
  "mteb_version": "1.13.1",
  "scores": {
    "test": [
      {
        "cosine_accuracy": 0.861357811289265,
        "cosine_accuracy_threshold": 0.658057451248169,
        "cosine_ap": 0.7479449053124436,
        "cosine_f1": 0.6968556513293674,
        "cosine_f1_threshold": 0.5977837443351746,
        "cosine_precision": 0.6453789071284012,
        "cosine_recall": 0.7572559366754618,
        "dot_accuracy": 0.8567085891398939,
        "dot_accuracy_threshold": 3.567836046218872,
        "dot_ap": 0.7313687946447398,
        "dot_f1": 0.6792230723955268,
        "dot_f1_threshold": 3.136320114135742,
        "dot_precision": 0.6131774707757705,
        "dot_recall": 0.7612137203166227,
        "euclidean_accuracy": 0.8580199082076653,
        "euclidean_accuracy_threshold": 1.9440302848815918,
        "euclidean_ap": 0.7344160865509408,
        "euclidean_f1": 0.684820108427797,
        "euclidean_f1_threshold": 2.0633704662323,
        "euclidean_precision": 0.6423948220064725,
        "euclidean_recall": 0.733245382585752,
        "hf_subset": "default",
        "languages": [
          "eng-Latn"
        ],
        "main_score": 0.7479449053124436,
        "manhattan_accuracy": 0.8581987244441796,
        "manhattan_accuracy_threshold": 42.508853912353516,
        "manhattan_ap": 0.7338735311840829,
        "manhattan_f1": 0.6829092654824772,
        "manhattan_f1_threshold": 46.04210662841797,
        "manhattan_precision": 0.6263760457948041,
        "manhattan_recall": 0.7506596306068601,
        "max_ap": 0.7479449053124436,
        "max_f1": 0.6968556513293674,
        "max_precision": 0.6453789071284012,
        "max_recall": 0.7612137203166227,
        "similarity_accuracy": 0.861357811289265,
        "similarity_accuracy_threshold": 0.658057451248169,
        "similarity_ap": 0.7479449053124436,
        "similarity_f1": 0.6968556513293674,
        "similarity_f1_threshold": 0.5977837443351746,
        "similarity_precision": 0.6453789071284012,
        "similarity_recall": 0.7572559366754618
      }
    ]
  },
  "task_name": "TwitterSemEval2015"
}