{
  "dataset_revision": "27a168819829fe9bcd655c2df245fb19452e8e06",
  "dev": {
    "evaluation_time": 35.2,
    "map_at_1": 0.20919,
    "map_at_10": 0.32517,
    "map_at_100": 0.34198,
    "map_at_1000": 0.34364,
    "map_at_20": 0.33374,
    "map_at_3": 0.27994,
    "map_at_5": 0.30697,
    "mrr_at_1": 0.372,
    "mrr_at_10": 0.4615,
    "mrr_at_100": 0.4669,
    "mrr_at_1000": 0.46741,
    "mrr_at_20": 0.46369,
    "mrr_at_3": 0.433,
    "mrr_at_5": 0.4483,
    "ndcg_at_1": 0.372,
    "ndcg_at_10": 0.40305,
    "ndcg_at_100": 0.46276,
    "ndcg_at_1000": 0.49173,
    "ndcg_at_20": 0.42246,
    "ndcg_at_3": 0.35507,
    "ndcg_at_5": 0.3735,
    "precision_at_1": 0.372,
    "precision_at_10": 0.1092,
    "precision_at_100": 0.01742,
    "precision_at_1000": 0.00222,
    "precision_at_20": 0.064,
    "precision_at_3": 0.22867,
    "precision_at_5": 0.1728,
    "recall_at_1": 0.20919,
    "recall_at_10": 0.48944,
    "recall_at_100": 0.71659,
    "recall_at_1000": 0.89675,
    "recall_at_20": 0.54691,
    "recall_at_3": 0.32347,
    "recall_at_5": 0.39916
  },
  "mteb_dataset_name": "FiQA2018",
  "mteb_version": "1.10.15",
  "test": {
    "evaluation_time": 35.61,
    "map_at_1": 0.18633,
    "map_at_10": 0.30064,
    "map_at_100": 0.31977,
    "map_at_1000": 0.32163,
    "map_at_20": 0.31065,
    "map_at_3": 0.25625,
    "map_at_5": 0.28163,
    "mrr_at_1": 0.37809,
    "mrr_at_10": 0.4611,
    "mrr_at_100": 0.47017,
    "mrr_at_1000": 0.4706,
    "mrr_at_20": 0.46643,
    "mrr_at_3": 0.43699,
    "mrr_at_5": 0.45095,
    "ndcg_at_1": 0.37963,
    "ndcg_at_10": 0.37891,
    "ndcg_at_100": 0.4502,
    "ndcg_at_1000": 0.48202,
    "ndcg_at_20": 0.40447,
    "ndcg_at_3": 0.33693,
    "ndcg_at_5": 0.3519,
    "precision_at_1": 0.37963,
    "precision_at_10": 0.1088,
    "precision_at_100": 0.01792,
    "precision_at_1000": 0.00237,
    "precision_at_20": 0.06474,
    "precision_at_3": 0.22634,
    "precision_at_5": 0.17068,
    "recall_at_1": 0.18633,
    "recall_at_10": 0.44696,
    "recall_at_100": 0.71821,
    "recall_at_1000": 0.90848,
    "recall_at_20": 0.52697,
    "recall_at_3": 0.29717,
    "recall_at_5": 0.36262
  },
  "train": {
    "evaluation_time": 43.75,
    "map_at_1": 0.18569,
    "map_at_10": 0.30558,
    "map_at_100": 0.3237,
    "map_at_1000": 0.32548,
    "map_at_20": 0.31534,
    "map_at_3": 0.26408,
    "map_at_5": 0.28686,
    "mrr_at_1": 0.354,
    "mrr_at_10": 0.44565,
    "mrr_at_100": 0.45438,
    "mrr_at_1000": 0.45487,
    "mrr_at_20": 0.45092,
    "mrr_at_3": 0.41952,
    "mrr_at_5": 0.43421,
    "ndcg_at_1": 0.35364,
    "ndcg_at_10": 0.38207,
    "ndcg_at_100": 0.44946,
    "ndcg_at_1000": 0.48027,
    "ndcg_at_20": 0.40721,
    "ndcg_at_3": 0.33752,
    "ndcg_at_5": 0.35349,
    "precision_at_1": 0.35364,
    "precision_at_10": 0.10535,
    "precision_at_100": 0.01751,
    "precision_at_1000": 0.00229,
    "precision_at_20": 0.06346,
    "precision_at_3": 0.22273,
    "precision_at_5": 0.16589,
    "recall_at_1": 0.18569,
    "recall_at_10": 0.46099,
    "recall_at_100": 0.71638,
    "recall_at_1000": 0.90272,
    "recall_at_20": 0.53989,
    "recall_at_3": 0.31279,
    "recall_at_5": 0.37631
  }
}