{
  "dataset_revision": "27a168819829fe9bcd655c2df245fb19452e8e06",
  "dev": {
    "evaluation_time": 34.12,
    "map_at_1": 0.19959,
    "map_at_10": 0.31625,
    "map_at_100": 0.33392,
    "map_at_1000": 0.33559,
    "map_at_20": 0.32632,
    "map_at_3": 0.27495,
    "map_at_5": 0.29793,
    "mrr_at_1": 0.358,
    "mrr_at_10": 0.45016,
    "mrr_at_100": 0.45728,
    "mrr_at_1000": 0.45782,
    "mrr_at_20": 0.45458,
    "mrr_at_3": 0.425,
    "mrr_at_5": 0.4386,
    "ndcg_at_1": 0.348,
    "ndcg_at_10": 0.39306,
    "ndcg_at_100": 0.45493,
    "ndcg_at_1000": 0.48455,
    "ndcg_at_20": 0.41706,
    "ndcg_at_3": 0.34912,
    "ndcg_at_5": 0.3631,
    "precision_at_1": 0.348,
    "precision_at_10": 0.1076,
    "precision_at_100": 0.01732,
    "precision_at_1000": 0.00222,
    "precision_at_20": 0.0644,
    "precision_at_3": 0.22667,
    "precision_at_5": 0.1688,
    "recall_at_1": 0.19959,
    "recall_at_10": 0.47812,
    "recall_at_100": 0.71233,
    "recall_at_1000": 0.89702,
    "recall_at_20": 0.55144,
    "recall_at_3": 0.32721,
    "recall_at_5": 0.38791
  },
  "mteb_dataset_name": "FiQA2018",
  "mteb_version": "1.10.13",
  "test": {
    "evaluation_time": 34.84,
    "map_at_1": 0.1842,
    "map_at_10": 0.29722,
    "map_at_100": 0.31608,
    "map_at_1000": 0.318,
    "map_at_20": 0.30718,
    "map_at_3": 0.25373,
    "map_at_5": 0.27708,
    "mrr_at_1": 0.36883,
    "mrr_at_10": 0.45375,
    "mrr_at_100": 0.46356,
    "mrr_at_1000": 0.46401,
    "mrr_at_20": 0.45988,
    "mrr_at_3": 0.43133,
    "mrr_at_5": 0.44429,
    "ndcg_at_1": 0.37654,
    "ndcg_at_10": 0.37408,
    "ndcg_at_100": 0.44625,
    "ndcg_at_1000": 0.47913,
    "ndcg_at_20": 0.4017,
    "ndcg_at_3": 0.33504,
    "ndcg_at_5": 0.34809,
    "precision_at_1": 0.37654,
    "precision_at_10": 0.10725,
    "precision_at_100": 0.01781,
    "precision_at_1000": 0.00237,
    "precision_at_20": 0.06474,
    "precision_at_3": 0.22479,
    "precision_at_5": 0.16852,
    "recall_at_1": 0.1842,
    "recall_at_10": 0.43846,
    "recall_at_100": 0.71176,
    "recall_at_1000": 0.90834,
    "recall_at_20": 0.52472,
    "recall_at_3": 0.29846,
    "recall_at_5": 0.35808
  },
  "train": {
    "evaluation_time": 44.99,
    "map_at_1": 0.18063,
    "map_at_10": 0.30088,
    "map_at_100": 0.31876,
    "map_at_1000": 0.32057,
    "map_at_20": 0.31053,
    "map_at_3": 0.25999,
    "map_at_5": 0.28179,
    "mrr_at_1": 0.34782,
    "mrr_at_10": 0.44034,
    "mrr_at_100": 0.44892,
    "mrr_at_1000": 0.44939,
    "mrr_at_20": 0.44538,
    "mrr_at_3": 0.41406,
    "mrr_at_5": 0.42832,
    "ndcg_at_1": 0.34764,
    "ndcg_at_10": 0.37796,
    "ndcg_at_100": 0.44492,
    "ndcg_at_1000": 0.47608,
    "ndcg_at_20": 0.40284,
    "ndcg_at_3": 0.33396,
    "ndcg_at_5": 0.34858,
    "precision_at_1": 0.34764,
    "precision_at_10": 0.10465,
    "precision_at_100": 0.01741,
    "precision_at_1000": 0.00228,
    "precision_at_20": 0.06308,
    "precision_at_3": 0.22127,
    "precision_at_5": 0.16385,
    "recall_at_1": 0.18063,
    "recall_at_10": 0.45905,
    "recall_at_100": 0.71325,
    "recall_at_1000": 0.90153,
    "recall_at_20": 0.53725,
    "recall_at_3": 0.31191,
    "recall_at_5": 0.37226
  }
}