{
  "dataset_revision": "ec0fa4fe99da2ff19ca1214b7966684033a58814",
  "mteb_dataset_name": "NFCorpus",
  "mteb_version": "1.10.13",
  "test": {
    "evaluation_time": 4.04,
    "map_at_1": 0.05549,
    "map_at_10": 0.12212,
    "map_at_100": 0.1545,
    "map_at_1000": 0.16921,
    "map_at_20": 0.13544,
    "map_at_3": 0.08987,
    "map_at_5": 0.10596,
    "mrr_at_1": 0.47059,
    "mrr_at_10": 0.55365,
    "mrr_at_100": 0.56042,
    "mrr_at_1000": 0.56077,
    "mrr_at_20": 0.55828,
    "mrr_at_3": 0.53767,
    "mrr_at_5": 0.54618,
    "ndcg_at_1": 0.43808,
    "ndcg_at_10": 0.33551,
    "ndcg_at_100": 0.31153,
    "ndcg_at_1000": 0.40003,
    "ndcg_at_20": 0.31321,
    "ndcg_at_3": 0.40175,
    "ndcg_at_5": 0.37675,
    "precision_at_1": 0.4582,
    "precision_at_10": 0.24427,
    "precision_at_100": 0.07944,
    "precision_at_1000": 0.02095,
    "precision_at_20": 0.1805,
    "precision_at_3": 0.37771,
    "precision_at_5": 0.32446,
    "recall_at_1": 0.05549,
    "recall_at_10": 0.16239,
    "recall_at_100": 0.32019,
    "recall_at_1000": 0.63779,
    "recall_at_20": 0.20258,
    "recall_at_3": 0.10261,
    "recall_at_5": 0.13083
  }
}