{
  "dataset_revision": "f8c2fcf00f625baaa80f62ec5bd9e1fff3b8ae88",
  "mteb_dataset_name": "SCIDOCS",
  "mteb_version": "1.10.13",
  "test": {
    "evaluation_time": 19.91,
    "map_at_1": 0.04953,
    "map_at_10": 0.1242,
    "map_at_100": 0.14598,
    "map_at_1000": 0.14889,
    "map_at_20": 0.1354,
    "map_at_3": 0.08889,
    "map_at_5": 0.10585,
    "mrr_at_1": 0.245,
    "mrr_at_10": 0.34923,
    "mrr_at_100": 0.36004,
    "mrr_at_1000": 0.36057,
    "mrr_at_20": 0.35578,
    "mrr_at_3": 0.31717,
    "mrr_at_5": 0.33537,
    "ndcg_at_1": 0.244,
    "ndcg_at_10": 0.20692,
    "ndcg_at_100": 0.2869,
    "ndcg_at_1000": 0.33914,
    "ndcg_at_20": 0.23595,
    "ndcg_at_3": 0.1972,
    "ndcg_at_5": 0.17124,
    "precision_at_1": 0.244,
    "precision_at_10": 0.1073,
    "precision_at_100": 0.02217,
    "precision_at_1000": 0.00347,
    "precision_at_20": 0.0704,
    "precision_at_3": 0.18467,
    "precision_at_5": 0.1498,
    "recall_at_1": 0.04953,
    "recall_at_10": 0.21753,
    "recall_at_100": 0.44925,
    "recall_at_1000": 0.70517,
    "recall_at_20": 0.2854,
    "recall_at_3": 0.11243,
    "recall_at_5": 0.15193
  }
}