{
  "dataset_revision": "0228b52cf27578f30900b9e5271d331663a030d7",
  "mteb_dataset_name": "SciFact",
  "mteb_version": "1.10.15",
  "test": {
    "evaluation_time": 5.2,
    "map_at_1": 0.53611,
    "map_at_10": 0.63,
    "map_at_100": 0.63678,
    "map_at_1000": 0.63718,
    "map_at_20": 0.6348,
    "map_at_3": 0.60285,
    "map_at_5": 0.61885,
    "mrr_at_1": 0.56333,
    "mrr_at_10": 0.64418,
    "mrr_at_100": 0.64867,
    "mrr_at_1000": 0.64904,
    "mrr_at_20": 0.647,
    "mrr_at_3": 0.62167,
    "mrr_at_5": 0.6345,
    "ndcg_at_1": 0.56,
    "ndcg_at_10": 0.67697,
    "ndcg_at_100": 0.70472,
    "ndcg_at_1000": 0.71313,
    "ndcg_at_20": 0.69071,
    "ndcg_at_3": 0.62864,
    "ndcg_at_5": 0.65227,
    "precision_at_1": 0.56,
    "precision_at_10": 0.09067,
    "precision_at_100": 0.0106,
    "precision_at_1000": 0.00113,
    "precision_at_20": 0.04883,
    "precision_at_3": 0.24667,
    "precision_at_5": 0.16333,
    "recall_at_1": 0.53611,
    "recall_at_10": 0.80856,
    "recall_at_100": 0.935,
    "recall_at_1000": 0.99667,
    "recall_at_20": 0.85867,
    "recall_at_3": 0.67839,
    "recall_at_5": 0.73639
  },
  "train": {
    "evaluation_time": 5.93,
    "map_at_1": 0.54372,
    "map_at_10": 0.64417,
    "map_at_100": 0.6502,
    "map_at_1000": 0.65055,
    "map_at_20": 0.64833,
    "map_at_3": 0.61678,
    "map_at_5": 0.63402,
    "mrr_at_1": 0.56984,
    "mrr_at_10": 0.65747,
    "mrr_at_100": 0.66164,
    "mrr_at_1000": 0.66194,
    "mrr_at_20": 0.65999,
    "mrr_at_3": 0.63741,
    "mrr_at_5": 0.64848,
    "ndcg_at_1": 0.56737,
    "ndcg_at_10": 0.69014,
    "ndcg_at_100": 0.7159,
    "ndcg_at_1000": 0.72441,
    "ndcg_at_20": 0.70295,
    "ndcg_at_3": 0.64261,
    "ndcg_at_5": 0.66763,
    "precision_at_1": 0.56737,
    "precision_at_10": 0.09234,
    "precision_at_100": 0.01064,
    "precision_at_1000": 0.00113,
    "precision_at_20": 0.04926,
    "precision_at_3": 0.25422,
    "precision_at_5": 0.16885,
    "recall_at_1": 0.54372,
    "recall_at_10": 0.81801,
    "recall_at_100": 0.93366,
    "recall_at_1000": 0.99876,
    "recall_at_20": 0.86564,
    "recall_at_3": 0.69295,
    "recall_at_5": 0.75126
  }
}