{
  "dataset_revision": "0228b52cf27578f30900b9e5271d331663a030d7",
  "mteb_dataset_name": "SciFact",
  "mteb_version": "1.10.13",
  "test": {
    "evaluation_time": 5.27,
    "map_at_1": 0.55611,
    "map_at_10": 0.63533,
    "map_at_100": 0.64197,
    "map_at_1000": 0.64242,
    "map_at_20": 0.63969,
    "map_at_3": 0.60985,
    "map_at_5": 0.6229,
    "mrr_at_1": 0.57667,
    "mrr_at_10": 0.64479,
    "mrr_at_100": 0.64979,
    "mrr_at_1000": 0.65025,
    "mrr_at_20": 0.64802,
    "mrr_at_3": 0.62444,
    "mrr_at_5": 0.63561,
    "ndcg_at_1": 0.58,
    "ndcg_at_10": 0.67836,
    "ndcg_at_100": 0.7069,
    "ndcg_at_1000": 0.71597,
    "ndcg_at_20": 0.69172,
    "ndcg_at_3": 0.63294,
    "ndcg_at_5": 0.65219,
    "precision_at_1": 0.58,
    "precision_at_10": 0.09,
    "precision_at_100": 0.01053,
    "precision_at_1000": 0.00112,
    "precision_at_20": 0.04817,
    "precision_at_3": 0.24333,
    "precision_at_5": 0.15933,
    "recall_at_1": 0.55611,
    "recall_at_10": 0.798,
    "recall_at_100": 0.92833,
    "recall_at_1000": 0.99333,
    "recall_at_20": 0.847,
    "recall_at_3": 0.67661,
    "recall_at_5": 0.7235
  },
  "train": {
    "evaluation_time": 6.04,
    "map_at_1": 0.5363,
    "map_at_10": 0.63585,
    "map_at_100": 0.643,
    "map_at_1000": 0.64332,
    "map_at_20": 0.64087,
    "map_at_3": 0.60863,
    "map_at_5": 0.62517,
    "mrr_at_1": 0.56613,
    "mrr_at_10": 0.65183,
    "mrr_at_100": 0.65655,
    "mrr_at_1000": 0.65687,
    "mrr_at_20": 0.65487,
    "mrr_at_3": 0.63226,
    "mrr_at_5": 0.64227,
    "ndcg_at_1": 0.56242,
    "ndcg_at_10": 0.68217,
    "ndcg_at_100": 0.71053,
    "ndcg_at_1000": 0.71897,
    "ndcg_at_20": 0.69672,
    "ndcg_at_3": 0.63467,
    "ndcg_at_5": 0.6587,
    "precision_at_1": 0.56242,
    "precision_at_10": 0.09135,
    "precision_at_100": 0.01067,
    "precision_at_1000": 0.00113,
    "precision_at_20": 0.04913,
    "precision_at_3": 0.25134,
    "precision_at_5": 0.16638,
    "recall_at_1": 0.5363,
    "recall_at_10": 0.80987,
    "recall_at_100": 0.93387,
    "recall_at_1000": 0.99876,
    "recall_at_20": 0.86255,
    "recall_at_3": 0.6841,
    "recall_at_5": 0.74075
  }
}