{
  "dataset_revision": "a34f9a33db75fa0cbb21bb5cfc3dae8dc8bec93f",
  "mteb_dataset_name": "Touche2020",
  "mteb_version": "1.10.13",
  "test": {
    "evaluation_time": 281.65,
    "map_at_1": 0.00325,
    "map_at_10": 0.01405,
    "map_at_100": 0.04076,
    "map_at_1000": 0.05147,
    "map_at_20": 0.02449,
    "map_at_3": 0.00791,
    "map_at_5": 0.01063,
    "mrr_at_1": 0.06122,
    "mrr_at_10": 0.16074,
    "mrr_at_100": 0.18025,
    "mrr_at_1000": 0.18127,
    "mrr_at_20": 0.17494,
    "mrr_at_3": 0.12925,
    "mrr_at_5": 0.14762,
    "ndcg_at_1": 0.05102,
    "ndcg_at_10": 0.05478,
    "ndcg_at_100": 0.15885,
    "ndcg_at_1000": 0.27945,
    "ndcg_at_20": 0.07756,
    "ndcg_at_3": 0.05883,
    "ndcg_at_5": 0.05934,
    "precision_at_1": 0.06122,
    "precision_at_10": 0.05918,
    "precision_at_100": 0.04184,
    "precision_at_1000": 0.01178,
    "precision_at_20": 0.06531,
    "precision_at_3": 0.07483,
    "precision_at_5": 0.07347,
    "recall_at_1": 0.00325,
    "recall_at_10": 0.03952,
    "recall_at_100": 0.27554,
    "recall_at_1000": 0.64347,
    "recall_at_20": 0.09611,
    "recall_at_3": 0.01383,
    "recall_at_5": 0.02264
  }
}