{
  "dataset_revision": "bb9466bac8153a0349341eb1b22e06409e78ef4e",
  "mteb_dataset_name": "TRECCOVID",
  "mteb_version": "1.10.13",
  "test": {
    "evaluation_time": 119.07,
    "map_at_1": 0.00237,
    "map_at_10": 0.01784,
    "map_at_100": 0.10451,
    "map_at_1000": 0.26683,
    "map_at_20": 0.03046,
    "map_at_3": 0.00626,
    "map_at_5": 0.00978,
    "mrr_at_1": 0.84,
    "mrr_at_10": 0.91167,
    "mrr_at_100": 0.91167,
    "mrr_at_1000": 0.91167,
    "mrr_at_20": 0.91167,
    "mrr_at_3": 0.90667,
    "mrr_at_5": 0.91167,
    "ndcg_at_1": 0.74,
    "ndcg_at_10": 0.71449,
    "ndcg_at_100": 0.56079,
    "ndcg_at_1000": 0.52635,
    "ndcg_at_20": 0.66427,
    "ndcg_at_3": 0.74061,
    "ndcg_at_5": 0.72631,
    "precision_at_1": 0.84,
    "precision_at_10": 0.768,
    "precision_at_100": 0.5774,
    "precision_at_1000": 0.23224,
    "precision_at_20": 0.697,
    "precision_at_3": 0.81333,
    "precision_at_5": 0.784,
    "recall_at_1": 0.00237,
    "recall_at_10": 0.02005,
    "recall_at_100": 0.14009,
    "recall_at_1000": 0.50255,
    "recall_at_20": 0.03591,
    "recall_at_3": 0.00664,
    "recall_at_5": 0.0106
  }
}