{
  "dataset_revision": "27a168819829fe9bcd655c2df245fb19452e8e06",
  "dev": {
    "evaluation_time": 34.35,
    "map_at_1": 0.22561,
    "map_at_10": 0.334,
    "map_at_100": 0.35252,
    "map_at_1000": 0.35416,
    "map_at_20": 0.3439,
    "map_at_3": 0.29029,
    "map_at_5": 0.31474,
    "mrr_at_1": 0.4,
    "mrr_at_10": 0.48051,
    "mrr_at_100": 0.4893,
    "mrr_at_1000": 0.48977,
    "mrr_at_20": 0.48637,
    "mrr_at_3": 0.457,
    "mrr_at_5": 0.4702,
    "ndcg_at_1": 0.402,
    "ndcg_at_10": 0.40812,
    "ndcg_at_100": 0.47308,
    "ndcg_at_1000": 0.50095,
    "ndcg_at_20": 0.43488,
    "ndcg_at_3": 0.36763,
    "ndcg_at_5": 0.38107,
    "precision_at_1": 0.402,
    "precision_at_10": 0.1064,
    "precision_at_100": 0.01728,
    "precision_at_1000": 0.00219,
    "precision_at_20": 0.0637,
    "precision_at_3": 0.228,
    "precision_at_5": 0.1692,
    "recall_at_1": 0.22561,
    "recall_at_10": 0.47373,
    "recall_at_100": 0.7122,
    "recall_at_1000": 0.88486,
    "recall_at_20": 0.56089,
    "recall_at_3": 0.32793,
    "recall_at_5": 0.39212
  },
  "mteb_dataset_name": "FiQA2018",
  "mteb_version": "1.10.13",
  "test": {
    "evaluation_time": 35.11,
    "map_at_1": 0.19438,
    "map_at_10": 0.31977,
    "map_at_100": 0.33666,
    "map_at_1000": 0.33846,
    "map_at_20": 0.32924,
    "map_at_3": 0.2757,
    "map_at_5": 0.30214,
    "mrr_at_1": 0.38735,
    "mrr_at_10": 0.4789,
    "mrr_at_100": 0.48665,
    "mrr_at_1000": 0.48705,
    "mrr_at_20": 0.48377,
    "mrr_at_3": 0.45319,
    "mrr_at_5": 0.46939,
    "ndcg_at_1": 0.38272,
    "ndcg_at_10": 0.39837,
    "ndcg_at_100": 0.46087,
    "ndcg_at_1000": 0.4921,
    "ndcg_at_20": 0.42237,
    "ndcg_at_3": 0.35839,
    "ndcg_at_5": 0.37484,
    "precision_at_1": 0.38272,
    "precision_at_10": 0.11065,
    "precision_at_100": 0.01758,
    "precision_at_1000": 0.00232,
    "precision_at_20": 0.06535,
    "precision_at_3": 0.24023,
    "precision_at_5": 0.18056,
    "recall_at_1": 0.19438,
    "recall_at_10": 0.4711,
    "recall_at_100": 0.70264,
    "recall_at_1000": 0.88949,
    "recall_at_20": 0.54384,
    "recall_at_3": 0.32491,
    "recall_at_5": 0.3936
  },
  "train": {
    "evaluation_time": 45.47,
    "map_at_1": 0.20302,
    "map_at_10": 0.32509,
    "map_at_100": 0.34238,
    "map_at_1000": 0.34406,
    "map_at_20": 0.33439,
    "map_at_3": 0.28605,
    "map_at_5": 0.30783,
    "mrr_at_1": 0.38673,
    "mrr_at_10": 0.47262,
    "mrr_at_100": 0.48085,
    "mrr_at_1000": 0.48127,
    "mrr_at_20": 0.47759,
    "mrr_at_3": 0.44888,
    "mrr_at_5": 0.46267,
    "ndcg_at_1": 0.38636,
    "ndcg_at_10": 0.40065,
    "ndcg_at_100": 0.46486,
    "ndcg_at_1000": 0.49411,
    "ndcg_at_20": 0.42443,
    "ndcg_at_3": 0.36277,
    "ndcg_at_5": 0.37592,
    "precision_at_1": 0.38636,
    "precision_at_10": 0.1076,
    "precision_at_100": 0.01748,
    "precision_at_1000": 0.00226,
    "precision_at_20": 0.06405,
    "precision_at_3": 0.23618,
    "precision_at_5": 0.17327,
    "recall_at_1": 0.20302,
    "recall_at_10": 0.47019,
    "recall_at_100": 0.71371,
    "recall_at_1000": 0.89176,
    "recall_at_20": 0.54532,
    "recall_at_3": 0.33469,
    "recall_at_5": 0.39442
  }
}