{
  "dataset_revision": "ec0fa4fe99da2ff19ca1214b7966684033a58814",
  "mteb_dataset_name": "NFCorpus",
  "mteb_version": "1.10.13",
  "test": {
    "evaluation_time": 4.01,
    "map_at_1": 0.05795,
    "map_at_10": 0.12328,
    "map_at_100": 0.1544,
    "map_at_1000": 0.16829,
    "map_at_20": 0.13565,
    "map_at_3": 0.08999,
    "map_at_5": 0.1048,
    "mrr_at_1": 0.44272,
    "mrr_at_10": 0.53324,
    "mrr_at_100": 0.53847,
    "mrr_at_1000": 0.5389,
    "mrr_at_20": 0.53627,
    "mrr_at_3": 0.50877,
    "mrr_at_5": 0.5241,
    "ndcg_at_1": 0.41331,
    "ndcg_at_10": 0.33582,
    "ndcg_at_100": 0.30582,
    "ndcg_at_1000": 0.39478,
    "ndcg_at_20": 0.31139,
    "ndcg_at_3": 0.37816,
    "ndcg_at_5": 0.36369,
    "precision_at_1": 0.43653,
    "precision_at_10": 0.25015,
    "precision_at_100": 0.07904,
    "precision_at_1000": 0.02071,
    "precision_at_20": 0.18437,
    "precision_at_3": 0.35397,
    "precision_at_5": 0.31579,
    "recall_at_1": 0.05795,
    "recall_at_10": 0.16476,
    "recall_at_100": 0.31676,
    "recall_at_1000": 0.63927,
    "recall_at_20": 0.1954,
    "recall_at_3": 0.09862,
    "recall_at_5": 0.12516
  }
}