{
  "dataset_revision": "0228b52cf27578f30900b9e5271d331663a030d7",
  "mteb_dataset_name": "SciFact",
  "mteb_version": "1.10.13",
  "test": {
    "evaluation_time": 5.18,
    "map_at_1": 0.515,
    "map_at_10": 0.61607,
    "map_at_100": 0.62302,
    "map_at_1000": 0.6234,
    "map_at_20": 0.62069,
    "map_at_3": 0.59332,
    "map_at_5": 0.60628,
    "mrr_at_1": 0.54333,
    "mrr_at_10": 0.63133,
    "mrr_at_100": 0.63599,
    "mrr_at_1000": 0.63636,
    "mrr_at_20": 0.63429,
    "mrr_at_3": 0.61389,
    "mrr_at_5": 0.62439,
    "ndcg_at_1": 0.54,
    "ndcg_at_10": 0.66206,
    "ndcg_at_100": 0.69083,
    "ndcg_at_1000": 0.70099,
    "ndcg_at_20": 0.67669,
    "ndcg_at_3": 0.62326,
    "ndcg_at_5": 0.64333,
    "precision_at_1": 0.54,
    "precision_at_10": 0.08867,
    "precision_at_100": 0.0104,
    "precision_at_1000": 0.00112,
    "precision_at_20": 0.04767,
    "precision_at_3": 0.24667,
    "precision_at_5": 0.16133,
    "recall_at_1": 0.515,
    "recall_at_10": 0.78678,
    "recall_at_100": 0.915,
    "recall_at_1000": 0.99333,
    "recall_at_20": 0.84189,
    "recall_at_3": 0.68494,
    "recall_at_5": 0.73461
  },
  "train": {
    "evaluation_time": 6.02,
    "map_at_1": 0.52023,
    "map_at_10": 0.63228,
    "map_at_100": 0.63869,
    "map_at_1000": 0.63901,
    "map_at_20": 0.63697,
    "map_at_3": 0.60603,
    "map_at_5": 0.6237,
    "mrr_at_1": 0.54265,
    "mrr_at_10": 0.64366,
    "mrr_at_100": 0.64811,
    "mrr_at_1000": 0.64841,
    "mrr_at_20": 0.64662,
    "mrr_at_3": 0.62526,
    "mrr_at_5": 0.63799,
    "ndcg_at_1": 0.54265,
    "ndcg_at_10": 0.67954,
    "ndcg_at_100": 0.70676,
    "ndcg_at_1000": 0.71499,
    "ndcg_at_20": 0.69377,
    "ndcg_at_3": 0.63544,
    "ndcg_at_5": 0.66177,
    "precision_at_1": 0.54265,
    "precision_at_10": 0.09159,
    "precision_at_100": 0.01063,
    "precision_at_1000": 0.00113,
    "precision_at_20": 0.0492,
    "precision_at_3": 0.2534,
    "precision_at_5": 0.1691,
    "recall_at_1": 0.52023,
    "recall_at_10": 0.80946,
    "recall_at_100": 0.93304,
    "recall_at_1000": 0.99629,
    "recall_at_20": 0.86193,
    "recall_at_3": 0.69652,
    "recall_at_5": 0.75816
  }
}