{
  "dataset_revision": "a34f9a33db75fa0cbb21bb5cfc3dae8dc8bec93f",
  "mteb_dataset_name": "Touche2020",
  "mteb_version": "1.10.13",
  "test": {
    "evaluation_time": 284.2,
    "map_at_1": 0.02221,
    "map_at_10": 0.08802,
    "map_at_100": 0.15158,
    "map_at_1000": 0.16621,
    "map_at_20": 0.11793,
    "map_at_3": 0.04505,
    "map_at_5": 0.06672,
    "mrr_at_1": 0.32653,
    "mrr_at_10": 0.49682,
    "mrr_at_100": 0.50413,
    "mrr_at_1000": 0.50449,
    "mrr_at_20": 0.50263,
    "mrr_at_3": 0.47279,
    "mrr_at_5": 0.48299,
    "ndcg_at_1": 0.31633,
    "ndcg_at_10": 0.24175,
    "ndcg_at_100": 0.36109,
    "ndcg_at_1000": 0.47214,
    "ndcg_at_20": 0.26214,
    "ndcg_at_3": 0.29503,
    "ndcg_at_5": 0.28517,
    "precision_at_1": 0.34694,
    "precision_at_10": 0.20612,
    "precision_at_100": 0.07388,
    "precision_at_1000": 0.01478,
    "precision_at_20": 0.17551,
    "precision_at_3": 0.29932,
    "precision_at_5": 0.28163,
    "recall_at_1": 0.02221,
    "recall_at_10": 0.14513,
    "recall_at_100": 0.45351,
    "recall_at_1000": 0.79947,
    "recall_at_20": 0.23643,
    "recall_at_3": 0.06161,
    "recall_at_5": 0.10058
  }
}