{
  "dataset_revision": "bb9466bac8153a0349341eb1b22e06409e78ef4e",
  "mteb_dataset_name": "TRECCOVID",
  "mteb_version": "1.10.13",
  "test": {
    "evaluation_time": 119.21,
    "map_at_1": 0.00246,
    "map_at_10": 0.01962,
    "map_at_100": 0.10969,
    "map_at_1000": 0.26326,
    "map_at_20": 0.03412,
    "map_at_3": 0.00714,
    "map_at_5": 0.01142,
    "mrr_at_1": 0.9,
    "mrr_at_10": 0.95,
    "mrr_at_100": 0.95,
    "mrr_at_1000": 0.95,
    "mrr_at_20": 0.95,
    "mrr_at_3": 0.95,
    "mrr_at_5": 0.95,
    "ndcg_at_1": 0.87,
    "ndcg_at_10": 0.79482,
    "ndcg_at_100": 0.58513,
    "ndcg_at_1000": 0.51668,
    "ndcg_at_20": 0.74087,
    "ndcg_at_3": 0.86704,
    "ndcg_at_5": 0.84553,
    "precision_at_1": 0.9,
    "precision_at_10": 0.82,
    "precision_at_100": 0.5938,
    "precision_at_1000": 0.22518,
    "precision_at_20": 0.76,
    "precision_at_3": 0.91333,
    "precision_at_5": 0.888,
    "recall_at_1": 0.00246,
    "recall_at_10": 0.02102,
    "recall_at_100": 0.14188,
    "recall_at_1000": 0.48538,
    "recall_at_20": 0.03828,
    "recall_at_3": 0.00737,
    "recall_at_5": 0.01191
  }
}