{
  "dataset_revision": "c22ab2a51041ffd869aaddef7af8d8215647e41a",
  "mteb_dataset_name": "ArguAna",
  "mteb_version": "1.10.3",
  "test": {
    "evaluation_time": 144.68,
    "map_at_1": 0.28947,
    "map_at_10": 0.44849,
    "map_at_100": 0.45728,
    "map_at_1000": 0.45736,
    "map_at_20": 0.45529,
    "map_at_3": 0.39841,
    "map_at_5": 0.42885,
    "mrr_at_1": 0.29303,
    "mrr_at_10": 0.44997,
    "mrr_at_100": 0.45883,
    "mrr_at_1000": 0.45891,
    "mrr_at_20": 0.45684,
    "mrr_at_3": 0.40055,
    "mrr_at_5": 0.43013,
    "ndcg_at_1": 0.28947,
    "ndcg_at_10": 0.53727,
    "ndcg_at_100": 0.57428,
    "ndcg_at_1000": 0.57619,
    "ndcg_at_20": 0.5616,
    "ndcg_at_3": 0.43484,
    "ndcg_at_5": 0.48966,
    "precision_at_1": 0.28947,
    "precision_at_10": 0.08208,
    "precision_at_100": 0.00981,
    "precision_at_1000": 0.001,
    "precision_at_20": 0.0458,
    "precision_at_3": 0.18018,
    "precision_at_5": 0.13471,
    "recall_at_1": 0.28947,
    "recall_at_10": 0.82077,
    "recall_at_100": 0.9808,
    "recall_at_1000": 0.99573,
    "recall_at_20": 0.91607,
    "recall_at_3": 0.54054,
    "recall_at_5": 0.67354
  }
}