{
  "dataset_revision": "46989137a86843e03a6195de44b09deda022eec7",
  "mteb_dataset_name": "CQADupstackTexRetrieval",
  "mteb_version": "1.10.3",
  "test": {
    "evaluation_time": 653.18,
    "map_at_1": 0.18481,
    "map_at_10": 0.25468,
    "map_at_100": 0.26477,
    "map_at_1000": 0.266,
    "map_at_20": 0.26018,
    "map_at_3": 0.23289,
    "map_at_5": 0.2456,
    "mrr_at_1": 0.22023,
    "mrr_at_10": 0.29382,
    "mrr_at_100": 0.30218,
    "mrr_at_1000": 0.30296,
    "mrr_at_20": 0.2986,
    "mrr_at_3": 0.2734,
    "mrr_at_5": 0.28553,
    "ndcg_at_1": 0.22058,
    "ndcg_at_10": 0.29901,
    "ndcg_at_100": 0.34655,
    "ndcg_at_1000": 0.37647,
    "ndcg_at_20": 0.31693,
    "ndcg_at_3": 0.26043,
    "ndcg_at_5": 0.27936,
    "precision_at_1": 0.22058,
    "precision_at_10": 0.05286,
    "precision_at_100": 0.00898,
    "precision_at_1000": 0.00132,
    "precision_at_20": 0.032,
    "precision_at_3": 0.12182,
    "precision_at_5": 0.08747,
    "recall_at_1": 0.18481,
    "recall_at_10": 0.39311,
    "recall_at_100": 0.60631,
    "recall_at_1000": 0.82216,
    "recall_at_20": 0.45827,
    "recall_at_3": 0.28437,
    "recall_at_5": 0.33348
  }
}