{
  "dataset_revision": "6184bc1440d2dbc7612be22b50686b8826d22b32",
  "mteb_dataset_name": "CQADupstackProgrammersRetrieval",
  "mteb_version": "1.10.3",
  "test": {
    "evaluation_time": 263.56,
    "map_at_1": 0.28946,
    "map_at_10": 0.38857,
    "map_at_100": 0.40068,
    "map_at_1000": 0.40164,
    "map_at_20": 0.39469,
    "map_at_3": 0.36005,
    "map_at_5": 0.37736,
    "mrr_at_1": 0.34703,
    "mrr_at_10": 0.43893,
    "mrr_at_100": 0.44653,
    "mrr_at_1000": 0.44704,
    "mrr_at_20": 0.44294,
    "mrr_at_3": 0.41591,
    "mrr_at_5": 0.4304,
    "ndcg_at_1": 0.34703,
    "ndcg_at_10": 0.44149,
    "ndcg_at_100": 0.4943,
    "ndcg_at_1000": 0.51463,
    "ndcg_at_20": 0.4597,
    "ndcg_at_3": 0.39649,
    "ndcg_at_5": 0.41964,
    "precision_at_1": 0.34703,
    "precision_at_10": 0.07797,
    "precision_at_100": 0.01209,
    "precision_at_1000": 0.00154,
    "precision_at_20": 0.04463,
    "precision_at_3": 0.1876,
    "precision_at_5": 0.13196,
    "recall_at_1": 0.28946,
    "recall_at_10": 0.54756,
    "recall_at_100": 0.77548,
    "recall_at_1000": 0.91347,
    "recall_at_20": 0.61301,
    "recall_at_3": 0.42311,
    "recall_at_5": 0.48402
  }
}