{
  "dataset_revision": "79531abbd1fb92d06c6d6315a0cbbbf5bb247ea4",
  "mteb_dataset_name": "CQADupstackPhysicsRetrieval",
  "mteb_version": "1.10.3",
  "test": {
    "evaluation_time": 455.69,
    "map_at_1": 0.3096,
    "map_at_10": 0.41087,
    "map_at_100": 0.4234,
    "map_at_1000": 0.42439,
    "map_at_20": 0.41698,
    "map_at_3": 0.37941,
    "map_at_5": 0.39647,
    "mrr_at_1": 0.37344,
    "mrr_at_10": 0.46555,
    "mrr_at_100": 0.47319,
    "mrr_at_1000": 0.47361,
    "mrr_at_20": 0.46971,
    "mrr_at_3": 0.44113,
    "mrr_at_5": 0.45533,
    "ndcg_at_1": 0.37344,
    "ndcg_at_10": 0.46953,
    "ndcg_at_100": 0.52262,
    "ndcg_at_1000": 0.54065,
    "ndcg_at_20": 0.48801,
    "ndcg_at_3": 0.41982,
    "ndcg_at_5": 0.44271,
    "precision_at_1": 0.37344,
    "precision_at_10": 0.08422,
    "precision_at_100": 0.01289,
    "precision_at_1000": 0.0016,
    "precision_at_20": 0.0486,
    "precision_at_3": 0.19795,
    "precision_at_5": 0.13975,
    "recall_at_1": 0.3096,
    "recall_at_10": 0.58805,
    "recall_at_100": 0.81243,
    "recall_at_1000": 0.92938,
    "recall_at_20": 0.65192,
    "recall_at_3": 0.44907,
    "recall_at_5": 0.50859
  }
}