{
  "dataset_revision": "b774495ed302d8c44a3a7ea25c90dbce03968f31",
  "mteb_dataset_name": "NQ",
  "mteb_version": "1.10.3",
  "test": {
    "evaluation_time": 17462.46,
    "map_at_1": 0.24046,
    "map_at_10": 0.39151,
    "map_at_100": 0.40288,
    "map_at_1000": 0.40326,
    "map_at_20": 0.39903,
    "map_at_3": 0.34406,
    "map_at_5": 0.37164,
    "mrr_at_1": 0.2726,
    "mrr_at_10": 0.41555,
    "mrr_at_100": 0.42398,
    "mrr_at_1000": 0.42425,
    "mrr_at_20": 0.42124,
    "mrr_at_3": 0.37408,
    "mrr_at_5": 0.39884,
    "ndcg_at_1": 0.27115,
    "ndcg_at_10": 0.47369,
    "ndcg_at_100": 0.52136,
    "ndcg_at_1000": 0.53012,
    "ndcg_at_20": 0.498,
    "ndcg_at_3": 0.38196,
    "ndcg_at_5": 0.42927,
    "precision_at_1": 0.27115,
    "precision_at_10": 0.08343,
    "precision_at_100": 0.011,
    "precision_at_1000": 0.00118,
    "precision_at_20": 0.04749,
    "precision_at_3": 0.17816,
    "precision_at_5": 0.13384,
    "recall_at_1": 0.24046,
    "recall_at_10": 0.70242,
    "recall_at_100": 0.90913,
    "recall_at_1000": 0.97417,
    "recall_at_20": 0.79256,
    "recall_at_3": 0.46253,
    "recall_at_5": 0.57261
  }
}