{
  "dataset_revision": "f8c2fcf00f625baaa80f62ec5bd9e1fff3b8ae88",
  "mteb_dataset_name": "SCIDOCS",
  "mteb_version": "1.10.3",
  "test": {
    "evaluation_time": 273.97,
    "map_at_1": 0.04938,
    "map_at_10": 0.12121,
    "map_at_100": 0.14063,
    "map_at_1000": 0.14309,
    "map_at_20": 0.13137,
    "map_at_3": 0.08742,
    "map_at_5": 0.10461,
    "mrr_at_1": 0.243,
    "mrr_at_10": 0.34737,
    "mrr_at_100": 0.35799,
    "mrr_at_1000": 0.35858,
    "mrr_at_20": 0.35444,
    "mrr_at_3": 0.315,
    "mrr_at_5": 0.33355,
    "ndcg_at_1": 0.243,
    "ndcg_at_10": 0.20198,
    "ndcg_at_100": 0.27662,
    "ndcg_at_1000": 0.32249,
    "ndcg_at_20": 0.23058,
    "ndcg_at_3": 0.19341,
    "ndcg_at_5": 0.16913,
    "precision_at_1": 0.243,
    "precision_at_10": 0.1035,
    "precision_at_100": 0.021,
    "precision_at_1000": 0.00321,
    "precision_at_20": 0.0683,
    "precision_at_3": 0.17867,
    "precision_at_5": 0.1472,
    "recall_at_1": 0.04938,
    "recall_at_10": 0.20972,
    "recall_at_100": 0.42595,
    "recall_at_1000": 0.65072,
    "recall_at_20": 0.2768,
    "recall_at_3": 0.10868,
    "recall_at_5": 0.14942
  }
}