{
  "dataset_revision": "c22ab2a51041ffd869aaddef7af8d8215647e41a",
  "evaluation_time": 31.45993423461914,
  "kg_co2_emissions": null,
  "mteb_version": "1.13.1",
  "scores": {
    "test": [
      {
        "hf_subset": "default",
        "languages": [
          "eng-Latn"
        ],
        "main_score": 0.559,
        "map_at_1": 0.31366,
        "map_at_10": 0.47156,
        "map_at_100": 0.47992,
        "map_at_1000": 0.47997,
        "map_at_20": 0.47815,
        "map_at_3": 0.42153,
        "map_at_5": 0.4536,
        "mrr_at_1": 0.32219061166429586,
        "mrr_at_10": 0.47508325995168105,
        "mrr_at_100": 0.48350519286667815,
        "mrr_at_1000": 0.4835543765959993,
        "mrr_at_20": 0.4817371783947473,
        "mrr_at_3": 0.42567567567567566,
        "mrr_at_5": 0.4565789473684211,
        "nauc_map_at_1000_diff1": 0.03775511559651155,
        "nauc_map_at_1000_max": -0.09295859344690843,
        "nauc_map_at_1000_std": -0.1674619867260504,
        "nauc_map_at_100_diff1": 0.03779340989130666,
        "nauc_map_at_100_max": -0.09288027772759767,
        "nauc_map_at_100_std": -0.16740651167712153,
        "nauc_map_at_10_diff1": 0.034674954183887136,
        "nauc_map_at_10_max": -0.09302712218678291,
        "nauc_map_at_10_std": -0.1683379857762983,
        "nauc_map_at_1_diff1": 0.0796964516437944,
        "nauc_map_at_1_max": -0.11170665275608388,
        "nauc_map_at_1_std": -0.18069912596029186,
        "nauc_map_at_20_diff1": 0.037209334031059166,
        "nauc_map_at_20_max": -0.09190983343390528,
        "nauc_map_at_20_std": -0.16719704983912334,
        "nauc_map_at_3_diff1": 0.033362131622760215,
        "nauc_map_at_3_max": -0.09909011776724434,
        "nauc_map_at_3_std": -0.1700550351582607,
        "nauc_map_at_5_diff1": 0.0330635830626588,
        "nauc_map_at_5_max": -0.09438706058135497,
        "nauc_map_at_5_std": -0.16806442229736035,
        "nauc_mrr_at_1000_diff1": 0.011077169243927598,
        "nauc_mrr_at_1000_max": -0.10358948024312904,
        "nauc_mrr_at_1000_std": -0.16460617626241195,
        "nauc_mrr_at_100_diff1": 0.011119739938785145,
        "nauc_mrr_at_100_max": -0.1035096924444794,
        "nauc_mrr_at_100_std": -0.16455133188270998,
        "nauc_mrr_at_10_diff1": 0.008655353975613077,
        "nauc_mrr_at_10_max": -0.10339712856763175,
        "nauc_mrr_at_10_std": -0.16511207055659122,
        "nauc_mrr_at_1_diff1": 0.054933550291651013,
        "nauc_mrr_at_1_max": -0.1098943381627093,
        "nauc_mrr_at_1_std": -0.17078588646250556,
        "nauc_mrr_at_20_diff1": 0.01071024215635814,
        "nauc_mrr_at_20_max": -0.10245333333267137,
        "nauc_mrr_at_20_std": -0.164351507390356,
        "nauc_mrr_at_3_diff1": 0.0063448012262061326,
        "nauc_mrr_at_3_max": -0.10992887597269303,
        "nauc_mrr_at_3_std": -0.1673447195037906,
        "nauc_mrr_at_5_diff1": 0.006369177255618227,
        "nauc_mrr_at_5_max": -0.10665298022465323,
        "nauc_mrr_at_5_std": -0.16724211997376381,
        "nauc_ndcg_at_1000_diff1": 0.0351367090106214,
        "nauc_ndcg_at_1000_max": -0.0853165901800349,
        "nauc_ndcg_at_1000_std": -0.1606707166191723,
        "nauc_ndcg_at_100_diff1": 0.03598995990579798,
        "nauc_ndcg_at_100_max": -0.08321916182603753,
        "nauc_ndcg_at_100_std": -0.15880859479556245,
        "nauc_ndcg_at_10_diff1": 0.02397232675542263,
        "nauc_ndcg_at_10_max": -0.07842956808333268,
        "nauc_ndcg_at_10_std": -0.16183781989474239,
        "nauc_ndcg_at_1_diff1": 0.0796964516437944,
        "nauc_ndcg_at_1_max": -0.11170665275608388,
        "nauc_ndcg_at_1_std": -0.18069912596029186,
        "nauc_ndcg_at_20_diff1": 0.03340367644259316,
        "nauc_ndcg_at_20_max": -0.07328000583746086,
        "nauc_ndcg_at_20_std": -0.1553370569506899,
        "nauc_ndcg_at_3_diff1": 0.021397185500907825,
        "nauc_ndcg_at_3_max": -0.09351235639785867,
        "nauc_ndcg_at_3_std": -0.16612583029056519,
        "nauc_ndcg_at_5_diff1": 0.020711705903563436,
        "nauc_ndcg_at_5_max": -0.08310598990093364,
        "nauc_ndcg_at_5_std": -0.1608622040064368,
        "nauc_precision_at_1000_diff1": 0.19502229007546296,
        "nauc_precision_at_1000_max": 0.2276865406097888,
        "nauc_precision_at_1000_std": 0.6825198790361436,
        "nauc_precision_at_100_diff1": 0.19317403790375945,
        "nauc_precision_at_100_max": 0.2944893894764276,
        "nauc_precision_at_100_std": 0.36712041925451594,
        "nauc_precision_at_10_diff1": -0.03179947195282715,
        "nauc_precision_at_10_max": 0.015388420135396666,
        "nauc_precision_at_10_std": -0.12314225173391231,
        "nauc_precision_at_1_diff1": 0.0796964516437944,
        "nauc_precision_at_1_max": -0.11170665275608388,
        "nauc_precision_at_1_std": -0.18069912596029186,
        "nauc_precision_at_20_diff1": 0.031105692925824213,
        "nauc_precision_at_20_max": 0.1893819874448663,
        "nauc_precision_at_20_std": 0.02041840750766921,
        "nauc_precision_at_3_diff1": -0.013716863846105246,
        "nauc_precision_at_3_max": -0.076191593452954,
        "nauc_precision_at_3_std": -0.15411040722803612,
        "nauc_precision_at_5_diff1": -0.022655672052870012,
        "nauc_precision_at_5_max": -0.03825725130387997,
        "nauc_precision_at_5_std": -0.13226361886330873,
        "nauc_recall_at_1000_diff1": 0.1950222900754465,
        "nauc_recall_at_1000_max": 0.22768654060977275,
        "nauc_recall_at_1000_std": 0.6825198790361854,
        "nauc_recall_at_100_diff1": 0.1931740379037567,
        "nauc_recall_at_100_max": 0.2944893894764113,
        "nauc_recall_at_100_std": 0.36712041925451866,
        "nauc_recall_at_10_diff1": -0.03179947195282778,
        "nauc_recall_at_10_max": 0.015388420135396453,
        "nauc_recall_at_10_std": -0.12314225173391187,
        "nauc_recall_at_1_diff1": 0.0796964516437944,
        "nauc_recall_at_1_max": -0.11170665275608388,
        "nauc_recall_at_1_std": -0.18069912596029186,
        "nauc_recall_at_20_diff1": 0.031105692925823686,
        "nauc_recall_at_20_max": 0.18938198744486678,
        "nauc_recall_at_20_std": 0.02041840750767098,
        "nauc_recall_at_3_diff1": -0.013716863846104743,
        "nauc_recall_at_3_max": -0.07619159345295379,
        "nauc_recall_at_3_std": -0.1541104072280359,
        "nauc_recall_at_5_diff1": -0.022655672052869225,
        "nauc_recall_at_5_max": -0.038257251303878914,
        "nauc_recall_at_5_std": -0.13226361886330779,
        "ndcg_at_1": 0.31366,
        "ndcg_at_10": 0.559,
        "ndcg_at_100": 0.59373,
        "ndcg_at_1000": 0.59494,
        "ndcg_at_20": 0.58237,
        "ndcg_at_3": 0.45819,
        "ndcg_at_5": 0.51579,
        "precision_at_1": 0.31366,
        "precision_at_10": 0.08371,
        "precision_at_100": 0.00986,
        "precision_at_1000": 0.001,
        "precision_at_20": 0.04641,
        "precision_at_3": 0.18824,
        "precision_at_5": 0.14083,
        "recall_at_1": 0.31366,
        "recall_at_10": 0.83713,
        "recall_at_100": 0.98649,
        "recall_at_1000": 0.99573,
        "recall_at_20": 0.92817,
        "recall_at_3": 0.56472,
        "recall_at_5": 0.70413
      }
    ]
  },
  "task_name": "ArguAna"
}