{
  "dataset_revision": "47f2ac6acb640fc46020b02a5b59fdda04d39380",
  "evaluation_time": 1403.5702056884766,
  "kg_co2_emissions": null,
  "mteb_version": "1.13.1",
  "scores": {
    "test": [
      {
        "hf_subset": "default",
        "languages": [
          "eng-Latn"
        ],
        "main_score": 0.24276,
        "map_at_1": 0.09616,
        "map_at_10": 0.16783,
        "map_at_100": 0.18352,
        "map_at_1000": 0.18522,
        "map_at_20": 0.17586,
        "map_at_3": 0.13949,
        "map_at_5": 0.15513,
        "mrr_at_1": 0.22149837133550487,
        "mrr_at_10": 0.3310790548575565,
        "mrr_at_100": 0.3407693790173818,
        "mrr_at_1000": 0.3412694613672132,
        "mrr_at_20": 0.33645365813256917,
        "mrr_at_3": 0.2996742671009772,
        "mrr_at_5": 0.31846905537459286,
        "nauc_map_at_1000_diff1": 0.22523904361035615,
        "nauc_map_at_1000_max": 0.35419145440191835,
        "nauc_map_at_1000_std": 0.22206351196096105,
        "nauc_map_at_100_diff1": 0.22517622712350627,
        "nauc_map_at_100_max": 0.35350736833487917,
        "nauc_map_at_100_std": 0.22072897852710693,
        "nauc_map_at_10_diff1": 0.22258103868187393,
        "nauc_map_at_10_max": 0.3416465386383349,
        "nauc_map_at_10_std": 0.19921186678443376,
        "nauc_map_at_1_diff1": 0.30632427426321224,
        "nauc_map_at_1_max": 0.3302371637221946,
        "nauc_map_at_1_std": 0.12197431559117969,
        "nauc_map_at_20_diff1": 0.22297386319369444,
        "nauc_map_at_20_max": 0.3476900286948834,
        "nauc_map_at_20_std": 0.21182883866484167,
        "nauc_map_at_3_diff1": 0.2368299527651863,
        "nauc_map_at_3_max": 0.33781038278834014,
        "nauc_map_at_3_std": 0.17544501723961994,
        "nauc_map_at_5_diff1": 0.22770388785368398,
        "nauc_map_at_5_max": 0.3385426867532022,
        "nauc_map_at_5_std": 0.19047265499612245,
        "nauc_mrr_at_1000_diff1": 0.2331580126059137,
        "nauc_mrr_at_1000_max": 0.34204531664369237,
        "nauc_mrr_at_1000_std": 0.19906061564239994,
        "nauc_mrr_at_100_diff1": 0.23315747896888828,
        "nauc_mrr_at_100_max": 0.34212423238303874,
        "nauc_mrr_at_100_std": 0.1993041262897411,
        "nauc_mrr_at_10_diff1": 0.23132227472147132,
        "nauc_mrr_at_10_max": 0.34091644952645866,
        "nauc_mrr_at_10_std": 0.19753320061329252,
        "nauc_mrr_at_1_diff1": 0.2826603212817485,
        "nauc_mrr_at_1_max": 0.313242182800056,
        "nauc_mrr_at_1_std": 0.12095476020537745,
        "nauc_mrr_at_20_diff1": 0.2323418206594054,
        "nauc_mrr_at_20_max": 0.34174928195780985,
        "nauc_mrr_at_20_std": 0.1993690266791375,
        "nauc_mrr_at_3_diff1": 0.2308014120105361,
        "nauc_mrr_at_3_max": 0.336848750995907,
        "nauc_mrr_at_3_std": 0.18400237077372628,
        "nauc_mrr_at_5_diff1": 0.22861249308772322,
        "nauc_mrr_at_5_max": 0.33681494977165694,
        "nauc_mrr_at_5_std": 0.19076635973448622,
        "nauc_ndcg_at_1000_diff1": 0.21858169987522214,
        "nauc_ndcg_at_1000_max": 0.385398881071334,
        "nauc_ndcg_at_1000_std": 0.2934824995607014,
        "nauc_ndcg_at_100_diff1": 0.2164624750211823,
        "nauc_ndcg_at_100_max": 0.3791697327207846,
        "nauc_ndcg_at_100_std": 0.28174679243459244,
        "nauc_ndcg_at_10_diff1": 0.20302537536178428,
        "nauc_ndcg_at_10_max": 0.34460198651478524,
        "nauc_ndcg_at_10_std": 0.22662373187664997,
        "nauc_ndcg_at_1_diff1": 0.2826603212817485,
        "nauc_ndcg_at_1_max": 0.313242182800056,
        "nauc_ndcg_at_1_std": 0.12095476020537745,
        "nauc_ndcg_at_20_diff1": 0.20516832880164615,
        "nauc_ndcg_at_20_max": 0.35598037805520133,
        "nauc_ndcg_at_20_std": 0.25121694974676145,
        "nauc_ndcg_at_3_diff1": 0.2158870459422072,
        "nauc_ndcg_at_3_max": 0.3395013950022868,
        "nauc_ndcg_at_3_std": 0.1953167745706148,
        "nauc_ndcg_at_5_diff1": 0.20848331305579423,
        "nauc_ndcg_at_5_max": 0.3385957023416475,
        "nauc_ndcg_at_5_std": 0.21007252407633945,
        "nauc_precision_at_1000_diff1": 0.0513980224141205,
        "nauc_precision_at_1000_max": 0.2027243724454337,
        "nauc_precision_at_1000_std": 0.29726973351346025,
        "nauc_precision_at_100_diff1": 0.1036837234915035,
        "nauc_precision_at_100_max": 0.281330859800815,
        "nauc_precision_at_100_std": 0.3284002840280003,
        "nauc_precision_at_10_diff1": 0.11172837656474695,
        "nauc_precision_at_10_max": 0.30003797260009923,
        "nauc_precision_at_10_std": 0.27910280872663146,
        "nauc_precision_at_1_diff1": 0.2826603212817485,
        "nauc_precision_at_1_max": 0.313242182800056,
        "nauc_precision_at_1_std": 0.12095476020537745,
        "nauc_precision_at_20_diff1": 0.10481823242684095,
        "nauc_precision_at_20_max": 0.29259909830437036,
        "nauc_precision_at_20_std": 0.31022071434112486,
        "nauc_precision_at_3_diff1": 0.16507969699890085,
        "nauc_precision_at_3_max": 0.34313011785373093,
        "nauc_precision_at_3_std": 0.24294131507897038,
        "nauc_precision_at_5_diff1": 0.13143966853382116,
        "nauc_precision_at_5_max": 0.307809564070956,
        "nauc_precision_at_5_std": 0.2558030558460312,
        "nauc_recall_at_1000_diff1": 0.14570773973391316,
        "nauc_recall_at_1000_max": 0.37470241843623076,
        "nauc_recall_at_1000_std": 0.42880654693352643,
        "nauc_recall_at_100_diff1": 0.14333518266616094,
        "nauc_recall_at_100_max": 0.34484337098183804,
        "nauc_recall_at_100_std": 0.34675098424938705,
        "nauc_recall_at_10_diff1": 0.12633297002969163,
        "nauc_recall_at_10_max": 0.28879028890787517,
        "nauc_recall_at_10_std": 0.2315861577043242,
        "nauc_recall_at_1_diff1": 0.30632427426321224,
        "nauc_recall_at_1_max": 0.3302371637221946,
        "nauc_recall_at_1_std": 0.12197431559117969,
        "nauc_recall_at_20_diff1": 0.12955457108851645,
        "nauc_recall_at_20_max": 0.30718951149109913,
        "nauc_recall_at_20_std": 0.28009945212102844,
        "nauc_recall_at_3_diff1": 0.17256856235875892,
        "nauc_recall_at_3_max": 0.3189588354239859,
        "nauc_recall_at_3_std": 0.20055974782935213,
        "nauc_recall_at_5_diff1": 0.14576507956337575,
        "nauc_recall_at_5_max": 0.29788759063310877,
        "nauc_recall_at_5_std": 0.216367460838371,
        "ndcg_at_1": 0.2215,
        "ndcg_at_10": 0.24276,
        "ndcg_at_100": 0.31018,
        "ndcg_at_1000": 0.3443,
        "ndcg_at_20": 0.26675,
        "ndcg_at_3": 0.19636,
        "ndcg_at_5": 0.21466,
        "precision_at_1": 0.2215,
        "precision_at_10": 0.07622,
        "precision_at_100": 0.0149,
        "precision_at_1000": 0.00212,
        "precision_at_20": 0.04853,
        "precision_at_3": 0.14767,
        "precision_at_5": 0.11583,
        "recall_at_1": 0.09616,
        "recall_at_10": 0.29717,
        "recall_at_100": 0.53413,
        "recall_at_1000": 0.73046,
        "recall_at_20": 0.36506,
        "recall_at_3": 0.18376,
        "recall_at_5": 0.23317
      }
    ]
  },
  "task_name": "ClimateFEVER"
}