{
  "dataset_revision": "6c6430d3a6d36f8d2a829195bc5dc94d7e063e53",
  "evaluation_time": 56.392494678497314,
  "kg_co2_emissions": null,
  "mteb_version": "1.13.1",
  "scores": {
    "test": [
      {
        "hf_subset": "default",
        "languages": [
          "eng-Latn"
        ],
        "main_score": 0.42132,
        "map_at_1": 0.28271,
        "map_at_10": 0.37049,
        "map_at_100": 0.38129,
        "map_at_1000": 0.38229,
        "map_at_20": 0.37635,
        "map_at_3": 0.34436,
        "map_at_5": 0.36005,
        "mrr_at_1": 0.33488805970149255,
        "mrr_at_10": 0.41383262260127934,
        "mrr_at_100": 0.4221445272178562,
        "mrr_at_1000": 0.4227300102576682,
        "mrr_at_20": 0.418674027534957,
        "mrr_at_3": 0.3903917910447761,
        "mrr_at_5": 0.4052705223880597,
        "nauc_map_at_1000_diff1": 0.5150833510975192,
        "nauc_map_at_1000_max": 0.48111105045659697,
        "nauc_map_at_1000_std": -0.002583308933762908,
        "nauc_map_at_100_diff1": 0.5149015953156236,
        "nauc_map_at_100_max": 0.4807741554160684,
        "nauc_map_at_100_std": -0.0029080250913859455,
        "nauc_map_at_10_diff1": 0.5163893849019984,
        "nauc_map_at_10_max": 0.4789567876391254,
        "nauc_map_at_10_std": -0.008721300887524956,
        "nauc_map_at_1_diff1": 0.5728784085376536,
        "nauc_map_at_1_max": 0.4831263799839111,
        "nauc_map_at_1_std": -0.01973180782281218,
        "nauc_map_at_20_diff1": 0.5167565534738157,
        "nauc_map_at_20_max": 0.4810032128775073,
        "nauc_map_at_20_std": -0.005197751428092288,
        "nauc_map_at_3_diff1": 0.5224167860173663,
        "nauc_map_at_3_max": 0.4739720550164949,
        "nauc_map_at_3_std": -0.015185217944602173,
        "nauc_map_at_5_diff1": 0.5181833538242075,
        "nauc_map_at_5_max": 0.4771975780767897,
        "nauc_map_at_5_std": -0.011684515807600496,
        "nauc_mrr_at_1000_diff1": 0.5132511916587688,
        "nauc_mrr_at_1000_max": 0.48770513510598257,
        "nauc_mrr_at_1000_std": -0.0035933487142451224,
        "nauc_mrr_at_100_diff1": 0.5129732004926327,
        "nauc_mrr_at_100_max": 0.4874993151726189,
        "nauc_mrr_at_100_std": -0.0036581348351756716,
        "nauc_mrr_at_10_diff1": 0.5128719757576183,
        "nauc_mrr_at_10_max": 0.48654742830817876,
        "nauc_mrr_at_10_std": -0.007834487313537407,
        "nauc_mrr_at_1_diff1": 0.573034516804572,
        "nauc_mrr_at_1_max": 0.5045856826332316,
        "nauc_mrr_at_1_std": -0.017102845216913416,
        "nauc_mrr_at_20_diff1": 0.5133243045470846,
        "nauc_mrr_at_20_max": 0.4878204840947269,
        "nauc_mrr_at_20_std": -0.004433603102522519,
        "nauc_mrr_at_3_diff1": 0.5175710447322301,
        "nauc_mrr_at_3_max": 0.48585620695742626,
        "nauc_mrr_at_3_std": -0.014820059316648489,
        "nauc_mrr_at_5_diff1": 0.514183812299968,
        "nauc_mrr_at_5_max": 0.4871185691777941,
        "nauc_mrr_at_5_std": -0.00905555830477662,
        "nauc_ndcg_at_1000_diff1": 0.49503619648759406,
        "nauc_ndcg_at_1000_max": 0.4855898884031341,
        "nauc_ndcg_at_1000_std": 0.02506955955634356,
        "nauc_ndcg_at_100_diff1": 0.4882341033265514,
        "nauc_ndcg_at_100_max": 0.47775758209667185,
        "nauc_ndcg_at_100_std": 0.02073133457717735,
        "nauc_ndcg_at_10_diff1": 0.49391997300345153,
        "nauc_ndcg_at_10_max": 0.47396407140085767,
        "nauc_ndcg_at_10_std": -0.004432124679878589,
        "nauc_ndcg_at_1_diff1": 0.573034516804572,
        "nauc_ndcg_at_1_max": 0.5045856826332316,
        "nauc_ndcg_at_1_std": -0.017102845216913416,
        "nauc_ndcg_at_20_diff1": 0.49572591184262993,
        "nauc_ndcg_at_20_max": 0.48044389507192337,
        "nauc_ndcg_at_20_std": 0.00892912966210322,
        "nauc_ndcg_at_3_diff1": 0.5012349870058507,
        "nauc_ndcg_at_3_max": 0.469799705074106,
        "nauc_ndcg_at_3_std": -0.015249423809675389,
        "nauc_ndcg_at_5_diff1": 0.49836464632980526,
        "nauc_ndcg_at_5_max": 0.4726452565241353,
        "nauc_ndcg_at_5_std": -0.008876298625483711,
        "nauc_precision_at_1000_diff1": -0.13182862831251185,
        "nauc_precision_at_1000_max": 0.01200556780035541,
        "nauc_precision_at_1000_std": 0.07749231669674717,
        "nauc_precision_at_100_diff1": -0.002394006561043461,
        "nauc_precision_at_100_max": 0.1411069154970902,
        "nauc_precision_at_100_std": 0.09219227739281254,
        "nauc_precision_at_10_diff1": 0.24774201645836816,
        "nauc_precision_at_10_max": 0.34133034570232196,
        "nauc_precision_at_10_std": 0.022732244157708935,
        "nauc_precision_at_1_diff1": 0.573034516804572,
        "nauc_precision_at_1_max": 0.5045856826332316,
        "nauc_precision_at_1_std": -0.017102845216913416,
        "nauc_precision_at_20_diff1": 0.18958381408051392,
        "nauc_precision_at_20_max": 0.3121301691677322,
        "nauc_precision_at_20_std": 0.06007424752024284,
        "nauc_precision_at_3_diff1": 0.37236135774542234,
        "nauc_precision_at_3_max": 0.4076260653451635,
        "nauc_precision_at_3_std": -0.00571176697227487,
        "nauc_precision_at_5_diff1": 0.3200685684006543,
        "nauc_precision_at_5_max": 0.3839765978088104,
        "nauc_precision_at_5_std": 0.009369787557839543,
        "nauc_recall_at_1000_diff1": 0.40773212399347064,
        "nauc_recall_at_1000_max": 0.5602159851901691,
        "nauc_recall_at_1000_std": 0.42027823109123236,
        "nauc_recall_at_100_diff1": 0.35714125780296047,
        "nauc_recall_at_100_max": 0.4175176426555754,
        "nauc_recall_at_100_std": 0.15082327481002122,
        "nauc_recall_at_10_diff1": 0.4112966070987697,
        "nauc_recall_at_10_max": 0.4255300461249268,
        "nauc_recall_at_10_std": 0.0054643819066744394,
        "nauc_recall_at_1_diff1": 0.5728784085376536,
        "nauc_recall_at_1_max": 0.4831263799839111,
        "nauc_recall_at_1_std": -0.01973180782281218,
        "nauc_recall_at_20_diff1": 0.414754009977002,
        "nauc_recall_at_20_max": 0.4448992539495041,
        "nauc_recall_at_20_std": 0.05902406047460569,
        "nauc_recall_at_3_diff1": 0.45047813126610375,
        "nauc_recall_at_3_max": 0.43116444377353075,
        "nauc_recall_at_3_std": -0.01773427112055191,
        "nauc_recall_at_5_diff1": 0.4317745936865735,
        "nauc_recall_at_5_max": 0.43281868186287864,
        "nauc_recall_at_5_std": -0.0031796553046076954,
        "ndcg_at_1": 0.33489,
        "ndcg_at_10": 0.42132,
        "ndcg_at_100": 0.47122,
        "ndcg_at_1000": 0.49351,
        "ndcg_at_20": 0.44001,
        "ndcg_at_3": 0.37572,
        "ndcg_at_5": 0.39896,
        "precision_at_1": 0.33489,
        "precision_at_10": 0.06968,
        "precision_at_100": 0.01065,
        "precision_at_1000": 0.00136,
        "precision_at_20": 0.04002,
        "precision_at_3": 0.17009,
        "precision_at_5": 0.11978,
        "recall_at_1": 0.28271,
        "recall_at_10": 0.53189,
        "recall_at_100": 0.74922,
        "recall_at_1000": 0.90554,
        "recall_at_20": 0.59922,
        "recall_at_3": 0.40788,
        "recall_at_5": 0.46609
      }
    ]
  },
  "task_name": "CQADupstackUnixRetrieval"
}