{
  "dataset_revision": "46989137a86843e03a6195de44b09deda022eec7",
  "evaluation_time": 68.190514087677,
  "kg_co2_emissions": null,
  "mteb_version": "1.13.1",
  "scores": {
    "test": [
      {
        "hf_subset": "default",
        "languages": [
          "eng-Latn"
        ],
        "main_score": 0.30555,
        "map_at_1": 0.18807,
        "map_at_10": 0.25998,
        "map_at_100": 0.2699,
        "map_at_1000": 0.27117,
        "map_at_20": 0.26501,
        "map_at_3": 0.2386,
        "map_at_5": 0.24993,
        "mrr_at_1": 0.22505161734342738,
        "mrr_at_10": 0.29958228186893016,
        "mrr_at_100": 0.30773458975065604,
        "mrr_at_1000": 0.30856283837046045,
        "mrr_at_20": 0.3040506987094756,
        "mrr_at_3": 0.2793071805459968,
        "mrr_at_5": 0.29061137875659554,
        "nauc_map_at_1000_diff1": 0.40097377776553217,
        "nauc_map_at_1000_max": 0.32540611423137006,
        "nauc_map_at_1000_std": -0.027651422788288745,
        "nauc_map_at_100_diff1": 0.400769618357307,
        "nauc_map_at_100_max": 0.3250562025813508,
        "nauc_map_at_100_std": -0.02797987086871855,
        "nauc_map_at_10_diff1": 0.4035212381227631,
        "nauc_map_at_10_max": 0.32443195849381085,
        "nauc_map_at_10_std": -0.033166863004856335,
        "nauc_map_at_1_diff1": 0.46626598176087247,
        "nauc_map_at_1_max": 0.3210785528956425,
        "nauc_map_at_1_std": -0.037236085488037404,
        "nauc_map_at_20_diff1": 0.40170461157278275,
        "nauc_map_at_20_max": 0.3242041994941243,
        "nauc_map_at_20_std": -0.031067443799259093,
        "nauc_map_at_3_diff1": 0.4131150895627439,
        "nauc_map_at_3_max": 0.32197348223376876,
        "nauc_map_at_3_std": -0.035957468088615045,
        "nauc_map_at_5_diff1": 0.4061593159244354,
        "nauc_map_at_5_max": 0.3197260295335129,
        "nauc_map_at_5_std": -0.03722168896418804,
        "nauc_mrr_at_1000_diff1": 0.4070926528384101,
        "nauc_mrr_at_1000_max": 0.33991629678116136,
        "nauc_mrr_at_1000_std": -0.02172584111664864,
        "nauc_mrr_at_100_diff1": 0.4069377293126246,
        "nauc_mrr_at_100_max": 0.3399154747625748,
        "nauc_mrr_at_100_std": -0.021803961376553292,
        "nauc_mrr_at_10_diff1": 0.4088584108693238,
        "nauc_mrr_at_10_max": 0.3398322466883371,
        "nauc_mrr_at_10_std": -0.026002960283470017,
        "nauc_mrr_at_1_diff1": 0.4659550348872579,
        "nauc_mrr_at_1_max": 0.34857893287531594,
        "nauc_mrr_at_1_std": -0.03172122486401748,
        "nauc_mrr_at_20_diff1": 0.40720966211299886,
        "nauc_mrr_at_20_max": 0.339109649201751,
        "nauc_mrr_at_20_std": -0.023990054865507374,
        "nauc_mrr_at_3_diff1": 0.41700797468406176,
        "nauc_mrr_at_3_max": 0.34190097408180753,
        "nauc_mrr_at_3_std": -0.027476715635132862,
        "nauc_mrr_at_5_diff1": 0.4111143782545091,
        "nauc_mrr_at_5_max": 0.338017561599724,
        "nauc_mrr_at_5_std": -0.028585204005696307,
        "nauc_ndcg_at_1000_diff1": 0.37544738415891193,
        "nauc_ndcg_at_1000_max": 0.3326296753954604,
        "nauc_ndcg_at_1000_std": 0.0037090570785258165,
        "nauc_ndcg_at_100_diff1": 0.37359035982147626,
        "nauc_ndcg_at_100_max": 0.32936762319964485,
        "nauc_ndcg_at_100_std": 3.06587661281156e-05,
        "nauc_ndcg_at_10_diff1": 0.38408130246320465,
        "nauc_ndcg_at_10_max": 0.3289296007344699,
        "nauc_ndcg_at_10_std": -0.026520787910467084,
        "nauc_ndcg_at_1_diff1": 0.4659550348872579,
        "nauc_ndcg_at_1_max": 0.34808953364010486,
        "nauc_ndcg_at_1_std": -0.031454251993761576,
        "nauc_ndcg_at_20_diff1": 0.3778953804163551,
        "nauc_ndcg_at_20_max": 0.3260665183345774,
        "nauc_ndcg_at_20_std": -0.02001367661532624,
        "nauc_ndcg_at_3_diff1": 0.399534445751891,
        "nauc_ndcg_at_3_max": 0.3288650946158494,
        "nauc_ndcg_at_3_std": -0.031963078249499684,
        "nauc_ndcg_at_5_diff1": 0.38921310544713283,
        "nauc_ndcg_at_5_max": 0.3217102862343957,
        "nauc_ndcg_at_5_std": -0.034503406496797576,
        "nauc_precision_at_1000_diff1": 0.057085602906541376,
        "nauc_precision_at_1000_max": 0.18068975332527346,
        "nauc_precision_at_1000_std": 0.0935757632803509,
        "nauc_precision_at_100_diff1": 0.14234786317208573,
        "nauc_precision_at_100_max": 0.24581763202023,
        "nauc_precision_at_100_std": 0.090272674085899,
        "nauc_precision_at_10_diff1": 0.26020911382577155,
        "nauc_precision_at_10_max": 0.32000360461705357,
        "nauc_precision_at_10_std": 0.004247750519626622,
        "nauc_precision_at_1_diff1": 0.4659550348872579,
        "nauc_precision_at_1_max": 0.34808953364010486,
        "nauc_precision_at_1_std": -0.031454251993761576,
        "nauc_precision_at_20_diff1": 0.2172380604664803,
        "nauc_precision_at_20_max": 0.29070609359663235,
        "nauc_precision_at_20_std": 0.025628717140769995,
        "nauc_precision_at_3_diff1": 0.33750173570549125,
        "nauc_precision_at_3_max": 0.34079829868107464,
        "nauc_precision_at_3_std": -0.01756611871555184,
        "nauc_precision_at_5_diff1": 0.2987223898044468,
        "nauc_precision_at_5_max": 0.3214427718532138,
        "nauc_precision_at_5_std": -0.01806979300383495,
        "nauc_recall_at_1000_diff1": 0.17903572113907834,
        "nauc_recall_at_1000_max": 0.3159080282706969,
        "nauc_recall_at_1000_std": 0.24507484301511512,
        "nauc_recall_at_100_diff1": 0.24909270697591251,
        "nauc_recall_at_100_max": 0.2985862107530963,
        "nauc_recall_at_100_std": 0.11265969595600435,
        "nauc_recall_at_10_diff1": 0.3087749590756713,
        "nauc_recall_at_10_max": 0.30467310547006127,
        "nauc_recall_at_10_std": -0.014701016223963586,
        "nauc_recall_at_1_diff1": 0.46626598176087247,
        "nauc_recall_at_1_max": 0.3210785528956425,
        "nauc_recall_at_1_std": -0.037236085488037404,
        "nauc_recall_at_20_diff1": 0.28256642423328954,
        "nauc_recall_at_20_max": 0.2907882307799308,
        "nauc_recall_at_20_std": 0.007526236399981982,
        "nauc_recall_at_3_diff1": 0.35267315181426157,
        "nauc_recall_at_3_max": 0.304461755443337,
        "nauc_recall_at_3_std": -0.030613908698519248,
        "nauc_recall_at_5_diff1": 0.32579588639962787,
        "nauc_recall_at_5_max": 0.2873789235870181,
        "nauc_recall_at_5_std": -0.035882120703745884,
        "ndcg_at_1": 0.22505,
        "ndcg_at_10": 0.30555,
        "ndcg_at_100": 0.35246,
        "ndcg_at_1000": 0.38276,
        "ndcg_at_20": 0.32177,
        "ndcg_at_3": 0.26696,
        "ndcg_at_5": 0.2839,
        "precision_at_1": 0.22505,
        "precision_at_10": 0.0544,
        "precision_at_100": 0.00915,
        "precision_at_1000": 0.00135,
        "precision_at_20": 0.03231,
        "precision_at_3": 0.12468,
        "precision_at_5": 0.0883,
        "recall_at_1": 0.18807,
        "recall_at_10": 0.40261,
        "recall_at_100": 0.61306,
        "recall_at_1000": 0.83062,
        "recall_at_20": 0.46127,
        "recall_at_3": 0.29426,
        "recall_at_5": 0.33825
      }
    ]
  },
  "task_name": "CQADupstackTexRetrieval"
}