{
  "dataset_revision": "5003b3064772da1887988e05400cf3806fe491f2",
  "evaluation_time": 48.86625099182129,
  "kg_co2_emissions": null,
  "mteb_version": "1.13.1",
  "scores": {
    "test": [
      {
        "hf_subset": "default",
        "languages": [
          "eng-Latn"
        ],
        "main_score": 0.4115,
        "map_at_1": 0.28626,
        "map_at_10": 0.3652,
        "map_at_100": 0.37566,
        "map_at_1000": 0.37646,
        "map_at_20": 0.37155,
        "map_at_3": 0.34007,
        "map_at_5": 0.35462,
        "mrr_at_1": 0.30847457627118646,
        "mrr_at_10": 0.3864639942606044,
        "mrr_at_100": 0.39492705402779577,
        "mrr_at_1000": 0.3955495895801538,
        "mrr_at_20": 0.3913741958920896,
        "mrr_at_3": 0.3623352165725047,
        "mrr_at_5": 0.3764030131826742,
        "nauc_map_at_1000_diff1": 0.4711097334983886,
        "nauc_map_at_1000_max": 0.359050139537485,
        "nauc_map_at_1000_std": -0.04718594706592511,
        "nauc_map_at_100_diff1": 0.4708544069590284,
        "nauc_map_at_100_max": 0.358624505590828,
        "nauc_map_at_100_std": -0.04714001407108716,
        "nauc_map_at_10_diff1": 0.4732638333318114,
        "nauc_map_at_10_max": 0.36079561069941707,
        "nauc_map_at_10_std": -0.04848054986053488,
        "nauc_map_at_1_diff1": 0.5204485424743471,
        "nauc_map_at_1_max": 0.3315294379982262,
        "nauc_map_at_1_std": -0.08268114043556304,
        "nauc_map_at_20_diff1": 0.470490314022712,
        "nauc_map_at_20_max": 0.3585818107480941,
        "nauc_map_at_20_std": -0.048325373292072406,
        "nauc_map_at_3_diff1": 0.48728691771368576,
        "nauc_map_at_3_max": 0.3557419492393741,
        "nauc_map_at_3_std": -0.0623046202952111,
        "nauc_map_at_5_diff1": 0.47416666574545896,
        "nauc_map_at_5_max": 0.359429794860639,
        "nauc_map_at_5_std": -0.0542296442362993,
        "nauc_mrr_at_1000_diff1": 0.468476169493842,
        "nauc_mrr_at_1000_max": 0.37496664200557855,
        "nauc_mrr_at_1000_std": -0.03071525217098385,
        "nauc_mrr_at_100_diff1": 0.4680904597651322,
        "nauc_mrr_at_100_max": 0.37455461357933273,
        "nauc_mrr_at_100_std": -0.030596793790981788,
        "nauc_mrr_at_10_diff1": 0.46957760973056956,
        "nauc_mrr_at_10_max": 0.37810522357047344,
        "nauc_mrr_at_10_std": -0.030978035981321355,
        "nauc_mrr_at_1_diff1": 0.5165409751583637,
        "nauc_mrr_at_1_max": 0.36594791046352615,
        "nauc_mrr_at_1_std": -0.06198488183022114,
        "nauc_mrr_at_20_diff1": 0.4680655801511771,
        "nauc_mrr_at_20_max": 0.3750317496693814,
        "nauc_mrr_at_20_std": -0.03141918499949843,
        "nauc_mrr_at_3_diff1": 0.48503351387409754,
        "nauc_mrr_at_3_max": 0.37758134512513375,
        "nauc_mrr_at_3_std": -0.04311343845348028,
        "nauc_mrr_at_5_diff1": 0.47218088276956555,
        "nauc_mrr_at_5_max": 0.37907788234478834,
        "nauc_mrr_at_5_std": -0.03576666954380943,
        "nauc_ndcg_at_1000_diff1": 0.4506427600467902,
        "nauc_ndcg_at_1000_max": 0.36939820350526775,
        "nauc_ndcg_at_1000_std": -0.016064127265824013,
        "nauc_ndcg_at_100_diff1": 0.44333956050926715,
        "nauc_ndcg_at_100_max": 0.3607094507773355,
        "nauc_ndcg_at_100_std": -0.012918243136983028,
        "nauc_ndcg_at_10_diff1": 0.4482680980306367,
        "nauc_ndcg_at_10_max": 0.37209510722130135,
        "nauc_ndcg_at_10_std": -0.02153986220333406,
        "nauc_ndcg_at_1_diff1": 0.5165409751583637,
        "nauc_ndcg_at_1_max": 0.36594791046352615,
        "nauc_ndcg_at_1_std": -0.06198488183022114,
        "nauc_ndcg_at_20_diff1": 0.4397371775028552,
        "nauc_ndcg_at_20_max": 0.3629941693516266,
        "nauc_ndcg_at_20_std": -0.021656593706492352,
        "nauc_ndcg_at_3_diff1": 0.47805298644381505,
        "nauc_ndcg_at_3_max": 0.36695181373027774,
        "nauc_ndcg_at_3_std": -0.05133575031581161,
        "nauc_ndcg_at_5_diff1": 0.45341006227832664,
        "nauc_ndcg_at_5_max": 0.37124619349502735,
        "nauc_ndcg_at_5_std": -0.03685018340617998,
        "nauc_precision_at_1000_diff1": 0.039369450921434096,
        "nauc_precision_at_1000_max": 0.21653555045151435,
        "nauc_precision_at_1000_std": 0.10882644816021851,
        "nauc_precision_at_100_diff1": 0.16548919711146798,
        "nauc_precision_at_100_max": 0.268569209809788,
        "nauc_precision_at_100_std": 0.10994856424996075,
        "nauc_precision_at_10_diff1": 0.3286988970702465,
        "nauc_precision_at_10_max": 0.4298199856429016,
        "nauc_precision_at_10_std": 0.06323381203512765,
        "nauc_precision_at_1_diff1": 0.5165409751583637,
        "nauc_precision_at_1_max": 0.36594791046352615,
        "nauc_precision_at_1_std": -0.06198488183022114,
        "nauc_precision_at_20_diff1": 0.24172006403211502,
        "nauc_precision_at_20_max": 0.35340375387611467,
        "nauc_precision_at_20_std": 0.05750389290587358,
        "nauc_precision_at_3_diff1": 0.42544833672829907,
        "nauc_precision_at_3_max": 0.4180863444606147,
        "nauc_precision_at_3_std": -0.00865549899100708,
        "nauc_precision_at_5_diff1": 0.35467790047165015,
        "nauc_precision_at_5_max": 0.4219316289963045,
        "nauc_precision_at_5_std": 0.01929284082928492,
        "nauc_recall_at_1000_diff1": 0.3181814657120547,
        "nauc_recall_at_1000_max": 0.4217880630155752,
        "nauc_recall_at_1000_std": 0.25474327338668934,
        "nauc_recall_at_100_diff1": 0.3016489684435173,
        "nauc_recall_at_100_max": 0.3061680204512181,
        "nauc_recall_at_100_std": 0.15567611291500874,
        "nauc_recall_at_10_diff1": 0.3554068390549483,
        "nauc_recall_at_10_max": 0.3710024955256944,
        "nauc_recall_at_10_std": 0.05018417874993728,
        "nauc_recall_at_1_diff1": 0.5204485424743471,
        "nauc_recall_at_1_max": 0.3315294379982262,
        "nauc_recall_at_1_std": -0.08268114043556304,
        "nauc_recall_at_20_diff1": 0.3160938223772615,
        "nauc_recall_at_20_max": 0.33477610192996965,
        "nauc_recall_at_20_std": 0.05687825936603283,
        "nauc_recall_at_3_diff1": 0.43999843352200996,
        "nauc_recall_at_3_max": 0.36414039197227105,
        "nauc_recall_at_3_std": -0.03358291173298271,
        "nauc_recall_at_5_diff1": 0.3813188320748468,
        "nauc_recall_at_5_max": 0.3735621450368323,
        "nauc_recall_at_5_std": -0.0004972366465899922,
        "ndcg_at_1": 0.30847,
        "ndcg_at_10": 0.4115,
        "ndcg_at_100": 0.46101,
        "ndcg_at_1000": 0.48018,
        "ndcg_at_20": 0.43245,
        "ndcg_at_3": 0.36193,
        "ndcg_at_5": 0.3868,
        "precision_at_1": 0.30847,
        "precision_at_10": 0.06102,
        "precision_at_100": 0.00897,
        "precision_at_1000": 0.00109,
        "precision_at_20": 0.03565,
        "precision_at_3": 0.1484,
        "precision_at_5": 0.1035,
        "recall_at_1": 0.28626,
        "recall_at_10": 0.53451,
        "recall_at_100": 0.76163,
        "recall_at_1000": 0.90343,
        "recall_at_20": 0.61287,
        "recall_at_3": 0.39957,
        "recall_at_5": 0.45964
      }
    ]
  },
  "task_name": "CQADupstackGisRetrieval"
}