{
  "dataset_revision": "6184bc1440d2dbc7612be22b50686b8826d22b32",
  "evaluation_time": 51.42369794845581,
  "kg_co2_emissions": null,
  "mteb_version": "1.13.1",
  "scores": {
    "test": [
      {
        "hf_subset": "default",
        "languages": [
          "eng-Latn"
        ],
        "main_score": 0.44971,
        "map_at_1": 0.30178,
        "map_at_10": 0.39777,
        "map_at_100": 0.41086,
        "map_at_1000": 0.41194,
        "map_at_20": 0.40531,
        "map_at_3": 0.36856,
        "map_at_5": 0.38643,
        "mrr_at_1": 0.3641552511415525,
        "mrr_at_10": 0.4502717982170037,
        "mrr_at_100": 0.4590574050186618,
        "mrr_at_1000": 0.459526971038876,
        "mrr_at_20": 0.4558626890020821,
        "mrr_at_3": 0.4277016742770168,
        "mrr_at_5": 0.4410578386605784,
        "nauc_map_at_1000_diff1": 0.4580831571945235,
        "nauc_map_at_1000_max": 0.4899741302466084,
        "nauc_map_at_1000_std": 0.026194109920239596,
        "nauc_map_at_100_diff1": 0.4577683162909197,
        "nauc_map_at_100_max": 0.4897949942959409,
        "nauc_map_at_100_std": 0.026057110288848908,
        "nauc_map_at_10_diff1": 0.4571759868589225,
        "nauc_map_at_10_max": 0.4846634246644824,
        "nauc_map_at_10_std": 0.015935196623206294,
        "nauc_map_at_1_diff1": 0.5077530504188631,
        "nauc_map_at_1_max": 0.453757588362435,
        "nauc_map_at_1_std": -0.017558869765115098,
        "nauc_map_at_20_diff1": 0.4574266668144373,
        "nauc_map_at_20_max": 0.48495909434043294,
        "nauc_map_at_20_std": 0.020033788583260295,
        "nauc_map_at_3_diff1": 0.470333303952274,
        "nauc_map_at_3_max": 0.4763891382397469,
        "nauc_map_at_3_std": 0.004068839693248312,
        "nauc_map_at_5_diff1": 0.46463424784998647,
        "nauc_map_at_5_max": 0.48347451145289516,
        "nauc_map_at_5_std": 0.008022425811531664,
        "nauc_mrr_at_1000_diff1": 0.4762359172152583,
        "nauc_mrr_at_1000_max": 0.5287955050937475,
        "nauc_mrr_at_1000_std": 0.05381738173444287,
        "nauc_mrr_at_100_diff1": 0.47606812943073645,
        "nauc_mrr_at_100_max": 0.5288037959776697,
        "nauc_mrr_at_100_std": 0.05397771688412264,
        "nauc_mrr_at_10_diff1": 0.47546630202282436,
        "nauc_mrr_at_10_max": 0.5291047106752762,
        "nauc_mrr_at_10_std": 0.05213807291873695,
        "nauc_mrr_at_1_diff1": 0.5144308698881537,
        "nauc_mrr_at_1_max": 0.5261165571235616,
        "nauc_mrr_at_1_std": 0.022908604714339913,
        "nauc_mrr_at_20_diff1": 0.4757279966334419,
        "nauc_mrr_at_20_max": 0.5274649680019591,
        "nauc_mrr_at_20_std": 0.05264226882937626,
        "nauc_mrr_at_3_diff1": 0.4839083039273509,
        "nauc_mrr_at_3_max": 0.5319123343745095,
        "nauc_mrr_at_3_std": 0.04615645866954838,
        "nauc_mrr_at_5_diff1": 0.48046362503966195,
        "nauc_mrr_at_5_max": 0.5317851682468865,
        "nauc_mrr_at_5_std": 0.048695486231596495,
        "nauc_ndcg_at_1000_diff1": 0.45227649939382647,
        "nauc_ndcg_at_1000_max": 0.5118828891330462,
        "nauc_ndcg_at_1000_std": 0.06634434356892667,
        "nauc_ndcg_at_100_diff1": 0.44639241042567085,
        "nauc_ndcg_at_100_max": 0.5110993273776931,
        "nauc_ndcg_at_100_std": 0.07202545302687251,
        "nauc_ndcg_at_10_diff1": 0.4406198596856676,
        "nauc_ndcg_at_10_max": 0.49272874353279866,
        "nauc_ndcg_at_10_std": 0.03450322274442094,
        "nauc_ndcg_at_1_diff1": 0.5144308698881537,
        "nauc_ndcg_at_1_max": 0.5261165571235616,
        "nauc_ndcg_at_1_std": 0.022908604714339913,
        "nauc_ndcg_at_20_diff1": 0.44116248234792255,
        "nauc_ndcg_at_20_max": 0.4900487053983919,
        "nauc_ndcg_at_20_std": 0.0449274685781386,
        "nauc_ndcg_at_3_diff1": 0.4603025054600441,
        "nauc_ndcg_at_3_max": 0.4972947663959568,
        "nauc_ndcg_at_3_std": 0.024607303381648873,
        "nauc_ndcg_at_5_diff1": 0.45495364958153195,
        "nauc_ndcg_at_5_max": 0.49697473574777173,
        "nauc_ndcg_at_5_std": 0.023088622469945662,
        "nauc_precision_at_1000_diff1": -0.08243115700598429,
        "nauc_precision_at_1000_max": 0.08948261523075976,
        "nauc_precision_at_1000_std": 0.1706028186797663,
        "nauc_precision_at_100_diff1": 0.011175585739377101,
        "nauc_precision_at_100_max": 0.26186458606893875,
        "nauc_precision_at_100_std": 0.26898334909569444,
        "nauc_precision_at_10_diff1": 0.19361693258914264,
        "nauc_precision_at_10_max": 0.4311800457246862,
        "nauc_precision_at_10_std": 0.1667024956375675,
        "nauc_precision_at_1_diff1": 0.5144308698881537,
        "nauc_precision_at_1_max": 0.5261165571235616,
        "nauc_precision_at_1_std": 0.022908604714339913,
        "nauc_precision_at_20_diff1": 0.12240872067728338,
        "nauc_precision_at_20_max": 0.36037602006438846,
        "nauc_precision_at_20_std": 0.21319263799063584,
        "nauc_precision_at_3_diff1": 0.32706152846343345,
        "nauc_precision_at_3_max": 0.5018886087838254,
        "nauc_precision_at_3_std": 0.10873576572168112,
        "nauc_precision_at_5_diff1": 0.2699487847386117,
        "nauc_precision_at_5_max": 0.4745063910277956,
        "nauc_precision_at_5_std": 0.12148911732730536,
        "nauc_recall_at_1000_diff1": 0.3744782982617852,
        "nauc_recall_at_1000_max": 0.5707064670061469,
        "nauc_recall_at_1000_std": 0.4188556866638803,
        "nauc_recall_at_100_diff1": 0.33562678045597955,
        "nauc_recall_at_100_max": 0.5094701161641058,
        "nauc_recall_at_100_std": 0.2798506061084978,
        "nauc_recall_at_10_diff1": 0.3494695035007811,
        "nauc_recall_at_10_max": 0.43989509068807114,
        "nauc_recall_at_10_std": 0.048197380197474195,
        "nauc_recall_at_1_diff1": 0.5077530504188631,
        "nauc_recall_at_1_max": 0.453757588362435,
        "nauc_recall_at_1_std": -0.017558869765115098,
        "nauc_recall_at_20_diff1": 0.33814726421882635,
        "nauc_recall_at_20_max": 0.4115404827649639,
        "nauc_recall_at_20_std": 0.08166255668886904,
        "nauc_recall_at_3_diff1": 0.42727407089744845,
        "nauc_recall_at_3_max": 0.4569723660155095,
        "nauc_recall_at_3_std": 0.006804282447017562,
        "nauc_recall_at_5_diff1": 0.39870055012611993,
        "nauc_recall_at_5_max": 0.4592852985828339,
        "nauc_recall_at_5_std": 0.016112566693403555,
        "ndcg_at_1": 0.36416,
        "ndcg_at_10": 0.44971,
        "ndcg_at_100": 0.50559,
        "ndcg_at_1000": 0.52696,
        "ndcg_at_20": 0.47326,
        "ndcg_at_3": 0.40597,
        "ndcg_at_5": 0.42796,
        "precision_at_1": 0.36416,
        "precision_at_10": 0.07854,
        "precision_at_100": 0.01233,
        "precision_at_1000": 0.00158,
        "precision_at_20": 0.0464,
        "precision_at_3": 0.19026,
        "precision_at_5": 0.13425,
        "recall_at_1": 0.30178,
        "recall_at_10": 0.5514,
        "recall_at_100": 0.78995,
        "recall_at_1000": 0.9332,
        "recall_at_20": 0.63607,
        "recall_at_3": 0.42898,
        "recall_at_5": 0.48814
      }
    ]
  },
  "task_name": "CQADupstackProgrammersRetrieval"
}