{
  "dataset_revision": "79531abbd1fb92d06c6d6315a0cbbbf5bb247ea4",
  "evaluation_time": 59.54685091972351,
  "kg_co2_emissions": null,
  "mteb_version": "1.13.1",
  "scores": {
    "test": [
      {
        "hf_subset": "default",
        "languages": [
          "eng-Latn"
        ],
        "main_score": 0.47943,
        "map_at_1": 0.31549,
        "map_at_10": 0.42053,
        "map_at_100": 0.43358,
        "map_at_1000": 0.43467,
        "map_at_20": 0.42745,
        "map_at_3": 0.38891,
        "map_at_5": 0.40727,
        "mrr_at_1": 0.38402309913378246,
        "mrr_at_10": 0.47587118260843,
        "mrr_at_100": 0.48391288482955747,
        "mrr_at_1000": 0.48439709258884134,
        "mrr_at_20": 0.480903345028434,
        "mrr_at_3": 0.4515559833172923,
        "mrr_at_5": 0.4665704202759063,
        "nauc_map_at_1000_diff1": 0.5471269270407905,
        "nauc_map_at_1000_max": 0.3892686323033547,
        "nauc_map_at_1000_std": -0.11178681453115318,
        "nauc_map_at_100_diff1": 0.5468500396273122,
        "nauc_map_at_100_max": 0.3885613517791166,
        "nauc_map_at_100_std": -0.11254140019649189,
        "nauc_map_at_10_diff1": 0.5471714860494936,
        "nauc_map_at_10_max": 0.38496202490959935,
        "nauc_map_at_10_std": -0.12074157722193943,
        "nauc_map_at_1_diff1": 0.6053593144768625,
        "nauc_map_at_1_max": 0.37459779629269196,
        "nauc_map_at_1_std": -0.14346464876977,
        "nauc_map_at_20_diff1": 0.5460509577320789,
        "nauc_map_at_20_max": 0.38616111843398376,
        "nauc_map_at_20_std": -0.11667714675235084,
        "nauc_map_at_3_diff1": 0.5478285094257159,
        "nauc_map_at_3_max": 0.3784817758278695,
        "nauc_map_at_3_std": -0.12940017196377684,
        "nauc_map_at_5_diff1": 0.5457187167063811,
        "nauc_map_at_5_max": 0.38151868624165863,
        "nauc_map_at_5_std": -0.12426949084711819,
        "nauc_mrr_at_1000_diff1": 0.5492825399379124,
        "nauc_mrr_at_1000_max": 0.4065569109031468,
        "nauc_mrr_at_1000_std": -0.09558384111534034,
        "nauc_mrr_at_100_diff1": 0.5491634071661342,
        "nauc_mrr_at_100_max": 0.4064733323651879,
        "nauc_mrr_at_100_std": -0.0955799256326166,
        "nauc_mrr_at_10_diff1": 0.5491311218173267,
        "nauc_mrr_at_10_max": 0.40442006017814086,
        "nauc_mrr_at_10_std": -0.09884700803955745,
        "nauc_mrr_at_1_diff1": 0.6000333586238012,
        "nauc_mrr_at_1_max": 0.4093491511645436,
        "nauc_mrr_at_1_std": -0.11521894843032364,
        "nauc_mrr_at_20_diff1": 0.548237990772421,
        "nauc_mrr_at_20_max": 0.4052653292547467,
        "nauc_mrr_at_20_std": -0.09716010476463473,
        "nauc_mrr_at_3_diff1": 0.5520748309722051,
        "nauc_mrr_at_3_max": 0.40676652084431203,
        "nauc_mrr_at_3_std": -0.1052528352665583,
        "nauc_mrr_at_5_diff1": 0.5469228259376425,
        "nauc_mrr_at_5_max": 0.40605647172056775,
        "nauc_mrr_at_5_std": -0.09939797653484261,
        "nauc_ndcg_at_1000_diff1": 0.536624589643321,
        "nauc_ndcg_at_1000_max": 0.40748704835127486,
        "nauc_ndcg_at_1000_std": -0.07280715271841331,
        "nauc_ndcg_at_100_diff1": 0.5327485577968478,
        "nauc_ndcg_at_100_max": 0.4013532846151062,
        "nauc_ndcg_at_100_std": -0.07912697759288195,
        "nauc_ndcg_at_10_diff1": 0.5322812701553449,
        "nauc_ndcg_at_10_max": 0.38755377497103527,
        "nauc_ndcg_at_10_std": -0.10790902994626123,
        "nauc_ndcg_at_1_diff1": 0.6000333586238012,
        "nauc_ndcg_at_1_max": 0.4093491511645436,
        "nauc_ndcg_at_1_std": -0.11521894843032364,
        "nauc_ndcg_at_20_diff1": 0.5273417253924227,
        "nauc_ndcg_at_20_max": 0.38882440037733773,
        "nauc_ndcg_at_20_std": -0.09841375376834827,
        "nauc_ndcg_at_3_diff1": 0.5332101726812117,
        "nauc_ndcg_at_3_max": 0.39014523196173556,
        "nauc_ndcg_at_3_std": -0.11745536018892083,
        "nauc_ndcg_at_5_diff1": 0.5297751221522493,
        "nauc_ndcg_at_5_max": 0.3888875124096974,
        "nauc_ndcg_at_5_std": -0.11024238534956629,
        "nauc_precision_at_1000_diff1": -0.0949011440643939,
        "nauc_precision_at_1000_max": 0.0807826825839934,
        "nauc_precision_at_1000_std": 0.2267997329075988,
        "nauc_precision_at_100_diff1": 0.004019744805845699,
        "nauc_precision_at_100_max": 0.1565512547314667,
        "nauc_precision_at_100_std": 0.1966406437506063,
        "nauc_precision_at_10_diff1": 0.2141227462987596,
        "nauc_precision_at_10_max": 0.28173223086365645,
        "nauc_precision_at_10_std": 0.05764492336909144,
        "nauc_precision_at_1_diff1": 0.6000333586238012,
        "nauc_precision_at_1_max": 0.4093491511645436,
        "nauc_precision_at_1_std": -0.11521894843032364,
        "nauc_precision_at_20_diff1": 0.1333261251509359,
        "nauc_precision_at_20_max": 0.23814256164125602,
        "nauc_precision_at_20_std": 0.11511671849392714,
        "nauc_precision_at_3_diff1": 0.3646385039397354,
        "nauc_precision_at_3_max": 0.35556818516381583,
        "nauc_precision_at_3_std": -0.04688073255689046,
        "nauc_precision_at_5_diff1": 0.2889732345748618,
        "nauc_precision_at_5_max": 0.32283797922205737,
        "nauc_precision_at_5_std": 0.004805434089304444,
        "nauc_recall_at_1000_diff1": 0.4325358792414717,
        "nauc_recall_at_1000_max": 0.5661545383468266,
        "nauc_recall_at_1000_std": 0.4524711254778163,
        "nauc_recall_at_100_diff1": 0.4195002794888397,
        "nauc_recall_at_100_max": 0.4000859239862211,
        "nauc_recall_at_100_std": 0.08612110915484011,
        "nauc_recall_at_10_diff1": 0.4532865467294927,
        "nauc_recall_at_10_max": 0.34338827867136806,
        "nauc_recall_at_10_std": -0.0907534854124407,
        "nauc_recall_at_1_diff1": 0.6053593144768625,
        "nauc_recall_at_1_max": 0.37459779629269196,
        "nauc_recall_at_1_std": -0.14346464876977,
        "nauc_recall_at_20_diff1": 0.41901356971602033,
        "nauc_recall_at_20_max": 0.3343061406699225,
        "nauc_recall_at_20_std": -0.056168445164078665,
        "nauc_recall_at_3_diff1": 0.47763169259048194,
        "nauc_recall_at_3_max": 0.35668910234096163,
        "nauc_recall_at_3_std": -0.12029287693914208,
        "nauc_recall_at_5_diff1": 0.45784575561373436,
        "nauc_recall_at_5_max": 0.35133457483454655,
        "nauc_recall_at_5_std": -0.10344446649490001,
        "ndcg_at_1": 0.38402,
        "ndcg_at_10": 0.47943,
        "ndcg_at_100": 0.53186,
        "ndcg_at_1000": 0.55101,
        "ndcg_at_20": 0.5,
        "ndcg_at_3": 0.4298,
        "ndcg_at_5": 0.45484,
        "precision_at_1": 0.38402,
        "precision_at_10": 0.08566,
        "precision_at_100": 0.01299,
        "precision_at_1000": 0.00162,
        "precision_at_20": 0.04971,
        "precision_at_3": 0.20276,
        "precision_at_5": 0.14321,
        "recall_at_1": 0.31549,
        "recall_at_10": 0.59859,
        "recall_at_100": 0.81386,
        "recall_at_1000": 0.93748,
        "recall_at_20": 0.66916,
        "recall_at_3": 0.46111,
        "recall_at_5": 0.52635
      }
    ]
  },
  "task_name": "CQADupstackPhysicsRetrieval"
}