{
  "dataset_revision": "65ac3a16b8e91f9cee4c9828cc7c335575432a2a",
  "evaluation_time": 42.804598569869995,
  "kg_co2_emissions": null,
  "mteb_version": "1.13.1",
  "scores": {
    "test": [
      {
        "hf_subset": "default",
        "languages": [
          "eng-Latn"
        ],
        "main_score": 0.38216,
        "map_at_1": 0.28225,
        "map_at_10": 0.34608,
        "map_at_100": 0.35508,
        "map_at_1000": 0.35617,
        "map_at_20": 0.35084,
        "map_at_3": 0.32771,
        "map_at_5": 0.3387,
        "mrr_at_1": 0.3113496932515337,
        "mrr_at_10": 0.37342913136624795,
        "mrr_at_100": 0.38115331260094093,
        "mrr_at_1000": 0.3819395682505394,
        "mrr_at_20": 0.3775914436862413,
        "mrr_at_3": 0.35506134969325154,
        "mrr_at_5": 0.36641104294478527,
        "nauc_map_at_1000_diff1": 0.5229010415440278,
        "nauc_map_at_1000_max": 0.4730869066289605,
        "nauc_map_at_1000_std": -0.028084046608419275,
        "nauc_map_at_100_diff1": 0.5229417221939022,
        "nauc_map_at_100_max": 0.4730065869476722,
        "nauc_map_at_100_std": -0.028208931052857995,
        "nauc_map_at_10_diff1": 0.524079715961617,
        "nauc_map_at_10_max": 0.4700716792551757,
        "nauc_map_at_10_std": -0.03410573457440696,
        "nauc_map_at_1_diff1": 0.5607457786145774,
        "nauc_map_at_1_max": 0.4536742263461906,
        "nauc_map_at_1_std": -0.06936915248739672,
        "nauc_map_at_20_diff1": 0.5237187146726519,
        "nauc_map_at_20_max": 0.47182277104062115,
        "nauc_map_at_20_std": -0.03162304632892923,
        "nauc_map_at_3_diff1": 0.5215024431463179,
        "nauc_map_at_3_max": 0.4600332624548925,
        "nauc_map_at_3_std": -0.04412367636054149,
        "nauc_map_at_5_diff1": 0.5224426811030485,
        "nauc_map_at_5_max": 0.46504417200302334,
        "nauc_map_at_5_std": -0.040352720726107794,
        "nauc_mrr_at_1000_diff1": 0.5251395086070455,
        "nauc_mrr_at_1000_max": 0.4918319403944918,
        "nauc_mrr_at_1000_std": -0.009264751786899382,
        "nauc_mrr_at_100_diff1": 0.5251444283661633,
        "nauc_mrr_at_100_max": 0.4917855895067429,
        "nauc_mrr_at_100_std": -0.00932939347393339,
        "nauc_mrr_at_10_diff1": 0.526557506251035,
        "nauc_mrr_at_10_max": 0.49200796173166716,
        "nauc_mrr_at_10_std": -0.012454112499246585,
        "nauc_mrr_at_1_diff1": 0.5641774467235772,
        "nauc_mrr_at_1_max": 0.49474406311984565,
        "nauc_mrr_at_1_std": -0.037940271036096165,
        "nauc_mrr_at_20_diff1": 0.525975892307005,
        "nauc_mrr_at_20_max": 0.49193643913046153,
        "nauc_mrr_at_20_std": -0.011600625652420378,
        "nauc_mrr_at_3_diff1": 0.5229126360115205,
        "nauc_mrr_at_3_max": 0.4851730065918778,
        "nauc_mrr_at_3_std": -0.020420949948122855,
        "nauc_mrr_at_5_diff1": 0.5258723554740306,
        "nauc_mrr_at_5_max": 0.48771577624598234,
        "nauc_mrr_at_5_std": -0.018002838876433794,
        "nauc_ndcg_at_1000_diff1": 0.5056638120166981,
        "nauc_ndcg_at_1000_max": 0.4848085503362524,
        "nauc_ndcg_at_1000_std": 0.009558215130572001,
        "nauc_ndcg_at_100_diff1": 0.5049937296515269,
        "nauc_ndcg_at_100_max": 0.48322052391527004,
        "nauc_ndcg_at_100_std": 0.007193981448955452,
        "nauc_ndcg_at_10_diff1": 0.5145481585873941,
        "nauc_ndcg_at_10_max": 0.4793972233897473,
        "nauc_ndcg_at_10_std": -0.016463738135837576,
        "nauc_ndcg_at_1_diff1": 0.5641774467235772,
        "nauc_ndcg_at_1_max": 0.49474406311984565,
        "nauc_ndcg_at_1_std": -0.037940271036096165,
        "nauc_ndcg_at_20_diff1": 0.5122291228852695,
        "nauc_ndcg_at_20_max": 0.48146395379599677,
        "nauc_ndcg_at_20_std": -0.011488944050993757,
        "nauc_ndcg_at_3_diff1": 0.5071532397724094,
        "nauc_ndcg_at_3_max": 0.46676993354869123,
        "nauc_ndcg_at_3_std": -0.028400747668813772,
        "nauc_ndcg_at_5_diff1": 0.5099509561679932,
        "nauc_ndcg_at_5_max": 0.46947343672235997,
        "nauc_ndcg_at_5_std": -0.028837046845696043,
        "nauc_precision_at_1000_diff1": 0.07241583176153288,
        "nauc_precision_at_1000_max": 0.20887651001249308,
        "nauc_precision_at_1000_std": 0.21266230969515318,
        "nauc_precision_at_100_diff1": 0.23821832683434666,
        "nauc_precision_at_100_max": 0.39226805613258053,
        "nauc_precision_at_100_std": 0.211558192422621,
        "nauc_precision_at_10_diff1": 0.39231717001237093,
        "nauc_precision_at_10_max": 0.49095275186653403,
        "nauc_precision_at_10_std": 0.09005735066192475,
        "nauc_precision_at_1_diff1": 0.5641774467235772,
        "nauc_precision_at_1_max": 0.49474406311984565,
        "nauc_precision_at_1_std": -0.037940271036096165,
        "nauc_precision_at_20_diff1": 0.35696465608857253,
        "nauc_precision_at_20_max": 0.47538255226934306,
        "nauc_precision_at_20_std": 0.12706238018872312,
        "nauc_precision_at_3_diff1": 0.4320211575371421,
        "nauc_precision_at_3_max": 0.47785663487766283,
        "nauc_precision_at_3_std": 0.02069824140864457,
        "nauc_precision_at_5_diff1": 0.4093812994817901,
        "nauc_precision_at_5_max": 0.4864838253008584,
        "nauc_precision_at_5_std": 0.04935703015810647,
        "nauc_recall_at_1000_diff1": 0.30538928269590215,
        "nauc_recall_at_1000_max": 0.4645750061795085,
        "nauc_recall_at_1000_std": 0.26098288153844634,
        "nauc_recall_at_100_diff1": 0.38758578934465704,
        "nauc_recall_at_100_max": 0.45572396152115874,
        "nauc_recall_at_100_std": 0.12743848868173793,
        "nauc_recall_at_10_diff1": 0.47381688163345165,
        "nauc_recall_at_10_max": 0.472722859761073,
        "nauc_recall_at_10_std": 0.013232513503200089,
        "nauc_recall_at_1_diff1": 0.5607457786145774,
        "nauc_recall_at_1_max": 0.4536742263461906,
        "nauc_recall_at_1_std": -0.06936915248739672,
        "nauc_recall_at_20_diff1": 0.45288566889411885,
        "nauc_recall_at_20_max": 0.46547125900586683,
        "nauc_recall_at_20_std": 0.022484506381580654,
        "nauc_recall_at_3_diff1": 0.46788384293702756,
        "nauc_recall_at_3_max": 0.4436268413722792,
        "nauc_recall_at_3_std": -0.02298112288790136,
        "nauc_recall_at_5_diff1": 0.4682264456900753,
        "nauc_recall_at_5_max": 0.4475384672676713,
        "nauc_recall_at_5_std": -0.022003788679848844,
        "ndcg_at_1": 0.31135,
        "ndcg_at_10": 0.38216,
        "ndcg_at_100": 0.42538,
        "ndcg_at_1000": 0.45163,
        "ndcg_at_20": 0.39786,
        "ndcg_at_3": 0.34851,
        "ndcg_at_5": 0.36602,
        "precision_at_1": 0.31135,
        "precision_at_10": 0.05598,
        "precision_at_100": 0.00845,
        "precision_at_1000": 0.00115,
        "precision_at_20": 0.03213,
        "precision_at_3": 0.14468,
        "precision_at_5": 0.09877,
        "recall_at_1": 0.28225,
        "recall_at_10": 0.46442,
        "recall_at_100": 0.65785,
        "recall_at_1000": 0.84961,
        "recall_at_20": 0.52244,
        "recall_at_3": 0.37478,
        "recall_at_5": 0.41664
      }
    ]
  },
  "task_name": "CQADupstackStatsRetrieval"
}