{
  "dataset_revision": "160c094312a0e1facb97e55eeddb698c0abe3571",
  "evaluation_time": 30.448663234710693,
  "kg_co2_emissions": null,
  "mteb_version": "1.13.1",
  "scores": {
    "test": [
      {
        "hf_subset": "default",
        "languages": [
          "eng-Latn"
        ],
        "main_score": 0.41972,
        "map_at_1": 0.28658,
        "map_at_10": 0.36551,
        "map_at_100": 0.38245,
        "map_at_1000": 0.3846,
        "map_at_20": 0.37394,
        "map_at_3": 0.33717,
        "map_at_5": 0.35097,
        "mrr_at_1": 0.33794466403162055,
        "mrr_at_10": 0.4096265449526319,
        "mrr_at_100": 0.4203315354356915,
        "mrr_at_1000": 0.4207452800031872,
        "mrr_at_20": 0.4157413790495601,
        "mrr_at_3": 0.38702239789196313,
        "mrr_at_5": 0.3981884057971014,
        "nauc_map_at_1000_diff1": 0.5227640800684349,
        "nauc_map_at_1000_max": 0.40628202653719314,
        "nauc_map_at_1000_std": -0.0069974919203831705,
        "nauc_map_at_100_diff1": 0.524381114603291,
        "nauc_map_at_100_max": 0.4077814174492231,
        "nauc_map_at_100_std": -0.007632994537494871,
        "nauc_map_at_10_diff1": 0.5328565134159788,
        "nauc_map_at_10_max": 0.40921945461175824,
        "nauc_map_at_10_std": -0.01924152293925146,
        "nauc_map_at_1_diff1": 0.5945336674075106,
        "nauc_map_at_1_max": 0.4086121365253218,
        "nauc_map_at_1_std": -0.03714851078141171,
        "nauc_map_at_20_diff1": 0.5302823489096897,
        "nauc_map_at_20_max": 0.40884717935350634,
        "nauc_map_at_20_std": -0.015237596128317776,
        "nauc_map_at_3_diff1": 0.5484018793482935,
        "nauc_map_at_3_max": 0.41165112948741783,
        "nauc_map_at_3_std": -0.033910253293919244,
        "nauc_map_at_5_diff1": 0.5386563238754305,
        "nauc_map_at_5_max": 0.41087370730074,
        "nauc_map_at_5_std": -0.0331778866488341,
        "nauc_mrr_at_1000_diff1": 0.5038502674482662,
        "nauc_mrr_at_1000_max": 0.41138633731301105,
        "nauc_mrr_at_1000_std": 3.929901398815502e-05,
        "nauc_mrr_at_100_diff1": 0.503532891530147,
        "nauc_mrr_at_100_max": 0.41117190718391583,
        "nauc_mrr_at_100_std": 7.121604418788738e-05,
        "nauc_mrr_at_10_diff1": 0.5063730721109527,
        "nauc_mrr_at_10_max": 0.4116437720310531,
        "nauc_mrr_at_10_std": -0.0019810744026467044,
        "nauc_mrr_at_1_diff1": 0.5465375048012419,
        "nauc_mrr_at_1_max": 0.4218999562258646,
        "nauc_mrr_at_1_std": -0.008662989032439623,
        "nauc_mrr_at_20_diff1": 0.5036424407851208,
        "nauc_mrr_at_20_max": 0.41093146785737633,
        "nauc_mrr_at_20_std": -0.00018542567134569428,
        "nauc_mrr_at_3_diff1": 0.5072418773807105,
        "nauc_mrr_at_3_max": 0.41307905420179314,
        "nauc_mrr_at_3_std": -0.00914618735189653,
        "nauc_mrr_at_5_diff1": 0.5063541646320757,
        "nauc_mrr_at_5_max": 0.41334946423321706,
        "nauc_mrr_at_5_std": -0.009611992469383258,
        "nauc_ndcg_at_1000_diff1": 0.493387272623754,
        "nauc_ndcg_at_1000_max": 0.40704166295691535,
        "nauc_ndcg_at_1000_std": 0.01928147376653046,
        "nauc_ndcg_at_100_diff1": 0.48873694019712344,
        "nauc_ndcg_at_100_max": 0.40009896427087305,
        "nauc_ndcg_at_100_std": 0.017188351519398966,
        "nauc_ndcg_at_10_diff1": 0.49829692887955396,
        "nauc_ndcg_at_10_max": 0.39675324064506373,
        "nauc_ndcg_at_10_std": 0.005022737820970506,
        "nauc_ndcg_at_1_diff1": 0.5465375048012419,
        "nauc_ndcg_at_1_max": 0.4218999562258646,
        "nauc_ndcg_at_1_std": -0.008662989032439623,
        "nauc_ndcg_at_20_diff1": 0.49842716433625955,
        "nauc_ndcg_at_20_max": 0.3970671448067696,
        "nauc_ndcg_at_20_std": 0.0039186764469132315,
        "nauc_ndcg_at_3_diff1": 0.5087291128127557,
        "nauc_ndcg_at_3_max": 0.40589073047404184,
        "nauc_ndcg_at_3_std": -0.015267107271004039,
        "nauc_ndcg_at_5_diff1": 0.501690686044065,
        "nauc_ndcg_at_5_max": 0.401066670565069,
        "nauc_ndcg_at_5_std": -0.015359260831903504,
        "nauc_precision_at_1000_diff1": -0.28102304315594573,
        "nauc_precision_at_1000_max": -0.17812874317497557,
        "nauc_precision_at_1000_std": 0.13938053395685857,
        "nauc_precision_at_100_diff1": -0.20872588802460254,
        "nauc_precision_at_100_max": -0.06537766343852403,
        "nauc_precision_at_100_std": 0.19732473819761956,
        "nauc_precision_at_10_diff1": 0.08998906559667602,
        "nauc_precision_at_10_max": 0.18233310074984815,
        "nauc_precision_at_10_std": 0.14549500666171436,
        "nauc_precision_at_1_diff1": 0.5465375048012419,
        "nauc_precision_at_1_max": 0.4218999562258646,
        "nauc_precision_at_1_std": -0.008662989032439623,
        "nauc_precision_at_20_diff1": -0.012163120880277954,
        "nauc_precision_at_20_max": 0.10996639254588125,
        "nauc_precision_at_20_std": 0.19107045653910545,
        "nauc_precision_at_3_diff1": 0.32112001657611244,
        "nauc_precision_at_3_max": 0.3438241749470872,
        "nauc_precision_at_3_std": 0.02031267947702126,
        "nauc_precision_at_5_diff1": 0.2170051525038374,
        "nauc_precision_at_5_max": 0.27151460644255904,
        "nauc_precision_at_5_std": 0.040132358324039434,
        "nauc_recall_at_1000_diff1": 0.3041682358154393,
        "nauc_recall_at_1000_max": 0.4499897221005645,
        "nauc_recall_at_1000_std": 0.296167805976889,
        "nauc_recall_at_100_diff1": 0.281941851641257,
        "nauc_recall_at_100_max": 0.30265384464725614,
        "nauc_recall_at_100_std": 0.14259998725468695,
        "nauc_recall_at_10_diff1": 0.44592081966210945,
        "nauc_recall_at_10_max": 0.361402639075803,
        "nauc_recall_at_10_std": 0.021538629000646257,
        "nauc_recall_at_1_diff1": 0.5945336674075106,
        "nauc_recall_at_1_max": 0.4086121365253218,
        "nauc_recall_at_1_std": -0.03714851078141171,
        "nauc_recall_at_20_diff1": 0.4190726251339612,
        "nauc_recall_at_20_max": 0.34295558864527176,
        "nauc_recall_at_20_std": 0.02697251706693799,
        "nauc_recall_at_3_diff1": 0.5018378726446728,
        "nauc_recall_at_3_max": 0.39234080723849896,
        "nauc_recall_at_3_std": -0.03092781094032514,
        "nauc_recall_at_5_diff1": 0.4775492689440495,
        "nauc_recall_at_5_max": 0.3893942620459516,
        "nauc_recall_at_5_std": -0.03739573239869527,
        "ndcg_at_1": 0.33794,
        "ndcg_at_10": 0.41972,
        "ndcg_at_100": 0.48171,
        "ndcg_at_1000": 0.50334,
        "ndcg_at_20": 0.44128,
        "ndcg_at_3": 0.37283,
        "ndcg_at_5": 0.39114,
        "precision_at_1": 0.33794,
        "precision_at_10": 0.07885,
        "precision_at_100": 0.01607,
        "precision_at_1000": 0.00241,
        "precision_at_20": 0.0499,
        "precision_at_3": 0.1693,
        "precision_at_5": 0.12174,
        "recall_at_1": 0.28658,
        "recall_at_10": 0.5171,
        "recall_at_100": 0.79667,
        "recall_at_1000": 0.9297,
        "recall_at_20": 0.59687,
        "recall_at_3": 0.38262,
        "recall_at_5": 0.43116
      }
    ]
  },
  "task_name": "CQADupstackWebmastersRetrieval"
}