{
  "dataset_revision": "90fceea13679c63fe563ded68f3b6f06e50061de",
  "evaluation_time": 40.76040029525757,
  "kg_co2_emissions": null,
  "mteb_version": "1.13.1",
  "scores": {
    "test": [
      {
        "hf_subset": "default",
        "languages": [
          "eng-Latn"
        ],
        "main_score": 0.30189,
        "map_at_1": 0.17067,
        "map_at_10": 0.25058,
        "map_at_100": 0.26219,
        "map_at_1000": 0.26342,
        "map_at_20": 0.25715,
        "map_at_3": 0.22454,
        "map_at_5": 0.23999,
        "mrr_at_1": 0.21393034825870647,
        "mrr_at_10": 0.2980351220090026,
        "mrr_at_100": 0.3079227256295758,
        "mrr_at_1000": 0.3086546666380184,
        "mrr_at_20": 0.3040400495461202,
        "mrr_at_3": 0.27280265339966836,
        "mrr_at_5": 0.2884742951907131,
        "nauc_map_at_1000_diff1": 0.33318445020595217,
        "nauc_map_at_1000_max": 0.27085208063343974,
        "nauc_map_at_1000_std": -0.06402598337159462,
        "nauc_map_at_100_diff1": 0.3330321790655288,
        "nauc_map_at_100_max": 0.2708950456144585,
        "nauc_map_at_100_std": -0.06414822362917352,
        "nauc_map_at_10_diff1": 0.33779259989570903,
        "nauc_map_at_10_max": 0.27160263123788,
        "nauc_map_at_10_std": -0.07095782989663281,
        "nauc_map_at_1_diff1": 0.3999200557242822,
        "nauc_map_at_1_max": 0.2783028361758204,
        "nauc_map_at_1_std": -0.07649373463242805,
        "nauc_map_at_20_diff1": 0.3327000136750824,
        "nauc_map_at_20_max": 0.27025339486655114,
        "nauc_map_at_20_std": -0.06506872363341196,
        "nauc_map_at_3_diff1": 0.35315223503235643,
        "nauc_map_at_3_max": 0.26716896877397217,
        "nauc_map_at_3_std": -0.08447675812630344,
        "nauc_map_at_5_diff1": 0.34430725449454314,
        "nauc_map_at_5_max": 0.27285880586473193,
        "nauc_map_at_5_std": -0.07568955441252673,
        "nauc_mrr_at_1000_diff1": 0.33255176396517,
        "nauc_mrr_at_1000_max": 0.2651235899691133,
        "nauc_mrr_at_1000_std": -0.07414230680066354,
        "nauc_mrr_at_100_diff1": 0.33236962197151826,
        "nauc_mrr_at_100_max": 0.2652774778372305,
        "nauc_mrr_at_100_std": -0.07405601364788941,
        "nauc_mrr_at_10_diff1": 0.3340468251481668,
        "nauc_mrr_at_10_max": 0.26486416301527527,
        "nauc_mrr_at_10_std": -0.07844141485228642,
        "nauc_mrr_at_1_diff1": 0.40050086507976923,
        "nauc_mrr_at_1_max": 0.27262216140543855,
        "nauc_mrr_at_1_std": -0.09570657720993808,
        "nauc_mrr_at_20_diff1": 0.3316261510233943,
        "nauc_mrr_at_20_max": 0.2648936307137315,
        "nauc_mrr_at_20_std": -0.07400768731411998,
        "nauc_mrr_at_3_diff1": 0.34973205289654585,
        "nauc_mrr_at_3_max": 0.2643199082186048,
        "nauc_mrr_at_3_std": -0.08977209747212796,
        "nauc_mrr_at_5_diff1": 0.33899345962084876,
        "nauc_mrr_at_5_max": 0.26511884563944443,
        "nauc_mrr_at_5_std": -0.08295028928058022,
        "nauc_ndcg_at_1000_diff1": 0.30057008498847465,
        "nauc_ndcg_at_1000_max": 0.2721402716388001,
        "nauc_ndcg_at_1000_std": -0.037143594583991454,
        "nauc_ndcg_at_100_diff1": 0.29868726956575886,
        "nauc_ndcg_at_100_max": 0.27232147836177706,
        "nauc_ndcg_at_100_std": -0.037295569559610525,
        "nauc_ndcg_at_10_diff1": 0.3081441650825271,
        "nauc_ndcg_at_10_max": 0.2716030851499021,
        "nauc_ndcg_at_10_std": -0.06036322906242576,
        "nauc_ndcg_at_1_diff1": 0.39538042679395163,
        "nauc_ndcg_at_1_max": 0.2767888953849287,
        "nauc_ndcg_at_1_std": -0.09312707760595824,
        "nauc_ndcg_at_20_diff1": 0.2942447571092658,
        "nauc_ndcg_at_20_max": 0.26867968563543404,
        "nauc_ndcg_at_20_std": -0.042036151572605304,
        "nauc_ndcg_at_3_diff1": 0.3410029570854531,
        "nauc_ndcg_at_3_max": 0.26458383306858246,
        "nauc_ndcg_at_3_std": -0.08827097799238748,
        "nauc_ndcg_at_5_diff1": 0.32341519810579805,
        "nauc_ndcg_at_5_max": 0.27312844165545497,
        "nauc_ndcg_at_5_std": -0.07163265154158643,
        "nauc_precision_at_1000_diff1": 0.0006944632382042046,
        "nauc_precision_at_1000_max": 0.013154510206136746,
        "nauc_precision_at_1000_std": 0.02394898316158616,
        "nauc_precision_at_100_diff1": 0.06558523698894271,
        "nauc_precision_at_100_max": 0.1202964876181067,
        "nauc_precision_at_100_std": 0.050207214416620426,
        "nauc_precision_at_10_diff1": 0.18899588128709827,
        "nauc_precision_at_10_max": 0.22982731334582165,
        "nauc_precision_at_10_std": -0.015051175898582918,
        "nauc_precision_at_1_diff1": 0.39538042679395163,
        "nauc_precision_at_1_max": 0.2767888953849287,
        "nauc_precision_at_1_std": -0.09312707760595824,
        "nauc_precision_at_20_diff1": 0.11438986666569052,
        "nauc_precision_at_20_max": 0.18799235641992038,
        "nauc_precision_at_20_std": 0.03708089195242581,
        "nauc_precision_at_3_diff1": 0.2907932390721574,
        "nauc_precision_at_3_max": 0.2498156832478445,
        "nauc_precision_at_3_std": -0.09287537395972306,
        "nauc_precision_at_5_diff1": 0.24489431061727235,
        "nauc_precision_at_5_max": 0.2533606462557843,
        "nauc_precision_at_5_std": -0.05062674087221367,
        "nauc_recall_at_1000_diff1": 0.05731726073592135,
        "nauc_recall_at_1000_max": 0.27405608634624096,
        "nauc_recall_at_1000_std": 0.19018251312349016,
        "nauc_recall_at_100_diff1": 0.1697010606772891,
        "nauc_recall_at_100_max": 0.25432264510235136,
        "nauc_recall_at_100_std": 0.07129176393658182,
        "nauc_recall_at_10_diff1": 0.2187505813453337,
        "nauc_recall_at_10_max": 0.25534823112466365,
        "nauc_recall_at_10_std": -0.029397004354510255,
        "nauc_recall_at_1_diff1": 0.3999200557242822,
        "nauc_recall_at_1_max": 0.2783028361758204,
        "nauc_recall_at_1_std": -0.07649373463242805,
        "nauc_recall_at_20_diff1": 0.16979933506380573,
        "nauc_recall_at_20_max": 0.24016991734018622,
        "nauc_recall_at_20_std": 0.03184962639424321,
        "nauc_recall_at_3_diff1": 0.2894470976255145,
        "nauc_recall_at_3_max": 0.2502657441767295,
        "nauc_recall_at_3_std": -0.08446667319790929,
        "nauc_recall_at_5_diff1": 0.2542290120224397,
        "nauc_recall_at_5_max": 0.25937742915821954,
        "nauc_recall_at_5_std": -0.05786366766936313,
        "ndcg_at_1": 0.21517,
        "ndcg_at_10": 0.30189,
        "ndcg_at_100": 0.35787,
        "ndcg_at_1000": 0.38717,
        "ndcg_at_20": 0.32423,
        "ndcg_at_3": 0.25631,
        "ndcg_at_5": 0.27917,
        "precision_at_1": 0.21517,
        "precision_at_10": 0.05585,
        "precision_at_100": 0.00969,
        "precision_at_1000": 0.00135,
        "precision_at_20": 0.0342,
        "precision_at_3": 0.12479,
        "precision_at_5": 0.09254,
        "recall_at_1": 0.17067,
        "recall_at_10": 0.41303,
        "recall_at_100": 0.6555,
        "recall_at_1000": 0.86466,
        "recall_at_20": 0.49248,
        "recall_at_3": 0.2861,
        "recall_at_5": 0.34356
      }
    ]
  },
  "task_name": "CQADupstackMathematicaRetrieval"
}