{
  "dataset_revision": "f46a197baaae43b4f621051089b82a364682dfeb",
  "evaluation_time": 54.08577847480774,
  "kg_co2_emissions": null,
  "mteb_version": "1.13.1",
  "scores": {
    "test": [
      {
        "hf_subset": "default",
        "languages": [
          "eng-Latn"
        ],
        "main_score": 0.53012,
        "map_at_1": 0.36155,
        "map_at_10": 0.47156,
        "map_at_100": 0.48657,
        "map_at_1000": 0.48757,
        "map_at_20": 0.47998,
        "map_at_3": 0.43819,
        "map_at_5": 0.45831,
        "mrr_at_1": 0.44778254649499283,
        "mrr_at_10": 0.5352618252832845,
        "mrr_at_100": 0.5421318984589092,
        "mrr_at_1000": 0.5424381225779454,
        "mrr_at_20": 0.5392398102283299,
        "mrr_at_3": 0.5126371006199332,
        "mrr_at_5": 0.5266571292322365,
        "nauc_map_at_1000_diff1": 0.5486177039435405,
        "nauc_map_at_1000_max": 0.4926687073810668,
        "nauc_map_at_1000_std": -0.02121567116515408,
        "nauc_map_at_100_diff1": 0.5481830976151245,
        "nauc_map_at_100_max": 0.49257915567209715,
        "nauc_map_at_100_std": -0.02141701940460554,
        "nauc_map_at_10_diff1": 0.5490863639727721,
        "nauc_map_at_10_max": 0.48904630497496704,
        "nauc_map_at_10_std": -0.027213004483692228,
        "nauc_map_at_1_diff1": 0.5924054124687204,
        "nauc_map_at_1_max": 0.43069033810951574,
        "nauc_map_at_1_std": -0.05387283734332986,
        "nauc_map_at_20_diff1": 0.5475064626110987,
        "nauc_map_at_20_max": 0.4918424524171847,
        "nauc_map_at_20_std": -0.02451781202703344,
        "nauc_map_at_3_diff1": 0.5566128386639498,
        "nauc_map_at_3_max": 0.4675409294191685,
        "nauc_map_at_3_std": -0.04448006293540738,
        "nauc_map_at_5_diff1": 0.5487350503458788,
        "nauc_map_at_5_max": 0.4772328950111163,
        "nauc_map_at_5_std": -0.03241373714024365,
        "nauc_mrr_at_1000_diff1": 0.5399809375599264,
        "nauc_mrr_at_1000_max": 0.5038536004556767,
        "nauc_mrr_at_1000_std": -0.02195616192262038,
        "nauc_mrr_at_100_diff1": 0.5396892079584742,
        "nauc_mrr_at_100_max": 0.5038116399526609,
        "nauc_mrr_at_100_std": -0.021994080316445556,
        "nauc_mrr_at_10_diff1": 0.5411824254749199,
        "nauc_mrr_at_10_max": 0.5051774855059075,
        "nauc_mrr_at_10_std": -0.022367277219472004,
        "nauc_mrr_at_1_diff1": 0.5620381347290753,
        "nauc_mrr_at_1_max": 0.4859002559919997,
        "nauc_mrr_at_1_std": -0.04294569132211963,
        "nauc_mrr_at_20_diff1": 0.5401227392843463,
        "nauc_mrr_at_20_max": 0.5039518618726955,
        "nauc_mrr_at_20_std": -0.02249972704947932,
        "nauc_mrr_at_3_diff1": 0.5414798116420663,
        "nauc_mrr_at_3_max": 0.5001022071044954,
        "nauc_mrr_at_3_std": -0.03352809870636901,
        "nauc_mrr_at_5_diff1": 0.5396885676146027,
        "nauc_mrr_at_5_max": 0.5047304358856386,
        "nauc_mrr_at_5_std": -0.021206074362050385,
        "nauc_ndcg_at_1000_diff1": 0.5371222277136171,
        "nauc_ndcg_at_1000_max": 0.5050264871836402,
        "nauc_ndcg_at_1000_std": 0.0022793274450067613,
        "nauc_ndcg_at_100_diff1": 0.5292606963986748,
        "nauc_ndcg_at_100_max": 0.5028664100334572,
        "nauc_ndcg_at_100_std": -0.0006800796845877154,
        "nauc_ndcg_at_10_diff1": 0.5348711257536782,
        "nauc_ndcg_at_10_max": 0.5029861715347361,
        "nauc_ndcg_at_10_std": -0.013181841870359173,
        "nauc_ndcg_at_1_diff1": 0.5620381347290753,
        "nauc_ndcg_at_1_max": 0.4859002559919997,
        "nauc_ndcg_at_1_std": -0.04294569132211963,
        "nauc_ndcg_at_20_diff1": 0.5302996469121966,
        "nauc_ndcg_at_20_max": 0.5022161382976941,
        "nauc_ndcg_at_20_std": -0.013334619049720053,
        "nauc_ndcg_at_3_diff1": 0.5394457115372678,
        "nauc_ndcg_at_3_max": 0.4920173392518087,
        "nauc_ndcg_at_3_std": -0.02785691605270387,
        "nauc_ndcg_at_5_diff1": 0.5311112231202266,
        "nauc_ndcg_at_5_max": 0.4963503024539712,
        "nauc_ndcg_at_5_std": -0.011656430228048239,
        "nauc_precision_at_1000_diff1": -0.14519400392596582,
        "nauc_precision_at_1000_max": -0.09351718330045314,
        "nauc_precision_at_1000_std": 0.036223058643373364,
        "nauc_precision_at_100_diff1": -0.09501279620879331,
        "nauc_precision_at_100_max": 0.036264665030719186,
        "nauc_precision_at_100_std": 0.08179533552784747,
        "nauc_precision_at_10_diff1": 0.12734722099290785,
        "nauc_precision_at_10_max": 0.3372410453542927,
        "nauc_precision_at_10_std": 0.10714174644687754,
        "nauc_precision_at_1_diff1": 0.5620381347290753,
        "nauc_precision_at_1_max": 0.4859002559919997,
        "nauc_precision_at_1_std": -0.04294569132211963,
        "nauc_precision_at_20_diff1": 0.034475933007410045,
        "nauc_precision_at_20_max": 0.2505137289250134,
        "nauc_precision_at_20_std": 0.11279412971006629,
        "nauc_precision_at_3_diff1": 0.32071978832275555,
        "nauc_precision_at_3_max": 0.43827422037284564,
        "nauc_precision_at_3_std": 0.018268285617527493,
        "nauc_precision_at_5_diff1": 0.20400468234580327,
        "nauc_precision_at_5_max": 0.3717959715200218,
        "nauc_precision_at_5_std": 0.060976958997625605,
        "nauc_recall_at_1000_diff1": 0.4183443571213333,
        "nauc_recall_at_1000_max": 0.6051108851597538,
        "nauc_recall_at_1000_std": 0.49897821402590015,
        "nauc_recall_at_100_diff1": 0.3420509215028889,
        "nauc_recall_at_100_max": 0.4779952466481529,
        "nauc_recall_at_100_std": 0.15841115360221394,
        "nauc_recall_at_10_diff1": 0.4619512275003444,
        "nauc_recall_at_10_max": 0.48109797840248153,
        "nauc_recall_at_10_std": 0.00011525760983219667,
        "nauc_recall_at_1_diff1": 0.5924054124687204,
        "nauc_recall_at_1_max": 0.43069033810951574,
        "nauc_recall_at_1_std": -0.05387283734332986,
        "nauc_recall_at_20_diff1": 0.42930312230183454,
        "nauc_recall_at_20_max": 0.4741857213132336,
        "nauc_recall_at_20_std": 0.006558169399478035,
        "nauc_recall_at_3_diff1": 0.49749324055109073,
        "nauc_recall_at_3_max": 0.4555816596007159,
        "nauc_recall_at_3_std": -0.03911589289306428,
        "nauc_recall_at_5_diff1": 0.4651797505995763,
        "nauc_recall_at_5_max": 0.46590566839062525,
        "nauc_recall_at_5_std": 0.008290822833257432,
        "ndcg_at_1": 0.44778,
        "ndcg_at_10": 0.53012,
        "ndcg_at_100": 0.58391,
        "ndcg_at_1000": 0.59978,
        "ndcg_at_20": 0.55097,
        "ndcg_at_3": 0.48648,
        "ndcg_at_5": 0.50956,
        "precision_at_1": 0.44778,
        "precision_at_10": 0.097,
        "precision_at_100": 0.01572,
        "precision_at_1000": 0.00198,
        "precision_at_20": 0.0578,
        "precision_at_3": 0.22842,
        "precision_at_5": 0.16366,
        "recall_at_1": 0.36155,
        "recall_at_10": 0.63133,
        "recall_at_100": 0.85551,
        "recall_at_1000": 0.95401,
        "recall_at_20": 0.70412,
        "recall_at_3": 0.50589,
        "recall_at_5": 0.56859
      }
    ]
  },
  "task_name": "CQADupstackAndroidRetrieval"
}