{
  "dataset_revision": "c0f706b76e590d620bd6618b3ca8efdd34e2d659",
  "evaluation_time": 1160.917857170105,
  "kg_co2_emissions": null,
  "mteb_version": "1.13.1",
  "scores": {
    "test": [
      {
        "hf_subset": "default",
        "languages": [
          "eng-Latn"
        ],
        "main_score": 0.40898,
        "map_at_1": 0.08921,
        "map_at_10": 0.19847,
        "map_at_100": 0.27882,
        "map_at_1000": 0.29325,
        "map_at_20": 0.22996,
        "map_at_3": 0.13875,
        "map_at_5": 0.16663,
        "mrr_at_1": 0.67,
        "mrr_at_10": 0.7396339285714286,
        "mrr_at_100": 0.7435446079808312,
        "mrr_at_1000": 0.7436011808174137,
        "mrr_at_20": 0.7429066958261038,
        "mrr_at_3": 0.7175,
        "mrr_at_5": 0.73175,
        "nauc_map_at_1000_diff1": 0.22231930413953602,
        "nauc_map_at_1000_max": 0.38865058041821565,
        "nauc_map_at_1000_std": 0.31900276304643077,
        "nauc_map_at_100_diff1": 0.22331721758697853,
        "nauc_map_at_100_max": 0.3683755490824878,
        "nauc_map_at_100_std": 0.29159245471714346,
        "nauc_map_at_10_diff1": 0.2213362110936542,
        "nauc_map_at_10_max": 0.21990647831835664,
        "nauc_map_at_10_std": 0.04263767225958235,
        "nauc_map_at_1_diff1": 0.31339680151159743,
        "nauc_map_at_1_max": 0.07305931439637739,
        "nauc_map_at_1_std": -0.15791968732081607,
        "nauc_map_at_20_diff1": 0.22233097025429635,
        "nauc_map_at_20_max": 0.28357101902352905,
        "nauc_map_at_20_std": 0.1441230752020401,
        "nauc_map_at_3_diff1": 0.2554969230594023,
        "nauc_map_at_3_max": 0.12732696428437426,
        "nauc_map_at_3_std": -0.10442221623393899,
        "nauc_map_at_5_diff1": 0.23385696131704536,
        "nauc_map_at_5_max": 0.1684861087815631,
        "nauc_map_at_5_std": -0.04784673854357847,
        "nauc_mrr_at_1000_diff1": 0.5200763721923896,
        "nauc_mrr_at_1000_max": 0.6701500982731271,
        "nauc_mrr_at_1000_std": 0.4247582895943031,
        "nauc_mrr_at_100_diff1": 0.52003980477809,
        "nauc_mrr_at_100_max": 0.6701809597008395,
        "nauc_mrr_at_100_std": 0.42475948812836656,
        "nauc_mrr_at_10_diff1": 0.5168865822251636,
        "nauc_mrr_at_10_max": 0.6698688106666872,
        "nauc_mrr_at_10_std": 0.4263225451843815,
        "nauc_mrr_at_1_diff1": 0.5299554773069696,
        "nauc_mrr_at_1_max": 0.6430947503851298,
        "nauc_mrr_at_1_std": 0.39113101183321747,
        "nauc_mrr_at_20_diff1": 0.5193900899496712,
        "nauc_mrr_at_20_max": 0.6699352007775309,
        "nauc_mrr_at_20_std": 0.4256275315825523,
        "nauc_mrr_at_3_diff1": 0.5256484462324182,
        "nauc_mrr_at_3_max": 0.6763525009048833,
        "nauc_mrr_at_3_std": 0.4302793736137746,
        "nauc_mrr_at_5_diff1": 0.5160455279915163,
        "nauc_mrr_at_5_max": 0.6737001038013836,
        "nauc_mrr_at_5_std": 0.4257915514561695,
        "nauc_ndcg_at_1000_diff1": 0.29123774645261336,
        "nauc_ndcg_at_1000_max": 0.5380414683608131,
        "nauc_ndcg_at_1000_std": 0.44818645235710913,
        "nauc_ndcg_at_100_diff1": 0.2963936605158601,
        "nauc_ndcg_at_100_max": 0.4855521124753683,
        "nauc_ndcg_at_100_std": 0.3772574830775481,
        "nauc_ndcg_at_10_diff1": 0.3207667099304011,
        "nauc_ndcg_at_10_max": 0.4957537000383843,
        "nauc_ndcg_at_10_std": 0.3638029489752459,
        "nauc_ndcg_at_1_diff1": 0.5024004404477885,
        "nauc_ndcg_at_1_max": 0.543896127729859,
        "nauc_ndcg_at_1_std": 0.3317783079464122,
        "nauc_ndcg_at_20_diff1": 0.32148498943195264,
        "nauc_ndcg_at_20_max": 0.4701400446357134,
        "nauc_ndcg_at_20_std": 0.33047425057063984,
        "nauc_ndcg_at_3_diff1": 0.36711097750369764,
        "nauc_ndcg_at_3_max": 0.5254775860072244,
        "nauc_ndcg_at_3_std": 0.3678502242879964,
        "nauc_ndcg_at_5_diff1": 0.34037990368266957,
        "nauc_ndcg_at_5_max": 0.5151831114232438,
        "nauc_ndcg_at_5_std": 0.3736173728182046,
        "nauc_precision_at_1000_diff1": -0.07849810630813321,
        "nauc_precision_at_1000_max": 0.1180110946372432,
        "nauc_precision_at_1000_std": 0.22613958915444607,
        "nauc_precision_at_100_diff1": 0.03258407120752373,
        "nauc_precision_at_100_max": 0.39316720997107213,
        "nauc_precision_at_100_std": 0.5494119323582433,
        "nauc_precision_at_10_diff1": 0.07403932930542231,
        "nauc_precision_at_10_max": 0.4629369930210878,
        "nauc_precision_at_10_std": 0.5498184142664858,
        "nauc_precision_at_1_diff1": 0.5299554773069696,
        "nauc_precision_at_1_max": 0.6430947503851298,
        "nauc_precision_at_1_std": 0.39113101183321747,
        "nauc_precision_at_20_diff1": 0.06428078277947911,
        "nauc_precision_at_20_max": 0.44993017435489785,
        "nauc_precision_at_20_std": 0.57772908434258,
        "nauc_precision_at_3_diff1": 0.19390933289426737,
        "nauc_precision_at_3_max": 0.5195864548173762,
        "nauc_precision_at_3_std": 0.45488460799648733,
        "nauc_precision_at_5_diff1": 0.13254288421016816,
        "nauc_precision_at_5_max": 0.5058584594756655,
        "nauc_precision_at_5_std": 0.512688025941598,
        "nauc_recall_at_1000_diff1": 0.10736492695290749,
        "nauc_recall_at_1000_max": 0.4174758628584453,
        "nauc_recall_at_1000_std": 0.4456961538306113,
        "nauc_recall_at_100_diff1": 0.15947061344975283,
        "nauc_recall_at_100_max": 0.3451218872663724,
        "nauc_recall_at_100_std": 0.3066612856070316,
        "nauc_recall_at_10_diff1": 0.1777003185560959,
        "nauc_recall_at_10_max": 0.15844951530850826,
        "nauc_recall_at_10_std": 0.01512767225909421,
        "nauc_recall_at_1_diff1": 0.31339680151159743,
        "nauc_recall_at_1_max": 0.07305931439637739,
        "nauc_recall_at_1_std": -0.15791968732081607,
        "nauc_recall_at_20_diff1": 0.170553471191862,
        "nauc_recall_at_20_max": 0.2082116743471459,
        "nauc_recall_at_20_std": 0.09921964161577429,
        "nauc_recall_at_3_diff1": 0.24608124895277061,
        "nauc_recall_at_3_max": 0.11093761195902366,
        "nauc_recall_at_3_std": -0.1205188129576907,
        "nauc_recall_at_5_diff1": 0.2076070499802792,
        "nauc_recall_at_5_max": 0.12936909014878623,
        "nauc_recall_at_5_std": -0.08267213225290915,
        "ndcg_at_1": 0.545,
        "ndcg_at_10": 0.40898,
        "ndcg_at_100": 0.45341,
        "ndcg_at_1000": 0.5248,
        "ndcg_at_20": 0.40399,
        "ndcg_at_3": 0.44446,
        "ndcg_at_5": 0.42769,
        "precision_at_1": 0.67,
        "precision_at_10": 0.32775,
        "precision_at_100": 0.10172,
        "precision_at_1000": 0.01917,
        "precision_at_20": 0.24712,
        "precision_at_3": 0.485,
        "precision_at_5": 0.4235,
        "recall_at_1": 0.08921,
        "recall_at_10": 0.25633,
        "recall_at_100": 0.52257,
        "recall_at_1000": 0.7472,
        "recall_at_20": 0.33048,
        "recall_at_3": 0.14997,
        "recall_at_5": 0.19546
      }
    ]
  },
  "task_name": "DBPedia"
}