{
  "dataset_revision": "bea83ef9e8fb933d90a2f1d5515737465d613e12",
  "evaluation_time": 1844.4219102859497,
  "kg_co2_emissions": null,
  "mteb_version": "1.13.1",
  "scores": {
    "test": [
      {
        "hf_subset": "default",
        "languages": [
          "eng-Latn"
        ],
        "main_score": 0.79934,
        "map_at_1": 0.64187,
        "map_at_10": 0.74889,
        "map_at_100": 0.75202,
        "map_at_1000": 0.75215,
        "map_at_20": 0.751,
        "map_at_3": 0.73338,
        "map_at_5": 0.74351,
        "mrr_at_1": 0.6942694269426942,
        "mrr_at_10": 0.7959459636439834,
        "mrr_at_100": 0.7977898171287107,
        "mrr_at_1000": 0.797815991591352,
        "mrr_at_20": 0.7973166651335881,
        "mrr_at_3": 0.7826282628262826,
        "mrr_at_5": 0.7915916591659166,
        "nauc_map_at_1000_diff1": 0.41932732100731024,
        "nauc_map_at_1000_max": 0.19312963506195824,
        "nauc_map_at_1000_std": -0.09186658375789046,
        "nauc_map_at_100_diff1": 0.4192285086056372,
        "nauc_map_at_100_max": 0.1930856606897398,
        "nauc_map_at_100_std": -0.09187614029671642,
        "nauc_map_at_10_diff1": 0.41764784590120235,
        "nauc_map_at_10_max": 0.1923075078394429,
        "nauc_map_at_10_std": -0.09524580651701277,
        "nauc_map_at_1_diff1": 0.45764358176801045,
        "nauc_map_at_1_max": 0.16289120409524546,
        "nauc_map_at_1_std": -0.0940836347078529,
        "nauc_map_at_20_diff1": 0.41847064843070303,
        "nauc_map_at_20_max": 0.19274695802949396,
        "nauc_map_at_20_std": -0.0928496965133706,
        "nauc_map_at_3_diff1": 0.4186888875242438,
        "nauc_map_at_3_max": 0.1928160756139509,
        "nauc_map_at_3_std": -0.1018773186879499,
        "nauc_map_at_5_diff1": 0.4157013416714588,
        "nauc_map_at_5_max": 0.1929688047354746,
        "nauc_map_at_5_std": -0.0965695420855803,
        "nauc_mrr_at_1000_diff1": 0.4982739663029414,
        "nauc_mrr_at_1000_max": 0.22647990793322137,
        "nauc_mrr_at_1000_std": -0.12912429118241683,
        "nauc_mrr_at_100_diff1": 0.4982573442154728,
        "nauc_mrr_at_100_max": 0.22650228577315204,
        "nauc_mrr_at_100_std": -0.1291312597191984,
        "nauc_mrr_at_10_diff1": 0.49702186472981896,
        "nauc_mrr_at_10_max": 0.2272849364499127,
        "nauc_mrr_at_10_std": -0.13077459111626186,
        "nauc_mrr_at_1_diff1": 0.5244545097460425,
        "nauc_mrr_at_1_max": 0.19881979495065757,
        "nauc_mrr_at_1_std": -0.11282481243326142,
        "nauc_mrr_at_20_diff1": 0.49794784196818853,
        "nauc_mrr_at_20_max": 0.2268972881295934,
        "nauc_mrr_at_20_std": -0.12949180501908877,
        "nauc_mrr_at_3_diff1": 0.49587169162598443,
        "nauc_mrr_at_3_max": 0.23112336964595043,
        "nauc_mrr_at_3_std": -0.13294865488329974,
        "nauc_mrr_at_5_diff1": 0.49486598852038666,
        "nauc_mrr_at_5_max": 0.229330357419472,
        "nauc_mrr_at_5_std": -0.13015743066355334,
        "nauc_ndcg_at_1000_diff1": 0.4237186799387335,
        "nauc_ndcg_at_1000_max": 0.20764456261121095,
        "nauc_ndcg_at_1000_std": -0.08516872419927109,
        "nauc_ndcg_at_100_diff1": 0.4210367546412166,
        "nauc_ndcg_at_100_max": 0.206799026751698,
        "nauc_ndcg_at_100_std": -0.08434384978339056,
        "nauc_ndcg_at_10_diff1": 0.4128113483237039,
        "nauc_ndcg_at_10_max": 0.20480409273577016,
        "nauc_ndcg_at_10_std": -0.09958304883662865,
        "nauc_ndcg_at_1_diff1": 0.5252653084188799,
        "nauc_ndcg_at_1_max": 0.19910315058385147,
        "nauc_ndcg_at_1_std": -0.11373362331127324,
        "nauc_ndcg_at_20_diff1": 0.41593332687679935,
        "nauc_ndcg_at_20_max": 0.20568441194203768,
        "nauc_ndcg_at_20_std": -0.09148317267642339,
        "nauc_ndcg_at_3_diff1": 0.41883534163723496,
        "nauc_ndcg_at_3_max": 0.211270353888553,
        "nauc_ndcg_at_3_std": -0.11232961076096291,
        "nauc_ndcg_at_5_diff1": 0.40996647359996696,
        "nauc_ndcg_at_5_max": 0.20853486799161414,
        "nauc_ndcg_at_5_std": -0.10177536880762673,
        "nauc_precision_at_1000_diff1": -0.07195449759401969,
        "nauc_precision_at_1000_max": 0.07536487166098167,
        "nauc_precision_at_1000_std": 0.09874858013392453,
        "nauc_precision_at_100_diff1": -0.06494172068572285,
        "nauc_precision_at_100_max": 0.1060797675636098,
        "nauc_precision_at_100_std": 0.130534506534587,
        "nauc_precision_at_10_diff1": 0.06777610974648665,
        "nauc_precision_at_10_max": 0.19098520340356134,
        "nauc_precision_at_10_std": -0.02188515594351475,
        "nauc_precision_at_1_diff1": 0.5252653084188799,
        "nauc_precision_at_1_max": 0.19910315058385147,
        "nauc_precision_at_1_std": -0.11373362331127324,
        "nauc_precision_at_20_diff1": -0.010590704773189224,
        "nauc_precision_at_20_max": 0.1560280573086007,
        "nauc_precision_at_20_std": 0.05407939512441648,
        "nauc_precision_at_3_diff1": 0.3007517571682658,
        "nauc_precision_at_3_max": 0.27211024389875077,
        "nauc_precision_at_3_std": -0.12685919627632947,
        "nauc_precision_at_5_diff1": 0.17946649038341841,
        "nauc_precision_at_5_max": 0.24623856846902478,
        "nauc_precision_at_5_std": -0.07155208966447056,
        "nauc_recall_at_1000_diff1": 0.048964968430032105,
        "nauc_recall_at_1000_max": 0.21608188351525998,
        "nauc_recall_at_1000_std": 0.3686112530284432,
        "nauc_recall_at_100_diff1": 0.09542385521030702,
        "nauc_recall_at_100_max": 0.19045607835689432,
        "nauc_recall_at_100_std": 0.23648536901733605,
        "nauc_recall_at_10_diff1": 0.18985877789723163,
        "nauc_recall_at_10_max": 0.18904270839597853,
        "nauc_recall_at_10_std": -0.051641860303368974,
        "nauc_recall_at_1_diff1": 0.45764358176801045,
        "nauc_recall_at_1_max": 0.16289120409524546,
        "nauc_recall_at_1_std": -0.0940836347078529,
        "nauc_recall_at_20_diff1": 0.14583569304869304,
        "nauc_recall_at_20_max": 0.18593193129517047,
        "nauc_recall_at_20_std": 0.034056737063092056,
        "nauc_recall_at_3_diff1": 0.30295640308257576,
        "nauc_recall_at_3_max": 0.21733689124223515,
        "nauc_recall_at_3_std": -0.10859469197089237,
        "nauc_recall_at_5_diff1": 0.23810570980438836,
        "nauc_recall_at_5_max": 0.2125101331206634,
        "nauc_recall_at_5_std": -0.07104679489085733,
        "ndcg_at_1": 0.69397,
        "ndcg_at_10": 0.79934,
        "ndcg_at_100": 0.8113,
        "ndcg_at_1000": 0.8137,
        "ndcg_at_20": 0.80579,
        "ndcg_at_3": 0.77183,
        "ndcg_at_5": 0.78781,
        "precision_at_1": 0.69397,
        "precision_at_10": 0.10008,
        "precision_at_100": 0.01075,
        "precision_at_1000": 0.00111,
        "precision_at_20": 0.05161,
        "precision_at_3": 0.30293,
        "precision_at_5": 0.19133,
        "recall_at_1": 0.64187,
        "recall_at_10": 0.90839,
        "recall_at_100": 0.95785,
        "recall_at_1000": 0.97317,
        "recall_at_20": 0.93203,
        "recall_at_3": 0.83374,
        "recall_at_5": 0.87373
      }
    ]
  },
  "task_name": "FEVER"
}