{
  "dataset_revision": "27a168819829fe9bcd655c2df245fb19452e8e06",
  "evaluation_time": 37.25941705703735,
  "kg_co2_emissions": null,
  "mteb_version": "1.13.1",
  "scores": {
    "test": [
      {
        "hf_subset": "default",
        "languages": [
          "eng-Latn"
        ],
        "main_score": 0.41968,
        "map_at_1": 0.19792,
        "map_at_10": 0.33623,
        "map_at_100": 0.35612,
        "map_at_1000": 0.35781,
        "map_at_20": 0.34782,
        "map_at_3": 0.29088,
        "map_at_5": 0.31687,
        "mrr_at_1": 0.4027777777777778,
        "mrr_at_10": 0.5007728297080148,
        "mrr_at_100": 0.5086102933727465,
        "mrr_at_1000": 0.5089437128535548,
        "mrr_at_20": 0.5058936171290689,
        "mrr_at_3": 0.47608024691358025,
        "mrr_at_5": 0.489429012345679,
        "nauc_map_at_1000_diff1": 0.4036907127803963,
        "nauc_map_at_1000_max": 0.4280864317495847,
        "nauc_map_at_1000_std": -0.0764875778959105,
        "nauc_map_at_100_diff1": 0.4032714699827834,
        "nauc_map_at_100_max": 0.4269690319363111,
        "nauc_map_at_100_std": -0.07726605536430572,
        "nauc_map_at_10_diff1": 0.4045302678655173,
        "nauc_map_at_10_max": 0.4176193863346185,
        "nauc_map_at_10_std": -0.09158301180825265,
        "nauc_map_at_1_diff1": 0.501635713323177,
        "nauc_map_at_1_max": 0.342512235005571,
        "nauc_map_at_1_std": -0.12065571986085959,
        "nauc_map_at_20_diff1": 0.40352121146799275,
        "nauc_map_at_20_max": 0.4222041726279145,
        "nauc_map_at_20_std": -0.08412500213962974,
        "nauc_map_at_3_diff1": 0.4389250178204124,
        "nauc_map_at_3_max": 0.3915978196721556,
        "nauc_map_at_3_std": -0.1203108349999266,
        "nauc_map_at_5_diff1": 0.40989417407574064,
        "nauc_map_at_5_max": 0.4025897990485695,
        "nauc_map_at_5_std": -0.10561056495567543,
        "nauc_mrr_at_1000_diff1": 0.46041948836725927,
        "nauc_mrr_at_1000_max": 0.4706645491532457,
        "nauc_mrr_at_1000_std": -0.04831776853328512,
        "nauc_mrr_at_100_diff1": 0.46036178449195836,
        "nauc_mrr_at_100_max": 0.47069505347632495,
        "nauc_mrr_at_100_std": -0.04824964872235873,
        "nauc_mrr_at_10_diff1": 0.457390125286819,
        "nauc_mrr_at_10_max": 0.4688200711143529,
        "nauc_mrr_at_10_std": -0.04879036664211546,
        "nauc_mrr_at_1_diff1": 0.5005488476762231,
        "nauc_mrr_at_1_max": 0.4714695262209133,
        "nauc_mrr_at_1_std": -0.06327056490652358,
        "nauc_mrr_at_20_diff1": 0.45915718748025974,
        "nauc_mrr_at_20_max": 0.469794208707589,
        "nauc_mrr_at_20_std": -0.048337706234435604,
        "nauc_mrr_at_3_diff1": 0.4670134922285722,
        "nauc_mrr_at_3_max": 0.46332162252694437,
        "nauc_mrr_at_3_std": -0.07319844221332789,
        "nauc_mrr_at_5_diff1": 0.4559799659825379,
        "nauc_mrr_at_5_max": 0.4641129117310395,
        "nauc_mrr_at_5_std": -0.059746301367058004,
        "nauc_ndcg_at_1000_diff1": 0.4068663736536294,
        "nauc_ndcg_at_1000_max": 0.4644714498315088,
        "nauc_ndcg_at_1000_std": -0.023118985250355946,
        "nauc_ndcg_at_100_diff1": 0.39881532853300705,
        "nauc_ndcg_at_100_max": 0.45676873472939744,
        "nauc_ndcg_at_100_std": -0.0229006038264736,
        "nauc_ndcg_at_10_diff1": 0.3926958170698297,
        "nauc_ndcg_at_10_max": 0.4288148216351759,
        "nauc_ndcg_at_10_std": -0.06395595642133006,
        "nauc_ndcg_at_1_diff1": 0.5045445468096401,
        "nauc_ndcg_at_1_max": 0.4742971091721445,
        "nauc_ndcg_at_1_std": -0.06087816401011483,
        "nauc_ndcg_at_20_diff1": 0.3921078918480779,
        "nauc_ndcg_at_20_max": 0.43658456736838713,
        "nauc_ndcg_at_20_std": -0.049702656071663055,
        "nauc_ndcg_at_3_diff1": 0.4143838481378603,
        "nauc_ndcg_at_3_max": 0.44006008358144283,
        "nauc_ndcg_at_3_std": -0.08407327887272774,
        "nauc_ndcg_at_5_diff1": 0.3905304658385578,
        "nauc_ndcg_at_5_max": 0.42207030756068464,
        "nauc_ndcg_at_5_std": -0.07716662211277443,
        "nauc_precision_at_1000_diff1": -0.0011622849357057548,
        "nauc_precision_at_1000_max": 0.23407059232714894,
        "nauc_precision_at_1000_std": 0.19353047778186738,
        "nauc_precision_at_100_diff1": 0.0351381931184556,
        "nauc_precision_at_100_max": 0.3165081370358582,
        "nauc_precision_at_100_std": 0.20591861523108887,
        "nauc_precision_at_10_diff1": 0.12329257311460404,
        "nauc_precision_at_10_max": 0.40071152506809404,
        "nauc_precision_at_10_std": 0.08433809597059366,
        "nauc_precision_at_1_diff1": 0.5045445468096401,
        "nauc_precision_at_1_max": 0.4742971091721445,
        "nauc_precision_at_1_std": -0.06087816401011483,
        "nauc_precision_at_20_diff1": 0.0848062890952511,
        "nauc_precision_at_20_max": 0.37613030196571684,
        "nauc_precision_at_20_std": 0.1357164364959463,
        "nauc_precision_at_3_diff1": 0.2549730278115645,
        "nauc_precision_at_3_max": 0.4214561351718381,
        "nauc_precision_at_3_std": -0.020915571922424676,
        "nauc_precision_at_5_diff1": 0.16778425190105808,
        "nauc_precision_at_5_max": 0.4042831906006102,
        "nauc_precision_at_5_std": 0.022566657354740883,
        "nauc_recall_at_1000_diff1": 0.23294405276606442,
        "nauc_recall_at_1000_max": 0.4681057110107689,
        "nauc_recall_at_1000_std": 0.2858962420161034,
        "nauc_recall_at_100_diff1": 0.23979984928496131,
        "nauc_recall_at_100_max": 0.38409066884303894,
        "nauc_recall_at_100_std": 0.13554423969010293,
        "nauc_recall_at_10_diff1": 0.2594291743289652,
        "nauc_recall_at_10_max": 0.32309245567678013,
        "nauc_recall_at_10_std": -0.037973982871968896,
        "nauc_recall_at_1_diff1": 0.501635713323177,
        "nauc_recall_at_1_max": 0.342512235005571,
        "nauc_recall_at_1_std": -0.12065571986085959,
        "nauc_recall_at_20_diff1": 0.24164130327945593,
        "nauc_recall_at_20_max": 0.32573501059885823,
        "nauc_recall_at_20_std": 0.005184051703529973,
        "nauc_recall_at_3_diff1": 0.36169561288722696,
        "nauc_recall_at_3_max": 0.3286159250594424,
        "nauc_recall_at_3_std": -0.12907537834343194,
        "nauc_recall_at_5_diff1": 0.28524007734555035,
        "nauc_recall_at_5_max": 0.31597866992953577,
        "nauc_recall_at_5_std": -0.08488952455683592,
        "ndcg_at_1": 0.40123,
        "ndcg_at_10": 0.41968,
        "ndcg_at_100": 0.48857,
        "ndcg_at_1000": 0.51598,
        "ndcg_at_20": 0.44863,
        "ndcg_at_3": 0.38209,
        "ndcg_at_5": 0.39467,
        "precision_at_1": 0.40123,
        "precision_at_10": 0.11867,
        "precision_at_100": 0.01889,
        "precision_at_1000": 0.00237,
        "precision_at_20": 0.07076,
        "precision_at_3": 0.26286,
        "precision_at_5": 0.19352,
        "recall_at_1": 0.19792,
        "recall_at_10": 0.49649,
        "recall_at_100": 0.74968,
        "recall_at_1000": 0.91392,
        "recall_at_20": 0.58777,
        "recall_at_3": 0.34968,
        "recall_at_5": 0.41469
      }
    ]
  },
  "task_name": "FiQA2018"
}