{
  "dataset_revision": "ab518f4d6fcca38d87c25209f94beba119d02014",
  "evaluation_time": 1457.4928662776947,
  "kg_co2_emissions": null,
  "mteb_version": "1.13.1",
  "scores": {
    "test": [
      {
        "hf_subset": "default",
        "languages": [
          "eng-Latn"
        ],
        "main_score": 0.68747,
        "map_at_1": 0.40277,
        "map_at_10": 0.5985,
        "map_at_100": 0.60637,
        "map_at_1000": 0.607,
        "map_at_20": 0.60319,
        "map_at_3": 0.56825,
        "map_at_5": 0.58658,
        "mrr_at_1": 0.8054017555705605,
        "mrr_at_10": 0.8588247966303335,
        "mrr_at_100": 0.8603403550080516,
        "mrr_at_1000": 0.860412318619878,
        "mrr_at_20": 0.8598694245727566,
        "mrr_at_3": 0.8517893315327482,
        "mrr_at_5": 0.8561647535449021,
        "nauc_map_at_1000_diff1": 0.09872156453949284,
        "nauc_map_at_1000_max": 0.1563557143246415,
        "nauc_map_at_1000_std": 0.025690956660355115,
        "nauc_map_at_100_diff1": 0.09836234042072647,
        "nauc_map_at_100_max": 0.15610166117462054,
        "nauc_map_at_100_std": 0.0256178616664756,
        "nauc_map_at_10_diff1": 0.09815045926503735,
        "nauc_map_at_10_max": 0.15503908496983465,
        "nauc_map_at_10_std": 0.019064220061885934,
        "nauc_map_at_1_diff1": 0.7230139755937341,
        "nauc_map_at_1_max": 0.4892393504381746,
        "nauc_map_at_1_std": -0.06825427805463857,
        "nauc_map_at_20_diff1": 0.09812912820732536,
        "nauc_map_at_20_max": 0.15566106172601024,
        "nauc_map_at_20_std": 0.023184001580962184,
        "nauc_map_at_3_diff1": 0.1173857056948383,
        "nauc_map_at_3_max": 0.161604251234062,
        "nauc_map_at_3_std": -0.001325073833331417,
        "nauc_map_at_5_diff1": 0.10414164744899723,
        "nauc_map_at_5_max": 0.15818589215522139,
        "nauc_map_at_5_std": 0.011176408558404509,
        "nauc_mrr_at_1000_diff1": 0.71619055162105,
        "nauc_mrr_at_1000_max": 0.5265441872934656,
        "nauc_mrr_at_1000_std": -0.03825434562262542,
        "nauc_mrr_at_100_diff1": 0.7162026022221457,
        "nauc_mrr_at_100_max": 0.5266207458270364,
        "nauc_mrr_at_100_std": -0.03809226992519312,
        "nauc_mrr_at_10_diff1": 0.7160149708780685,
        "nauc_mrr_at_10_max": 0.5276409436112877,
        "nauc_mrr_at_10_std": -0.03852678279044462,
        "nauc_mrr_at_1_diff1": 0.7232892816774285,
        "nauc_mrr_at_1_max": 0.49183742373273215,
        "nauc_mrr_at_1_std": -0.06653539049158434,
        "nauc_mrr_at_20_diff1": 0.7161127517341672,
        "nauc_mrr_at_20_max": 0.5270201129166645,
        "nauc_mrr_at_20_std": -0.03791140199962199,
        "nauc_mrr_at_3_diff1": 0.7139571346170582,
        "nauc_mrr_at_3_max": 0.5268742168518404,
        "nauc_mrr_at_3_std": -0.044043871291417104,
        "nauc_mrr_at_5_diff1": 0.7155030815558387,
        "nauc_mrr_at_5_max": 0.529205792987536,
        "nauc_mrr_at_5_std": -0.04007468300331907,
        "nauc_ndcg_at_1000_diff1": 0.1530186115621381,
        "nauc_ndcg_at_1000_max": 0.19910696518117693,
        "nauc_ndcg_at_1000_std": 0.05719608573583162,
        "nauc_ndcg_at_100_diff1": 0.14426242429507788,
        "nauc_ndcg_at_100_max": 0.19405003523758918,
        "nauc_ndcg_at_100_std": 0.0585899449600797,
        "nauc_ndcg_at_10_diff1": 0.14595199959881722,
        "nauc_ndcg_at_10_max": 0.1921958279852211,
        "nauc_ndcg_at_10_std": 0.033039455777431566,
        "nauc_ndcg_at_1_diff1": 0.7230139755937341,
        "nauc_ndcg_at_1_max": 0.4892393504381746,
        "nauc_ndcg_at_1_std": -0.06825427805463857,
        "nauc_ndcg_at_20_diff1": 0.14379576520854123,
        "nauc_ndcg_at_20_max": 0.1923680698798856,
        "nauc_ndcg_at_20_std": 0.045399962489075706,
        "nauc_ndcg_at_3_diff1": 0.18137613919287926,
        "nauc_ndcg_at_3_max": 0.20763463762388126,
        "nauc_ndcg_at_3_std": 4.8524904305326746e-05,
        "nauc_ndcg_at_5_diff1": 0.16009781455816682,
        "nauc_ndcg_at_5_max": 0.20087633414109154,
        "nauc_ndcg_at_5_std": 0.017931504276282532,
        "nauc_precision_at_1000_diff1": -0.1934302952959663,
        "nauc_precision_at_1000_max": 0.01797686504019009,
        "nauc_precision_at_1000_std": 0.29137655740311896,
        "nauc_precision_at_100_diff1": -0.13814969075228728,
        "nauc_precision_at_100_max": 0.04244151968044162,
        "nauc_precision_at_100_std": 0.22183590622764132,
        "nauc_precision_at_10_diff1": -0.06563925220234207,
        "nauc_precision_at_10_max": 0.07425286898427529,
        "nauc_precision_at_10_std": 0.09467529048668102,
        "nauc_precision_at_1_diff1": 0.7230139755937341,
        "nauc_precision_at_1_max": 0.4892393504381746,
        "nauc_precision_at_1_std": -0.06825427805463857,
        "nauc_precision_at_20_diff1": -0.08987797171892757,
        "nauc_precision_at_20_max": 0.06335094194985391,
        "nauc_precision_at_20_std": 0.13827105681183072,
        "nauc_precision_at_3_diff1": 0.028640315119676966,
        "nauc_precision_at_3_max": 0.12591223820277422,
        "nauc_precision_at_3_std": 0.02359355806871477,
        "nauc_precision_at_5_diff1": -0.018801313807981175,
        "nauc_precision_at_5_max": 0.10481276826558976,
        "nauc_precision_at_5_std": 0.05694850163942918,
        "nauc_recall_at_1000_diff1": -0.1934302952959652,
        "nauc_recall_at_1000_max": 0.017976865040192032,
        "nauc_recall_at_1000_std": 0.29137655740312013,
        "nauc_recall_at_100_diff1": -0.13814969075228822,
        "nauc_recall_at_100_max": 0.042441519680441575,
        "nauc_recall_at_100_std": 0.221835906227641,
        "nauc_recall_at_10_diff1": -0.06563925220234132,
        "nauc_recall_at_10_max": 0.07425286898427541,
        "nauc_recall_at_10_std": 0.09467529048668177,
        "nauc_recall_at_1_diff1": 0.7230139755937341,
        "nauc_recall_at_1_max": 0.4892393504381746,
        "nauc_recall_at_1_std": -0.06825427805463857,
        "nauc_recall_at_20_diff1": -0.08987797171892582,
        "nauc_recall_at_20_max": 0.06335094194985377,
        "nauc_recall_at_20_std": 0.1382710568118321,
        "nauc_recall_at_3_diff1": 0.028640315119676386,
        "nauc_recall_at_3_max": 0.1259122382027741,
        "nauc_recall_at_3_std": 0.02359355806871493,
        "nauc_recall_at_5_diff1": -0.018801313807980703,
        "nauc_recall_at_5_max": 0.10481276826558963,
        "nauc_recall_at_5_std": 0.05694850163942972,
        "ndcg_at_1": 0.80554,
        "ndcg_at_10": 0.68747,
        "ndcg_at_100": 0.7144,
        "ndcg_at_1000": 0.72697,
        "ndcg_at_20": 0.69911,
        "ndcg_at_3": 0.6455,
        "ndcg_at_5": 0.66799,
        "precision_at_1": 0.80554,
        "precision_at_10": 0.14073,
        "precision_at_100": 0.01617,
        "precision_at_1000": 0.00178,
        "precision_at_20": 0.07412,
        "precision_at_3": 0.40711,
        "precision_at_5": 0.26196,
        "recall_at_1": 0.40277,
        "recall_at_10": 0.70365,
        "recall_at_100": 0.80864,
        "recall_at_1000": 0.89237,
        "recall_at_20": 0.74119,
        "recall_at_3": 0.61067,
        "recall_at_5": 0.6549
      }
    ]
  },
  "task_name": "HotpotQA"
}