{
  "dataset_revision": "ec0fa4fe99da2ff19ca1214b7966684033a58814",
  "evaluation_time": 33.59096312522888,
  "kg_co2_emissions": null,
  "mteb_version": "1.13.1",
  "scores": {
    "test": [
      {
        "hf_subset": "default",
        "languages": [
          "eng-Latn"
        ],
        "main_score": 0.36506,
        "map_at_1": 0.06548,
        "map_at_10": 0.14228,
        "map_at_100": 0.1768,
        "map_at_1000": 0.19172,
        "map_at_20": 0.1572,
        "map_at_3": 0.1046,
        "map_at_5": 0.12057,
        "mrr_at_1": 0.47987616099071206,
        "mrr_at_10": 0.5634822349992629,
        "mrr_at_100": 0.5697175653275047,
        "mrr_at_1000": 0.5700854203012358,
        "mrr_at_20": 0.5673286520117219,
        "mrr_at_3": 0.545407636738906,
        "mrr_at_5": 0.5601135190918473,
        "nauc_map_at_1000_diff1": 0.1396468118716777,
        "nauc_map_at_1000_max": 0.3460967296173329,
        "nauc_map_at_1000_std": 0.15808379546453297,
        "nauc_map_at_100_diff1": 0.14691045227093746,
        "nauc_map_at_100_max": 0.3325794962527006,
        "nauc_map_at_100_std": 0.11532037568310843,
        "nauc_map_at_10_diff1": 0.1738287032657302,
        "nauc_map_at_10_max": 0.26597717721670416,
        "nauc_map_at_10_std": -0.004917135488910104,
        "nauc_map_at_1_diff1": 0.3251744600825958,
        "nauc_map_at_1_max": 0.10556734903242952,
        "nauc_map_at_1_std": -0.14314279380013056,
        "nauc_map_at_20_diff1": 0.16114077488083434,
        "nauc_map_at_20_max": 0.3003508400533836,
        "nauc_map_at_20_std": 0.04113704335043822,
        "nauc_map_at_3_diff1": 0.240433749719885,
        "nauc_map_at_3_max": 0.16980068093995812,
        "nauc_map_at_3_std": -0.11073887583652309,
        "nauc_map_at_5_diff1": 0.20084594137613823,
        "nauc_map_at_5_max": 0.21122112262238746,
        "nauc_map_at_5_std": -0.07071879248452043,
        "nauc_mrr_at_1000_diff1": 0.31675463087748446,
        "nauc_mrr_at_1000_max": 0.5989712253642068,
        "nauc_mrr_at_1000_std": 0.35882106749835835,
        "nauc_mrr_at_100_diff1": 0.3164853063720365,
        "nauc_mrr_at_100_max": 0.5991656619235924,
        "nauc_mrr_at_100_std": 0.3590858348530569,
        "nauc_mrr_at_10_diff1": 0.3180401083658916,
        "nauc_mrr_at_10_max": 0.5979930458015418,
        "nauc_mrr_at_10_std": 0.35689045495196237,
        "nauc_mrr_at_1_diff1": 0.34515819718696145,
        "nauc_mrr_at_1_max": 0.5369453005414786,
        "nauc_mrr_at_1_std": 0.26740005802242106,
        "nauc_mrr_at_20_diff1": 0.3175111418760124,
        "nauc_mrr_at_20_max": 0.6004183717536666,
        "nauc_mrr_at_20_std": 0.3598777454537348,
        "nauc_mrr_at_3_diff1": 0.32376690292863647,
        "nauc_mrr_at_3_max": 0.5912487126259889,
        "nauc_mrr_at_3_std": 0.3492200340097787,
        "nauc_mrr_at_5_diff1": 0.3205147516212264,
        "nauc_mrr_at_5_max": 0.6005109653448311,
        "nauc_mrr_at_5_std": 0.3543925475689721,
        "nauc_ndcg_at_1000_diff1": 0.15280669123091759,
        "nauc_ndcg_at_1000_max": 0.5038324053585971,
        "nauc_ndcg_at_1000_std": 0.3608563765981714,
        "nauc_ndcg_at_100_diff1": 0.15393424274026718,
        "nauc_ndcg_at_100_max": 0.46179266326047186,
        "nauc_ndcg_at_100_std": 0.3115308042412199,
        "nauc_ndcg_at_10_diff1": 0.17641504382882456,
        "nauc_ndcg_at_10_max": 0.5075659346692609,
        "nauc_ndcg_at_10_std": 0.3443336823375651,
        "nauc_ndcg_at_1_diff1": 0.36300485633374013,
        "nauc_ndcg_at_1_max": 0.5304959884802245,
        "nauc_ndcg_at_1_std": 0.3000874490379106,
        "nauc_ndcg_at_20_diff1": 0.16877503770722396,
        "nauc_ndcg_at_20_max": 0.47799553027536124,
        "nauc_ndcg_at_20_std": 0.33378811594739444,
        "nauc_ndcg_at_3_diff1": 0.24256600776626738,
        "nauc_ndcg_at_3_max": 0.5348418121428506,
        "nauc_ndcg_at_3_std": 0.323577520674917,
        "nauc_ndcg_at_5_diff1": 0.2074049513905648,
        "nauc_ndcg_at_5_max": 0.5337668704234066,
        "nauc_ndcg_at_5_std": 0.32884251955486166,
        "nauc_precision_at_1000_diff1": -0.07266539849836946,
        "nauc_precision_at_1000_max": 0.16652177147539085,
        "nauc_precision_at_1000_std": 0.47328229375207287,
        "nauc_precision_at_100_diff1": -0.057374498484839415,
        "nauc_precision_at_100_max": 0.3190181885434425,
        "nauc_precision_at_100_std": 0.5724191180238601,
        "nauc_precision_at_10_diff1": 0.019727622968361024,
        "nauc_precision_at_10_max": 0.5019707515440046,
        "nauc_precision_at_10_std": 0.492590816564561,
        "nauc_precision_at_1_diff1": 0.36191561854123155,
        "nauc_precision_at_1_max": 0.5346028405514424,
        "nauc_precision_at_1_std": 0.2911183866424514,
        "nauc_precision_at_20_diff1": 0.0029860215743124138,
        "nauc_precision_at_20_max": 0.45097953213951303,
        "nauc_precision_at_20_std": 0.5289786948116548,
        "nauc_precision_at_3_diff1": 0.13090733699045284,
        "nauc_precision_at_3_max": 0.5405601419445684,
        "nauc_precision_at_3_std": 0.37929806182598863,
        "nauc_precision_at_5_diff1": 0.07301941438777293,
        "nauc_precision_at_5_max": 0.5439419675180703,
        "nauc_precision_at_5_std": 0.4183719526902788,
        "nauc_recall_at_1000_diff1": -0.02636297629556679,
        "nauc_recall_at_1000_max": 0.23373515252046692,
        "nauc_recall_at_1000_std": 0.20635909252208645,
        "nauc_recall_at_100_diff1": 0.04670967251098407,
        "nauc_recall_at_100_max": 0.24863268551732595,
        "nauc_recall_at_100_std": 0.1312968234653998,
        "nauc_recall_at_10_diff1": 0.14160177971343152,
        "nauc_recall_at_10_max": 0.25119639067427224,
        "nauc_recall_at_10_std": 0.004604525778296963,
        "nauc_recall_at_1_diff1": 0.3251744600825958,
        "nauc_recall_at_1_max": 0.10556734903242952,
        "nauc_recall_at_1_std": -0.14314279380013056,
        "nauc_recall_at_20_diff1": 0.10085299136433701,
        "nauc_recall_at_20_max": 0.2577300199700288,
        "nauc_recall_at_20_std": 0.03675703318194966,
        "nauc_recall_at_3_diff1": 0.2271622615686452,
        "nauc_recall_at_3_max": 0.1768142115993051,
        "nauc_recall_at_3_std": -0.09670923929608055,
        "nauc_recall_at_5_diff1": 0.16723489684447565,
        "nauc_recall_at_5_max": 0.2028205900732891,
        "nauc_recall_at_5_std": -0.06434542748564773,
        "ndcg_at_1": 0.45511,
        "ndcg_at_10": 0.36506,
        "ndcg_at_100": 0.33241,
        "ndcg_at_1000": 0.41996,
        "ndcg_at_20": 0.34302,
        "ndcg_at_3": 0.41889,
        "ndcg_at_5": 0.39657,
        "precision_at_1": 0.47368,
        "precision_at_10": 0.27059,
        "precision_at_100": 0.08288,
        "precision_at_1000": 0.02111,
        "precision_at_20": 0.2017,
        "precision_at_3": 0.39216,
        "precision_at_5": 0.34303,
        "recall_at_1": 0.06548,
        "recall_at_10": 0.17809,
        "recall_at_100": 0.33245,
        "recall_at_1000": 0.64513,
        "recall_at_20": 0.21896,
        "recall_at_3": 0.11319,
        "recall_at_5": 0.14107
      }
    ]
  },
  "task_name": "NFCorpus"
}