{
  "dataset_revision": "b774495ed302d8c44a3a7ea25c90dbce03968f31",
  "evaluation_time": 772.3319807052612,
  "kg_co2_emissions": null,
  "mteb_version": "1.13.1",
  "scores": {
    "test": [
      {
        "hf_subset": "default",
        "languages": [
          "eng-Latn"
        ],
        "main_score": 0.57932,
        "map_at_1": 0.34024,
        "map_at_10": 0.50273,
        "map_at_100": 0.51187,
        "map_at_1000": 0.5121,
        "map_at_20": 0.50899,
        "map_at_3": 0.46024,
        "map_at_5": 0.48604,
        "mrr_at_1": 0.3820973348783314,
        "mrr_at_10": 0.5264425729735696,
        "mrr_at_100": 0.5331681664415318,
        "mrr_at_1000": 0.5333464168505542,
        "mrr_at_20": 0.5310907953345012,
        "mrr_at_3": 0.4935786017767478,
        "mrr_at_5": 0.5137408265739668,
        "nauc_map_at_1000_diff1": 0.30235324011171694,
        "nauc_map_at_1000_max": 0.27884447326079476,
        "nauc_map_at_1000_std": 0.005447731759666777,
        "nauc_map_at_100_diff1": 0.30225008136623244,
        "nauc_map_at_100_max": 0.27903757804119717,
        "nauc_map_at_100_std": 0.005723191124093988,
        "nauc_map_at_10_diff1": 0.30111336849051784,
        "nauc_map_at_10_max": 0.2786552128595814,
        "nauc_map_at_10_std": 0.002134822985988957,
        "nauc_map_at_1_diff1": 0.3372004538776982,
        "nauc_map_at_1_max": 0.20923804479273644,
        "nauc_map_at_1_std": -0.03729724182317529,
        "nauc_map_at_20_diff1": 0.3022736263890823,
        "nauc_map_at_20_max": 0.2801058922962473,
        "nauc_map_at_20_std": 0.0055138424851354445,
        "nauc_map_at_3_diff1": 0.3028280555506306,
        "nauc_map_at_3_max": 0.2616461880000176,
        "nauc_map_at_3_std": -0.015042841601667427,
        "nauc_map_at_5_diff1": 0.30058958129572977,
        "nauc_map_at_5_max": 0.2742186242603206,
        "nauc_map_at_5_std": -0.004644365311388491,
        "nauc_mrr_at_1000_diff1": 0.30253349085580084,
        "nauc_mrr_at_1000_max": 0.2797992803289178,
        "nauc_mrr_at_1000_std": 0.01343896294743641,
        "nauc_mrr_at_100_diff1": 0.3024604850527579,
        "nauc_mrr_at_100_max": 0.2799684001014054,
        "nauc_mrr_at_100_std": 0.013653773545755863,
        "nauc_mrr_at_10_diff1": 0.3005232584264813,
        "nauc_mrr_at_10_max": 0.2804530017657811,
        "nauc_mrr_at_10_std": 0.01211059286839023,
        "nauc_mrr_at_1_diff1": 0.33710451360516314,
        "nauc_mrr_at_1_max": 0.22597870986644486,
        "nauc_mrr_at_1_std": -0.022517978402183215,
        "nauc_mrr_at_20_diff1": 0.30220505100378664,
        "nauc_mrr_at_20_max": 0.2809727767180987,
        "nauc_mrr_at_20_std": 0.014057720211573642,
        "nauc_mrr_at_3_diff1": 0.3006749865372178,
        "nauc_mrr_at_3_max": 0.27206115184907453,
        "nauc_mrr_at_3_std": 0.003666826776782965,
        "nauc_mrr_at_5_diff1": 0.3001716695121243,
        "nauc_mrr_at_5_max": 0.2805761702975768,
        "nauc_mrr_at_5_std": 0.010147561943220217,
        "nauc_ndcg_at_1000_diff1": 0.2974536488300156,
        "nauc_ndcg_at_1000_max": 0.29810913374029435,
        "nauc_ndcg_at_1000_std": 0.028193922827864246,
        "nauc_ndcg_at_100_diff1": 0.29530243305192844,
        "nauc_ndcg_at_100_max": 0.30377247520288064,
        "nauc_ndcg_at_100_std": 0.03652078035494154,
        "nauc_ndcg_at_10_diff1": 0.2899088400368272,
        "nauc_ndcg_at_10_max": 0.30639285366588564,
        "nauc_ndcg_at_10_std": 0.024681027185669543,
        "nauc_ndcg_at_1_diff1": 0.33880931116014806,
        "nauc_ndcg_at_1_max": 0.22582760165116028,
        "nauc_ndcg_at_1_std": -0.019646439474001475,
        "nauc_ndcg_at_20_diff1": 0.2948280704760271,
        "nauc_ndcg_at_20_max": 0.3116049909443207,
        "nauc_ndcg_at_20_std": 0.03659587862008675,
        "nauc_ndcg_at_3_diff1": 0.29268196682388176,
        "nauc_ndcg_at_3_max": 0.27708029837139464,
        "nauc_ndcg_at_3_std": -0.005828641660473835,
        "nauc_ndcg_at_5_diff1": 0.2893041503683055,
        "nauc_ndcg_at_5_max": 0.29790009655397515,
        "nauc_ndcg_at_5_std": 0.010550848910355067,
        "nauc_precision_at_1000_diff1": -0.06270032850448241,
        "nauc_precision_at_1000_max": 0.07426043949670025,
        "nauc_precision_at_1000_std": 0.13682424703382498,
        "nauc_precision_at_100_diff1": -0.030659610345609885,
        "nauc_precision_at_100_max": 0.15249468966212051,
        "nauc_precision_at_100_std": 0.19396423560995582,
        "nauc_precision_at_10_diff1": 0.08470518708345409,
        "nauc_precision_at_10_max": 0.2754637136218164,
        "nauc_precision_at_10_std": 0.13512603098113013,
        "nauc_precision_at_1_diff1": 0.33880931116014806,
        "nauc_precision_at_1_max": 0.22582760165116028,
        "nauc_precision_at_1_std": -0.019646439474001475,
        "nauc_precision_at_20_diff1": 0.05070491355844529,
        "nauc_precision_at_20_max": 0.2502990101066382,
        "nauc_precision_at_20_std": 0.18141512615494057,
        "nauc_precision_at_3_diff1": 0.19908765218804378,
        "nauc_precision_at_3_max": 0.2968166172295233,
        "nauc_precision_at_3_std": 0.04027144761862121,
        "nauc_precision_at_5_diff1": 0.14491664045341,
        "nauc_precision_at_5_max": 0.3028738833415089,
        "nauc_precision_at_5_std": 0.08510647832564439,
        "nauc_recall_at_1000_diff1": 0.2502425175078556,
        "nauc_recall_at_1000_max": 0.8367177649979166,
        "nauc_recall_at_1000_std": 0.7675673418793685,
        "nauc_recall_at_100_diff1": 0.2130405612337873,
        "nauc_recall_at_100_max": 0.6173682584517851,
        "nauc_recall_at_100_std": 0.4934202835400597,
        "nauc_recall_at_10_diff1": 0.23250142208404703,
        "nauc_recall_at_10_max": 0.41683001489978705,
        "nauc_recall_at_10_std": 0.10637631834729465,
        "nauc_recall_at_1_diff1": 0.3372004538776982,
        "nauc_recall_at_1_max": 0.20923804479273644,
        "nauc_recall_at_1_std": -0.03729724182317529,
        "nauc_recall_at_20_diff1": 0.2488679004620685,
        "nauc_recall_at_20_max": 0.5071998754449019,
        "nauc_recall_at_20_std": 0.22817952952587783,
        "nauc_recall_at_3_diff1": 0.2551616766412636,
        "nauc_recall_at_3_max": 0.30244478643875616,
        "nauc_recall_at_3_std": 0.001086185770195869,
        "nauc_recall_at_5_diff1": 0.24134701860345992,
        "nauc_recall_at_5_max": 0.3600530237423929,
        "nauc_recall_at_5_std": 0.041011566882978794,
        "ndcg_at_1": 0.38152,
        "ndcg_at_10": 0.57932,
        "ndcg_at_100": 0.61677,
        "ndcg_at_1000": 0.62232,
        "ndcg_at_20": 0.59936,
        "ndcg_at_3": 0.5021,
        "ndcg_at_5": 0.54382,
        "precision_at_1": 0.38152,
        "precision_at_10": 0.094,
        "precision_at_100": 0.01149,
        "precision_at_1000": 0.0012,
        "precision_at_20": 0.05188,
        "precision_at_3": 0.22827,
        "precision_at_5": 0.16112,
        "recall_at_1": 0.34024,
        "recall_at_10": 0.78667,
        "recall_at_100": 0.94706,
        "recall_at_1000": 0.98803,
        "recall_at_20": 0.86056,
        "recall_at_3": 0.58939,
        "recall_at_5": 0.68501
      }
    ]
  },
  "task_name": "NQ"
}