{
  "dataset_revision": "e4e08e0b7dbe3c8700f0daef558ff32256715259",
  "evaluation_time": 160.99809646606445,
  "kg_co2_emissions": null,
  "mteb_version": "1.13.1",
  "scores": {
    "test": [
      {
        "hf_subset": "default",
        "languages": [
          "eng-Latn"
        ],
        "main_score": 0.88592,
        "map_at_1": 0.71234,
        "map_at_10": 0.8492,
        "map_at_100": 0.85554,
        "map_at_1000": 0.85573,
        "map_at_20": 0.85339,
        "map_at_3": 0.82066,
        "map_at_5": 0.83888,
        "mrr_at_1": 0.8193,
        "mrr_at_10": 0.8802274603174602,
        "mrr_at_100": 0.8812763745895316,
        "mrr_at_1000": 0.8812858264041566,
        "mrr_at_20": 0.8810207749861078,
        "mrr_at_3": 0.8716166666666666,
        "mrr_at_5": 0.8775016666666666,
        "nauc_map_at_1000_diff1": 0.7563601885162851,
        "nauc_map_at_1000_max": 0.36629105627364106,
        "nauc_map_at_1000_std": -0.5473504203170928,
        "nauc_map_at_100_diff1": 0.7564179652571786,
        "nauc_map_at_100_max": 0.36606026544674586,
        "nauc_map_at_100_std": -0.5482127425526863,
        "nauc_map_at_10_diff1": 0.7585828157907513,
        "nauc_map_at_10_max": 0.3639387479289647,
        "nauc_map_at_10_std": -0.5657453488232053,
        "nauc_map_at_1_diff1": 0.7919566428795678,
        "nauc_map_at_1_max": 0.27998987981993334,
        "nauc_map_at_1_std": -0.48115109777316706,
        "nauc_map_at_20_diff1": 0.7571860435484069,
        "nauc_map_at_20_max": 0.36561498951825866,
        "nauc_map_at_20_std": -0.5562349726315865,
        "nauc_map_at_3_diff1": 0.7628627111900902,
        "nauc_map_at_3_max": 0.33764249376130945,
        "nauc_map_at_3_std": -0.5772275478109179,
        "nauc_map_at_5_diff1": 0.7603603579554213,
        "nauc_map_at_5_max": 0.3539056793389491,
        "nauc_map_at_5_std": -0.5787297224092599,
        "nauc_mrr_at_1000_diff1": 0.7627839550635926,
        "nauc_mrr_at_1000_max": 0.38938749085384977,
        "nauc_mrr_at_1000_std": -0.5097731200767374,
        "nauc_mrr_at_100_diff1": 0.7627858797205432,
        "nauc_mrr_at_100_max": 0.3894013303494392,
        "nauc_mrr_at_100_std": -0.509765453648143,
        "nauc_mrr_at_10_diff1": 0.762643418284615,
        "nauc_mrr_at_10_max": 0.3902445976241849,
        "nauc_mrr_at_10_std": -0.5112314933092631,
        "nauc_mrr_at_1_diff1": 0.7748550334546623,
        "nauc_mrr_at_1_max": 0.3869730129280463,
        "nauc_mrr_at_1_std": -0.4841303680973197,
        "nauc_mrr_at_20_diff1": 0.7626764650385245,
        "nauc_mrr_at_20_max": 0.38965245897707435,
        "nauc_mrr_at_20_std": -0.5100392465657756,
        "nauc_mrr_at_3_diff1": 0.7590575141641879,
        "nauc_mrr_at_3_max": 0.3872380173715681,
        "nauc_mrr_at_3_std": -0.5131930041980904,
        "nauc_mrr_at_5_diff1": 0.7617310948093444,
        "nauc_mrr_at_5_max": 0.3902523521490257,
        "nauc_mrr_at_5_std": -0.5132434501903649,
        "nauc_ndcg_at_1000_diff1": 0.754302434451331,
        "nauc_ndcg_at_1000_max": 0.3787783816063243,
        "nauc_ndcg_at_1000_std": -0.5267151096568504,
        "nauc_ndcg_at_100_diff1": 0.7544484350619334,
        "nauc_ndcg_at_100_max": 0.37783454139318506,
        "nauc_ndcg_at_100_std": -0.5310213783753489,
        "nauc_ndcg_at_10_diff1": 0.7548390371827451,
        "nauc_ndcg_at_10_max": 0.3758400641820264,
        "nauc_ndcg_at_10_std": -0.5618621913727325,
        "nauc_ndcg_at_1_diff1": 0.773507269523075,
        "nauc_ndcg_at_1_max": 0.3884373278995493,
        "nauc_ndcg_at_1_std": -0.4819751624628255,
        "nauc_ndcg_at_20_diff1": 0.7547073288266573,
        "nauc_ndcg_at_20_max": 0.3765976792882845,
        "nauc_ndcg_at_20_std": -0.5516770141715982,
        "nauc_ndcg_at_3_diff1": 0.7476561276570033,
        "nauc_ndcg_at_3_max": 0.35881172548289786,
        "nauc_ndcg_at_3_std": -0.5557820397490468,
        "nauc_ndcg_at_5_diff1": 0.7515615386687087,
        "nauc_ndcg_at_5_max": 0.3667378982516129,
        "nauc_ndcg_at_5_std": -0.5683397132221577,
        "nauc_precision_at_1000_diff1": -0.4373603447450702,
        "nauc_precision_at_1000_max": -0.07803026653418725,
        "nauc_precision_at_1000_std": 0.443242670182469,
        "nauc_precision_at_100_diff1": -0.43393437128232093,
        "nauc_precision_at_100_max": -0.07421191373728281,
        "nauc_precision_at_100_std": 0.4201179991635583,
        "nauc_precision_at_10_diff1": -0.37842614614106745,
        "nauc_precision_at_10_max": -0.016352228449578662,
        "nauc_precision_at_10_std": 0.2784982177868914,
        "nauc_precision_at_1_diff1": 0.773507269523075,
        "nauc_precision_at_1_max": 0.3884373278995493,
        "nauc_precision_at_1_std": -0.4819751624628255,
        "nauc_precision_at_20_diff1": -0.41262347229431845,
        "nauc_precision_at_20_max": -0.0453226713991786,
        "nauc_precision_at_20_std": 0.3449322209638414,
        "nauc_precision_at_3_diff1": -0.18744550754866593,
        "nauc_precision_at_3_max": 0.07603445563348932,
        "nauc_precision_at_3_std": 0.04295354963343621,
        "nauc_precision_at_5_diff1": -0.3084997314250228,
        "nauc_precision_at_5_max": 0.02197918284409394,
        "nauc_precision_at_5_std": 0.16694321374436313,
        "nauc_recall_at_1000_diff1": 0.6811259421974838,
        "nauc_recall_at_1000_max": 0.48093776658945164,
        "nauc_recall_at_1000_std": -0.04665534843717698,
        "nauc_recall_at_100_diff1": 0.7071341200802225,
        "nauc_recall_at_100_max": 0.34915904480742266,
        "nauc_recall_at_100_std": -0.6119918788061617,
        "nauc_recall_at_10_diff1": 0.7136346139998666,
        "nauc_recall_at_10_max": 0.3695262620183192,
        "nauc_recall_at_10_std": -0.7456997024621487,
        "nauc_recall_at_1_diff1": 0.7919566428795678,
        "nauc_recall_at_1_max": 0.27998987981993334,
        "nauc_recall_at_1_std": -0.48115109777316706,
        "nauc_recall_at_20_diff1": 0.7095550574706764,
        "nauc_recall_at_20_max": 0.3635621479783947,
        "nauc_recall_at_20_std": -0.7829974107485355,
        "nauc_recall_at_3_diff1": 0.7179913107832546,
        "nauc_recall_at_3_max": 0.2986478442418205,
        "nauc_recall_at_3_std": -0.644243337782119,
        "nauc_recall_at_5_diff1": 0.7088413126181661,
        "nauc_recall_at_5_max": 0.32642895924909604,
        "nauc_recall_at_5_std": -0.7018579939767429,
        "ndcg_at_1": 0.82,
        "ndcg_at_10": 0.88592,
        "ndcg_at_100": 0.89822,
        "ndcg_at_1000": 0.89937,
        "ndcg_at_20": 0.89263,
        "ndcg_at_3": 0.85936,
        "ndcg_at_5": 0.87434,
        "precision_at_1": 0.82,
        "precision_at_10": 0.13363,
        "precision_at_100": 0.01524,
        "precision_at_1000": 0.00156,
        "precision_at_20": 0.07082,
        "precision_at_3": 0.37473,
        "precision_at_5": 0.24602,
        "recall_at_1": 0.71234,
        "recall_at_10": 0.95297,
        "recall_at_100": 0.99464,
        "recall_at_1000": 0.99961,
        "recall_at_20": 0.97448,
        "recall_at_3": 0.87581,
        "recall_at_5": 0.91858
      }
    ]
  },
  "task_name": "QuoraRetrieval"
}