{
  "dataset_revision": "f8c2fcf00f625baaa80f62ec5bd9e1fff3b8ae88",
  "evaluation_time": 38.67202401161194,
  "kg_co2_emissions": null,
  "mteb_version": "1.13.1",
  "scores": {
    "test": [
      {
        "hf_subset": "default",
        "languages": [
          "eng-Latn"
        ],
        "main_score": 0.21089,
        "map_at_1": 0.04923,
        "map_at_10": 0.12745,
        "map_at_100": 0.14829,
        "map_at_1000": 0.15105,
        "map_at_20": 0.13826,
        "map_at_3": 0.09032,
        "map_at_5": 0.10788,
        "mrr_at_1": 0.243,
        "mrr_at_10": 0.3528769841269841,
        "mrr_at_100": 0.3636429934299675,
        "mrr_at_1000": 0.3641702461266882,
        "mrr_at_20": 0.35951136501527364,
        "mrr_at_3": 0.3208333333333333,
        "mrr_at_5": 0.33948333333333336,
        "nauc_map_at_1000_diff1": 0.18137748409275956,
        "nauc_map_at_1000_max": 0.31752421212298826,
        "nauc_map_at_1000_std": 0.1120628145594986,
        "nauc_map_at_100_diff1": 0.1822822713198656,
        "nauc_map_at_100_max": 0.31771693194396744,
        "nauc_map_at_100_std": 0.11031955034985248,
        "nauc_map_at_10_diff1": 0.17852081030042333,
        "nauc_map_at_10_max": 0.29771100122609,
        "nauc_map_at_10_std": 0.07526881005418308,
        "nauc_map_at_1_diff1": 0.2838958683400433,
        "nauc_map_at_1_max": 0.2185580069774721,
        "nauc_map_at_1_std": 0.02250123761198593,
        "nauc_map_at_20_diff1": 0.17831929570152869,
        "nauc_map_at_20_max": 0.3066898235003119,
        "nauc_map_at_20_std": 0.09158529781446531,
        "nauc_map_at_3_diff1": 0.20257886234169845,
        "nauc_map_at_3_max": 0.25534432914786104,
        "nauc_map_at_3_std": 0.02723459462270299,
        "nauc_map_at_5_diff1": 0.18882995551573073,
        "nauc_map_at_5_max": 0.27243667957145395,
        "nauc_map_at_5_std": 0.041906537724160385,
        "nauc_mrr_at_1000_diff1": 0.2505629086489738,
        "nauc_mrr_at_1000_max": 0.2674251350582201,
        "nauc_mrr_at_1000_std": 0.07205301067503941,
        "nauc_mrr_at_100_diff1": 0.25062881031349693,
        "nauc_mrr_at_100_max": 0.26763069973780496,
        "nauc_mrr_at_100_std": 0.07232696186921149,
        "nauc_mrr_at_10_diff1": 0.2493978194788698,
        "nauc_mrr_at_10_max": 0.2641784715766023,
        "nauc_mrr_at_10_std": 0.06593157420051013,
        "nauc_mrr_at_1_diff1": 0.28277330139535045,
        "nauc_mrr_at_1_max": 0.21823295362289058,
        "nauc_mrr_at_1_std": 0.023569158991272213,
        "nauc_mrr_at_20_diff1": 0.24984189517261252,
        "nauc_mrr_at_20_max": 0.2677248264704845,
        "nauc_mrr_at_20_std": 0.07256521139794182,
        "nauc_mrr_at_3_diff1": 0.2558598360893112,
        "nauc_mrr_at_3_max": 0.2656951724537372,
        "nauc_mrr_at_3_std": 0.058329964379832594,
        "nauc_mrr_at_5_diff1": 0.2517848919148233,
        "nauc_mrr_at_5_max": 0.26624786964814456,
        "nauc_mrr_at_5_std": 0.06371008832859176,
        "nauc_ndcg_at_1000_diff1": 0.18717211899684055,
        "nauc_ndcg_at_1000_max": 0.3344838667064271,
        "nauc_ndcg_at_1000_std": 0.18566339003036494,
        "nauc_ndcg_at_100_diff1": 0.19598332536527263,
        "nauc_ndcg_at_100_max": 0.3456298148356422,
        "nauc_ndcg_at_100_std": 0.1828813780828705,
        "nauc_ndcg_at_10_diff1": 0.18834549754917004,
        "nauc_ndcg_at_10_max": 0.3063393192956757,
        "nauc_ndcg_at_10_std": 0.09853763950681473,
        "nauc_ndcg_at_1_diff1": 0.28277330139535045,
        "nauc_ndcg_at_1_max": 0.21823295362289058,
        "nauc_ndcg_at_1_std": 0.023569158991272213,
        "nauc_ndcg_at_20_diff1": 0.1891656610198959,
        "nauc_ndcg_at_20_max": 0.3229050879309711,
        "nauc_ndcg_at_20_std": 0.13046010969863975,
        "nauc_ndcg_at_3_diff1": 0.2127228502860299,
        "nauc_ndcg_at_3_max": 0.26975328625984873,
        "nauc_ndcg_at_3_std": 0.04530246294193189,
        "nauc_ndcg_at_5_diff1": 0.20357287193830212,
        "nauc_ndcg_at_5_max": 0.28736697161386254,
        "nauc_ndcg_at_5_std": 0.06476624980715855,
        "nauc_precision_at_1000_diff1": 0.06180585161011578,
        "nauc_precision_at_1000_max": 0.2598268309959445,
        "nauc_precision_at_1000_std": 0.3177464621904313,
        "nauc_precision_at_100_diff1": 0.13134425448410997,
        "nauc_precision_at_100_max": 0.3456978148158748,
        "nauc_precision_at_100_std": 0.3083328756856012,
        "nauc_precision_at_10_diff1": 0.13476501666212656,
        "nauc_precision_at_10_max": 0.31698658144718883,
        "nauc_precision_at_10_std": 0.1375116068577859,
        "nauc_precision_at_1_diff1": 0.28277330139535045,
        "nauc_precision_at_1_max": 0.21823295362289058,
        "nauc_precision_at_1_std": 0.023569158991272213,
        "nauc_precision_at_20_diff1": 0.13254312728312184,
        "nauc_precision_at_20_max": 0.3314943588714003,
        "nauc_precision_at_20_std": 0.1948975477126677,
        "nauc_precision_at_3_diff1": 0.1824254366660035,
        "nauc_precision_at_3_max": 0.2851326014188219,
        "nauc_precision_at_3_std": 0.05293170451288094,
        "nauc_precision_at_5_diff1": 0.16474618363155638,
        "nauc_precision_at_5_max": 0.3017001630293318,
        "nauc_precision_at_5_std": 0.08429637711212656,
        "nauc_recall_at_1000_diff1": 0.06151449936120567,
        "nauc_recall_at_1000_max": 0.25867387204100806,
        "nauc_recall_at_1000_std": 0.32470180709947843,
        "nauc_recall_at_100_diff1": 0.12748961739145148,
        "nauc_recall_at_100_max": 0.34339398453042314,
        "nauc_recall_at_100_std": 0.3095014499671926,
        "nauc_recall_at_10_diff1": 0.1327166909708783,
        "nauc_recall_at_10_max": 0.31402766381380687,
        "nauc_recall_at_10_std": 0.13593981037938282,
        "nauc_recall_at_1_diff1": 0.2838958683400433,
        "nauc_recall_at_1_max": 0.2185580069774721,
        "nauc_recall_at_1_std": 0.02250123761198593,
        "nauc_recall_at_20_diff1": 0.13001943888131431,
        "nauc_recall_at_20_max": 0.3286940309994526,
        "nauc_recall_at_20_std": 0.19427975114953802,
        "nauc_recall_at_3_diff1": 0.1807323327475648,
        "nauc_recall_at_3_max": 0.28254451681546844,
        "nauc_recall_at_3_std": 0.05053752863540407,
        "nauc_recall_at_5_diff1": 0.16241316356664212,
        "nauc_recall_at_5_max": 0.298185877534157,
        "nauc_recall_at_5_std": 0.08274472268789451,
        "ndcg_at_1": 0.243,
        "ndcg_at_10": 0.21089,
        "ndcg_at_100": 0.28926,
        "ndcg_at_1000": 0.33841,
        "ndcg_at_20": 0.23973,
        "ndcg_at_3": 0.19988,
        "ndcg_at_5": 0.17385,
        "precision_at_1": 0.243,
        "precision_at_10": 0.1098,
        "precision_at_100": 0.02218,
        "precision_at_1000": 0.0034,
        "precision_at_20": 0.0716,
        "precision_at_3": 0.18733,
        "precision_at_5": 0.1524,
        "recall_at_1": 0.04923,
        "recall_at_10": 0.22228,
        "recall_at_100": 0.45017,
        "recall_at_1000": 0.69082,
        "recall_at_20": 0.29005,
        "recall_at_3": 0.11393,
        "recall_at_5": 0.15458
      }
    ]
  },
  "task_name": "SCIDOCS"
}