{
  "dataset_revision": "d3c5e1fc0b855ab6097bf1cda04dd73947d7caab",
  "evaluation_time": 47.283852100372314,
  "kg_co2_emissions": null,
  "mteb_version": "1.13.1",
  "scores": {
    "test": [
      {
        "hf_subset": "default",
        "languages": [
          "eng-Latn"
        ],
        "main_score": 0.8184458116586463,
        "map": 0.8184458116586463,
        "mrr": 0.9509308139210101,
        "nAUC_map_diff1": 0.05076454820626999,
        "nAUC_map_max": 0.5731185531460061,
        "nAUC_map_std": 0.717349899010336,
        "nAUC_mrr_diff1": 0.5415298917845304,
        "nAUC_mrr_max": 0.9006942677046486,
        "nAUC_mrr_std": 0.8805498012778126
      }
    ]
  },
  "task_name": "SciDocsRR"
}