{
  "dataset_revision": "0228b52cf27578f30900b9e5271d331663a030d7",
  "evaluation_time": 32.44909048080444,
  "kg_co2_emissions": null,
  "mteb_version": "1.13.1",
  "scores": {
    "test": [
      {
        "hf_subset": "default",
        "languages": [
          "eng-Latn"
        ],
        "main_score": 0.7287,
        "map_at_1": 0.60583,
        "map_at_10": 0.69064,
        "map_at_100": 0.69745,
        "map_at_1000": 0.69766,
        "map_at_20": 0.69525,
        "map_at_3": 0.66565,
        "map_at_5": 0.68229,
        "mrr_at_1": 0.63,
        "mrr_at_10": 0.6994431216931216,
        "mrr_at_100": 0.7048536197318914,
        "mrr_at_1000": 0.7050557069803891,
        "mrr_at_20": 0.7030494366744366,
        "mrr_at_3": 0.6816666666666666,
        "mrr_at_5": 0.6935,
        "nauc_map_at_1000_diff1": 0.6625184436745072,
        "nauc_map_at_1000_max": 0.5215417166437434,
        "nauc_map_at_1000_std": -0.09691885065440936,
        "nauc_map_at_100_diff1": 0.6623902068282777,
        "nauc_map_at_100_max": 0.5217437860779269,
        "nauc_map_at_100_std": -0.09663981534143659,
        "nauc_map_at_10_diff1": 0.6603267115040466,
        "nauc_map_at_10_max": 0.5195926227721658,
        "nauc_map_at_10_std": -0.10298457736251043,
        "nauc_map_at_1_diff1": 0.7045002220882308,
        "nauc_map_at_1_max": 0.4475756865409521,
        "nauc_map_at_1_std": -0.16768935894430587,
        "nauc_map_at_20_diff1": 0.6617714940145883,
        "nauc_map_at_20_max": 0.5231160316480167,
        "nauc_map_at_20_std": -0.09412300151540583,
        "nauc_map_at_3_diff1": 0.6728587707364636,
        "nauc_map_at_3_max": 0.4912542771001559,
        "nauc_map_at_3_std": -0.13255465655741583,
        "nauc_map_at_5_diff1": 0.6630356607628931,
        "nauc_map_at_5_max": 0.5113488530190429,
        "nauc_map_at_5_std": -0.1126336745054739,
        "nauc_mrr_at_1000_diff1": 0.6664703363270201,
        "nauc_mrr_at_1000_max": 0.5368280011755862,
        "nauc_mrr_at_1000_std": -0.07072181107268823,
        "nauc_mrr_at_100_diff1": 0.6663404770347068,
        "nauc_mrr_at_100_max": 0.5370097005148835,
        "nauc_mrr_at_100_std": -0.07048614722362949,
        "nauc_mrr_at_10_diff1": 0.6641885822566511,
        "nauc_mrr_at_10_max": 0.5378878894078516,
        "nauc_mrr_at_10_std": -0.07125473187565712,
        "nauc_mrr_at_1_diff1": 0.7148968175621679,
        "nauc_mrr_at_1_max": 0.5075761136965478,
        "nauc_mrr_at_1_std": -0.11042166126075331,
        "nauc_mrr_at_20_diff1": 0.6650457074769343,
        "nauc_mrr_at_20_max": 0.5383129354344334,
        "nauc_mrr_at_20_std": -0.06757309817090631,
        "nauc_mrr_at_3_diff1": 0.6739013440695396,
        "nauc_mrr_at_3_max": 0.5291776271931996,
        "nauc_mrr_at_3_std": -0.08110059743993295,
        "nauc_mrr_at_5_diff1": 0.664574166958995,
        "nauc_mrr_at_5_max": 0.5349970375022155,
        "nauc_mrr_at_5_std": -0.07316228364792689,
        "nauc_ndcg_at_1000_diff1": 0.6517241935864507,
        "nauc_ndcg_at_1000_max": 0.5400156367857122,
        "nauc_ndcg_at_1000_std": -0.06720413116019777,
        "nauc_ndcg_at_100_diff1": 0.6476889927762226,
        "nauc_ndcg_at_100_max": 0.545331716702398,
        "nauc_ndcg_at_100_std": -0.05954594346723738,
        "nauc_ndcg_at_10_diff1": 0.6372007822774127,
        "nauc_ndcg_at_10_max": 0.546655099276893,
        "nauc_ndcg_at_10_std": -0.06968921541888637,
        "nauc_ndcg_at_1_diff1": 0.7148968175621679,
        "nauc_ndcg_at_1_max": 0.5075761136965478,
        "nauc_ndcg_at_1_std": -0.11042166126075331,
        "nauc_ndcg_at_20_diff1": 0.6407518328466167,
        "nauc_ndcg_at_20_max": 0.556103792313847,
        "nauc_ndcg_at_20_std": -0.04041122498079868,
        "nauc_ndcg_at_3_diff1": 0.66131048385473,
        "nauc_ndcg_at_3_max": 0.5170917694558768,
        "nauc_ndcg_at_3_std": -0.1053630950661359,
        "nauc_ndcg_at_5_diff1": 0.6438754746720655,
        "nauc_ndcg_at_5_max": 0.5324135892831152,
        "nauc_ndcg_at_5_std": -0.09022627653222781,
        "nauc_precision_at_1000_diff1": -0.25509065271289766,
        "nauc_precision_at_1000_max": 0.16558738814598012,
        "nauc_precision_at_1000_std": 0.462205203258553,
        "nauc_precision_at_100_diff1": -0.15190119901812674,
        "nauc_precision_at_100_max": 0.26292248867069556,
        "nauc_precision_at_100_std": 0.451697035498489,
        "nauc_precision_at_10_diff1": 0.09574242745181102,
        "nauc_precision_at_10_max": 0.4308457376133718,
        "nauc_precision_at_10_std": 0.29856925535807105,
        "nauc_precision_at_1_diff1": 0.7148968175621679,
        "nauc_precision_at_1_max": 0.5075761136965478,
        "nauc_precision_at_1_std": -0.11042166126075331,
        "nauc_precision_at_20_diff1": -0.002566894835096248,
        "nauc_precision_at_20_max": 0.4003629952292063,
        "nauc_precision_at_20_std": 0.44741754822650914,
        "nauc_precision_at_3_diff1": 0.403324029434153,
        "nauc_precision_at_3_max": 0.4771377822887582,
        "nauc_precision_at_3_std": 0.06375539203247822,
        "nauc_precision_at_5_diff1": 0.21657390521753572,
        "nauc_precision_at_5_max": 0.4487933117021524,
        "nauc_precision_at_5_std": 0.19289960448096932,
        "nauc_recall_at_1000_diff1": 0.4561157796451869,
        "nauc_recall_at_1000_max": 0.49603174603173406,
        "nauc_recall_at_1000_std": 0.4225023342670368,
        "nauc_recall_at_100_diff1": 0.47385620915032584,
        "nauc_recall_at_100_max": 0.7197802197802196,
        "nauc_recall_at_100_std": 0.27472527472527636,
        "nauc_recall_at_10_diff1": 0.5189754766379304,
        "nauc_recall_at_10_max": 0.6305486275241869,
        "nauc_recall_at_10_std": 0.02289240710482854,
        "nauc_recall_at_1_diff1": 0.7045002220882308,
        "nauc_recall_at_1_max": 0.4475756865409521,
        "nauc_recall_at_1_std": -0.16768935894430587,
        "nauc_recall_at_20_diff1": 0.4922277318891494,
        "nauc_recall_at_20_max": 0.732794362535651,
        "nauc_recall_at_20_std": 0.2834960736721169,
        "nauc_recall_at_3_diff1": 0.6228869123861909,
        "nauc_recall_at_3_max": 0.5174732432107697,
        "nauc_recall_at_3_std": -0.116357987007245,
        "nauc_recall_at_5_diff1": 0.5700973794601611,
        "nauc_recall_at_5_max": 0.5727117646170808,
        "nauc_recall_at_5_std": -0.0691720481427763,
        "ndcg_at_1": 0.63,
        "ndcg_at_10": 0.7287,
        "ndcg_at_100": 0.75666,
        "ndcg_at_1000": 0.7616,
        "ndcg_at_20": 0.74388,
        "ndcg_at_3": 0.68787,
        "ndcg_at_5": 0.71076,
        "precision_at_1": 0.63,
        "precision_at_10": 0.09433,
        "precision_at_100": 0.01083,
        "precision_at_1000": 0.00112,
        "precision_at_20": 0.0505,
        "precision_at_3": 0.26444,
        "precision_at_5": 0.17533,
        "recall_at_1": 0.60583,
        "recall_at_10": 0.83411,
        "recall_at_100": 0.95667,
        "recall_at_1000": 0.99333,
        "recall_at_20": 0.89256,
        "recall_at_3": 0.72617,
        "recall_at_5": 0.7805
      }
    ]
  },
  "task_name": "SciFact"
}