{
  "dataset_revision": "e185fbe320c72810689fc5848eb6114e1ef5ec69",
  "evaluation_time": 39.24614334106445,
  "kg_co2_emissions": null,
  "mteb_version": "1.13.1",
  "scores": {
    "test": [
      {
        "hf_subset": "default",
        "languages": [
          "eng-Latn"
        ],
        "main_score": 0.5093517305667438,
        "map": 0.5093517305667438,
        "mrr": 0.5161468943638061,
        "nAUC_map_diff1": 0.38491697072423214,
        "nAUC_map_max": 0.14220166207848212,
        "nAUC_map_std": 0.09559995875318388,
        "nAUC_mrr_diff1": 0.3892424311052111,
        "nAUC_mrr_max": 0.14577741911425343,
        "nAUC_mrr_std": 0.10205882573368767
      }
    ]
  },
  "task_name": "StackOverflowDupQuestions"
}