{
  "dataset_revision": "a0d554a64d88156834ff5ae9920b964011b16384",
  "evaluation_time": 38.13617134094238,
  "kg_co2_emissions": null,
  "mteb_version": "1.13.1",
  "scores": {
    "test": [
      {
        "cosine_pearson": 0.82366647809001,
        "cosine_spearman": 0.7583464911732276,
        "euclidean_pearson": 0.8077995265912661,
        "euclidean_spearman": 0.7728430280801435,
        "hf_subset": "default",
        "languages": [
          "eng-Latn"
        ],
        "main_score": 0.7583464911732276,
        "manhattan_pearson": 0.807537295659704,
        "manhattan_spearman": 0.7727179664627022,
        "pearson": 0.82366647809001,
        "spearman": 0.7583464911732276
      }
    ]
  },
  "task_name": "STS12"
}