{
  "dataset_revision": "faeb762787bd10488a50c8b5be4a3b82e411949c",
  "evaluation_time": 37.894291639328,
  "kg_co2_emissions": null,
  "mteb_version": "1.13.1",
  "scores": {
    "test": [
      {
        "cosine_pearson": 0.9063219237253277,
        "cosine_spearman": 0.9062260166567381,
        "euclidean_pearson": 0.8902876900135144,
        "euclidean_spearman": 0.8931246290064857,
        "hf_subset": "en-en",
        "languages": [
          "eng-Latn"
        ],
        "main_score": 0.9062260166567381,
        "manhattan_pearson": 0.8891889862376743,
        "manhattan_spearman": 0.8923746713353405,
        "pearson": 0.9063219237253277,
        "spearman": 0.9062260166567381
      }
    ]
  },
  "task_name": "STS17"
}