{
  "dataset_revision": "a34f9a33db75fa0cbb21bb5cfc3dae8dc8bec93f",
  "evaluation_time": 140.49060893058777,
  "kg_co2_emissions": null,
  "mteb_version": "1.13.1",
  "scores": {
    "test": [
      {
        "hf_subset": "default",
        "languages": [
          "eng-Latn"
        ],
        "main_score": 0.22075,
        "map_at_1": 0.01576,
        "map_at_10": 0.08516,
        "map_at_100": 0.14694,
        "map_at_1000": 0.16301,
        "map_at_20": 0.11343,
        "map_at_3": 0.04425,
        "map_at_5": 0.05983,
        "mrr_at_1": 0.22448979591836735,
        "mrr_at_10": 0.383495302883058,
        "mrr_at_100": 0.39403193987931734,
        "mrr_at_1000": 0.39403193987931734,
        "mrr_at_20": 0.38988582901832414,
        "mrr_at_3": 0.34013605442176875,
        "mrr_at_5": 0.36768707482993196,
        "nauc_map_at_1000_diff1": 0.011602770102086822,
        "nauc_map_at_1000_max": -0.14535751699325664,
        "nauc_map_at_1000_std": 0.013402899846286771,
        "nauc_map_at_100_diff1": 0.021952238928688292,
        "nauc_map_at_100_max": -0.153043652748715,
        "nauc_map_at_100_std": -0.02388969493072028,
        "nauc_map_at_10_diff1": 0.015664545708968042,
        "nauc_map_at_10_max": -0.14150354807367008,
        "nauc_map_at_10_std": -0.24271128218328622,
        "nauc_map_at_1_diff1": 0.12665242575691843,
        "nauc_map_at_1_max": -0.1566628915225979,
        "nauc_map_at_1_std": -0.29072619521637705,
        "nauc_map_at_20_diff1": 0.02502912075216138,
        "nauc_map_at_20_max": -0.14563038155527291,
        "nauc_map_at_20_std": -0.17542388799512257,
        "nauc_map_at_3_diff1": 0.028445457931771435,
        "nauc_map_at_3_max": -0.12123990608752479,
        "nauc_map_at_3_std": -0.30579623933575995,
        "nauc_map_at_5_diff1": 0.06590175603716067,
        "nauc_map_at_5_max": -0.1884882440538269,
        "nauc_map_at_5_std": -0.2661606080552707,
        "nauc_mrr_at_1000_diff1": 0.06311348259268595,
        "nauc_mrr_at_1000_max": -0.3206231589773559,
        "nauc_mrr_at_1000_std": -0.17449832647137933,
        "nauc_mrr_at_100_diff1": 0.06311348259268595,
        "nauc_mrr_at_100_max": -0.3206231589773559,
        "nauc_mrr_at_100_std": -0.17449832647137933,
        "nauc_mrr_at_10_diff1": 0.06279263749163165,
        "nauc_mrr_at_10_max": -0.31846780239847505,
        "nauc_mrr_at_10_std": -0.16855285435619707,
        "nauc_mrr_at_1_diff1": 0.11170339733465244,
        "nauc_mrr_at_1_max": -0.28464114394828677,
        "nauc_mrr_at_1_std": -0.27061606438874886,
        "nauc_mrr_at_20_diff1": 0.06467849560705013,
        "nauc_mrr_at_20_max": -0.3223314660968093,
        "nauc_mrr_at_20_std": -0.17455877558053964,
        "nauc_mrr_at_3_diff1": 0.03879942730961894,
        "nauc_mrr_at_3_max": -0.32077775558065796,
        "nauc_mrr_at_3_std": -0.21183766791567463,
        "nauc_mrr_at_5_diff1": 0.049381173038689614,
        "nauc_mrr_at_5_max": -0.3239936404293382,
        "nauc_mrr_at_5_std": -0.16773540582281896,
        "nauc_ndcg_at_1000_diff1": -0.09351519857588561,
        "nauc_ndcg_at_1000_max": -0.19997448551735203,
        "nauc_ndcg_at_1000_std": 0.24360860837932627,
        "nauc_ndcg_at_100_diff1": -0.049565318420125216,
        "nauc_ndcg_at_100_max": -0.2505507377975937,
        "nauc_ndcg_at_100_std": 0.17632870322266753,
        "nauc_ndcg_at_10_diff1": -0.0680648013396348,
        "nauc_ndcg_at_10_max": -0.26330176811579725,
        "nauc_ndcg_at_10_std": -0.15235558368965796,
        "nauc_ndcg_at_1_diff1": -0.025289521174934455,
        "nauc_ndcg_at_1_max": -0.31974394512961657,
        "nauc_ndcg_at_1_std": -0.24549721278084077,
        "nauc_ndcg_at_20_diff1": -0.05233297978235672,
        "nauc_ndcg_at_20_max": -0.26214525740696226,
        "nauc_ndcg_at_20_std": -0.09924374053119174,
        "nauc_ndcg_at_3_diff1": -0.10327476130191522,
        "nauc_ndcg_at_3_max": -0.3060153265974513,
        "nauc_ndcg_at_3_std": -0.24306538229442506,
        "nauc_ndcg_at_5_diff1": -0.03424693402435862,
        "nauc_ndcg_at_5_max": -0.31456005702635,
        "nauc_ndcg_at_5_std": -0.14398321310891865,
        "nauc_precision_at_1000_diff1": -0.07335322542496978,
        "nauc_precision_at_1000_max": 0.3051699920078509,
        "nauc_precision_at_1000_std": 0.33531617755554816,
        "nauc_precision_at_100_diff1": 0.00783640048619715,
        "nauc_precision_at_100_max": -0.09979725862759552,
        "nauc_precision_at_100_std": 0.6626210828454868,
        "nauc_precision_at_10_diff1": 0.014283391207555443,
        "nauc_precision_at_10_max": -0.23574078111697708,
        "nauc_precision_at_10_std": -0.07192656585565506,
        "nauc_precision_at_1_diff1": 0.11170339733465244,
        "nauc_precision_at_1_max": -0.28464114394828677,
        "nauc_precision_at_1_std": -0.27061606438874886,
        "nauc_precision_at_20_diff1": 0.04337590063172356,
        "nauc_precision_at_20_max": -0.23204680833010083,
        "nauc_precision_at_20_std": 0.0880824717151154,
        "nauc_precision_at_3_diff1": -0.04790173725965264,
        "nauc_precision_at_3_max": -0.2732945828048624,
        "nauc_precision_at_3_std": -0.2573789094284578,
        "nauc_precision_at_5_diff1": 0.08236069699060236,
        "nauc_precision_at_5_max": -0.3035350730224472,
        "nauc_precision_at_5_std": -0.10732437535683176,
        "nauc_recall_at_1000_diff1": -0.19547570590553073,
        "nauc_recall_at_1000_max": -0.03023943424005635,
        "nauc_recall_at_1000_std": 0.6293456900009902,
        "nauc_recall_at_100_diff1": -0.04018534081222282,
        "nauc_recall_at_100_max": -0.2229978478324336,
        "nauc_recall_at_100_std": 0.3493524848868684,
        "nauc_recall_at_10_diff1": -0.04813130207247795,
        "nauc_recall_at_10_max": -0.17516114969428417,
        "nauc_recall_at_10_std": -0.17379445910259123,
        "nauc_recall_at_1_diff1": 0.12665242575691843,
        "nauc_recall_at_1_max": -0.1566628915225979,
        "nauc_recall_at_1_std": -0.29072619521637705,
        "nauc_recall_at_20_diff1": -0.029056836793573838,
        "nauc_recall_at_20_max": -0.21409897212119008,
        "nauc_recall_at_20_std": -0.08695854735873845,
        "nauc_recall_at_3_diff1": -0.025832829857114208,
        "nauc_recall_at_3_max": -0.1742163030844854,
        "nauc_recall_at_3_std": -0.29632955552748297,
        "nauc_recall_at_5_diff1": 0.0353193858618747,
        "nauc_recall_at_5_max": -0.24713747129260086,
        "nauc_recall_at_5_std": -0.2112076329289747,
        "ndcg_at_1": 0.19388,
        "ndcg_at_10": 0.22075,
        "ndcg_at_100": 0.34269,
        "ndcg_at_1000": 0.46392,
        "ndcg_at_20": 0.24272,
        "ndcg_at_3": 0.23293,
        "ndcg_at_5": 0.23318,
        "precision_at_1": 0.22449,
        "precision_at_10": 0.20816,
        "precision_at_100": 0.07429,
        "precision_at_1000": 0.01543,
        "precision_at_20": 0.17347,
        "precision_at_3": 0.2585,
        "precision_at_5": 0.24898,
        "recall_at_1": 0.01576,
        "recall_at_10": 0.14913,
        "recall_at_100": 0.46156,
        "recall_at_1000": 0.83482,
        "recall_at_20": 0.24008,
        "recall_at_3": 0.05889,
        "recall_at_5": 0.08851
      }
    ]
  },
  "task_name": "Touche2020"
}