{
  "dataset_revision": "8b6510b0b1fa4e4c4f879467980e9be563ec1cdf",
  "evaluation_time": 22.13408851623535,
  "kg_co2_emissions": null,
  "mteb_version": "1.13.1",
  "scores": {
    "test": [
      {
        "cosine_accuracy": 0.8922847052431404,
        "cosine_accuracy_threshold": 0.5993051528930664,
        "cosine_ap": 0.8659716333327439,
        "cosine_f1": 0.7895417112891909,
        "cosine_f1_threshold": 0.5784296989440918,
        "cosine_precision": 0.7586402668369882,
        "cosine_recall": 0.8230674468740375,
        "dot_accuracy": 0.8903442387549967,
        "dot_accuracy_threshold": 4.194188117980957,
        "dot_ap": 0.8562914420790797,
        "dot_f1": 0.7839155456178292,
        "dot_f1_threshold": 3.8305439949035645,
        "dot_precision": 0.748128454488211,
        "dot_recall": 0.8232984293193717,
        "euclidean_accuracy": 0.8865215197733535,
        "euclidean_accuracy_threshold": 2.247831106185913,
        "euclidean_ap": 0.8541920284285172,
        "euclidean_f1": 0.775364208800626,
        "euclidean_f1_threshold": 2.3676459789276123,
        "euclidean_precision": 0.7512092989675836,
        "euclidean_recall": 0.8011241145672929,
        "hf_subset": "default",
        "languages": [
          "eng-Latn"
        ],
        "main_score": 0.8659716333327439,
        "manhattan_accuracy": 0.8863856871191834,
        "manhattan_accuracy_threshold": 49.47688293457031,
        "manhattan_ap": 0.8539272073186225,
        "manhattan_f1": 0.7754525517600266,
        "manhattan_f1_threshold": 52.398956298828125,
        "manhattan_precision": 0.7496227093065038,
        "manhattan_recall": 0.8031259624268555,
        "max_ap": 0.8659716333327439,
        "max_f1": 0.7895417112891909,
        "max_precision": 0.7586402668369882,
        "max_recall": 0.8232984293193717,
        "similarity_accuracy": 0.8922847052431404,
        "similarity_accuracy_threshold": 0.5993051528930664,
        "similarity_ap": 0.8659716333327439,
        "similarity_f1": 0.7895417112891909,
        "similarity_f1_threshold": 0.5784296989440918,
        "similarity_precision": 0.7586402668369882,
        "similarity_recall": 0.8230674468740375
      }
    ]
  },
  "task_name": "TwitterURLCorpus"
}